trainee_id,trainee_name,tag,count,share
chuang2021_001,刘宇,刘宇,124,0.126016
chuang2021_001,刘宇,收起,48,0.04878
chuang2021_001,刘宇,刘宇超话,35,0.035569
chuang2021_001,刘宇,黑人牙膏白酵素助力创造营刘宇闪耀闯关,25,0.025407
chuang2021_001,刘宇,比刘宇做得更好的只有刘宇,16,0.01626
chuang2021_001,刘宇,创造营2021纯甄创造营学员能量榜,15,0.015244
chuang2021_001,刘宇,2021,14,0.014228
chuang2021_001,刘宇,刘宇重回第一,13,0.013211
chuang2021_001,刘宇,加注能量啦,12,0.012195
chuang2021_001,刘宇,我在纯甄,12,0.012195
chuang2021_001,刘宇,他觉得,11,0.011179
chuang2021_001,刘宇,再次获得了第一名的成绩,11,0.011179
chuang2021_001,刘宇,刘宇之前说,11,0.011179
chuang2021_001,刘宇,在今晚的顺位发布中,11,0.011179
chuang2021_001,刘宇,恭喜小宇重回第一,11,0.011179
chuang2021_001,刘宇,我会把这个第一名坐到底,11,0.011179
chuang2021_001,刘宇,比刘宇做得更好的是你们和我们,11,0.011179
chuang2021_001,刘宇,继续为刘宇撑腰加油吧,11,0.011179
chuang2021_001,刘宇,而在今天的顺位发布中,11,0.011179
chuang2021_001,刘宇,芭姐安利时间,11,0.011179
chuang2021_001,刘宇,谢谢你们又和我一起回到了这个位置,11,0.011179
chuang2021_001,刘宇,这个第一刘宇要一直坐到底,11,0.011179
chuang2021_001,刘宇,马上就要迎来最关键的时刻,11,0.011179
chuang2021_001,刘宇,你也快来为喜欢的学员助力吧,10,0.010163
chuang2021_001,刘宇,学员能量榜为,10,0.010163
chuang2021_001,刘宇,能为他争取到专属vlog拍摄机会,9,0.009146
chuang2021_001,刘宇,腾讯视频创造营2021,9,0.009146
chuang2021_001,刘宇,刘宇第一,8,0.00813
chuang2021_001,刘宇,创造营排名,7,0.007114
chuang2021_001,刘宇,伯远,6,0.006098
chuang2021_001,刘宇,加油,6,0.006098
chuang2021_001,刘宇,周柯宇,6,0.006098
chuang2021_001,刘宇,林墨,6,0.006098
chuang2021_001,刘宇,第4期下,6,0.006098
chuang2021_001,刘宇,2021我向,5,0.005081
chuang2021_001,刘宇,ly,5,0.005081
chuang2021_001,刘宇,上集,5,0.005081
chuang2021_001,刘宇,下集,5,0.005081
chuang2021_001,刘宇,主题曲二创学员们颠覆改编,5,0.005081
chuang2021_001,刘宇,主题曲舞台中心位诞生,5,0.005081
chuang2021_001,刘宇,二创主题曲时我们组融合了国风,5,0.005081
chuang2021_001,刘宇,刘宇分享三国演义里最喜欢的话,5,0.005081
chuang2021_001,刘宇,和兄弟们在一起,5,0.005081
chuang2021_001,刘宇,在创造营2021的舞台上一步一步正在慢慢地实现,5,0.005081
chuang2021_001,刘宇,实至名归,5,0.005081
chuang2021_001,刘宇,希望有一天能够听到全世界的赞美,5,0.005081
chuang2021_001,刘宇,张嘉元,5,0.005081
chuang2021_001,刘宇,快来为你支持的学员加油助力吧,5,0.005081
chuang2021_001,刘宇,把主题曲唱给你听,5,0.005081
chuang2021_001,刘宇,明星势力榜,5,0.005081
chuang2021_001,刘宇,未来的日子一起闯吧,5,0.005081
chuang2021_001,刘宇,现在这个梦,5,0.005081
chuang2021_001,刘宇,电子等等很多元素,5,0.005081
chuang2021_001,刘宇,看创4记得撑腰么么哒,5,0.005081
chuang2021_001,刘宇,第4期上,5,0.005081
chuang2021_001,刘宇,能完成真的挺满足,5,0.005081
chuang2021_001,刘宇,这是我梦里到过的地方,5,0.005081
chuang2021_001,刘宇,送出纯甄卡啦,5,0.005081
chuang2021_001,刘宇,都是我想要表达的,5,0.005081
chuang2021_001,刘宇,高卿尘,5,0.005081
chuang2021_001,刘宇,为梦想拼尽全力,4,0.004065
chuang2021_001,刘宇,但是现在我觉得比刘宇做得更好的是你们和我们,4,0.004065
chuang2021_001,刘宇,创造营2021榜上支持你啦,4,0.004065
chuang2021_001,刘宇,创造营三顺发布心情像过山车,4,0.004065
chuang2021_001,刘宇,即将迎来最重要的时刻,4,0.004065
chuang2021_001,刘宇,吞吐天地之志者也,4,0.004065
chuang2021_001,刘宇,尹浩宇,4,0.004065
chuang2021_001,刘宇,恭喜刘宇c位出道,4,0.004065
chuang2021_001,刘宇,我们二十五个人,4,0.004065
chuang2021_001,刘宇,我们决赛见,4,0.004065
chuang2021_001,刘宇,我会努力让自己成为一个更优秀的人,4,0.004065
chuang2021_001,刘宇,所有的创始人们,4,0.004065
chuang2021_001,刘宇,扬帆起航,4,0.004065
chuang2021_001,刘宇,明星势力榜第71位,4,0.004065
chuang2021_001,刘宇,最后想说,4,0.004065
chuang2021_001,刘宇,有包藏宇宙之机,4,0.004065
chuang2021_001,刘宇,比刘宇做得更好的只有刘宇本人,4,0.004065
chuang2021_001,刘宇,第9期,4,0.004065
chuang2021_001,刘宇,第三次顺位发布25人进决赛,4,0.004065
chuang2021_001,刘宇,米卡,4,0.004065
chuang2021_001,刘宇,纯甄为刘宇撑腰,4,0.004065
chuang2021_001,刘宇,胸怀大志,4,0.004065
chuang2021_001,刘宇,腹有良谋,4,0.004065
chuang2021_001,刘宇,记得我在第一次顺位发布的时候说过,4,0.004065
chuang2021_001,刘宇,请为你们心中的将军敲响战鼓,4,0.004065
chuang2021_001,刘宇,谢谢你们又和我一起回到了这个位置上,4,0.004065
chuang2021_001,刘宇,赞多,4,0.004065
chuang2021_001,刘宇,跨海相聚,4,0.004065
chuang2021_001,刘宇,三国演义,3,0.003049
chuang2021_001,刘宇,但是,3,0.003049
chuang2021_001,刘宇,刘宇c位出道,3,0.003049
chuang2021_001,刘宇,力丸,3,0.003049
chuang2021_001,刘宇,恭喜刘宇,3,0.003049
chuang2021_001,刘宇,第一名,3,0.003049
chuang2021_001,刘宇,第七名,3,0.003049
chuang2021_001,刘宇,第三名,3,0.003049
chuang2021_001,刘宇,第九名,3,0.003049
chuang2021_001,刘宇,第二名,3,0.003049
chuang2021_001,刘宇,第五名,3,0.003049
chuang2021_001,刘宇,第八名,3,0.003049
chuang2021_001,刘宇,第六名,3,0.003049
chuang2021_001,刘宇,第十一名,3,0.003049
chuang2021_001,刘宇,第十名,3,0.003049
chuang2021_001,刘宇,第四名,3,0.003049
chuang2021_001,刘宇,胜败乃兵家常事,3,0.003049
chuang2021_001,刘宇,英雄者,3,0.003049
chuang2021_001,刘宇,邵明明,3,0.003049
chuang2021_001,刘宇,韦语节,3,0.003049
chuang2021_001,刘宇,4是国家禁娱日,2,0.002033
chuang2021_001,刘宇,4月4日,2,0.002033
chuang2021_001,刘宇,amu羽生田挙武,2,0.002033
chuang2021_001,刘宇,yuu喜内优心,2,0.002033
chuang2021_001,刘宇,一之濑飞鸟,2,0.002033
chuang2021_001,刘宇,不妥删,2,0.002033
chuang2021_001,刘宇,不要发以各种形式安利刘宇,2,0.002033
chuang2021_001,刘宇,不要发布与刘宇相关,2,0.002033
chuang2021_001,刘宇,不要带有娱乐性质的话题,2,0.002033
chuang2021_001,刘宇,不要触碰国家底线,2,0.002033
chuang2021_001,刘宇,井胧,2,0.002033
chuang2021_001,刘宇,付思超,2,0.002033
chuang2021_001,刘宇,代少冬,2,0.002033
chuang2021_001,刘宇,任胤蓬,2,0.002033
chuang2021_001,刘宇,何屹繁,2,0.002033
chuang2021_001,刘宇,俞更寅,2,0.002033
chuang2021_001,刘宇,冲冲冲,2,0.002033
chuang2021_001,刘宇,刘宇值得,2,0.002033
chuang2021_001,刘宇,刘宇第四,2,0.002033
chuang2021_001,刘宇,刘宇资源博,2,0.002033
chuang2021_001,刘宇,刘聪,2,0.002033
chuang2021_001,刘宇,创4排名,2,0.002033
chuang2021_001,刘宇,创造营2021超话,2,0.002033
chuang2021_001,刘宇,创造营成团名单,2,0.002033
chuang2021_001,刘宇,初c,2,0.002033
chuang2021_001,刘宇,初c即终c,2,0.002033
chuang2021_001,刘宇,助你获得惊喜vlog拍摄机会,2,0.002033
chuang2021_001,刘宇,原部凌,2,0.002033
chuang2021_001,刘宇,可以和创始人们一起回到那个属于我的位置,2,0.002033
chuang2021_001,刘宇,叶皓然,2,0.002033
chuang2021_001,刘宇,吴宇恒,2,0.002033
chuang2021_001,刘宇,吴海,2,0.002033
chuang2021_001,刘宇,国家至上,2,0.002033
chuang2021_001,刘宇,图片,2,0.002033
chuang2021_001,刘宇,天呐,2,0.002033
chuang2021_001,刘宇,娱公告,2,0.002033
chuang2021_001,刘宇,学员能量榜为你,2,0.002033
chuang2021_001,刘宇,学员运动会,2,0.002033
chuang2021_001,刘宇,就打我不倒,2,0.002033
chuang2021_001,刘宇,屈柏宇,2,0.002033
chuang2021_001,刘宇,希望下一次顺位发布,2,0.002033
chuang2021_001,刘宇,张欣尧,2,0.002033
chuang2021_001,刘宇,张腾,2,0.002033
chuang2021_001,刘宇,怿涵,2,0.002033
chuang2021_001,刘宇,想让更多人看到如此优秀的你,2,0.002033
chuang2021_001,刘宇,我特别喜欢,2,0.002033
chuang2021_001,刘宇,戴学霖,2,0.002033
chuang2021_001,刘宇,李政庭,2,0.002033
chuang2021_001,刘宇,李沛洋,2,0.002033
chuang2021_001,刘宇,李泰龙,2,0.002033
chuang2021_001,刘宇,来了,2,0.002033
chuang2021_001,刘宇,林豆,2,0.002033
chuang2021_001,刘宇,甘望星,2,0.002033
chuang2021_001,刘宇,看创造营在笑哭中反复横跳,2,0.002033
chuang2021_001,刘宇,第7期,2,0.002033
chuang2021_001,刘宇,第二次顺位发布,2,0.002033
chuang2021_001,刘宇,第二次顺位发布闯关成功,2,0.002033
chuang2021_001,刘宇,肖力桓,2,0.002033
chuang2021_001,刘宇,胡烨韬,2,0.002033
chuang2021_001,刘宇,荣耀,2,0.002033
chuang2021_001,刘宇,视频等,2,0.002033
chuang2021_001,刘宇,诺言,2,0.002033
chuang2021_001,刘宇,超话可正常签到,2,0.002033
chuang2021_001,刘宇,这句话一直鼓励着我,2,0.002033
chuang2021_001,刘宇,这次排名让我对三公有了更燃的斗志,2,0.002033
chuang2021_001,刘宇,郑明鑫,2,0.002033
chuang2021_001,刘宇,里面的一句话,2,0.002033
chuang2021_001,刘宇,门胁慎刚,2,0.002033
chuang2021_001,刘宇,阿克朱立,2,0.002033
chuang2021_001,刘宇,陆定昊,2,0.002033
chuang2021_001,刘宇,陈俊洁,2,0.002033
chuang2021_002,赞多,赞多,125,0.144844
chuang2021_002,赞多,收起,40,0.04635
chuang2021_002,赞多,米卡,18,0.020857
chuang2021_002,赞多,力丸,17,0.019699
chuang2021_002,赞多,赞多第二,16,0.01854
chuang2021_002,赞多,santa赞多超话,15,0.017381
chuang2021_002,赞多,刘宇,15,0.017381
chuang2021_002,赞多,明星势力榜,15,0.017381
chuang2021_002,赞多,周柯宇,14,0.016222
chuang2021_002,赞多,一起为他助力戳,13,0.015064
chuang2021_002,赞多,不忘初心,13,0.015064
chuang2021_002,赞多,你一定能拿下,13,0.015064
chuang2021_002,赞多,创造营2021榜,13,0.015064
chuang2021_002,赞多,创造营2021榜好成绩,13,0.015064
chuang2021_002,赞多,尹浩宇,13,0.015064
chuang2021_002,赞多,方得始终,13,0.015064
chuang2021_002,赞多,伯远,11,0.012746
chuang2021_002,赞多,张嘉元,11,0.012746
chuang2021_002,赞多,林墨,11,0.012746
chuang2021_002,赞多,高卿尘,11,0.012746
chuang2021_002,赞多,黑人牙膏白酵素助力创造营赞多闪耀闯关,8,0.00927
chuang2021_002,赞多,2021,7,0.008111
chuang2021_002,赞多,于洋,6,0.006952
chuang2021_002,赞多,创4排名,6,0.006952
chuang2021_002,赞多,创造营排名,6,0.006952
chuang2021_002,赞多,赞多打架子鼓好苏,6,0.006952
chuang2021_002,赞多,ak,5,0.005794
chuang2021_002,赞多,努力是像猫一样的动物,5,0.005794
chuang2021_002,赞多,庆怜,5,0.005794
chuang2021_002,赞多,第二名,5,0.005794
chuang2021_002,赞多,赞多因为于洋学习了温柔的中文,5,0.005794
chuang2021_002,赞多,赞多排名第二,5,0.005794
chuang2021_002,赞多,ak刘彰,4,0.004635
chuang2021_002,赞多,上集,4,0.004635
chuang2021_002,赞多,下集,4,0.004635
chuang2021_002,赞多,不知道但是很多的人,4,0.004635
chuang2021_002,赞多,主题曲二创学员们颠覆改编,4,0.004635
chuang2021_002,赞多,主题曲舞台中心位诞生,4,0.004635
chuang2021_002,赞多,但是现在一千个人二千个人,4,0.004635
chuang2021_002,赞多,创造营二创,4,0.004635
chuang2021_002,赞多,创造营成团名单,4,0.004635
chuang2021_002,赞多,和兄弟们在一起,4,0.004635
chuang2021_002,赞多,和马,4,0.004635
chuang2021_002,赞多,在创造营2021的舞台上一步一步正在慢慢地实现,4,0.004635
chuang2021_002,赞多,在日本的时候我的粉丝没有一百个人,4,0.004635
chuang2021_002,赞多,学员,4,0.004635
chuang2021_002,赞多,希望今天晚上大家可以喜欢我们的表演,4,0.004635
chuang2021_002,赞多,希望有一天能够听到全世界的赞美,4,0.004635
chuang2021_002,赞多,我是friends的鼓手担当,4,0.004635
chuang2021_002,赞多,把主题曲唱给你听,4,0.004635
chuang2021_002,赞多,未来的日子一起闯吧,4,0.004635
chuang2021_002,赞多,现在这个梦,4,0.004635
chuang2021_002,赞多,看创4记得撑腰么么哒,4,0.004635
chuang2021_002,赞多,第4期上,4,0.004635
chuang2021_002,赞多,第4期下,4,0.004635
chuang2021_002,赞多,第一名,4,0.004635
chuang2021_002,赞多,第七名,4,0.004635
chuang2021_002,赞多,第三名,4,0.004635
chuang2021_002,赞多,第九名,4,0.004635
chuang2021_002,赞多,第五名,4,0.004635
chuang2021_002,赞多,第八名,4,0.004635
chuang2021_002,赞多,第六名,4,0.004635
chuang2021_002,赞多,第十一名,4,0.004635
chuang2021_002,赞多,第十名,4,0.004635
chuang2021_002,赞多,第四名,4,0.004635
chuang2021_002,赞多,赞多想成为中心位,4,0.004635
chuang2021_002,赞多,这是我梦里到过的地方,4,0.004635
chuang2021_002,赞多,santa宇野赞多,3,0.003476
chuang2021_002,赞多,santa想成为center,3,0.003476
chuang2021_002,赞多,一年后,3,0.003476
chuang2021_002,赞多,世界级街舞冠军,3,0.003476
chuang2021_002,赞多,刘璋,3,0.003476
chuang2021_002,赞多,创造营2021成团名单,3,0.003476
chuang2021_002,赞多,创造营2021超话,3,0.003476
chuang2021_002,赞多,创造营成团夜,3,0.003476
chuang2021_002,赞多,加注能量啦,3,0.003476
chuang2021_002,赞多,助你获得惊喜vlog拍摄机会,3,0.003476
chuang2021_002,赞多,十九年舞蹈功底的实力舞担,3,0.003476
chuang2021_002,赞多,十年后,3,0.003476
chuang2021_002,赞多,只要你来中国,3,0.003476
chuang2021_002,赞多,吴宇恒,3,0.003476
chuang2021_002,赞多,因为santa想成为center,3,0.003476
chuang2021_002,赞多,多种乐器能力者,3,0.003476
chuang2021_002,赞多,大家希望获得回应,3,0.003476
chuang2021_002,赞多,奥斯卡,3,0.003476
chuang2021_002,赞多,学员能量榜为你,3,0.003476
chuang2021_002,赞多,宇野赞多,3,0.003476
chuang2021_002,赞多,微博综艺的微博视频,3,0.003476
chuang2021_002,赞多,恭喜,3,0.003476
chuang2021_002,赞多,想让更多人看到如此优秀的你,3,0.003476
chuang2021_002,赞多,我在纯甄,3,0.003476
chuang2021_002,赞多,所以为了拿到第一名会更努力,3,0.003476
chuang2021_002,赞多,期待赞多在成团夜和创始人们一起到达梦想的位置,3,0.003476
chuang2021_002,赞多,温柔,3,0.003476
chuang2021_002,赞多,甘望星,3,0.003476
chuang2021_002,赞多,的名次,3,0.003476
chuang2021_002,赞多,第一,3,0.003476
chuang2021_002,赞多,第三次顺位发布获得了,3,0.003476
chuang2021_002,赞多,纯甄为赞多撑腰,3,0.003476
chuang2021_002,赞多,认真对待每一次舞台,3,0.003476
chuang2021_002,赞多,说到粉丝数量的问题,3,0.003476
chuang2021_002,赞多,赞多说,3,0.003476
chuang2021_002,赞多,赞就丸了,3,0.003476
chuang2021_002,赞多,还说到上次见面会的时候听到了赞多第一名的声音,3,0.003476
chuang2021_002,赞多,韩佩泉,3,0.003476
chuang2021_002,赞多,10,2,0.002317
chuang2021_002,赞多,11,2,0.002317
chuang2021_002,赞多,2021里不是街舞冠军,2,0.002317
chuang2021_002,赞多,doki守护榜守护了吗,2,0.002317
chuang2021_002,赞多,q音乐力值今天该送的都送了吗,2,0.002317
chuang2021_002,赞多,zd,2,0.002317
chuang2021_002,赞多,一顿急鼓点炸裂开场,2,0.002317
chuang2021_002,赞多,不管多远都会去迎接你,2,0.002317
chuang2021_002,赞多,不管是俯视镜头还是侧面镜头都无法忽视赞多的super苏,2,0.002317
chuang2021_002,赞多,不要被今晚的第二这个排名迷惑,2,0.002317
chuang2021_002,赞多,也不是,2,0.002317
chuang2021_002,赞多,了吗,2,0.002317
chuang2021_002,赞多,井汲大翔,2,0.002317
chuang2021_002,赞多,今天你为多子努力了吗,2,0.002317
chuang2021_002,赞多,今日榜单自查,2,0.002317
chuang2021_002,赞多,今晚,2,0.002317
chuang2021_002,赞多,今晚你为多子撑腰了吗,2,0.002317
chuang2021_002,赞多,今晚多子说了,2,0.002317
chuang2021_002,赞多,今晚微视buff新一轮周榜开启,2,0.002317
chuang2021_002,赞多,他想要第一,2,0.002317
chuang2021_002,赞多,但是,2,0.002317
chuang2021_002,赞多,佐藤永翔,2,0.002317
chuang2021_002,赞多,你每个,2,0.002317
chuang2021_002,赞多,俞更寅,2,0.002317
chuang2021_002,赞多,做第一个迎接你的人,2,0.002317
chuang2021_002,赞多,入股不亏,2,0.002317
chuang2021_002,赞多,冲冲冲,2,0.002317
chuang2021_002,赞多,冲鸭,2,0.002317
chuang2021_002,赞多,刘彰,2,0.002317
chuang2021_002,赞多,创4全腰王,2,0.002317
chuang2021_002,赞多,创造营2021成团出道位名单,2,0.002317
chuang2021_002,赞多,创造营2021赞多,2,0.002317
chuang2021_002,赞多,利路修,2,0.002317
chuang2021_002,赞多,别让他孤单,2,0.002317
chuang2021_002,赞多,加油,2,0.002317
chuang2021_002,赞多,加油赞多,2,0.002317
chuang2021_002,赞多,去守护多子,2,0.002317
chuang2021_002,赞多,各位氪姐,2,0.002317
chuang2021_002,赞多,因为已经清空了,2,0.002317
chuang2021_002,赞多,团名into1,2,0.002317
chuang2021_002,赞多,在friends组的二创舞台表演时,2,0.002317
chuang2021_002,赞多,复古皮帽加上白色衬衫,2,0.002317
chuang2021_002,赞多,如果以上这些榜单都做了的氪姐,2,0.002317
chuang2021_002,赞多,宇野赞多高位出道,2,0.002317
chuang2021_002,赞多,宇野赞多高位出道恭喜,2,0.002317
chuang2021_002,赞多,差距已经大到,2,0.002317
chuang2021_002,赞多,庆伶,2,0.002317
chuang2021_002,赞多,张星特,2,0.002317
chuang2021_002,赞多,张欣尧,2,0.002317
chuang2021_002,赞多,我只能说赞多有你了不起,2,0.002317
chuang2021_002,赞多,放松绝对要不得,2,0.002317
chuang2021_002,赞多,新浪综艺的微博视频,2,0.002317
chuang2021_002,赞多,旋风高音,2,0.002317
chuang2021_002,赞多,明星势力榜昨天掉4了,2,0.002317
chuang2021_002,赞多,是架子鼓赞多,2,0.002317
chuang2021_002,赞多,现在又是从0开始,2,0.002317
chuang2021_002,赞多,的55票投了吗,2,0.002317
chuang2021_002,赞多,的成绩,2,0.002317
chuang2021_002,赞多,目前不到37000,2,0.002317
chuang2021_002,赞多,签到了吗,2,0.002317
chuang2021_002,赞多,胡烨韬,2,0.002317
chuang2021_002,赞多,超话签到了吗,2,0.002317
chuang2021_002,赞多,这是我在创造营2021跟你的约定,2,0.002317
chuang2021_002,赞多,阶段排名实至名归,2,0.002317
chuang2021_002,赞多,黑人牙膏闪耀buff榜囤票了吗,2,0.002317
chuang2021_003,力丸,力丸,105,0.156951
chuang2021_003,力丸,收起,34,0.050822
chuang2021_003,力丸,黑人牙膏白酵素助力创造营力丸闪耀闯关,23,0.03438
chuang2021_003,力丸,力丸rikimaru超话,18,0.026906
chuang2021_003,力丸,力丸听徐绍岚发言泪流满面,16,0.023916
chuang2021_003,力丸,2021,11,0.016442
chuang2021_003,力丸,创造营排名,10,0.014948
chuang2021_003,力丸,力丸送利路修零食希望他元气,10,0.014948
chuang2021_003,力丸,加注能量啦,10,0.014948
chuang2021_003,力丸,赞多,10,0.014948
chuang2021_003,力丸,我在纯甄,9,0.013453
chuang2021_003,力丸,刘宇,8,0.011958
chuang2021_003,力丸,助你获得惊喜vlog拍摄机会,8,0.011958
chuang2021_003,力丸,学员能量榜为你,8,0.011958
chuang2021_003,力丸,上集,7,0.010463
chuang2021_003,力丸,下集,7,0.010463
chuang2021_003,力丸,主题曲二创学员们颠覆改编,7,0.010463
chuang2021_003,力丸,主题曲舞台中心位诞生,7,0.010463
chuang2021_003,力丸,今晚来看我们的表演,7,0.010463
chuang2021_003,力丸,周柯宇,7,0.010463
chuang2021_003,力丸,和兄弟们在一起,7,0.010463
chuang2021_003,力丸,在创造营2021的舞台上一步一步正在慢慢地实现,7,0.010463
chuang2021_003,力丸,尹浩宇,7,0.010463
chuang2021_003,力丸,希望有一天能够听到全世界的赞美,7,0.010463
chuang2021_003,力丸,徐绍岚,7,0.010463
chuang2021_003,力丸,想让更多人看到如此优秀的你,7,0.010463
chuang2021_003,力丸,我是friends的编舞担当,7,0.010463
chuang2021_003,力丸,把主题曲唱给你听,7,0.010463
chuang2021_003,力丸,未来的日子一起闯吧,7,0.010463
chuang2021_003,力丸,现在这个梦,7,0.010463
chuang2021_003,力丸,看创4记得撑腰么么哒,7,0.010463
chuang2021_003,力丸,第4期上,7,0.010463
chuang2021_003,力丸,第4期下,7,0.010463
chuang2021_003,力丸,米卡,7,0.010463
chuang2021_003,力丸,这是我梦里到过的地方,7,0.010463
chuang2021_003,力丸,高卿尘,6,0.008969
chuang2021_003,力丸,伯远,5,0.007474
chuang2021_003,力丸,庆怜,5,0.007474
chuang2021_003,力丸,张嘉元,5,0.007474
chuang2021_003,力丸,林墨,5,0.007474
chuang2021_003,力丸,创造营2021超话,4,0.005979
chuang2021_003,力丸,创造营成团名单,4,0.005979
chuang2021_003,力丸,明星势力榜,4,0.005979
chuang2021_003,力丸,一起为他助力戳,3,0.004484
chuang2021_003,力丸,不忘初心,3,0.004484
chuang2021_003,力丸,你一定能拿下,3,0.004484
chuang2021_003,力丸,出道快乐,3,0.004484
chuang2021_003,力丸,创造营2021榜,3,0.004484
chuang2021_003,力丸,创造营2021榜好成绩,3,0.004484
chuang2021_003,力丸,创造营三顺发布心情像过山车,3,0.004484
chuang2021_003,力丸,创造营二创,3,0.004484
chuang2021_003,力丸,创造营成团夜,3,0.004484
chuang2021_003,力丸,力丸曾担心太胖不能成团,3,0.004484
chuang2021_003,力丸,和马,3,0.004484
chuang2021_003,力丸,奥斯卡,3,0.004484
chuang2021_003,力丸,方得始终,3,0.004484
chuang2021_003,力丸,第9期,3,0.004484
chuang2021_003,力丸,第一名,3,0.004484
chuang2021_003,力丸,第七名,3,0.004484
chuang2021_003,力丸,第三名,3,0.004484
chuang2021_003,力丸,第三次顺位发布25人进决赛,3,0.004484
chuang2021_003,力丸,第九名,3,0.004484
chuang2021_003,力丸,第二名,3,0.004484
chuang2021_003,力丸,第五名,3,0.004484
chuang2021_003,力丸,第八名,3,0.004484
chuang2021_003,力丸,第六名,3,0.004484
chuang2021_003,力丸,第十一名,3,0.004484
chuang2021_003,力丸,第十名,3,0.004484
chuang2021_003,力丸,第四名,3,0.004484
chuang2021_003,力丸,ak刘彰,2,0.00299
chuang2021_003,力丸,joker,2,0.00299
chuang2021_003,力丸,lit,2,0.00299
chuang2021_003,力丸,rikimaru,2,0.00299
chuang2021_003,力丸,一直以来我都是一个慢热的人,2,0.00299
chuang2021_003,力丸,三亚,2,0.00299
chuang2021_003,力丸,不愧是你,2,0.00299
chuang2021_003,力丸,不甘平庸小可爱,2,0.00299
chuang2021_003,力丸,丸子,2,0.00299
chuang2021_003,力丸,于洋,2,0.00299
chuang2021_003,力丸,亦师亦友这段情谊也太感人了,2,0.00299
chuang2021_003,力丸,今夜我泪洒太平洋,2,0.00299
chuang2021_003,力丸,他对于我来说更像是一面镜子,2,0.00299
chuang2021_003,力丸,但是,2,0.00299
chuang2021_003,力丸,创4排名,2,0.00299
chuang2021_003,力丸,创造营2021力丸,2,0.00299
chuang2021_003,力丸,创造营2021纯甄创造营学员能量榜,2,0.00299
chuang2021_003,力丸,力丸二十多年没哭二十次今晚依然泪哗哗的,2,0.00299
chuang2021_003,力丸,力丸人间编舞器,2,0.00299
chuang2021_003,力丸,力丸加油,2,0.00299
chuang2021_003,力丸,力丸撩人ace,2,0.00299
chuang2021_003,力丸,力丸第三名,2,0.00299
chuang2021_003,力丸,力丸说创4主题曲像减肥操,2,0.00299
chuang2021_003,力丸,力丸踩点小能手,2,0.00299
chuang2021_003,力丸,努力,2,0.00299
chuang2021_003,力丸,听到,2,0.00299
chuang2021_003,力丸,太可爱了,2,0.00299
chuang2021_003,力丸,学员能量榜为,2,0.00299
chuang2021_003,力丸,宝贝你有不傻笑的时候吗,2,0.00299
chuang2021_003,力丸,小九,2,0.00299
chuang2021_003,力丸,希望以后还能上你的课还能一起跳舞,2,0.00299
chuang2021_003,力丸,感受光,2,0.00299
chuang2021_003,力丸,成为光,2,0.00299
chuang2021_003,力丸,我很想成为像他一样勇敢,2,0.00299
chuang2021_003,力丸,我永远想念你,2,0.00299
chuang2021_003,力丸,所以,2,0.00299
chuang2021_003,力丸,所以有一点点压力,2,0.00299
chuang2021_003,力丸,所以记得我,2,0.00299
chuang2021_003,力丸,散发光,2,0.00299
chuang2021_003,力丸,是学员们一点一点改变了我,2,0.00299
chuang2021_003,力丸,最后,2,0.00299
chuang2021_003,力丸,最喜欢看力丸一天傻乐呵了,2,0.00299
chuang2021_003,力丸,期待光,2,0.00299
chuang2021_003,力丸,来创造营之后每一次哭都是因为被真挚的感情所打动,2,0.00299
chuang2021_003,力丸,来到,2,0.00299
chuang2021_003,力丸,温暖光,2,0.00299
chuang2021_003,力丸,热爱光,2,0.00299
chuang2021_003,力丸,牛哞哞,2,0.00299
chuang2021_003,力丸,特别是刘彰,2,0.00299
chuang2021_003,力丸,独立思考的人,2,0.00299
chuang2021_003,力丸,看利老师晋级也在偷笑,2,0.00299
chuang2021_003,力丸,祝愿力丸和小徐弟弟以后一起顶峰相见,2,0.00299
chuang2021_003,力丸,纯甄为力丸撑腰,2,0.00299
chuang2021_003,力丸,给我天天开心,2,0.00299
chuang2021_003,力丸,胡烨韬,2,0.00299
chuang2021_003,力丸,腾讯视频创造营2021,2,0.00299
chuang2021_003,力丸,见到很多人,2,0.00299
chuang2021_003,力丸,请创始人们未来多多期待力丸的表现吧,2,0.00299
chuang2021_003,力丸,赞多力丸神仙友谊,2,0.00299
chuang2021_003,力丸,赞就丸了,2,0.00299
chuang2021_003,力丸,追随光,2,0.00299
chuang2021_003,力丸,非常感谢刘彰打开我的心,2,0.00299
chuang2021_003,力丸,靠近光,2,0.00299
chuang2021_004,米卡,米卡,106,0.141901
chuang2021_004,米卡,收起,44,0.058902
chuang2021_004,米卡,黑人牙膏白酵素助力创造营米卡闪耀闯关,24,0.032129
chuang2021_004,米卡,赞多,20,0.026774
chuang2021_004,米卡,周柯宇,19,0.025435
chuang2021_004,米卡,尹浩宇,19,0.025435
chuang2021_004,米卡,刘宇,18,0.024096
chuang2021_004,米卡,力丸,18,0.024096
chuang2021_004,米卡,伯远,16,0.021419
chuang2021_004,米卡,张嘉元,16,0.021419
chuang2021_004,米卡,林墨,16,0.021419
chuang2021_004,米卡,高卿尘,15,0.02008
chuang2021_004,米卡,创造营2021超话,14,0.018742
chuang2021_004,米卡,庆怜,12,0.016064
chuang2021_004,米卡,创造营成团名单,10,0.013387
chuang2021_004,米卡,和马,10,0.013387
chuang2021_004,米卡,米卡第四,9,0.012048
chuang2021_004,米卡,腾讯视频创造营2021,9,0.012048
chuang2021_004,米卡,沸羊羊是米卡后援会会长吧,8,0.01071
chuang2021_004,米卡,米卡超话,8,0.01071
chuang2021_004,米卡,不喜欢battle但我为你们而战,7,0.009371
chuang2021_004,米卡,奥斯卡,7,0.009371
chuang2021_004,米卡,米卡第一,7,0.009371
chuang2021_004,米卡,米卡说不来创造营就放弃做音乐了,7,0.009371
chuang2021_004,米卡,米卡进a班,7,0.009371
chuang2021_004,米卡,创造营排名,6,0.008032
chuang2021_004,米卡,吴宇恒,6,0.008032
chuang2021_004,米卡,甘望星,6,0.008032
chuang2021_004,米卡,we,5,0.006693
chuang2021_004,米卡,一起为他助力戳,5,0.006693
chuang2021_004,米卡,不忘初心,5,0.006693
chuang2021_004,米卡,你一定能拿下,5,0.006693
chuang2021_004,米卡,刘彰,5,0.006693
chuang2021_004,米卡,创造营2021榜,5,0.006693
chuang2021_004,米卡,创造营2021榜好成绩,5,0.006693
chuang2021_004,米卡,方得始终,5,0.006693
chuang2021_004,米卡,明星势力榜,5,0.006693
chuang2021_004,米卡,第一名,5,0.006693
chuang2021_004,米卡,第七名,5,0.006693
chuang2021_004,米卡,第三名,5,0.006693
chuang2021_004,米卡,第九名,5,0.006693
chuang2021_004,米卡,第二名,5,0.006693
chuang2021_004,米卡,第五名,5,0.006693
chuang2021_004,米卡,第八名,5,0.006693
chuang2021_004,米卡,第六名,5,0.006693
chuang2021_004,米卡,第十一名,5,0.006693
chuang2021_004,米卡,第十名,5,0.006693
chuang2021_004,米卡,第四名,5,0.006693
chuang2021_004,米卡,米卡顺位感言,5,0.006693
chuang2021_004,米卡,ak刘彰,4,0.005355
chuang2021_004,米卡,mika,4,0.005355
chuang2021_004,米卡,创造营2021成团名单,4,0.005355
chuang2021_004,米卡,创造营2021米卡,4,0.005355
chuang2021_004,米卡,创造营成团夜,4,0.005355
chuang2021_004,米卡,曾涵江,4,0.005355
chuang2021_004,米卡,米卡欧美嗓,4,0.005355
chuang2021_004,米卡,and,3,0.004016
chuang2021_004,米卡,king,3,0.004016
chuang2021_004,米卡,oh,3,0.004016
chuang2021_004,米卡,will,3,0.004016
chuang2021_004,米卡,you,3,0.004016
chuang2021_004,米卡,于洋,3,0.004016
chuang2021_004,米卡,井汲大翔,3,0.004016
chuang2021_004,米卡,冲鸭,3,0.004016
chuang2021_004,米卡,创4排名,3,0.004016
chuang2021_004,米卡,米卡以为曾涵江要离开嚎啕大哭,3,0.004016
chuang2021_004,米卡,00,2,0.002677
chuang2021_004,米卡,10,2,0.002677
chuang2021_004,米卡,11,2,0.002677
chuang2021_004,米卡,2021,2,0.002677
chuang2021_004,米卡,21号18,2,0.002677
chuang2021_004,米卡,22号00,2,0.002677
chuang2021_004,米卡,30,2,0.002677
chuang2021_004,米卡,ak,2,0.002677
chuang2021_004,米卡,are,2,0.002677
chuang2021_004,米卡,for,2,0.002677
chuang2021_004,米卡,go,2,0.002677
chuang2021_004,米卡,handsome,2,0.002677
chuang2021_004,米卡,in,2,0.002677
chuang2021_004,米卡,intersection,2,0.002677
chuang2021_004,米卡,into1,2,0.002677
chuang2021_004,米卡,no,2,0.002677
chuang2021_004,米卡,the,2,0.002677
chuang2021_004,米卡,win,2,0.002677
chuang2021_004,米卡,不要哭,2,0.002677
chuang2021_004,米卡,井胧,2,0.002677
chuang2021_004,米卡,他好开心,2,0.002677
chuang2021_004,米卡,任胤蓬,2,0.002677
chuang2021_004,米卡,但是,2,0.002677
chuang2021_004,米卡,但是现在我为你们而战,2,0.002677
chuang2021_004,米卡,佐藤永翔,2,0.002677
chuang2021_004,米卡,俞更寅,2,0.002677
chuang2021_004,米卡,再说路人盘,2,0.002677
chuang2021_004,米卡,创4二创舞台好有才,2,0.002677
chuang2021_004,米卡,加油,2,0.002677
chuang2021_004,米卡,加注能量啦,2,0.002677
chuang2021_004,米卡,助你获得惊喜vlog拍摄机会,2,0.002677
chuang2021_004,米卡,卡子就是有c位的实力,2,0.002677
chuang2021_004,米卡,团名into1,2,0.002677
chuang2021_004,米卡,学员能量榜为你,2,0.002677
chuang2021_004,米卡,对了,2,0.002677
chuang2021_004,米卡,就他妈离谱,2,0.002677
chuang2021_004,米卡,尽力而为,2,0.002677
chuang2021_004,米卡,庆怜不出道,2,0.002677
chuang2021_004,米卡,庆怜超话,2,0.002677
chuang2021_004,米卡,张星特,2,0.002677
chuang2021_004,米卡,张欣尧,2,0.002677
chuang2021_004,米卡,张腾,2,0.002677
chuang2021_004,米卡,很酷,2,0.002677
chuang2021_004,米卡,想让更多人看到如此优秀的你,2,0.002677
chuang2021_004,米卡,我不喜欢battle,2,0.002677
chuang2021_004,米卡,我们为你而战,2,0.002677
chuang2021_004,米卡,我在纯甄,2,0.002677
chuang2021_004,米卡,最后,2,0.002677
chuang2021_004,米卡,来了,2,0.002677
chuang2021_004,米卡,爱你,2,0.002677
chuang2021_004,米卡,生气,2,0.002677
chuang2021_004,米卡,米卡4天学会一首中文歌,2,0.002677
chuang2021_004,米卡,米卡mika,2,0.002677
chuang2021_004,米卡,米卡值得,2,0.002677
chuang2021_004,米卡,米卡官方后援会,2,0.002677
chuang2021_004,米卡,纯甄为米卡撑腰,2,0.002677
chuang2021_004,米卡,要加油,2,0.002677
chuang2021_004,米卡,评论10w,2,0.002677
chuang2021_004,米卡,谢谢你们守护了我十三岁的梦想,2,0.002677
chuang2021_004,米卡,这排名我他妈不接受,2,0.002677
chuang2021_005,高卿尘,高卿尘,127,0.104699
chuang2021_005,高卿尘,收起,41,0.0338
chuang2021_005,高卿尘,刘宇,21,0.017312
chuang2021_005,高卿尘,高卿尘穿汉服弹古筝,20,0.016488
chuang2021_005,高卿尘,创造营2021超话,18,0.014839
chuang2021_005,高卿尘,高卿尘超话,18,0.014839
chuang2021_005,高卿尘,2021,17,0.014015
chuang2021_005,高卿尘,尹浩宇,16,0.01319
chuang2021_005,高卿尘,周柯宇,15,0.012366
chuang2021_005,高卿尘,林墨,15,0.012366
chuang2021_005,高卿尘,赞多,15,0.012366
chuang2021_005,高卿尘,力丸,14,0.011542
chuang2021_005,高卿尘,张嘉元,14,0.011542
chuang2021_005,高卿尘,米卡,14,0.011542
chuang2021_005,高卿尘,伯远,13,0.010717
chuang2021_005,高卿尘,高卿尘说幸运没有眷顾过我,11,0.009068
chuang2021_005,高卿尘,不要放弃,10,0.008244
chuang2021_005,高卿尘,也想对我的室友们说,10,0.008244
chuang2021_005,高卿尘,也想对暂时离开的兄弟们说,10,0.008244
chuang2021_005,高卿尘,你们一定会完成自己的目标,10,0.008244
chuang2021_005,高卿尘,大家一直在支持我,10,0.008244
chuang2021_005,高卿尘,学员运动会,10,0.008244
chuang2021_005,高卿尘,宿舍就像是我的家,10,0.008244
chuang2021_005,高卿尘,很感谢大家让我站在城堡上不断接近那颗星星,10,0.008244
chuang2021_005,高卿尘,成团位就像星星,10,0.008244
chuang2021_005,高卿尘,我会更努力让成团的梦想实现,10,0.008244
chuang2021_005,高卿尘,排名就像是创始人们为我搭建的城堡,10,0.008244
chuang2021_005,高卿尘,照顾我,10,0.008244
chuang2021_005,高卿尘,看创造营在笑哭中反复横跳,10,0.008244
chuang2021_005,高卿尘,真的舍不得和你们分开,10,0.008244
chuang2021_005,高卿尘,第7期,10,0.008244
chuang2021_005,高卿尘,第二次顺位发布,10,0.008244
chuang2021_005,高卿尘,第二次顺位发布闯关成功,10,0.008244
chuang2021_005,高卿尘,高卿尘创造营2021,10,0.008244
chuang2021_005,高卿尘,创造营成团名单,8,0.006595
chuang2021_005,高卿尘,庆怜,8,0.006595
chuang2021_005,高卿尘,甘望星,8,0.006595
chuang2021_005,高卿尘,创造营二创,7,0.005771
chuang2021_005,高卿尘,和马,7,0.005771
chuang2021_005,高卿尘,奥斯卡,7,0.005771
chuang2021_005,高卿尘,黑人牙膏白酵素助力创造营高卿尘闪耀闯关,7,0.005771
chuang2021_005,高卿尘,加注能量啦,6,0.004946
chuang2021_005,高卿尘,助你获得惊喜vlog拍摄机会,6,0.004946
chuang2021_005,高卿尘,吴宇恒,6,0.004946
chuang2021_005,高卿尘,学员能量榜为你,6,0.004946
chuang2021_005,高卿尘,张星特,6,0.004946
chuang2021_005,高卿尘,想让更多人看到如此优秀的你,6,0.004946
chuang2021_005,高卿尘,我在纯甄,6,0.004946
chuang2021_005,高卿尘,邵明明,6,0.004946
chuang2021_005,高卿尘,高卿尘夸刘宇,6,0.004946
chuang2021_005,高卿尘,ak刘彰,5,0.004122
chuang2021_005,高卿尘,付思超,5,0.004122
chuang2021_005,高卿尘,俞更寅,5,0.004122
chuang2021_005,高卿尘,刘彰,5,0.004122
chuang2021_005,高卿尘,张欣尧,5,0.004122
chuang2021_005,高卿尘,恭喜,5,0.004122
chuang2021_005,高卿尘,成团出道,5,0.004122
chuang2021_005,高卿尘,摘取到了第一颗属于你的星星,5,0.004122
chuang2021_005,高卿尘,新的童话已经展开,5,0.004122
chuang2021_005,高卿尘,第一名,5,0.004122
chuang2021_005,高卿尘,第七名,5,0.004122
chuang2021_005,高卿尘,第三名,5,0.004122
chuang2021_005,高卿尘,第九名,5,0.004122
chuang2021_005,高卿尘,第二名,5,0.004122
chuang2021_005,高卿尘,第五名,5,0.004122
chuang2021_005,高卿尘,第八名,5,0.004122
chuang2021_005,高卿尘,第六名,5,0.004122
chuang2021_005,高卿尘,第十一名,5,0.004122
chuang2021_005,高卿尘,第十名,5,0.004122
chuang2021_005,高卿尘,第四名,5,0.004122
chuang2021_005,高卿尘,范臻尔,5,0.004122
chuang2021_005,高卿尘,草莓酱一定会和这个小九并肩走下去,5,0.004122
chuang2021_005,高卿尘,见到真正的广阔星空,5,0.004122
chuang2021_005,高卿尘,评论配图,5,0.004122
chuang2021_005,高卿尘,谢兴阳,5,0.004122
chuang2021_005,高卿尘,boy,4,0.003298
chuang2021_005,高卿尘,上原一翔,4,0.003298
chuang2021_005,高卿尘,于洋,4,0.003298
chuang2021_005,高卿尘,井汲大翔,4,0.003298
chuang2021_005,高卿尘,井胧,4,0.003298
chuang2021_005,高卿尘,任胤蓬,4,0.003298
chuang2021_005,高卿尘,何屹繁,4,0.003298
chuang2021_005,高卿尘,创4排名,4,0.003298
chuang2021_005,高卿尘,大卫,4,0.003298
chuang2021_005,高卿尘,小九用最可爱的声音说出最狠的话,4,0.003298
chuang2021_005,高卿尘,张腾,4,0.003298
chuang2021_005,高卿尘,曾涵江,4,0.003298
chuang2021_005,高卿尘,纯甄为高卿尘撑腰,4,0.003298
chuang2021_005,高卿尘,蒋敦豪,4,0.003298
chuang2021_005,高卿尘,诺言,4,0.003298
chuang2021_005,高卿尘,韩佩泉,4,0.003298
chuang2021_005,高卿尘,88,3,0.002473
chuang2021_005,高卿尘,butter,3,0.002473
chuang2021_005,高卿尘,fly,3,0.002473
chuang2021_005,高卿尘,into1,3,0.002473
chuang2021_005,高卿尘,lover,3,0.002473
chuang2021_005,高卿尘,me,3,0.002473
chuang2021_005,高卿尘,radio,3,0.002473
chuang2021_005,高卿尘,ready,3,0.002473
chuang2021_005,高卿尘,sorry有大vocal了,3,0.002473
chuang2021_005,高卿尘,yummy,3,0.002473
chuang2021_005,高卿尘,不应该被埋没,3,0.002473
chuang2021_005,高卿尘,世界那么大,3,0.002473
chuang2021_005,高卿尘,他真的是我见过最有诚意的外国学员,3,0.002473
chuang2021_005,高卿尘,代少冬,3,0.002473
chuang2021_005,高卿尘,佐藤永翔,3,0.002473
chuang2021_005,高卿尘,作为怪物,3,0.002473
chuang2021_005,高卿尘,利路修,3,0.002473
chuang2021_005,高卿尘,吴海,3,0.002473
chuang2021_005,高卿尘,喜内优心,3,0.002473
chuang2021_005,高卿尘,声音条件这么好的情况下,3,0.002473
chuang2021_005,高卿尘,女孩,3,0.002473
chuang2021_005,高卿尘,安迪,3,0.002473
chuang2021_005,高卿尘,屈柏宇,3,0.002473
chuang2021_005,高卿尘,希望我们能够让他留下来,3,0.002473
chuang2021_005,高卿尘,弹古筝,3,0.002473
chuang2021_005,高卿尘,感受更多中国文化的多元和魅力,3,0.002473
chuang2021_005,高卿尘,我欢喜喜欢你,3,0.002473
chuang2021_005,高卿尘,李嘉祥,3,0.002473
chuang2021_005,高卿尘,李家豪,3,0.002473
chuang2021_005,高卿尘,李洛尔,3,0.002473
chuang2021_005,高卿尘,林煜修,3,0.002473
chuang2021_005,高卿尘,武汉,3,0.002473
chuang2021_005,高卿尘,爱我ready,3,0.002473
chuang2021_005,高卿尘,特别是外形,3,0.002473
chuang2021_005,高卿尘,王孝辰,3,0.002473
chuang2021_005,高卿尘,破茧,3,0.002473
chuang2021_005,高卿尘,穿汉服,3,0.002473
chuang2021_005,高卿尘,羽生田挙武,3,0.002473
chuang2021_005,高卿尘,胡烨韬,3,0.002473
chuang2021_005,高卿尘,能说数一数二的中文,3,0.002473
chuang2021_005,高卿尘,荣耀,3,0.002473
chuang2021_005,高卿尘,薛八一,3,0.002473
chuang2021_005,高卿尘,赖耀翔,3,0.002473
chuang2021_005,高卿尘,超级冠军,3,0.002473
chuang2021_005,高卿尘,跳中国舞,3,0.002473
chuang2021_005,高卿尘,醉拳,3,0.002473
chuang2021_005,高卿尘,钱政宇,3,0.002473
chuang2021_005,高卿尘,霓虹甜心,3,0.002473
chuang2021_005,高卿尘,高卿尘16名,3,0.002473
chuang2021_005,高卿尘,高卿尘仿佛刘宇迷弟,3,0.002473
chuang2021_005,高卿尘,魏子越,3,0.002473
chuang2021_005,高卿尘,cos是有人物的,2,0.001649
chuang2021_005,高卿尘,gqc,2,0.001649
chuang2021_005,高卿尘,lit,2,0.001649
chuang2021_005,高卿尘,you,2,0.001649
chuang2021_005,高卿尘,一之濑飞鸟,2,0.001649
chuang2021_005,高卿尘,一句,2,0.001649
chuang2021_005,高卿尘,上集,2,0.001649
chuang2021_005,高卿尘,下集,2,0.001649
chuang2021_005,高卿尘,中国结,2,0.001649
chuang2021_005,高卿尘,主题曲二创学员们颠覆改编,2,0.001649
chuang2021_005,高卿尘,主题曲舞台中心位诞生,2,0.001649
chuang2021_005,高卿尘,今晚二创的时候我穿了中国的传统服饰哦,2,0.001649
chuang2021_005,高卿尘,他太值得了,2,0.001649
chuang2021_005,高卿尘,但是,2,0.001649
chuang2021_005,高卿尘,何圳煜,2,0.001649
chuang2021_005,高卿尘,何懿峻,2,0.001649
chuang2021_005,高卿尘,全文,2,0.001649
chuang2021_005,高卿尘,凌箫,2,0.001649
chuang2021_005,高卿尘,刘严冬季,2,0.001649
chuang2021_005,高卿尘,刘唐辉,2,0.001649
chuang2021_005,高卿尘,刘聪,2,0.001649
chuang2021_005,高卿尘,创造营2021尹浩宇,2,0.001649
chuang2021_005,高卿尘,创造营2021成团名单,2,0.001649
chuang2021_005,高卿尘,创造营成团夜,2,0.001649
chuang2021_005,高卿尘,创造营排名,2,0.001649
chuang2021_005,高卿尘,加油,2,0.001649
chuang2021_005,高卿尘,卢克,2,0.001649
chuang2021_005,高卿尘,原部凌,2,0.001649
chuang2021_005,高卿尘,叶皓然,2,0.001649
chuang2021_005,高卿尘,告诉大家穿传统服饰并不是cos,2,0.001649
chuang2021_005,高卿尘,和兄弟们在一起,2,0.001649
chuang2021_005,高卿尘,回复,2,0.001649
chuang2021_005,高卿尘,因为你值得,2,0.001649
chuang2021_005,高卿尘,在创造营2021的舞台上一步一步正在慢慢地实现,2,0.001649
chuang2021_005,高卿尘,大家加油啊,2,0.001649
chuang2021_005,高卿尘,学习中文也超级努力,2,0.001649
chuang2021_005,高卿尘,小九,2,0.001649
chuang2021_005,高卿尘,小九说这里有大vocal了,2,0.001649
chuang2021_005,高卿尘,希望有一天能够听到全世界的赞美,2,0.001649
chuang2021_005,高卿尘,张璋,2,0.001649
chuang2021_005,高卿尘,徐圣兹,2,0.001649
chuang2021_005,高卿尘,徐绍岚,2,0.001649
chuang2021_005,高卿尘,怿涵,2,0.001649
chuang2021_005,高卿尘,戏腔,2,0.001649
chuang2021_005,高卿尘,我们陪你一起闯,2,0.001649
chuang2021_005,高卿尘,我觉得我比他们唱得都好,2,0.001649
chuang2021_005,高卿尘,把主题曲唱给你听,2,0.001649
chuang2021_005,高卿尘,攻击,2,0.001649
chuang2021_005,高卿尘,新浪综艺的微博视频,2,0.001649
chuang2021_005,高卿尘,春风拂面,2,0.001649
chuang2021_005,高卿尘,曹左,2,0.001649
chuang2021_005,高卿尘,未来的日子一起闯吧,2,0.001649
chuang2021_005,高卿尘,李政庭,2,0.001649
chuang2021_005,高卿尘,李沛洋,2,0.001649
chuang2021_005,高卿尘,李泰龙,2,0.001649
chuang2021_005,高卿尘,李泽坤,2,0.001649
chuang2021_005,高卿尘,林豆,2,0.001649
chuang2021_005,高卿尘,汉服推广大使刘宇,2,0.001649
chuang2021_005,高卿尘,爱豆v力量,2,0.001649
chuang2021_005,高卿尘,爱豆能量月,2,0.001649
chuang2021_005,高卿尘,王泽浩,2,0.001649
chuang2021_005,高卿尘,现在这个梦,2,0.001649
chuang2021_005,高卿尘,田口馨也,2,0.001649
chuang2021_005,高卿尘,看创4记得撑腰么么哒,2,0.001649
chuang2021_005,高卿尘,真汉服推广大使吧,2,0.001649
chuang2021_005,高卿尘,穿上了人生中第一件汉服,2,0.001649
chuang2021_005,高卿尘,第4期上,2,0.001649
chuang2021_005,高卿尘,第4期下,2,0.001649
chuang2021_005,高卿尘,综艺感满分,2,0.001649
chuang2021_005,高卿尘,罗言,2,0.001649
chuang2021_005,高卿尘,而穿上传统服饰还是你自己,2,0.001649
chuang2021_005,高卿尘,肖力桓,2,0.001649
chuang2021_005,高卿尘,被室友夸赞为,2,0.001649
chuang2021_005,高卿尘,说花,2,0.001649
chuang2021_005,高卿尘,请来了差不多20件传统服饰,2,0.001649
chuang2021_005,高卿尘,谷柳霖,2,0.001649
chuang2021_005,高卿尘,贵尚奇,2,0.001649
chuang2021_005,高卿尘,超开心的呢,2,0.001649
chuang2021_005,高卿尘,还学了古筝,2,0.001649
chuang2021_005,高卿尘,还让泰国弟弟小九,2,0.001649
chuang2021_005,高卿尘,这个小九,2,0.001649
chuang2021_005,高卿尘,这是我梦里到过的地方,2,0.001649
chuang2021_005,高卿尘,这样的小九怎么能不招人喜欢呢,2,0.001649
chuang2021_005,高卿尘,郑明鑫,2,0.001649
chuang2021_005,高卿尘,都是为了这次主题曲二创的舞台效果,2,0.001649
chuang2021_005,高卿尘,都筑雄哉,2,0.001649
chuang2021_005,高卿尘,重金,2,0.001649
chuang2021_005,高卿尘,门胁慎刚,2,0.001649
chuang2021_005,高卿尘,阿克朱力,2,0.001649
chuang2021_005,高卿尘,陆定昊,2,0.001649
chuang2021_005,高卿尘,陈俊洁,2,0.001649
chuang2021_005,高卿尘,陈瑞丰,2,0.001649
chuang2021_005,高卿尘,隅田隼平,2,0.001649
chuang2021_005,高卿尘,韦语节,2,0.001649
chuang2021_005,高卿尘,高卿尘一定要出道,2,0.001649
chuang2021_005,高卿尘,高卿尘出道吧,2,0.001649
chuang2021_005,高卿尘,高卿尘夸刘宇有魅力,2,0.001649
chuang2021_005,高卿尘,黄鲲,2,0.001649
chuang2021_006,林墨,林墨,123,0.129474
chuang2021_006,林墨,收起,28,0.029474
chuang2021_006,林墨,黑人牙膏白酵素助力创造营林墨闪耀闯关,22,0.023158
chuang2021_006,林墨,林墨超话,21,0.022105
chuang2021_006,林墨,明星势力榜,20,0.021053
chuang2021_006,林墨,张嘉元,19,0.02
chuang2021_006,林墨,创造营2021林墨,17,0.017895
chuang2021_006,林墨,刘宇,16,0.016842
chuang2021_006,林墨,周柯宇,16,0.016842
chuang2021_006,林墨,伯远,15,0.015789
chuang2021_006,林墨,力丸,14,0.014737
chuang2021_006,林墨,一起为他助力戳,13,0.013684
chuang2021_006,林墨,不忘初心,13,0.013684
chuang2021_006,林墨,你一定能拿下,13,0.013684
chuang2021_006,林墨,创造营2021榜,13,0.013684
chuang2021_006,林墨,创造营2021榜好成绩,13,0.013684
chuang2021_006,林墨,尹浩宇,13,0.013684
chuang2021_006,林墨,方得始终,13,0.013684
chuang2021_006,林墨,赞多,13,0.013684
chuang2021_006,林墨,林墨希望六六大顺顺到一,12,0.012632
chuang2021_006,林墨,米卡,12,0.012632
chuang2021_006,林墨,高卿尘,12,0.012632
chuang2021_006,林墨,lm,11,0.011579
chuang2021_006,林墨,加注能量啦,11,0.011579
chuang2021_006,林墨,我在纯甄,11,0.011579
chuang2021_006,林墨,加油,10,0.010526
chuang2021_006,林墨,非常完美,9,0.009474
chuang2021_006,林墨,刘彰,8,0.008421
chuang2021_006,林墨,创造营成团名单,8,0.008421
chuang2021_006,林墨,林墨选宿舍,8,0.008421
chuang2021_006,林墨,用一生去治愈,8,0.008421
chuang2021_006,林墨,为梦想拼尽全力,7,0.007368
chuang2021_006,林墨,你也快来为喜欢的学员助力吧,7,0.007368
chuang2021_006,林墨,创造营2021榜上支持你啦,7,0.007368
chuang2021_006,林墨,创造营2021纯甄创造营学员能量榜,7,0.007368
chuang2021_006,林墨,创造营排名,7,0.007368
chuang2021_006,林墨,学员能量榜为,7,0.007368
chuang2021_006,林墨,扬帆起航,7,0.007368
chuang2021_006,林墨,明星势力榜第476位,7,0.007368
chuang2021_006,林墨,第一名,7,0.007368
chuang2021_006,林墨,第七名,7,0.007368
chuang2021_006,林墨,第三名,7,0.007368
chuang2021_006,林墨,第九名,7,0.007368
chuang2021_006,林墨,第二名,7,0.007368
chuang2021_006,林墨,第五名,7,0.007368
chuang2021_006,林墨,第八名,7,0.007368
chuang2021_006,林墨,第六名,7,0.007368
chuang2021_006,林墨,第十一名,7,0.007368
chuang2021_006,林墨,第十名,7,0.007368
chuang2021_006,林墨,第四名,7,0.007368
chuang2021_006,林墨,能为他争取到专属vlog拍摄机会,7,0.007368
chuang2021_006,林墨,跨海相聚,7,0.007368
chuang2021_006,林墨,ak刘彰,6,0.006316
chuang2021_006,林墨,请腾讯视频创造营2021公平对待林墨拒绝摇号压票,6,0.006316
chuang2021_006,林墨,祝福富翁,5,0.005263
chuang2021_006,林墨,10,4,0.004211
chuang2021_006,林墨,11,4,0.004211
chuang2021_006,林墨,付思超,4,0.004211
chuang2021_006,林墨,任胤蓬,4,0.004211
chuang2021_006,林墨,创造营2021成团名单,4,0.004211
chuang2021_006,林墨,助你获得惊喜vlog拍摄机会,4,0.004211
chuang2021_006,林墨,学员能量榜为你,4,0.004211
chuang2021_006,林墨,张欣尧,4,0.004211
chuang2021_006,林墨,张腾,4,0.004211
chuang2021_006,林墨,想让更多人看到如此优秀的你,4,0.004211
chuang2021_006,林墨,成团快乐,4,0.004211
chuang2021_006,林墨,甘望星,4,0.004211
chuang2021_006,林墨,2021,3,0.003158
chuang2021_006,林墨,c位出道,3,0.003158
chuang2021_006,林墨,into1,3,0.003158
chuang2021_006,林墨,代少冬,3,0.003158
chuang2021_006,林墨,俞更寅,3,0.003158
chuang2021_006,林墨,创造营2021超话,3,0.003158
chuang2021_006,林墨,创造营成团夜,3,0.003158
chuang2021_006,林墨,千万要平安,3,0.003158
chuang2021_006,林墨,千万要幸福,3,0.003158
chuang2021_006,林墨,千万要开心,3,0.003158
chuang2021_006,林墨,吴宇恒,3,0.003158
chuang2021_006,林墨,吴海,3,0.003158
chuang2021_006,林墨,屈柏宇,3,0.003158
chuang2021_006,林墨,庆怜,3,0.003158
chuang2021_006,林墨,胡烨韬,3,0.003158
chuang2021_006,林墨,荣耀,3,0.003158
chuang2021_006,林墨,诺言,3,0.003158
chuang2021_006,林墨,这是我梦里到过的地方,3,0.003158
chuang2021_006,林墨,邵明明,3,0.003158
chuang2021_006,林墨,1刘宇,2,0.002105
chuang2021_006,林墨,2021的林墨,2,0.002105
chuang2021_006,林墨,2赞多,2,0.002105
chuang2021_006,林墨,6林墨,2,0.002105
chuang2021_006,林墨,ak,2,0.002105
chuang2021_006,林墨,amu羽生田挙武,2,0.002105
chuang2021_006,林墨,yuu喜内优心,2,0.002105
chuang2021_006,林墨,一之濑飞鸟,2,0.002105
chuang2021_006,林墨,一起享受欢乐,2,0.002105
chuang2021_006,林墨,上原一翔,2,0.002105
chuang2021_006,林墨,主题曲二创学员们颠覆改编,2,0.002105
chuang2021_006,林墨,主题曲二创玩得也很痛快,2,0.002105
chuang2021_006,林墨,主题曲舞台中心位诞生,2,0.002105
chuang2021_006,林墨,井胧,2,0.002105
chuang2021_006,林墨,今晚的下集也不要错过哦,2,0.002105
chuang2021_006,林墨,何屹繁,2,0.002105
chuang2021_006,林墨,余沐阳,2,0.002105
chuang2021_006,林墨,傅韵哲,2,0.002105
chuang2021_006,林墨,关注,2,0.002105
chuang2021_006,林墨,刘聪,2,0.002105
chuang2021_006,林墨,利路修,2,0.002105
chuang2021_006,林墨,原部凌,2,0.002105
chuang2021_006,林墨,叶皓然,2,0.002105
chuang2021_006,林墨,和兄弟们在一起,2,0.002105
chuang2021_006,林墨,团名into1,2,0.002105
chuang2021_006,林墨,在创造营2021的舞台上一步一步正在慢慢地实现,2,0.002105
chuang2021_006,林墨,墨墨,2,0.002105
chuang2021_006,林墨,奥斯卡,2,0.002105
chuang2021_006,林墨,希望有一天能够听到全世界的赞美,2,0.002105
chuang2021_006,林墨,希望陪你从开始到未来的每一个高光时刻,2,0.002105
chuang2021_006,林墨,当然上高途课堂,2,0.002105
chuang2021_006,林墨,怿涵,2,0.002105
chuang2021_006,林墨,我们一起走花路吧,2,0.002105
chuang2021_006,林墨,我们一起闯,2,0.002105
chuang2021_006,林墨,我们会拼尽全力为你摇旗呐喊,2,0.002105
chuang2021_006,林墨,我刚使用会员特权送给了,2,0.002105
chuang2021_006,林墨,戴学霖,2,0.002105
chuang2021_006,林墨,把主题曲唱给你听,2,0.002105
chuang2021_006,林墨,拒绝被摇号,2,0.002105
chuang2021_006,林墨,易安中学,2,0.002105
chuang2021_006,林墨,易安音乐社,2,0.002105
chuang2021_006,林墨,晚安,2,0.002105
chuang2021_006,林墨,未来的日子一起闯吧,2,0.002105
chuang2021_006,林墨,李政庭,2,0.002105
chuang2021_006,林墨,李沛洋,2,0.002105
chuang2021_006,林墨,李泰龙,2,0.002105
chuang2021_006,林墨,林墨创4,2,0.002105
chuang2021_006,林墨,林墨台上稳台下疯,2,0.002105
chuang2021_006,林墨,林墨后援会,2,0.002105
chuang2021_006,林墨,林墨已收到446666朵花,2,0.002105
chuang2021_006,林墨,林墨想要一张两年的前三位体验卡,2,0.002105
chuang2021_006,林墨,林煊皓,2,0.002105
chuang2021_006,林墨,林豆,2,0.002105
chuang2021_006,林墨,池忆,2,0.002105
chuang2021_006,林墨,现在这个梦,2,0.002105
chuang2021_006,林墨,看创4记得撑腰么么哒,2,0.002105
chuang2021_006,林墨,第4期上,2,0.002105
chuang2021_006,林墨,第4期下,2,0.002105
chuang2021_006,林墨,网课名师怎么选,2,0.002105
chuang2021_006,林墨,肖力桓,2,0.002105
chuang2021_006,林墨,腾讯视频创造营2021,2,0.002105
chuang2021_006,林墨,送你高位出道,2,0.002105
chuang2021_006,林墨,郑明鑫,2,0.002105
chuang2021_006,林墨,郑煜炜,2,0.002105
chuang2021_006,林墨,门胁慎刚,2,0.002105
chuang2021_006,林墨,闫钶,2,0.002105
chuang2021_006,林墨,阿克朱立,2,0.002105
chuang2021_006,林墨,陆定昊,2,0.002105
chuang2021_006,林墨,陈俊洁,2,0.002105
chuang2021_006,林墨,韦语节,2,0.002105
chuang2021_006,林墨,高途圆舞曲,2,0.002105
chuang2021_006,林墨,高途课堂,2,0.002105
chuang2021_006,林墨,黄其淋,2,0.002105
chuang2021_007,伯远,伯远,128,0.096241
chuang2021_007,伯远,收起,50,0.037594
chuang2021_007,伯远,伯远xevier超话,27,0.020301
chuang2021_007,伯远,米卡,22,0.016541
chuang2021_007,伯远,刘宇,18,0.013534
chuang2021_007,伯远,2021,17,0.012782
chuang2021_007,伯远,林墨,17,0.012782
chuang2021_007,伯远,周柯宇,16,0.01203
chuang2021_007,伯远,张嘉元,16,0.01203
chuang2021_007,伯远,赞多,16,0.01203
chuang2021_007,伯远,尹浩宇,15,0.011278
chuang2021_007,伯远,高卿尘,15,0.011278
chuang2021_007,伯远,力丸,14,0.010526
chuang2021_007,伯远,俞更寅,11,0.008271
chuang2021_007,伯远,伯远卡位第十二,9,0.006767
chuang2021_007,伯远,创造营2021超话,9,0.006767
chuang2021_007,伯远,我们一定会赢,9,0.006767
chuang2021_007,伯远,butter,8,0.006015
chuang2021_007,伯远,fly,8,0.006015
chuang2021_007,伯远,刘彰,8,0.006015
chuang2021_007,伯远,吴宇恒,8,0.006015
chuang2021_007,伯远,庆怜,8,0.006015
chuang2021_007,伯远,张欣尧,8,0.006015
chuang2021_007,伯远,没想到这么多人帮我把南墙推倒,8,0.006015
chuang2021_007,伯远,米卡唱中文歌输给伯远,8,0.006015
chuang2021_007,伯远,井汲大翔,7,0.005263
chuang2021_007,伯远,付思超,7,0.005263
chuang2021_007,伯远,任胤蓬,7,0.005263
chuang2021_007,伯远,创造营成团名单,7,0.005263
chuang2021_007,伯远,加油,7,0.005263
chuang2021_007,伯远,屈柏宇,7,0.005263
chuang2021_007,伯远,胡烨韬,7,0.005263
chuang2021_007,伯远,ak刘彰,6,0.004511
chuang2021_007,伯远,创造营三顺发布心情像过山车,6,0.004511
chuang2021_007,伯远,利路修,6,0.004511
chuang2021_007,伯远,参加线下见面会的时候,6,0.004511
chuang2021_007,伯远,张星特,6,0.004511
chuang2021_007,伯远,我想站在这里告诉我的创始人们,6,0.004511
chuang2021_007,伯远,我看到了你们的力量有多强大,6,0.004511
chuang2021_007,伯远,才能听到主持人和团员们说话,6,0.004511
chuang2021_007,伯远,明星势力榜,6,0.004511
chuang2021_007,伯远,热血秀芬回收中心,6,0.004511
chuang2021_007,伯远,现场热情到大家在台上都要戴上耳返,6,0.004511
chuang2021_007,伯远,甘望星,6,0.004511
chuang2021_007,伯远,笑到最后,6,0.004511
chuang2021_007,伯远,第9期,6,0.004511
chuang2021_007,伯远,第一名,6,0.004511
chuang2021_007,伯远,第七名,6,0.004511
chuang2021_007,伯远,第三名,6,0.004511
chuang2021_007,伯远,第三次顺位发布25人进决赛,6,0.004511
chuang2021_007,伯远,第九名,6,0.004511
chuang2021_007,伯远,第二名,6,0.004511
chuang2021_007,伯远,第五名,6,0.004511
chuang2021_007,伯远,第八名,6,0.004511
chuang2021_007,伯远,第六名,6,0.004511
chuang2021_007,伯远,第十一名,6,0.004511
chuang2021_007,伯远,第十名,6,0.004511
chuang2021_007,伯远,第四名,6,0.004511
chuang2021_007,伯远,而且我们要一起赢得漂亮,6,0.004511
chuang2021_007,伯远,谢谢创始人们为我撑腰让我留到总决赛,6,0.004511
chuang2021_007,伯远,黑人牙膏白酵素助力创造营伯远闪耀闯关,6,0.004511
chuang2021_007,伯远,一之濑飞鸟,5,0.003759
chuang2021_007,伯远,万事俱备只欠东风,5,0.003759
chuang2021_007,伯远,三十岁的人身上,5,0.003759
chuang2021_007,伯远,上帝在你的生命撒出一把机会,5,0.003759
chuang2021_007,伯远,也可能落到二十五岁,5,0.003759
chuang2021_007,伯远,井胧,5,0.003759
chuang2021_007,伯远,伯远镜头少,5,0.003759
chuang2021_007,伯远,伯远默默耕耘六年终于等来这次机会,5,0.003759
chuang2021_007,伯远,何屹繁,5,0.003759
chuang2021_007,伯远,创造营2021伯远,5,0.003759
chuang2021_007,伯远,创造营排名,5,0.003759
chuang2021_007,伯远,加注能量啦,5,0.003759
chuang2021_007,伯远,原部凌,5,0.003759
chuang2021_007,伯远,奥斯卡,5,0.003759
chuang2021_007,伯远,它有可能落到十八岁的人身上,5,0.003759
chuang2021_007,伯远,张腾,5,0.003759
chuang2021_007,伯远,我们一起闯,5,0.003759
chuang2021_007,伯远,我在纯甄,5,0.003759
chuang2021_007,伯远,米卡第一,5,0.003759
chuang2021_007,伯远,请为他投票吧,5,0.003759
chuang2021_007,伯远,诺言,5,0.003759
chuang2021_007,伯远,赖耀翔,5,0.003759
chuang2021_007,伯远,送他出道,5,0.003759
chuang2021_007,伯远,邵明明,5,0.003759
chuang2021_007,伯远,are,4,0.003008
chuang2021_007,伯远,team,4,0.003008
chuang2021_007,伯远,we,4,0.003008
chuang2021_007,伯远,世界那么大,4,0.003008
chuang2021_007,伯远,于洋,4,0.003008
chuang2021_007,伯远,代少冬,4,0.003008
chuang2021_007,伯远,伯远第七,4,0.003008
chuang2021_007,伯远,刘聪,4,0.003008
chuang2021_007,伯远,创4全员主题曲舞台爷青回,4,0.003008
chuang2021_007,伯远,叶皓然,4,0.003008
chuang2021_007,伯远,向世界大声喊出我们的声音,4,0.003008
chuang2021_007,伯远,吴海,4,0.003008
chuang2021_007,伯远,和马,4,0.003008
chuang2021_007,伯远,怿涵,4,0.003008
chuang2021_007,伯远,我们并肩作战,4,0.003008
chuang2021_007,伯远,李嘉祥,4,0.003008
chuang2021_007,伯远,李政庭,4,0.003008
chuang2021_007,伯远,李沛洋,4,0.003008
chuang2021_007,伯远,李泰龙,4,0.003008
chuang2021_007,伯远,林豆,4,0.003008
chuang2021_007,伯远,羽生田挙武,4,0.003008
chuang2021_007,伯远,肖力桓,4,0.003008
chuang2021_007,伯远,荣耀,4,0.003008
chuang2021_007,伯远,郑明鑫,4,0.003008
chuang2021_007,伯远,门胁慎刚,4,0.003008
chuang2021_007,伯远,陆定昊,4,0.003008
chuang2021_007,伯远,陈俊洁,4,0.003008
chuang2021_007,伯远,韦语节,4,0.003008
chuang2021_007,伯远,88,3,0.002256
chuang2021_007,伯远,ak,3,0.002256
chuang2021_007,伯远,boy,3,0.002256
chuang2021_007,伯远,lover,3,0.002256
chuang2021_007,伯远,me,3,0.002256
chuang2021_007,伯远,radio,3,0.002256
chuang2021_007,伯远,ready,3,0.002256
chuang2021_007,伯远,yummy,3,0.002256
chuang2021_007,伯远,一起为他助力戳,3,0.002256
chuang2021_007,伯远,上原一翔,3,0.002256
chuang2021_007,伯远,不到黄河不死心,3,0.002256
chuang2021_007,伯远,不忘初心,3,0.002256
chuang2021_007,伯远,不撞南墙不回头,3,0.002256
chuang2021_007,伯远,不过卡子哥,3,0.002256
chuang2021_007,伯远,两位弟弟真的都没有输,3,0.002256
chuang2021_007,伯远,为梦想拼尽全力,3,0.002256
chuang2021_007,伯远,伯远的这首神曲引起全场共鸣,3,0.002256
chuang2021_007,伯远,但其实大部分不温柔的那一面我只留给了自己,3,0.002256
chuang2021_007,伯远,但现在看起来好像都有路可走,3,0.002256
chuang2021_007,伯远,佐藤永翔,3,0.002256
chuang2021_007,伯远,作为怪物,3,0.002256
chuang2021_007,伯远,你一定能拿下,3,0.002256
chuang2021_007,伯远,你唱的真的是中文么,3,0.002256
chuang2021_007,伯远,创4排名,3,0.002256
chuang2021_007,伯远,创造营2021成团名单,3,0.002256
chuang2021_007,伯远,创造营2021榜,3,0.002256
chuang2021_007,伯远,创造营2021榜上支持你啦,3,0.002256
chuang2021_007,伯远,创造营2021榜好成绩,3,0.002256
chuang2021_007,伯远,创造营2021纯甄创造营学员能量榜,3,0.002256
chuang2021_007,伯远,助你获得惊喜vlog拍摄机会,3,0.002256
chuang2021_007,伯远,原本以为前方是阻碍,3,0.002256
chuang2021_007,伯远,向着我想要的目标继续前进,3,0.002256
chuang2021_007,伯远,在这场掰头里,3,0.002256
chuang2021_007,伯远,大卫,3,0.002256
chuang2021_007,伯远,女孩,3,0.002256
chuang2021_007,伯远,学员能量榜为你,3,0.002256
chuang2021_007,伯远,学员运动会,3,0.002256
chuang2021_007,伯远,安迪,3,0.002256
chuang2021_007,伯远,对阵,3,0.002256
chuang2021_007,伯远,张璋,3,0.002256
chuang2021_007,伯远,很多人觉得我是一个温柔的人,3,0.002256
chuang2021_007,伯远,微博正文,3,0.002256
chuang2021_007,伯远,怪天气,3,0.002256
chuang2021_007,伯远,想让更多人看到如此优秀的你,3,0.002256
chuang2021_007,伯远,感谢你们的支持与陪伴,3,0.002256
chuang2021_007,伯远,我会一直朝前看,3,0.002256
chuang2021_007,伯远,我欢喜喜欢你,3,0.002256
chuang2021_007,伯远,扬帆起航,3,0.002256
chuang2021_007,伯远,方得始终,3,0.002256
chuang2021_007,伯远,日文歌,3,0.002256
chuang2021_007,伯远,明星势力榜第765位,3,0.002256
chuang2021_007,伯远,曹左,3,0.002256
chuang2021_007,伯远,最后的排名就是证据,3,0.002256
chuang2021_007,伯远,有句话形容得很准确,3,0.002256
chuang2021_007,伯远,李家豪,3,0.002256
chuang2021_007,伯远,李洛尔,3,0.002256
chuang2021_007,伯远,来到这里后会有这么多人帮我把南墙全部推倒,3,0.002256
chuang2021_007,伯远,爱我ready,3,0.002256
chuang2021_007,伯远,爱豆v力量,3,0.002256
chuang2021_007,伯远,甚至是未知的一切,3,0.002256
chuang2021_007,伯远,的中文歌,3,0.002256
chuang2021_007,伯远,看创造营在笑哭中反复横跳,3,0.002256
chuang2021_007,伯远,破茧,3,0.002256
chuang2021_007,伯远,第7期,3,0.002256
chuang2021_007,伯远,第二次顺位发布,3,0.002256
chuang2021_007,伯远,第二次顺位发布闯关成功,3,0.002256
chuang2021_007,伯远,米卡这首歌把学员们带到了海边,3,0.002256
chuang2021_007,伯远,而我没有想到,3,0.002256
chuang2021_007,伯远,腾讯视频创造营2021,3,0.002256
chuang2021_007,伯远,范臻尔,3,0.002256
chuang2021_007,伯远,蒋敦豪,3,0.002256
chuang2021_007,伯远,薛八一,3,0.002256
chuang2021_007,伯远,说听完有种岁月静好的感jio,3,0.002256
chuang2021_007,伯远,谢兴阳,3,0.002256
chuang2021_007,伯远,超级冠军,3,0.002256
chuang2021_007,伯远,跨海相聚,3,0.002256
chuang2021_007,伯远,还在河上架了一座桥,3,0.002256
chuang2021_007,伯远,都是赢家,3,0.002256
chuang2021_007,伯远,都筑雄哉,3,0.002256
chuang2021_007,伯远,醉拳,3,0.002256
chuang2021_007,伯远,钱政宇,3,0.002256
chuang2021_007,伯远,霓虹甜心,3,0.002256
chuang2021_007,伯远,韩佩泉,3,0.002256
chuang2021_007,伯远,魏子越,3,0.002256
chuang2021_007,伯远,18,2,0.001504
chuang2021_007,伯远,2021热血battle继续,2,0.001504
chuang2021_007,伯远,46,2,0.001504
chuang2021_007,伯远,amu羽生田挙武,2,0.001504
chuang2021_007,伯远,fly的舞台,2,0.001504
chuang2021_007,伯远,kanghyewon的小蛋糕的微博视频,2,0.001504
chuang2021_007,伯远,lit,2,0.001504
chuang2021_007,伯远,ps,2,0.001504
chuang2021_007,伯远,you,2,0.001504
chuang2021_007,伯远,yuu喜内优心,2,0.001504
chuang2021_007,伯远,一公造型大放送,2,0.001504
chuang2021_007,伯远,一年比一年理解得更深刻,2,0.001504
chuang2021_007,伯远,与人为善,2,0.001504
chuang2021_007,伯远,伯特fly超话,2,0.001504
chuang2021_007,伯远,伯老师高光时刻,2,0.001504
chuang2021_007,伯远,伯远内娱第一守房人,2,0.001504
chuang2021_007,伯远,伯远冲,2,0.001504
chuang2021_007,伯远,伯远唱日语歌好燃,2,0.001504
chuang2021_007,伯远,伯远是一个只要你产生想了解他的念头,2,0.001504
chuang2021_007,伯远,但是,2,0.001504
chuang2021_007,伯远,何圳煜,2,0.001504
chuang2021_007,伯远,何懿峻,2,0.001504
chuang2021_007,伯远,你也快来为喜欢的学员助力吧,2,0.001504
chuang2021_007,伯远,你做到了,2,0.001504
chuang2021_007,伯远,你是帅气绝绝远,2,0.001504
chuang2021_007,伯远,你是舞台王者ace,2,0.001504
chuang2021_007,伯远,你是闪闪发光的金子,2,0.001504
chuang2021_007,伯远,其实他对这首歌的爱已经六年了,2,0.001504
chuang2021_007,伯远,凌箫,2,0.001504
chuang2021_007,伯远,出道,2,0.001504
chuang2021_007,伯远,刘严冬季,2,0.001504
chuang2021_007,伯远,刘唐辉,2,0.001504
chuang2021_007,伯远,创造营成团夜,2,0.001504
chuang2021_007,伯远,卢克,2,0.001504
chuang2021_007,伯远,呜呜,2,0.001504
chuang2021_007,伯远,喜内优心,2,0.001504
chuang2021_007,伯远,如狮添翼,2,0.001504
chuang2021_007,伯远,学员,2,0.001504
chuang2021_007,伯远,学员能量榜为,2,0.001504
chuang2021_007,伯远,就会被他吸引的人,2,0.001504
chuang2021_007,伯远,展开说说,2,0.001504
chuang2021_007,伯远,徐圣兹,2,0.001504
chuang2021_007,伯远,徐绍岚,2,0.001504
chuang2021_007,伯远,微博综艺的微博视频,2,0.001504
chuang2021_007,伯远,恭喜伯远成团,2,0.001504
chuang2021_007,伯远,戴学霖,2,0.001504
chuang2021_007,伯远,曾涵江,2,0.001504
chuang2021_007,伯远,最后,2,0.001504
chuang2021_007,伯远,机会是给有努力的人准备的,2,0.001504
chuang2021_007,伯远,李泽坤,2,0.001504
chuang2021_007,伯远,来了,2,0.001504
chuang2021_007,伯远,来帮他撑腰吧,2,0.001504
chuang2021_007,伯远,林煜修,2,0.001504
chuang2021_007,伯远,每一步都算数,2,0.001504
chuang2021_007,伯远,爱豆能量月,2,0.001504
chuang2021_007,伯远,王孝辰,2,0.001504
chuang2021_007,伯远,王泽浩,2,0.001504
chuang2021_007,伯远,田口馨也,2,0.001504
chuang2021_007,伯远,疯狂回顾butter,2,0.001504
chuang2021_007,伯远,相信相信的力量,2,0.001504
chuang2021_007,伯远,破茧成蝶,2,0.001504
chuang2021_007,伯远,罗言,2,0.001504
chuang2021_007,伯远,能为他争取到专属vlog拍摄机会,2,0.001504
chuang2021_007,伯远,腾讯视频,2,0.001504
chuang2021_007,伯远,详情指路,2,0.001504
chuang2021_007,伯远,谷柳霖,2,0.001504
chuang2021_007,伯远,贵尚奇,2,0.001504
chuang2021_007,伯远,距离,2,0.001504
chuang2021_007,伯远,这个坚持追梦的大男孩现在位置有点危险,2,0.001504
chuang2021_007,伯远,阿克朱力,2,0.001504
chuang2021_007,伯远,阿克朱立,2,0.001504
chuang2021_007,伯远,附送一个狂拽酷炫的伯老师给大家,2,0.001504
chuang2021_007,伯远,陈瑞丰,2,0.001504
chuang2021_007,伯远,隅田隼平,2,0.001504
chuang2021_007,伯远,黄鲲,2,0.001504
chuang2021_008,张嘉元,张嘉元,102,0.096866
chuang2021_008,张嘉元,收起,42,0.039886
chuang2021_008,张嘉元,张嘉元超话,22,0.020893
chuang2021_008,张嘉元,林墨,21,0.019943
chuang2021_008,张嘉元,周柯宇,19,0.018044
chuang2021_008,张嘉元,zjy,16,0.015195
chuang2021_008,张嘉元,刘宇,16,0.015195
chuang2021_008,张嘉元,力丸,16,0.015195
chuang2021_008,张嘉元,伯远,15,0.014245
chuang2021_008,张嘉元,米卡,15,0.014245
chuang2021_008,张嘉元,赞多,15,0.014245
chuang2021_008,张嘉元,尹浩宇,14,0.013295
chuang2021_008,张嘉元,张嘉元创造营2021,13,0.012346
chuang2021_008,张嘉元,明星势力榜,12,0.011396
chuang2021_008,张嘉元,高卿尘,12,0.011396
chuang2021_008,张嘉元,庆怜,11,0.010446
chuang2021_008,张嘉元,黑人牙膏白酵素助力创造营张嘉元闪耀闯关,11,0.010446
chuang2021_008,张嘉元,腾讯视频创造营2021,10,0.009497
chuang2021_008,张嘉元,甘望星,9,0.008547
chuang2021_008,张嘉元,2021,8,0.007597
chuang2021_008,张嘉元,加油,8,0.007597
chuang2021_008,张嘉元,加注能量啦,8,0.007597
chuang2021_008,张嘉元,奥斯卡,8,0.007597
chuang2021_008,张嘉元,我在纯甄,8,0.007597
chuang2021_008,张嘉元,为梦想拼尽全力,7,0.006648
chuang2021_008,张嘉元,任胤蓬,7,0.006648
chuang2021_008,张嘉元,创造营2021榜上支持你啦,7,0.006648
chuang2021_008,张嘉元,创造营2021超话,7,0.006648
chuang2021_008,张嘉元,扬帆起航,7,0.006648
chuang2021_008,张嘉元,明星势力榜第550位,7,0.006648
chuang2021_008,张嘉元,跨海相聚,7,0.006648
chuang2021_008,张嘉元,不忘初心,6,0.005698
chuang2021_008,张嘉元,付思超,6,0.005698
chuang2021_008,张嘉元,再选择第二个投,6,0.005698
chuang2021_008,张嘉元,分享我的投,6,0.005698
chuang2021_008,张嘉元,刘彰,6,0.005698
chuang2021_008,张嘉元,创造营2021纯甄创造营学员能量榜,6,0.005698
chuang2021_008,张嘉元,取消投,6,0.005698
chuang2021_008,张嘉元,同时评论,6,0.005698
chuang2021_008,张嘉元,吴宇恒,6,0.005698
chuang2021_008,张嘉元,张嘉元绝美指弹吉他手,6,0.005698
chuang2021_008,张嘉元,张腾,6,0.005698
chuang2021_008,张嘉元,我的梦想就是第七名,6,0.005698
chuang2021_008,张嘉元,操作方法,6,0.005698
chuang2021_008,张嘉元,注意分享时请删除,6,0.005698
chuang2021_008,张嘉元,点击,6,0.005698
chuang2021_008,张嘉元,点击已选投,6,0.005698
chuang2021_008,张嘉元,点击第一个词条投,6,0.005698
chuang2021_008,张嘉元,票分享,6,0.005698
chuang2021_008,张嘉元,票和观点,6,0.005698
chuang2021_008,张嘉元,词条净化,6,0.005698
chuang2021_008,张嘉元,重复以上步骤直至每个词条投全部结束,6,0.005698
chuang2021_008,张嘉元,一开始有点没自信,5,0.004748
chuang2021_008,张嘉元,一起为他助力戳,5,0.004748
chuang2021_008,张嘉元,二公我开始挑战自己,5,0.004748
chuang2021_008,张嘉元,井汲大翔,5,0.004748
chuang2021_008,张嘉元,但我觉得我应该是进步最大的一个,5,0.004748
chuang2021_008,张嘉元,但是从一公开始,5,0.004748
chuang2021_008,张嘉元,你一定能拿下,5,0.004748
chuang2021_008,张嘉元,其实我是想把我的汗水堆成,5,0.004748
chuang2021_008,张嘉元,其实来到,5,0.004748
chuang2021_008,张嘉元,创造营2021榜,5,0.004748
chuang2021_008,张嘉元,创造营2021榜好成绩,5,0.004748
chuang2021_008,张嘉元,创造营三顺发布心情像过山车,5,0.004748
chuang2021_008,张嘉元,创造营成团名单,5,0.004748
chuang2021_008,张嘉元,可以说在营里我不是跳舞,5,0.004748
chuang2021_008,张嘉元,吴海,5,0.004748
chuang2021_008,张嘉元,唱歌最好的那个,5,0.004748
chuang2021_008,张嘉元,因为我们的舞台很棒,5,0.004748
chuang2021_008,张嘉元,希望在总决赛的舞台里,5,0.004748
chuang2021_008,张嘉元,希望大家以后能继续支持我,5,0.004748
chuang2021_008,张嘉元,总感觉自己差点啥,5,0.004748
chuang2021_008,张嘉元,感谢创始人们给我撑腰,5,0.004748
chuang2021_008,张嘉元,我可以顺利成团,5,0.004748
chuang2021_008,张嘉元,我觉得大家一开始都把我当成了一个喜剧人,5,0.004748
chuang2021_008,张嘉元,方得始终,5,0.004748
chuang2021_008,张嘉元,爬上顶峰,5,0.004748
chuang2021_008,张嘉元,第9期,5,0.004748
chuang2021_008,张嘉元,第三次顺位发布25人进决赛,5,0.004748
chuang2021_008,张嘉元,让我开始爱上这个舞台,5,0.004748
chuang2021_008,张嘉元,这是一个让我成长的阶段,5,0.004748
chuang2021_008,张嘉元,04,4,0.003799
chuang2021_008,张嘉元,10,4,0.003799
chuang2021_008,张嘉元,井胧,4,0.003799
chuang2021_008,张嘉元,你也快来为喜欢的学员助力吧,4,0.003799
chuang2021_008,张嘉元,俞更寅,4,0.003799
chuang2021_008,张嘉元,创造营排名,4,0.003799
chuang2021_008,张嘉元,助你获得惊喜vlog拍摄机会,4,0.003799
chuang2021_008,张嘉元,学员能量榜为,4,0.003799
chuang2021_008,张嘉元,学员能量榜为你,4,0.003799
chuang2021_008,张嘉元,想让更多人看到如此优秀的你,4,0.003799
chuang2021_008,张嘉元,能为他争取到专属vlog拍摄机会,4,0.003799
chuang2021_008,张嘉元,11,3,0.002849
chuang2021_008,张嘉元,ak刘彰,3,0.002849
chuang2021_008,张嘉元,doki大爬梯,3,0.002849
chuang2021_008,张嘉元,into1,3,0.002849
chuang2021_008,张嘉元,代少冬,3,0.002849
chuang2021_008,张嘉元,创4排名,3,0.002849
chuang2021_008,张嘉元,创造营2021成团名单,3,0.002849
chuang2021_008,张嘉元,创造营成团夜,3,0.002849
chuang2021_008,张嘉元,哉阿斯奥特曼,3,0.002849
chuang2021_008,张嘉元,奥特之母,3,0.002849
chuang2021_008,张嘉元,奥特之父,3,0.002849
chuang2021_008,张嘉元,奥特之王等40位奥特曼都很赞同,3,0.002849
chuang2021_008,张嘉元,好棒这件事,3,0.002849
chuang2021_008,张嘉元,屈柏宇,3,0.002849
chuang2021_008,张嘉元,希卡利奥特曼,3,0.002849
chuang2021_008,张嘉元,帕瓦特奥特曼,3,0.002849
chuang2021_008,张嘉元,张嘉元选宿舍逻辑,3,0.002849
chuang2021_008,张嘉元,张欣尧,3,0.002849
chuang2021_008,张嘉元,微博正文,3,0.002849
chuang2021_008,张嘉元,截修,3,0.002849
chuang2021_008,张嘉元,戴拿奥特曼,3,0.002849
chuang2021_008,张嘉元,杰诺奥特曼,3,0.002849
chuang2021_008,张嘉元,盖亚奥特曼,3,0.002849
chuang2021_008,张嘉元,第一名,3,0.002849
chuang2021_008,张嘉元,第七名,3,0.002849
chuang2021_008,张嘉元,第三名,3,0.002849
chuang2021_008,张嘉元,第九名,3,0.002849
chuang2021_008,张嘉元,第二名,3,0.002849
chuang2021_008,张嘉元,第五名,3,0.002849
chuang2021_008,张嘉元,第八名,3,0.002849
chuang2021_008,张嘉元,第六名,3,0.002849
chuang2021_008,张嘉元,第十一名,3,0.002849
chuang2021_008,张嘉元,第十名,3,0.002849
chuang2021_008,张嘉元,第四名,3,0.002849
chuang2021_008,张嘉元,胡烨韬,3,0.002849
chuang2021_008,张嘉元,荣耀,3,0.002849
chuang2021_008,张嘉元,诺言,3,0.002849
chuang2021_008,张嘉元,赛文x奥特曼,3,0.002849
chuang2021_008,张嘉元,赛文奥特曼,3,0.002849
chuang2021_008,张嘉元,赛罗奥特曼,3,0.002849
chuang2021_008,张嘉元,迪迦奥特曼,3,0.002849
chuang2021_008,张嘉元,邵明明,3,0.002849
chuang2021_008,张嘉元,银河奥特曼,3,0.002849
chuang2021_008,张嘉元,高斯奥特曼,3,0.002849
chuang2021_008,张嘉元,魏子越,3,0.002849
chuang2021_008,张嘉元,麦克斯奥特曼,3,0.002849
chuang2021_008,张嘉元,03,2,0.001899
chuang2021_008,张嘉元,13日常净化,2,0.001899
chuang2021_008,张嘉元,2021我向,2,0.001899
chuang2021_008,张嘉元,24紧急净化,2,0.001899
chuang2021_008,张嘉元,4月9日与他们在海花岛不见不散,2,0.001899
chuang2021_008,张嘉元,ak,2,0.001899
chuang2021_008,张嘉元,amu羽生田挙武,2,0.001899
chuang2021_008,张嘉元,oo们,2,0.001899
chuang2021_008,张嘉元,yuu喜内优心,2,0.001899
chuang2021_008,张嘉元,一之濑飞鸟,2,0.001899
chuang2021_008,张嘉元,下班,2,0.001899
chuang2021_008,张嘉元,也就是票,2,0.001899
chuang2021_008,张嘉元,于洋,2,0.001899
chuang2021_008,张嘉元,何屹繁,2,0.001899
chuang2021_008,张嘉元,做好自己热爱的事,2,0.001899
chuang2021_008,张嘉元,关注,2,0.001899
chuang2021_008,张嘉元,冲鸭,2,0.001899
chuang2021_008,张嘉元,出道吧,2,0.001899
chuang2021_008,张嘉元,刘璋,2,0.001899
chuang2021_008,张嘉元,刘聪,2,0.001899
chuang2021_008,张嘉元,创造营二创,2,0.001899
chuang2021_008,张嘉元,利路修,2,0.001899
chuang2021_008,张嘉元,原部凌,2,0.001899
chuang2021_008,张嘉元,叶皓然,2,0.001899
chuang2021_008,张嘉元,和马,2,0.001899
chuang2021_008,张嘉元,团名into1,2,0.001899
chuang2021_008,张嘉元,定制礼包预约,2,0.001899
chuang2021_008,张嘉元,已做好准备,2,0.001899
chuang2021_008,张嘉元,张嘉元第三名,2,0.001899
chuang2021_008,张嘉元,张星特,2,0.001899
chuang2021_008,张嘉元,当然,2,0.001899
chuang2021_008,张嘉元,快来为你支持的学员加油助力吧,2,0.001899
chuang2021_008,张嘉元,怿涵,2,0.001899
chuang2021_008,张嘉元,想用汗水堆成山爬上顶峰,2,0.001899
chuang2021_008,张嘉元,戴学霖,2,0.001899
chuang2021_008,张嘉元,所以,2,0.001899
chuang2021_008,张嘉元,族就不说了,2,0.001899
chuang2021_008,张嘉元,有人不喜欢也没关系,2,0.001899
chuang2021_008,张嘉元,有多少洗脑包说元稳出道也不说了,2,0.001899
chuang2021_008,张嘉元,李政庭,2,0.001899
chuang2021_008,张嘉元,李沛洋,2,0.001899
chuang2021_008,张嘉元,李泰龙,2,0.001899
chuang2021_008,张嘉元,林豆,2,0.001899
chuang2021_008,张嘉元,求求了,2,0.001899
chuang2021_008,张嘉元,粉丝见面会阵容公布啦,2,0.001899
chuang2021_008,张嘉元,网页链接,2,0.001899
chuang2021_008,张嘉元,肖力桓,2,0.001899
chuang2021_008,张嘉元,腾讯视频,2,0.001899
chuang2021_008,张嘉元,蒋敦豪,2,0.001899
chuang2021_008,张嘉元,认为如果只做爱豆不拍戏错过了进步的可能,2,0.001899
chuang2021_008,张嘉元,请公平对待张嘉元,2,0.001899
chuang2021_008,张嘉元,谢兴阳,2,0.001899
chuang2021_008,张嘉元,送出纯甄卡啦,2,0.001899
chuang2021_008,张嘉元,郑明鑫,2,0.001899
chuang2021_008,张嘉元,门胁慎刚,2,0.001899
chuang2021_008,张嘉元,阿克朱立,2,0.001899
chuang2021_008,张嘉元,陆定昊,2,0.001899
chuang2021_008,张嘉元,陈俊洁,2,0.001899
chuang2021_008,张嘉元,韦语节,2,0.001899
chuang2021_008,张嘉元,韩佩泉,2,0.001899
chuang2021_009,尹浩宇,尹浩宇,124,0.13964
chuang2021_009,尹浩宇,收起,44,0.04955
chuang2021_009,尹浩宇,创造营2021尹浩宇,31,0.03491
chuang2021_009,尹浩宇,尹浩宇从f班到a班的答案,20,0.022523
chuang2021_009,尹浩宇,尹浩宇超话,18,0.02027
chuang2021_009,尹浩宇,米卡,17,0.019144
chuang2021_009,尹浩宇,高卿尘,17,0.019144
chuang2021_009,尹浩宇,赞多,15,0.016892
chuang2021_009,尹浩宇,刘宇,13,0.01464
chuang2021_009,尹浩宇,力丸,13,0.01464
chuang2021_009,尹浩宇,周柯宇,13,0.01464
chuang2021_009,尹浩宇,哈哈哈这也太可爱了,13,0.01464
chuang2021_009,尹浩宇,啥事别忘心里搁,13,0.01464
chuang2021_009,尹浩宇,派派好吃诶,13,0.01464
chuang2021_009,尹浩宇,该吃吃该喝喝,13,0.01464
chuang2021_009,尹浩宇,林墨,12,0.013514
chuang2021_009,尹浩宇,伯远,11,0.012387
chuang2021_009,尹浩宇,创造营2021超话,11,0.012387
chuang2021_009,尹浩宇,张嘉元,11,0.012387
chuang2021_009,尹浩宇,有一个创始人是我的英雄,11,0.012387
chuang2021_009,尹浩宇,2021,9,0.010135
chuang2021_009,尹浩宇,创4排名,9,0.010135
chuang2021_009,尹浩宇,尹浩宇battle输了,7,0.007883
chuang2021_009,尹浩宇,尹浩宇第九,7,0.007883
chuang2021_009,尹浩宇,ipad,6,0.006757
chuang2021_009,尹浩宇,创造营排名,6,0.006757
chuang2021_009,尹浩宇,也请创始人们相信你们的支持是对的,5,0.005631
chuang2021_009,尹浩宇,他们教会了我很多,5,0.005631
chuang2021_009,尹浩宇,但是很值得,5,0.005631
chuang2021_009,尹浩宇,但这正是它最有魅力的地方,5,0.005631
chuang2021_009,尹浩宇,你们还是看见了我,5,0.005631
chuang2021_009,尹浩宇,你真的不用担心我,5,0.005631
chuang2021_009,尹浩宇,刘彰,5,0.005631
chuang2021_009,尹浩宇,创造营成团名单,5,0.005631
chuang2021_009,尹浩宇,即使我没有站在最显眼的位置上,5,0.005631
chuang2021_009,尹浩宇,在这里就像坐过山车,5,0.005631
chuang2021_009,尹浩宇,在这里认识了很多新朋友,5,0.005631
chuang2021_009,尹浩宇,学员运动会,5,0.005631
chuang2021_009,尹浩宇,尹浩宇对爸爸说这里很累但值得,5,0.005631
chuang2021_009,尹浩宇,庆怜,5,0.005631
chuang2021_009,尹浩宇,我相信来到这里的决定是对的,5,0.005631
chuang2021_009,尹浩宇,有时候会上升,5,0.005631
chuang2021_009,尹浩宇,有时候会下降,5,0.005631
chuang2021_009,尹浩宇,来创造营是我最大胆的决定,5,0.005631
chuang2021_009,尹浩宇,爸爸你看到了吗,5,0.005631
chuang2021_009,尹浩宇,看创造营在笑哭中反复横跳,5,0.005631
chuang2021_009,尹浩宇,真的很感谢创始人们,5,0.005631
chuang2021_009,尹浩宇,第7期,5,0.005631
chuang2021_009,尹浩宇,第二次顺位发布,5,0.005631
chuang2021_009,尹浩宇,第二次顺位发布闯关成功,5,0.005631
chuang2021_009,尹浩宇,虽然这里很累,5,0.005631
chuang2021_009,尹浩宇,ak刘彰,4,0.004505
chuang2021_009,尹浩宇,patrick,4,0.004505
chuang2021_009,尹浩宇,创造营2021成团名单,4,0.004505
chuang2021_009,尹浩宇,创造营主题曲舞台,4,0.004505
chuang2021_009,尹浩宇,加油,4,0.004505
chuang2021_009,尹浩宇,加注能量啦,4,0.004505
chuang2021_009,尹浩宇,吴宇恒,4,0.004505
chuang2021_009,尹浩宇,新浪综艺的微博视频,4,0.004505
chuang2021_009,尹浩宇,明星势力榜,4,0.004505
chuang2021_009,尹浩宇,派派,4,0.004505
chuang2021_009,尹浩宇,第4期下,4,0.004505
chuang2021_009,尹浩宇,第一名,4,0.004505
chuang2021_009,尹浩宇,第七名,4,0.004505
chuang2021_009,尹浩宇,第三名,4,0.004505
chuang2021_009,尹浩宇,第九名,4,0.004505
chuang2021_009,尹浩宇,第二名,4,0.004505
chuang2021_009,尹浩宇,第五名,4,0.004505
chuang2021_009,尹浩宇,第八名,4,0.004505
chuang2021_009,尹浩宇,第六名,4,0.004505
chuang2021_009,尹浩宇,第十一名,4,0.004505
chuang2021_009,尹浩宇,第十名,4,0.004505
chuang2021_009,尹浩宇,第四名,4,0.004505
chuang2021_009,尹浩宇,into1,3,0.003378
chuang2021_009,尹浩宇,一览众山小,3,0.003378
chuang2021_009,尹浩宇,一起为他助力戳,3,0.003378
chuang2021_009,尹浩宇,上集,3,0.003378
chuang2021_009,尹浩宇,下集,3,0.003378
chuang2021_009,尹浩宇,不仅说男团创始人是自己的英雄还说他们是自己的全世界,3,0.003378
chuang2021_009,尹浩宇,不忘初心,3,0.003378
chuang2021_009,尹浩宇,为了听到更多人可以喊出自己的名字,3,0.003378
chuang2021_009,尹浩宇,主题曲二创学员们颠覆改编,3,0.003378
chuang2021_009,尹浩宇,主题曲舞台中心位诞生,3,0.003378
chuang2021_009,尹浩宇,之后的舞台一定会收获更多的欢呼的掌声的,3,0.003378
chuang2021_009,尹浩宇,于洋,3,0.003378
chuang2021_009,尹浩宇,井汲大翔,3,0.003378
chuang2021_009,尹浩宇,你一定能拿下,3,0.003378
chuang2021_009,尹浩宇,俞更寅,3,0.003378
chuang2021_009,尹浩宇,创造营2021榜,3,0.003378
chuang2021_009,尹浩宇,创造营2021榜好成绩,3,0.003378
chuang2021_009,尹浩宇,助你获得惊喜vlog拍摄机会,3,0.003378
chuang2021_009,尹浩宇,和兄弟们在一起,3,0.003378
chuang2021_009,尹浩宇,和马,3,0.003378
chuang2021_009,尹浩宇,因为有在一公叫自己名字喊加油的男团创始人,3,0.003378
chuang2021_009,尹浩宇,在公布自己首次顺位第九名成绩后的发言好走心,3,0.003378
chuang2021_009,尹浩宇,在创造营2021的舞台上一步一步正在慢慢地实现,3,0.003378
chuang2021_009,尹浩宇,学员泰国弟弟,3,0.003378
chuang2021_009,尹浩宇,学员能量榜为你,3,0.003378
chuang2021_009,尹浩宇,尹浩宇说希望我可以是你们的战士,3,0.003378
chuang2021_009,尹浩宇,希望你们喜欢我们改编的主题曲,3,0.003378
chuang2021_009,尹浩宇,希望有一天能够听到全世界的赞美,3,0.003378
chuang2021_009,尹浩宇,张星特,3,0.003378
chuang2021_009,尹浩宇,想让更多人看到如此优秀的你,3,0.003378
chuang2021_009,尹浩宇,我在纯甄,3,0.003378
chuang2021_009,尹浩宇,我是friends的vocal担当,3,0.003378
chuang2021_009,尹浩宇,所以自己才会更加努力,3,0.003378
chuang2021_009,尹浩宇,把主题曲唱给你听,3,0.003378
chuang2021_009,尹浩宇,方得始终,3,0.003378
chuang2021_009,尹浩宇,未来的日子一起闯吧,3,0.003378
chuang2021_009,尹浩宇,派派努力闯吧,3,0.003378
chuang2021_009,尹浩宇,现在这个梦,3,0.003378
chuang2021_009,尹浩宇,甘望星,3,0.003378
chuang2021_009,尹浩宇,看创4记得撑腰么么哒,3,0.003378
chuang2021_009,尹浩宇,第4期上,3,0.003378
chuang2021_009,尹浩宇,这是我梦里到过的地方,3,0.003378
chuang2021_009,尹浩宇,ak,2,0.002252
chuang2021_009,尹浩宇,okinawa,2,0.002252
chuang2021_009,尹浩宇,ps,2,0.002252
chuang2021_009,尹浩宇,susu,2,0.002252
chuang2021_009,尹浩宇,the,2,0.002252
chuang2021_009,尹浩宇,you,2,0.002252
chuang2021_009,尹浩宇,上原一翔,2,0.002252
chuang2021_009,尹浩宇,下次继续努力,2,0.002252
chuang2021_009,尹浩宇,付思超,2,0.002252
chuang2021_009,尹浩宇,任胤蓬,2,0.002252
chuang2021_009,尹浩宇,会当凌绝顶,2,0.002252
chuang2021_009,尹浩宇,全能歌担,2,0.002252
chuang2021_009,尹浩宇,创造营2021纯甄创造营学员能量榜,2,0.002252
chuang2021_009,尹浩宇,创造营成团夜,2,0.002252
chuang2021_009,尹浩宇,利路修,2,0.002252
chuang2021_009,尹浩宇,可盐可甜的百变小兔,2,0.002252
chuang2021_009,尹浩宇,唱跳俱佳的全能选手,2,0.002252
chuang2021_009,尹浩宇,唱跳满分,2,0.002252
chuang2021_009,尹浩宇,天生男团标准颜值,2,0.002252
chuang2021_009,尹浩宇,奥斯卡,2,0.002252
chuang2021_009,尹浩宇,实力vocal,2,0.002252
chuang2021_009,尹浩宇,尹浩宇爆哭,2,0.002252
chuang2021_009,尹浩宇,张欣尧,2,0.002252
chuang2021_009,尹浩宇,我是创造营2021的学员尹浩宇,2,0.002252
chuang2021_009,尹浩宇,日本,2,0.002252
chuang2021_009,尹浩宇,暖心认真对待舞台,2,0.002252
chuang2021_009,尹浩宇,来了,2,0.002252
chuang2021_009,尹浩宇,来自泰国的超可爱18岁男孩,2,0.002252
chuang2021_009,尹浩宇,派派尹浩宇,2,0.002252
chuang2021_009,尹浩宇,海人气吸粉选手,2,0.002252
chuang2021_009,尹浩宇,演技超棒,2,0.002252
chuang2021_009,尹浩宇,生图超能打从不崩,2,0.002252
chuang2021_009,尹浩宇,电子琴小王子,2,0.002252
chuang2021_009,尹浩宇,电钢琴小王子,2,0.002252
chuang2021_009,尹浩宇,赞多因为于洋学习了温柔的中文,2,0.002252
chuang2021_009,尹浩宇,长沙,2,0.002252
chuang2021_010,周柯宇,周柯宇,98,0.111872
chuang2021_010,周柯宇,收起,36,0.041096
chuang2021_010,周柯宇,创造营2021周柯宇,26,0.02968
chuang2021_010,周柯宇,周柯宇超话,25,0.028539
chuang2021_010,周柯宇,zky,18,0.020548
chuang2021_010,周柯宇,刘宇,13,0.01484
chuang2021_010,周柯宇,加注能量啦,13,0.01484
chuang2021_010,周柯宇,张嘉元,13,0.01484
chuang2021_010,周柯宇,我在纯甄,13,0.01484
chuang2021_010,周柯宇,林墨,13,0.01484
chuang2021_010,周柯宇,白长了一张会打篮球的脸,13,0.01484
chuang2021_010,周柯宇,力丸,12,0.013699
chuang2021_010,周柯宇,伯远,10,0.011416
chuang2021_010,周柯宇,创造营2021纯甄创造营学员能量榜,10,0.011416
chuang2021_010,周柯宇,尹浩宇,10,0.011416
chuang2021_010,周柯宇,米卡,10,0.011416
chuang2021_010,周柯宇,腾讯视频创造营2021,10,0.011416
chuang2021_010,周柯宇,赞多,10,0.011416
chuang2021_010,周柯宇,高卿尘,10,0.011416
chuang2021_010,周柯宇,创造营排名,9,0.010274
chuang2021_010,周柯宇,周柯宇说真的不想再输了,9,0.010274
chuang2021_010,周柯宇,你也快来为喜欢的学员助力吧,8,0.009132
chuang2021_010,周柯宇,学员能量榜为,8,0.009132
chuang2021_010,周柯宇,能为他争取到专属vlog拍摄机会,8,0.009132
chuang2021_010,周柯宇,黑人牙膏白酵素助力创造营周柯宇闪耀闯关,7,0.007991
chuang2021_010,周柯宇,3词,6,0.006849
chuang2021_010,周柯宇,付思超,6,0.006849
chuang2021_010,周柯宇,分享时记得删除,6,0.006849
chuang2021_010,周柯宇,创造营2021超话,6,0.006849
chuang2021_010,周柯宇,字样内容,6,0.006849
chuang2021_010,周柯宇,并删除小宣id,6,0.006849
chuang2021_010,周柯宇,投完全部词条,6,0.006849
chuang2021_010,周柯宇,条任务,6,0.006849
chuang2021_010,周柯宇,点击toupiao,6,0.006849
chuang2021_010,周柯宇,点击取消toupiao,6,0.006849
chuang2021_010,周柯宇,然后分享,6,0.006849
chuang2021_010,周柯宇,甘望星,6,0.006849
chuang2021_010,周柯宇,纯甄为周柯宇撑腰,6,0.006849
chuang2021_010,周柯宇,返回toupiao界面再次点击已toupiao词条,6,0.006849
chuang2021_010,周柯宇,选择词,6,0.006849
chuang2021_010,周柯宇,重复上述步骤,6,0.006849
chuang2021_010,周柯宇,2021,5,0.005708
chuang2021_010,周柯宇,创造营成团名单,5,0.005708
chuang2021_010,周柯宇,助你获得惊喜vlog拍摄机会,5,0.005708
chuang2021_010,周柯宇,周柯宇第十,5,0.005708
chuang2021_010,周柯宇,学员能量榜为你,5,0.005708
chuang2021_010,周柯宇,想让更多人看到如此优秀的你,5,0.005708
chuang2021_010,周柯宇,我都愿意为了这个团体付出一切,5,0.005708
chuang2021_010,周柯宇,歪吉特柏,5,0.005708
chuang2021_010,周柯宇,第一名,5,0.005708
chuang2021_010,周柯宇,第七名,5,0.005708
chuang2021_010,周柯宇,第三名,5,0.005708
chuang2021_010,周柯宇,第九名,5,0.005708
chuang2021_010,周柯宇,第二名,5,0.005708
chuang2021_010,周柯宇,第五名,5,0.005708
chuang2021_010,周柯宇,第八名,5,0.005708
chuang2021_010,周柯宇,第六名,5,0.005708
chuang2021_010,周柯宇,第十一名,5,0.005708
chuang2021_010,周柯宇,第十名,5,0.005708
chuang2021_010,周柯宇,第四名,5,0.005708
chuang2021_010,周柯宇,不要怕我从第一名掉到第八名伤心,4,0.004566
chuang2021_010,周柯宇,他们都会默默地过来拍一下我的肩膀,4,0.004566
chuang2021_010,周柯宇,任胤蓬,4,0.004566
chuang2021_010,周柯宇,俞更寅,4,0.004566
chuang2021_010,周柯宇,刘彰,4,0.004566
chuang2021_010,周柯宇,创造营三顺发布心情像过山车,4,0.004566
chuang2021_010,周柯宇,吴宇恒,4,0.004566
chuang2021_010,周柯宇,周柯宇排名第二,4,0.004566
chuang2021_010,周柯宇,周柯宇问创始人喜欢我什么,4,0.004566
chuang2021_010,周柯宇,哪个位置站着,4,0.004566
chuang2021_010,周柯宇,因为我知道他们是值得依靠的人,4,0.004566
chuang2021_010,周柯宇,在营里面我有困难,4,0.004566
chuang2021_010,周柯宇,庆怜,4,0.004566
chuang2021_010,周柯宇,张腾,4,0.004566
chuang2021_010,周柯宇,我不会的,4,0.004566
chuang2021_010,周柯宇,我想要告诉我的创始人们,4,0.004566
chuang2021_010,周柯宇,我知道你们每一次都拼劲全力给我最好的结果,4,0.004566
chuang2021_010,周柯宇,无论我在哪个名次,4,0.004566
chuang2021_010,周柯宇,最后一次我也想和我的兄弟们一起走上那个舞台,4,0.004566
chuang2021_010,周柯宇,第9期,4,0.004566
chuang2021_010,周柯宇,第三次顺位发布25人进决赛,4,0.004566
chuang2021_010,周柯宇,让我三次都站到了成团位,4,0.004566
chuang2021_010,周柯宇,谢谢创始人们为我撑腰,4,0.004566
chuang2021_010,周柯宇,迷茫的时候,4,0.004566
chuang2021_010,周柯宇,鲜花掌声狂风骤雨我照单全收,4,0.004566
chuang2021_010,周柯宇,井胧,3,0.003425
chuang2021_010,周柯宇,代少冬,3,0.003425
chuang2021_010,周柯宇,你们每次给我的都是最好的结果,3,0.003425
chuang2021_010,周柯宇,加油,3,0.003425
chuang2021_010,周柯宇,吴海,3,0.003425
chuang2021_010,周柯宇,周柯宇排名第五,3,0.003425
chuang2021_010,周柯宇,周柯宇要以新换旧,3,0.003425
chuang2021_010,周柯宇,屈柏宇,3,0.003425
chuang2021_010,周柯宇,张欣尧,3,0.003425
chuang2021_010,周柯宇,明星势力榜,3,0.003425
chuang2021_010,周柯宇,第7名,3,0.003425
chuang2021_010,周柯宇,第9名,3,0.003425
chuang2021_010,周柯宇,胡烨韬,3,0.003425
chuang2021_010,周柯宇,荣耀,3,0.003425
chuang2021_010,周柯宇,请腾讯视频创造营2021还周柯宇公平的比赛环境,3,0.003425
chuang2021_010,周柯宇,诺言,3,0.003425
chuang2021_010,周柯宇,邵明明,3,0.003425
chuang2021_010,周柯宇,1刘宇,2,0.002283
chuang2021_010,周柯宇,2021我向,2,0.002283
chuang2021_010,周柯宇,2赞多,2,0.002283
chuang2021_010,周柯宇,6林墨,2,0.002283
chuang2021_010,周柯宇,ak刘彰,2,0.002283
chuang2021_010,周柯宇,amu羽生田挙武,2,0.002283
chuang2021_010,周柯宇,into1,2,0.002283
chuang2021_010,周柯宇,ipad,2,0.002283
chuang2021_010,周柯宇,yuu喜内优心,2,0.002283
chuang2021_010,周柯宇,一之濑飞鸟,2,0.002283
chuang2021_010,周柯宇,为梦想拼尽全力,2,0.002283
chuang2021_010,周柯宇,何屹繁,2,0.002283
chuang2021_010,周柯宇,你也快来表态吧,2,0.002283
chuang2021_010,周柯宇,冲鸭,2,0.002283
chuang2021_010,周柯宇,刘聪,2,0.002283
chuang2021_010,周柯宇,创4排名,2,0.002283
chuang2021_010,周柯宇,创造营2021榜,2,0.002283
chuang2021_010,周柯宇,创造营2021榜上支持你啦,2,0.002283
chuang2021_010,周柯宇,创造营成团夜,2,0.002283
chuang2021_010,周柯宇,利路修,2,0.002283
chuang2021_010,周柯宇,原部凌,2,0.002283
chuang2021_010,周柯宇,叶皓然,2,0.002283
chuang2021_010,周柯宇,周柯宇加油,2,0.002283
chuang2021_010,周柯宇,周柯宇排名,2,0.002283
chuang2021_010,周柯宇,周柯宇第一,2,0.002283
chuang2021_010,周柯宇,周柯宇第二名,2,0.002283
chuang2021_010,周柯宇,周柯宇篮球实力,2,0.002283
chuang2021_010,周柯宇,周柯宇被压票,2,0.002283
chuang2021_010,周柯宇,奥斯卡,2,0.002283
chuang2021_010,周柯宇,宝贝,2,0.002283
chuang2021_010,周柯宇,快来为你支持的学员加油助力吧,2,0.002283
chuang2021_010,周柯宇,怿涵,2,0.002283
chuang2021_010,周柯宇,我投给了,2,0.002283
chuang2021_010,周柯宇,戴学霖,2,0.002283
chuang2021_010,周柯宇,扬帆起航,2,0.002283
chuang2021_010,周柯宇,新浪综艺的微博视频,2,0.002283
chuang2021_010,周柯宇,明星势力榜第666位,2,0.002283
chuang2021_010,周柯宇,最后,2,0.002283
chuang2021_010,周柯宇,李政庭,2,0.002283
chuang2021_010,周柯宇,李沛洋,2,0.002283
chuang2021_010,周柯宇,李泰龙,2,0.002283
chuang2021_010,周柯宇,林豆,2,0.002283
chuang2021_010,周柯宇,第10名,2,0.002283
chuang2021_010,周柯宇,第11名,2,0.002283
chuang2021_010,周柯宇,第1名,2,0.002283
chuang2021_010,周柯宇,第2名,2,0.002283
chuang2021_010,周柯宇,第3名,2,0.002283
chuang2021_010,周柯宇,第4名,2,0.002283
chuang2021_010,周柯宇,第5名,2,0.002283
chuang2021_010,周柯宇,第6名,2,0.002283
chuang2021_010,周柯宇,第8名,2,0.002283
chuang2021_010,周柯宇,肖力桓,2,0.002283
chuang2021_010,周柯宇,跨海相聚,2,0.002283
chuang2021_010,周柯宇,这个选项,2,0.002283
chuang2021_010,周柯宇,送出纯甄卡啦,2,0.002283
chuang2021_010,周柯宇,郑明鑫,2,0.002283
chuang2021_010,周柯宇,门胁慎刚,2,0.002283
chuang2021_010,周柯宇,阿克朱立,2,0.002283
chuang2021_010,周柯宇,陆定昊,2,0.002283
chuang2021_010,周柯宇,陈俊洁,2,0.002283
chuang2021_010,周柯宇,韦语节,2,0.002283
chuang2021_011,刘彰,刘彰,119,0.137255
chuang2021_011,刘彰,叫我ak就好了超话,33,0.038062
chuang2021_011,刘彰,收起,31,0.035755
chuang2021_011,刘彰,ak,29,0.033449
chuang2021_011,刘彰,ak刘彰,14,0.016148
chuang2021_011,刘彰,力丸,12,0.013841
chuang2021_011,刘彰,赞多,12,0.013841
chuang2021_011,刘彰,黑人牙膏白酵素助力创造营刘彰闪耀闯关,12,0.013841
chuang2021_011,刘彰,林墨,11,0.012687
chuang2021_011,刘彰,张嘉元,10,0.011534
chuang2021_011,刘彰,付思超,9,0.010381
chuang2021_011,刘彰,刘彰创造营2021,9,0.010381
chuang2021_011,刘彰,上原一翔,8,0.009227
chuang2021_011,刘彰,伯远,8,0.009227
chuang2021_011,刘彰,刘宇,8,0.009227
chuang2021_011,刘彰,张腾,8,0.009227
chuang2021_011,刘彰,把时间调回去我会求节目让我来,8,0.009227
chuang2021_011,刘彰,米卡,8,0.009227
chuang2021_011,刘彰,比起支持我更希望你们爱自己,7,0.008074
chuang2021_011,刘彰,高卿尘,7,0.008074
chuang2021_011,刘彰,ak到底抱了多少人,6,0.00692
chuang2021_011,刘彰,ak又要理财了,6,0.00692
chuang2021_011,刘彰,创造营2021超话,6,0.00692
chuang2021_011,刘彰,创造营成团名单,6,0.00692
chuang2021_011,刘彰,吴宇恒,6,0.00692
chuang2021_011,刘彰,周柯宇,6,0.00692
chuang2021_011,刘彰,尹浩宇,6,0.00692
chuang2021_011,刘彰,2021,5,0.005767
chuang2021_011,刘彰,俞更寅,5,0.005767
chuang2021_011,刘彰,加油,5,0.005767
chuang2021_011,刘彰,和马,5,0.005767
chuang2021_011,刘彰,奥斯卡,5,0.005767
chuang2021_011,刘彰,张欣尧,5,0.005767
chuang2021_011,刘彰,明星势力榜,5,0.005767
chuang2021_011,刘彰,胡烨韬,5,0.005767
chuang2021_011,刘彰,这个春天请你们助我成团,5,0.005767
chuang2021_011,刘彰,黄鲲,5,0.005767
chuang2021_011,刘彰,ak妈妈秀书法,4,0.004614
chuang2021_011,刘彰,一起为他助力戳,4,0.004614
chuang2021_011,刘彰,不忘初心,4,0.004614
chuang2021_011,刘彰,于洋,4,0.004614
chuang2021_011,刘彰,井汲大翔,4,0.004614
chuang2021_011,刘彰,任胤蓬,4,0.004614
chuang2021_011,刘彰,你一定能拿下,4,0.004614
chuang2021_011,刘彰,你会说什么,4,0.004614
chuang2021_011,刘彰,创4乐队版主题曲太戳人了,4,0.004614
chuang2021_011,刘彰,创造营2021榜,4,0.004614
chuang2021_011,刘彰,创造营2021榜好成绩,4,0.004614
chuang2021_011,刘彰,创造营二创,4,0.004614
chuang2021_011,刘彰,利路修,4,0.004614
chuang2021_011,刘彰,在属于青春的乐声中,4,0.004614
chuang2021_011,刘彰,如果给创始人们一次喊出心声的机会,4,0.004614
chuang2021_011,刘彰,带来的是乐队版主题曲二创,4,0.004614
chuang2021_011,刘彰,庆怜,4,0.004614
chuang2021_011,刘彰,张星特,4,0.004614
chuang2021_011,刘彰,我的存在会让男团在说唱方面更强劲,4,0.004614
chuang2021_011,刘彰,方得始终,4,0.004614
chuang2021_011,刘彰,甘望星,4,0.004614
chuang2021_011,刘彰,男孩们大声喊出心里的梦想,4,0.004614
chuang2021_011,刘彰,蒋敦豪,4,0.004614
chuang2021_011,刘彰,薛八一,4,0.004614
chuang2021_011,刘彰,诺言,4,0.004614
chuang2021_011,刘彰,这是我梦里到过的地方,4,0.004614
chuang2021_011,刘彰,银河旅行团,4,0.004614
chuang2021_011,刘彰,银河旅行团二创,4,0.004614
chuang2021_011,刘彰,ak把备采变成艺术人生,3,0.00346
chuang2021_011,刘彰,love,3,0.00346
chuang2021_011,刘彰,人间小喇叭,3,0.00346
chuang2021_011,刘彰,价值观输出,3,0.00346
chuang2021_011,刘彰,创造营排名,3,0.00346
chuang2021_011,刘彰,只要你敢给刘彰一个舞台,3,0.00346
chuang2021_011,刘彰,因为在这里会收获一帮朋友,3,0.00346
chuang2021_011,刘彰,因为音乐替我说话,3,0.00346
chuang2021_011,刘彰,大卫,3,0.00346
chuang2021_011,刘彰,奶拽小可爱,3,0.00346
chuang2021_011,刘彰,就是我自己的态度,3,0.00346
chuang2021_011,刘彰,峰顶,3,0.00346
chuang2021_011,刘彰,峰顶就是我的态度,3,0.00346
chuang2021_011,刘彰,微博综艺的微博视频,3,0.00346
chuang2021_011,刘彰,我就敢告诉你我有多强,3,0.00346
chuang2021_011,刘彰,我想要更多的人知道,3,0.00346
chuang2021_011,刘彰,我自己心目中的答案,3,0.00346
chuang2021_011,刘彰,我还是想达到顶峰还是想往前走,3,0.00346
chuang2021_011,刘彰,新浪综艺的微博视频,3,0.00346
chuang2021_011,刘彰,然后我的态度没有变,3,0.00346
chuang2021_011,刘彰,爱豆v力量,3,0.00346
chuang2021_011,刘彰,知识,3,0.00346
chuang2021_011,刘彰,第十一名,3,0.00346
chuang2021_011,刘彰,纽大高材生,3,0.00346
chuang2021_011,刘彰,给大家看一看,3,0.00346
chuang2021_011,刘彰,羽生田挙武,3,0.00346
chuang2021_011,刘彰,范臻尔,3,0.00346
chuang2021_011,刘彰,谢兴阳,3,0.00346
chuang2021_011,刘彰,邵明明,3,0.00346
chuang2021_011,刘彰,韩佩泉,3,0.00346
chuang2021_011,刘彰,2021ak,2,0.002307
chuang2021_011,刘彰,88,2,0.002307
chuang2021_011,刘彰,ak卡位出道,2,0.002307
chuang2021_011,刘彰,ak妈妈还给节目送上了自己的书法,2,0.002307
chuang2021_011,刘彰,ak排名十五,2,0.002307
chuang2021_011,刘彰,boy,2,0.002307
chuang2021_011,刘彰,butter,2,0.002307
chuang2021_011,刘彰,fly,2,0.002307
chuang2021_011,刘彰,lover,2,0.002307
chuang2021_011,刘彰,me,2,0.002307
chuang2021_011,刘彰,myself,2,0.002307
chuang2021_011,刘彰,radio,2,0.002307
chuang2021_011,刘彰,ready,2,0.002307
chuang2021_011,刘彰,you,2,0.002307
chuang2021_011,刘彰,yummy,2,0.002307
chuang2021_011,刘彰,世界那么大,2,0.002307
chuang2021_011,刘彰,世界那么大我们一起闯,2,0.002307
chuang2021_011,刘彰,也是问出了大家的心声,2,0.002307
chuang2021_011,刘彰,井胧,2,0.002307
chuang2021_011,刘彰,他值得,2,0.002307
chuang2021_011,刘彰,代少冬,2,0.002307
chuang2021_011,刘彰,但是如果带着现在的记忆回去,2,0.002307
chuang2021_011,刘彰,佐藤永翔,2,0.002307
chuang2021_011,刘彰,何屹繁,2,0.002307
chuang2021_011,刘彰,作为怪物,2,0.002307
chuang2021_011,刘彰,你值得,2,0.002307
chuang2021_011,刘彰,你做到了,2,0.002307
chuang2021_011,刘彰,创4排名,2,0.002307
chuang2021_011,刘彰,创始人们冲鸭,2,0.002307
chuang2021_011,刘彰,创造营成团夜,2,0.002307
chuang2021_011,刘彰,发表的感言过于zqsg了,2,0.002307
chuang2021_011,刘彰,同时ak妈妈还展示了自己的书法,2,0.002307
chuang2021_011,刘彰,吴海,2,0.002307
chuang2021_011,刘彰,呜呜,2,0.002307
chuang2021_011,刘彰,唱过一句歌词说是节目求我来的,2,0.002307
chuang2021_011,刘彰,喜内优心,2,0.002307
chuang2021_011,刘彰,在获得,2,0.002307
chuang2021_011,刘彰,在视频信里,2,0.002307
chuang2021_011,刘彰,女孩,2,0.002307
chuang2021_011,刘彰,她分享了ak从抗拒学钢琴到爱上钢琴的过程,2,0.002307
chuang2021_011,刘彰,她在视频信里讲述了ak从抗拒学钢琴到爱上钢琴和音乐的故事,2,0.002307
chuang2021_011,刘彰,好家伙,2,0.002307
chuang2021_011,刘彰,如此有才华的家庭和优秀的艺人基因,2,0.002307
chuang2021_011,刘彰,安迪,2,0.002307
chuang2021_011,刘彰,就收获了闯人们的彩虹屁,2,0.002307
chuang2021_011,刘彰,屈柏宇,2,0.002307
chuang2021_011,刘彰,并表示自己会一直支持ak的音乐梦想,2,0.002307
chuang2021_011,刘彰,徐绍岚,2,0.002307
chuang2021_011,刘彰,成绩后,2,0.002307
chuang2021_011,刘彰,我们一直闯,2,0.002307
chuang2021_011,刘彰,我们一起闯,2,0.002307
chuang2021_011,刘彰,我想做一个关于普通人的故事,2,0.002307
chuang2021_011,刘彰,我欢喜喜欢你,2,0.002307
chuang2021_011,刘彰,救命,2,0.002307
chuang2021_011,刘彰,是付出真心也会收获真心的我们鸭鸭,2,0.002307
chuang2021_011,刘彰,曾涵江,2,0.002307
chuang2021_011,刘彰,最后,2,0.002307
chuang2021_011,刘彰,李嘉祥,2,0.002307
chuang2021_011,刘彰,李家豪,2,0.002307
chuang2021_011,刘彰,李洛尔,2,0.002307
chuang2021_011,刘彰,林煜修,2,0.002307
chuang2021_011,刘彰,爱我ready,2,0.002307
chuang2021_011,刘彰,王孝辰,2,0.002307
chuang2021_011,刘彰,的妈妈一亮相,2,0.002307
chuang2021_011,刘彰,的妈妈也太有气质了,2,0.002307
chuang2021_011,刘彰,相信ak一定不止是第13名,2,0.002307
chuang2021_011,刘彰,相信ak在成团夜一定可以取得比13名更好的成绩,2,0.002307
chuang2021_011,刘彰,看完感觉,2,0.002307
chuang2021_011,刘彰,破茧,2,0.002307
chuang2021_011,刘彰,第一名,2,0.002307
chuang2021_011,刘彰,第七名,2,0.002307
chuang2021_011,刘彰,第三名,2,0.002307
chuang2021_011,刘彰,第九名,2,0.002307
chuang2021_011,刘彰,第二名,2,0.002307
chuang2021_011,刘彰,第二次顺位发布的时候ak,2,0.002307
chuang2021_011,刘彰,第五名,2,0.002307
chuang2021_011,刘彰,第八名,2,0.002307
chuang2021_011,刘彰,第六名,2,0.002307
chuang2021_011,刘彰,第十名,2,0.002307
chuang2021_011,刘彰,第四名,2,0.002307
chuang2021_011,刘彰,绿植领养,2,0.002307
chuang2021_011,刘彰,网页链接,2,0.002307
chuang2021_011,刘彰,美丽地球从我做起,2,0.002307
chuang2021_011,刘彰,腾讯视频创造营2021,2,0.002307
chuang2021_011,刘彰,自己会求节目让他来,2,0.002307
chuang2021_011,刘彰,舞台和友谊就是男团的诠释,2,0.002307
chuang2021_011,刘彰,荣耀,2,0.002307
chuang2021_011,刘彰,赖耀翔,2,0.002307
chuang2021_011,刘彰,超级冠军,2,0.002307
chuang2021_011,刘彰,还有,2,0.002307
chuang2021_011,刘彰,还表示虽然在初舞台,2,0.002307
chuang2021_011,刘彰,这个春天,2,0.002307
chuang2021_011,刘彰,这是业余书法爱好者写的吗,2,0.002307
chuang2021_011,刘彰,这笔法真的只是业余书法爱好者嘛,2,0.002307
chuang2021_011,刘彰,送给节目组和弟弟们,2,0.002307
chuang2021_011,刘彰,遇见美好,2,0.002307
chuang2021_011,刘彰,道歉信,2,0.002307
chuang2021_011,刘彰,醉拳,2,0.002307
chuang2021_011,刘彰,钱政宇,2,0.002307
chuang2021_011,刘彰,闯人的底气,2,0.002307
chuang2021_011,刘彰,陆定昊,2,0.002307
chuang2021_011,刘彰,霓虹甜心,2,0.002307
chuang2021_011,刘彰,音乐替我说话,2,0.002307
chuang2021_011,刘彰,顺位发布,2,0.002307
chuang2021_011,刘彰,魏子越,2,0.002307
chuang2021_012,庆怜,庆怜,102,0.165049
chuang2021_012,庆怜,收起,38,0.061489
chuang2021_012,庆怜,庆怜超话,29,0.046926
chuang2021_012,庆怜,黑人牙膏白酵素助力创造营庆怜闪耀闯关,19,0.030744
chuang2021_012,庆怜,米卡,15,0.024272
chuang2021_012,庆怜,和马,11,0.017799
chuang2021_012,庆怜,因为有你们这里才是家,10,0.016181
chuang2021_012,庆怜,庆怜马里奥跳,10,0.016181
chuang2021_012,庆怜,腾讯视频创造营2021,10,0.016181
chuang2021_012,庆怜,创造营2021超话,9,0.014563
chuang2021_012,庆怜,赞多,8,0.012945
chuang2021_012,庆怜,一起为他助力戳,7,0.011327
chuang2021_012,庆怜,不忘初心,7,0.011327
chuang2021_012,庆怜,你一定能拿下,7,0.011327
chuang2021_012,庆怜,创造营2021榜,7,0.011327
chuang2021_012,庆怜,创造营2021榜好成绩,7,0.011327
chuang2021_012,庆怜,方得始终,7,0.011327
chuang2021_012,庆怜,明星势力榜,7,0.011327
chuang2021_012,庆怜,刘宇,6,0.009709
chuang2021_012,庆怜,周柯宇,6,0.009709
chuang2021_012,庆怜,奥斯卡,6,0.009709
chuang2021_012,庆怜,创造营排名,5,0.008091
chuang2021_012,庆怜,力丸,5,0.008091
chuang2021_012,庆怜,尹浩宇,5,0.008091
chuang2021_012,庆怜,甘望星,5,0.008091
chuang2021_012,庆怜,冲冲冲,4,0.006472
chuang2021_012,庆怜,张嘉元,4,0.006472
chuang2021_012,庆怜,抽奖详情,4,0.006472
chuang2021_012,庆怜,林墨,4,0.006472
chuang2021_012,庆怜,米卡和马庆怜,4,0.006472
chuang2021_012,庆怜,2021,3,0.004854
chuang2021_012,庆怜,ak,3,0.004854
chuang2021_012,庆怜,radio,3,0.004854
chuang2021_012,庆怜,一颗星星没办法照亮整个天空,3,0.004854
chuang2021_012,庆怜,伯远,3,0.004854
chuang2021_012,庆怜,你不是配角,3,0.004854
chuang2021_012,庆怜,俞更寅,3,0.004854
chuang2021_012,庆怜,做票biss,3,0.004854
chuang2021_012,庆怜,全能ace,3,0.004854
chuang2021_012,庆怜,创4排名,3,0.004854
chuang2021_012,庆怜,创造营成团名单,3,0.004854
chuang2021_012,庆怜,加注能量啦,3,0.004854
chuang2021_012,庆怜,助你获得惊喜vlog拍摄机会,3,0.004854
chuang2021_012,庆怜,吴宇恒,3,0.004854
chuang2021_012,庆怜,在我最黑暗的时候你们是我的光,3,0.004854
chuang2021_012,庆怜,学员能量榜为你,3,0.004854
chuang2021_012,庆怜,宝贝,3,0.004854
chuang2021_012,庆怜,庆怜所有数据都在前六,3,0.004854
chuang2021_012,庆怜,庆怜拒绝摇号,3,0.004854
chuang2021_012,庆怜,庆怜综合数据,3,0.004854
chuang2021_012,庆怜,张欣尧,3,0.004854
chuang2021_012,庆怜,想让更多人看到如此优秀的你,3,0.004854
chuang2021_012,庆怜,我在纯甄,3,0.004854
chuang2021_012,庆怜,氪金和活粉数皆排前五,3,0.004854
chuang2021_012,庆怜,腾讯走监狱路吧,3,0.004854
chuang2021_012,庆怜,请公正对待庆怜数据,3,0.004854
chuang2021_012,庆怜,请创造营2021还庆怜应有的排名,3,0.004854
chuang2021_012,庆怜,高卿尘,3,0.004854
chuang2021_012,庆怜,15上午10点,2,0.003236
chuang2021_012,庆怜,19公布,2,0.003236
chuang2021_012,庆怜,boy,2,0.003236
chuang2021_012,庆怜,bro,2,0.003236
chuang2021_012,庆怜,intersection超话,2,0.003236
chuang2021_012,庆怜,puma彪马的微博视频,2,0.003236
chuang2021_012,庆怜,vocal,2,0.003236
chuang2021_012,庆怜,you,2,0.003236
chuang2021_012,庆怜,上演马里奥吃金币,2,0.003236
chuang2021_012,庆怜,不仅炸眼,2,0.003236
chuang2021_012,庆怜,于洋,2,0.003236
chuang2021_012,庆怜,今天真的太好哭了,2,0.003236
chuang2021_012,庆怜,从初舞台开始认识你,2,0.003236
chuang2021_012,庆怜,付思超,2,0.003236
chuang2021_012,庆怜,任胤蓬,2,0.003236
chuang2021_012,庆怜,但是,2,0.003236
chuang2021_012,庆怜,何屹繁,2,0.003236
chuang2021_012,庆怜,你一直都是我心里的主角,2,0.003236
chuang2021_012,庆怜,你们期待的,2,0.003236
chuang2021_012,庆怜,你可爱,2,0.003236
chuang2021_012,庆怜,你帅气又奶拽,2,0.003236
chuang2021_012,庆怜,你真的很棒,2,0.003236
chuang2021_012,庆怜,你虽然年纪最小但你是什么都懂,2,0.003236
chuang2021_012,庆怜,公演门票福利来啦,2,0.003236
chuang2021_012,庆怜,冰阔乐,2,0.003236
chuang2021_012,庆怜,创4二创舞台好有才,2,0.003236
chuang2021_012,庆怜,别忘了get同款纱布面膜,2,0.003236
chuang2021_012,庆怜,到后面去油管和ig上了解更多的你了解更多的intersection,2,0.003236
chuang2021_012,庆怜,加油,2,0.003236
chuang2021_012,庆怜,助力学员闯关成功,2,0.003236
chuang2021_012,庆怜,反转魅力庆怜,2,0.003236
chuang2021_012,庆怜,古巴小李子,2,0.003236
chuang2021_012,庆怜,另外,2,0.003236
chuang2021_012,庆怜,因为你们我不是配角,2,0.003236
chuang2021_012,庆怜,在舞台上表达自我,2,0.003236
chuang2021_012,庆怜,娱乐圈小青年,2,0.003236
chuang2021_012,庆怜,娱闻少女,2,0.003236
chuang2021_012,庆怜,学会了就行动起来,2,0.003236
chuang2021_012,庆怜,学员同款mirage鞋款,2,0.003236
chuang2021_012,庆怜,守法周市民,2,0.003236
chuang2021_012,庆怜,宠粉狂,2,0.003236
chuang2021_012,庆怜,小哥哥们的,2,0.003236
chuang2021_012,庆怜,展露锋芒,2,0.003236
chuang2021_012,庆怜,带上,2,0.003236
chuang2021_012,庆怜,庆怜暴风rap,2,0.003236
chuang2021_012,庆怜,张星特,2,0.003236
chuang2021_012,庆怜,彪马陪你一起闯,2,0.003236
chuang2021_012,庆怜,微博抽奖平台,2,0.003236
chuang2021_012,庆怜,微博正文,2,0.003236
chuang2021_012,庆怜,快来康康他对puma训练鞋做了什么,2,0.003236
chuang2021_012,庆怜,想要现场直击学员们的帅气舞台吗,2,0.003236
chuang2021_012,庆怜,我们将通过,2,0.003236
chuang2021_012,庆怜,我想说,2,0.003236
chuang2021_012,庆怜,我才明白,2,0.003236
chuang2021_012,庆怜,抽1位幸运创始人送,2,0.003236
chuang2021_012,庆怜,抽中的创始人需要符合进场要求,2,0.003236
chuang2021_012,庆怜,更创意无极限,2,0.003236
chuang2021_012,庆怜,曾涵江,2,0.003236
chuang2021_012,庆怜,来说说你最期待哪位学员的舞台,2,0.003236
chuang2021_012,庆怜,查看图片,2,0.003236
chuang2021_012,庆怜,注意,2,0.003236
chuang2021_012,庆怜,现在关注,2,0.003236
chuang2021_012,庆怜,第二次公演现场门票,2,0.003236
chuang2021_012,庆怜,继续留言为你喜欢的学员撑腰,2,0.003236
chuang2021_012,庆怜,胡烨韬,2,0.003236
chuang2021_012,庆怜,腾讯视频,2,0.003236
chuang2021_012,庆怜,膜法世家,2,0.003236
chuang2021_012,庆怜,膜法创造营2021,2,0.003236
chuang2021_012,庆怜,膜膜将会在3,2,0.003236
chuang2021_012,庆怜,舞台上的你不管是不是c你都是那么的耀眼,2,0.003236
chuang2021_012,庆怜,芒果娱乐,2,0.003236
chuang2021_012,庆怜,西升月,2,0.003236
chuang2021_012,庆怜,话题转发本微博,2,0.003236
chuang2021_012,庆怜,谢兴阳,2,0.003236
chuang2021_012,庆怜,还有超萌diy,2,0.003236
chuang2021_012,庆怜,送我们的创始人入营看公演,2,0.003236
chuang2021_012,庆怜,酷拽男孩庆怜,2,0.003236
chuang2021_012,庆怜,随机抽1位幸运儿获得,2,0.003236
chuang2021_012,庆怜,面膜有膜法,2,0.003236
chuang2021_012,庆怜,韩佩泉,2,0.003236
chuang2021_012,庆怜,马上安排,2,0.003236
chuang2021_012,庆怜,鹅你没有心,2,0.003236
chuang2021_012,庆怜,麻烦详看评论区的招募要求哦,2,0.003236
chuang2021_013,奥斯卡,奥斯卡,114,0.103636
chuang2021_013,奥斯卡,收起,54,0.049091
chuang2021_013,奥斯卡,奥斯卡oscar超话,40,0.036364
chuang2021_013,奥斯卡,周柯宇,23,0.020909
chuang2021_013,奥斯卡,力丸,19,0.017273
chuang2021_013,奥斯卡,赞多,19,0.017273
chuang2021_013,奥斯卡,庆怜,18,0.016364
chuang2021_013,奥斯卡,米卡,18,0.016364
chuang2021_013,奥斯卡,刘宇,17,0.015455
chuang2021_013,奥斯卡,尹浩宇,14,0.012727
chuang2021_013,奥斯卡,林墨,14,0.012727
chuang2021_013,奥斯卡,创造营2021超话,13,0.011818
chuang2021_013,奥斯卡,吴宇恒,13,0.011818
chuang2021_013,奥斯卡,甘望星,13,0.011818
chuang2021_013,奥斯卡,反黑净化,12,0.010909
chuang2021_013,奥斯卡,和马,12,0.010909
chuang2021_013,奥斯卡,净化所有词条,11,0.01
chuang2021_013,奥斯卡,分享我的投票和观点,11,0.01
chuang2021_013,奥斯卡,删除,11,0.01
chuang2021_013,奥斯卡,前的所有文字再分享,11,0.01
chuang2021_013,奥斯卡,奥斯卡oscar,11,0.01
chuang2021_013,奥斯卡,张嘉元,11,0.01
chuang2021_013,奥斯卡,微博正文,11,0.01
chuang2021_013,奥斯卡,投票,11,0.01
chuang2021_013,奥斯卡,有什么事骂我就好了,11,0.01
chuang2021_013,奥斯卡,点击,11,0.01
chuang2021_013,奥斯卡,点击一个词条投票,11,0.01
chuang2021_013,奥斯卡,重复前面步骤,11,0.01
chuang2021_013,奥斯卡,麻烦大家重复操作,11,0.01
chuang2021_013,奥斯卡,ask,10,0.009091
chuang2021_013,奥斯卡,osk,10,0.009091
chuang2021_013,奥斯卡,俞更寅,10,0.009091
chuang2021_013,奥斯卡,净化教程指路,10,0.009091
chuang2021_013,奥斯卡,0403,9,0.008182
chuang2021_013,奥斯卡,伯远,9,0.008182
chuang2021_013,奥斯卡,胡烨韬,9,0.008182
chuang2021_013,奥斯卡,一个账号可以净化2,8,0.007273
chuang2021_013,奥斯卡,于洋,8,0.007273
chuang2021_013,奥斯卡,任胤蓬,8,0.007273
chuang2021_013,奥斯卡,紧急净化,8,0.007273
chuang2021_013,奥斯卡,高卿尘,8,0.007273
chuang2021_013,奥斯卡,创4排名,7,0.006364
chuang2021_013,奥斯卡,那就是奥斯卡,7,0.006364
chuang2021_013,奥斯卡,2021,6,0.005455
chuang2021_013,奥斯卡,井胧,6,0.005455
chuang2021_013,奥斯卡,创造营排名,6,0.005455
chuang2021_013,奥斯卡,张欣尧,6,0.005455
chuang2021_013,奥斯卡,黑人牙膏白酵素助力创造营奥斯卡闪耀闯关,6,0.005455
chuang2021_013,奥斯卡,井汲大翔,5,0.004545
chuang2021_013,奥斯卡,付思超,5,0.004545
chuang2021_013,奥斯卡,刘彰,5,0.004545
chuang2021_013,奥斯卡,利路修,5,0.004545
chuang2021_013,奥斯卡,加注能量啦,5,0.004545
chuang2021_013,奥斯卡,助你获得惊喜vlog拍摄机会,5,0.004545
chuang2021_013,奥斯卡,吴海,5,0.004545
chuang2021_013,奥斯卡,学员能量榜为你,5,0.004545
chuang2021_013,奥斯卡,张星特,5,0.004545
chuang2021_013,奥斯卡,想让更多人看到如此优秀的你,5,0.004545
chuang2021_013,奥斯卡,我在纯甄,5,0.004545
chuang2021_013,奥斯卡,腾讯视频创造营2021,5,0.004545
chuang2021_013,奥斯卡,一起为他助力戳,4,0.003636
chuang2021_013,奥斯卡,不忘初心,4,0.003636
chuang2021_013,奥斯卡,代少冬,4,0.003636
chuang2021_013,奥斯卡,但我觉得没有关系,4,0.003636
chuang2021_013,奥斯卡,你一定能拿下,4,0.003636
chuang2021_013,奥斯卡,其他的名字没有经过我的允许通通按假名处理,4,0.003636
chuang2021_013,奥斯卡,凭实力保护创始人们,4,0.003636
chuang2021_013,奥斯卡,创造营2021榜,4,0.003636
chuang2021_013,奥斯卡,创造营2021榜好成绩,4,0.003636
chuang2021_013,奥斯卡,创造营三顺发布心情像过山车,4,0.003636
chuang2021_013,奥斯卡,只有一个名字,4,0.003636
chuang2021_013,奥斯卡,奥斯卡rap,4,0.003636
chuang2021_013,奥斯卡,奥斯卡第五名,4,0.003636
chuang2021_013,奥斯卡,希望我的舞台会成为咱们的骄傲,4,0.003636
chuang2021_013,奥斯卡,感谢创始人们的撑腰,4,0.003636
chuang2021_013,奥斯卡,我会把每一个舞台努力做好,4,0.003636
chuang2021_013,奥斯卡,我呢,4,0.003636
chuang2021_013,奥斯卡,方得始终,4,0.003636
chuang2021_013,奥斯卡,明星势力榜,4,0.003636
chuang2021_013,奥斯卡,最后我想说的是,4,0.003636
chuang2021_013,奥斯卡,第9期,4,0.003636
chuang2021_013,奥斯卡,第三次顺位发布25人进决赛,4,0.003636
chuang2021_013,奥斯卡,等着我去完成它,4,0.003636
chuang2021_013,奥斯卡,米卡第一,4,0.003636
chuang2021_013,奥斯卡,羽生田挙武,4,0.003636
chuang2021_013,奥斯卡,至少我前面还有一个舞台,4,0.003636
chuang2021_013,奥斯卡,范臻尔,4,0.003636
chuang2021_013,奥斯卡,蒋敦豪,4,0.003636
chuang2021_013,奥斯卡,薛八一,4,0.003636
chuang2021_013,奥斯卡,虽然今天我没有站到我梦寐以求的成团位,4,0.003636
chuang2021_013,奥斯卡,谢兴阳,4,0.003636
chuang2021_013,奥斯卡,这是我用来保护你们的方式,4,0.003636
chuang2021_013,奥斯卡,邵明明,4,0.003636
chuang2021_013,奥斯卡,radio,3,0.002727
chuang2021_013,奥斯卡,一个账号可以净化4,3,0.002727
chuang2021_013,奥斯卡,上原一翔,3,0.002727
chuang2021_013,奥斯卡,不知道为创始人流泪的奥斯卡,3,0.002727
chuang2021_013,奥斯卡,何屹繁,3,0.002727
chuang2021_013,奥斯卡,其他名字未经允许通通按照假名处理,3,0.002727
chuang2021_013,奥斯卡,其他名字未经我允许按假名处理,3,0.002727
chuang2021_013,奥斯卡,周柯宇第二,3,0.002727
chuang2021_013,奥斯卡,回应姓名现场有,3,0.002727
chuang2021_013,奥斯卡,大卫,3,0.002727
chuang2021_013,奥斯卡,奥斯卡rap杀气十足,3,0.002727
chuang2021_013,奥斯卡,奥斯卡第17名,3,0.002727
chuang2021_013,奥斯卡,奥斯卡表示感谢创始人为自己撑腰,3,0.002727
chuang2021_013,奥斯卡,好的小熊,3,0.002727
chuang2021_013,奥斯卡,好的熊熊,3,0.002727
chuang2021_013,奥斯卡,安迪,3,0.002727
chuang2021_013,奥斯卡,张嘉元第三,3,0.002727
chuang2021_013,奥斯卡,张腾,3,0.002727
chuang2021_013,奥斯卡,微博综艺的微博视频,3,0.002727
chuang2021_013,奥斯卡,撑出了成团夜的舞台,3,0.002727
chuang2021_013,奥斯卡,曾涵江,3,0.002727
chuang2021_013,奥斯卡,然后再次强调自己只有一个名字,3,0.002727
chuang2021_013,奥斯卡,王孝辰,3,0.002727
chuang2021_013,奥斯卡,私下是否为自己拥有如此可爱的名字感动流泪呢,3,0.002727
chuang2021_013,奥斯卡,第三次顺位宣布中,3,0.002727
chuang2021_013,奥斯卡,说完后现场此起彼伏地喊着,3,0.002727
chuang2021_013,奥斯卡,诺言,3,0.002727
chuang2021_013,奥斯卡,谷柳霖,3,0.002727
chuang2021_013,奥斯卡,赖耀翔,3,0.002727
chuang2021_013,奥斯卡,辛苦了,3,0.002727
chuang2021_013,奥斯卡,韩佩泉,3,0.002727
chuang2021_013,奥斯卡,88,2,0.001818
chuang2021_013,奥斯卡,ak,2,0.001818
chuang2021_013,奥斯卡,boy,2,0.001818
chuang2021_013,奥斯卡,butter,2,0.001818
chuang2021_013,奥斯卡,fly,2,0.001818
chuang2021_013,奥斯卡,lover,2,0.001818
chuang2021_013,奥斯卡,me,2,0.001818
chuang2021_013,奥斯卡,ready,2,0.001818
chuang2021_013,奥斯卡,you,2,0.001818
chuang2021_013,奥斯卡,yummy,2,0.001818
chuang2021_013,奥斯卡,井胧第十一名,2,0.001818
chuang2021_013,奥斯卡,任胤蓬第五,2,0.001818
chuang2021_013,奥斯卡,佐藤永翔,2,0.001818
chuang2021_013,奥斯卡,何圳煜,2,0.001818
chuang2021_013,奥斯卡,作为怪物,2,0.001818
chuang2021_013,奥斯卡,凌箫,2,0.001818
chuang2021_013,奥斯卡,刘宇第七,2,0.001818
chuang2021_013,奥斯卡,创造营2021首次排名来了,2,0.001818
chuang2021_013,奥斯卡,创造营成团名单,2,0.001818
chuang2021_013,奥斯卡,力丸第八,2,0.001818
chuang2021_013,奥斯卡,占据出道位,2,0.001818
chuang2021_013,奥斯卡,原部凌,2,0.001818
chuang2021_013,奥斯卡,和马第六,2,0.001818
chuang2021_013,奥斯卡,喜内优心,2,0.001818
chuang2021_013,奥斯卡,喜欢你,2,0.001818
chuang2021_013,奥斯卡,奥斯卡第十,2,0.001818
chuang2021_013,奥斯卡,女孩,2,0.001818
chuang2021_013,奥斯卡,对了,2,0.001818
chuang2021_013,奥斯卡,小九,2,0.001818
chuang2021_013,奥斯卡,屈柏宇,2,0.001818
chuang2021_013,奥斯卡,庆怜马里奥跳,2,0.001818
chuang2021_013,奥斯卡,徐圣兹,2,0.001818
chuang2021_013,奥斯卡,我欢喜喜欢你,2,0.001818
chuang2021_013,奥斯卡,排名不分先后,2,0.001818
chuang2021_013,奥斯卡,救命,2,0.001818
chuang2021_013,奥斯卡,曹左,2,0.001818
chuang2021_013,奥斯卡,有没有你pick到的小哥哥,2,0.001818
chuang2021_013,奥斯卡,李嘉祥,2,0.001818
chuang2021_013,奥斯卡,李家豪,2,0.001818
chuang2021_013,奥斯卡,李洛尔,2,0.001818
chuang2021_013,奥斯卡,林墨第九,2,0.001818
chuang2021_013,奥斯卡,林煜修,2,0.001818
chuang2021_013,奥斯卡,爱我ready,2,0.001818
chuang2021_013,奥斯卡,破茧,2,0.001818
chuang2021_013,奥斯卡,米奇比心,2,0.001818
chuang2021_013,奥斯卡,荣耀,2,0.001818
chuang2021_013,奥斯卡,赞多第四,2,0.001818
chuang2021_013,奥斯卡,超级冠军,2,0.001818
chuang2021_013,奥斯卡,醉拳,2,0.001818
chuang2021_013,奥斯卡,钱政宇,2,0.001818
chuang2021_013,奥斯卡,门胁慎刚,2,0.001818
chuang2021_013,奥斯卡,隅田隼平,2,0.001818
chuang2021_013,奥斯卡,霓虹甜心,2,0.001818
chuang2021_013,奥斯卡,魏子越,2,0.001818
chuang2021_014,甘望星,甘望星,115,0.166909
chuang2021_014,甘望星,收起,45,0.065312
chuang2021_014,甘望星,甘望星超话,33,0.047896
chuang2021_014,甘望星,黑人牙膏白酵素助力创造营甘望星闪耀闯关,16,0.023222
chuang2021_014,甘望星,甘望星一公造型,15,0.021771
chuang2021_014,甘望星,感谢你们喜欢一个不太强的我,14,0.020319
chuang2021_014,甘望星,明星势力榜,12,0.017417
chuang2021_014,甘望星,毕业快乐,10,0.014514
chuang2021_014,甘望星,甘望星说英语,9,0.013062
chuang2021_014,甘望星,一起为他助力戳,8,0.011611
chuang2021_014,甘望星,不忘初心,8,0.011611
chuang2021_014,甘望星,你一定能拿下,8,0.011611
chuang2021_014,甘望星,创造营2021榜,8,0.011611
chuang2021_014,甘望星,创造营2021榜好成绩,8,0.011611
chuang2021_014,甘望星,方得始终,8,0.011611
chuang2021_014,甘望星,ipad,7,0.01016
chuang2021_014,甘望星,俞更寅,7,0.01016
chuang2021_014,甘望星,刘宇,7,0.01016
chuang2021_014,甘望星,创造营排名,7,0.01016
chuang2021_014,甘望星,吴宇恒,7,0.01016
chuang2021_014,甘望星,周柯宇,7,0.01016
chuang2021_014,甘望星,米卡,7,0.01016
chuang2021_014,甘望星,井胧,6,0.008708
chuang2021_014,甘望星,任胤蓬,6,0.008708
chuang2021_014,甘望星,伯远,6,0.008708
chuang2021_014,甘望星,加油,6,0.008708
chuang2021_014,甘望星,庆怜,6,0.008708
chuang2021_014,甘望星,张欣尧,6,0.008708
chuang2021_014,甘望星,林墨,6,0.008708
chuang2021_014,甘望星,付思超,5,0.007257
chuang2021_014,甘望星,尹浩宇,5,0.007257
chuang2021_014,甘望星,甘望星讲高中经历好励志,5,0.007257
chuang2021_014,甘望星,胡烨韬,5,0.007257
chuang2021_014,甘望星,诺言,5,0.007257
chuang2021_014,甘望星,赞多,5,0.007257
chuang2021_014,甘望星,高卿尘,5,0.007257
chuang2021_014,甘望星,为梦想拼尽全力,4,0.005806
chuang2021_014,甘望星,人间理想甘望星,4,0.005806
chuang2021_014,甘望星,代少冬,4,0.005806
chuang2021_014,甘望星,养乐多,4,0.005806
chuang2021_014,甘望星,创造营2021榜上支持你啦,4,0.005806
chuang2021_014,甘望星,创造营2021超话,4,0.005806
chuang2021_014,甘望星,利路修,4,0.005806
chuang2021_014,甘望星,力丸,4,0.005806
chuang2021_014,甘望星,和马,4,0.005806
chuang2021_014,甘望星,张嘉元,4,0.005806
chuang2021_014,甘望星,张星特,4,0.005806
chuang2021_014,甘望星,张腾,4,0.005806
chuang2021_014,甘望星,扬帆起航,4,0.005806
chuang2021_014,甘望星,明星势力榜第5位,4,0.005806
chuang2021_014,甘望星,欢迎回家,4,0.005806
chuang2021_014,甘望星,甘望一颗星,4,0.005806
chuang2021_014,甘望星,荣耀,4,0.005806
chuang2021_014,甘望星,跨海相聚,4,0.005806
chuang2021_014,甘望星,银河心未倾,4,0.005806
chuang2021_014,甘望星,2021,3,0.004354
chuang2021_014,甘望星,一之濑飞鸟,3,0.004354
chuang2021_014,甘望星,于洋,3,0.004354
chuang2021_014,甘望星,井汲大翔,3,0.004354
chuang2021_014,甘望星,吴海,3,0.004354
chuang2021_014,甘望星,奥斯卡,3,0.004354
chuang2021_014,甘望星,宁静,3,0.004354
chuang2021_014,甘望星,宝贝,3,0.004354
chuang2021_014,甘望星,屈柏宇,3,0.004354
chuang2021_014,甘望星,永不失联的爱,3,0.004354
chuang2021_014,甘望星,甘望星的人生规划,3,0.004354
chuang2021_014,甘望星,腾讯视频创造营2021,3,0.004354
chuang2021_014,甘望星,邵明明,3,0.004354
chuang2021_014,甘望星,韩佩泉,3,0.004354
chuang2021_014,甘望星,amu羽生田挙武,2,0.002903
chuang2021_014,甘望星,yuu喜内优心,2,0.002903
chuang2021_014,甘望星,一公的破茧和主题曲的直拍都很棒,2,0.002903
chuang2021_014,甘望星,不得不说入坑原因就是因为很接地气,2,0.002903
chuang2021_014,甘望星,也是这一生我将唯一追的星,2,0.002903
chuang2021_014,甘望星,也没有什么变化啊,2,0.002903
chuang2021_014,甘望星,也非常庆幸,2,0.002903
chuang2021_014,甘望星,他的世界一片明朗,2,0.002903
chuang2021_014,甘望星,以前我能做到,2,0.002903
chuang2021_014,甘望星,但是声音特别好听,2,0.002903
chuang2021_014,甘望星,何屹繁,2,0.002903
chuang2021_014,甘望星,你是我第一次追的星,2,0.002903
chuang2021_014,甘望星,冲鸭,2,0.002903
chuang2021_014,甘望星,刘彰,2,0.002903
chuang2021_014,甘望星,刘聪,2,0.002903
chuang2021_014,甘望星,刚开始初舞台尽管声音因为紧张而有些颤抖,2,0.002903
chuang2021_014,甘望星,创造营成团名单,2,0.002903
chuang2021_014,甘望星,原味鸡,2,0.002903
chuang2021_014,甘望星,原来是,2,0.002903
chuang2021_014,甘望星,原部凌,2,0.002903
chuang2021_014,甘望星,可乐,2,0.002903
chuang2021_014,甘望星,叶皓然,2,0.002903
chuang2021_014,甘望星,后来你通过自己的努力进步很大,2,0.002903
chuang2021_014,甘望星,和高中一样,2,0.002903
chuang2021_014,甘望星,因为你太值得了,2,0.002903
chuang2021_014,甘望星,因为我淋过雨,2,0.002903
chuang2021_014,甘望星,大海深处隐藏的星星,2,0.002903
chuang2021_014,甘望星,怿涵,2,0.002903
chuang2021_014,甘望星,感谢,2,0.002903
chuang2021_014,甘望星,憨憨帅哥,2,0.002903
chuang2021_014,甘望星,我们一直都在背后默默地支持你,2,0.002903
chuang2021_014,甘望星,我会努力变强,2,0.002903
chuang2021_014,甘望星,我带了一千块钱来的,2,0.002903
chuang2021_014,甘望星,我还可以坚持,2,0.002903
chuang2021_014,甘望星,我还是那个我,2,0.002903
chuang2021_014,甘望星,戴学霖,2,0.002903
chuang2021_014,甘望星,新浪综艺的微博视频,2,0.002903
chuang2021_014,甘望星,星星请继续加油,2,0.002903
chuang2021_014,甘望星,李政庭,2,0.002903
chuang2021_014,甘望星,李沛洋,2,0.002903
chuang2021_014,甘望星,李泰龙,2,0.002903
chuang2021_014,甘望星,来到创造营这个节目之后我已经不去考虑是否可以赚更多的钱了,2,0.002903
chuang2021_014,甘望星,林豆,2,0.002903
chuang2021_014,甘望星,爱了爱了,2,0.002903
chuang2021_014,甘望星,现在我更可以做到,2,0.002903
chuang2021_014,甘望星,现在还是一千块钱,2,0.002903
chuang2021_014,甘望星,甘望星说,2,0.002903
chuang2021_014,甘望星,羽生田挙武,2,0.002903
chuang2021_014,甘望星,肖力桓,2,0.002903
chuang2021_014,甘望星,蒋敦豪,2,0.002903
chuang2021_014,甘望星,薛八一,2,0.002903
chuang2021_014,甘望星,许他万丈光芒好,2,0.002903
chuang2021_014,甘望星,谢兴阳,2,0.002903
chuang2021_014,甘望星,谢谢你们喜欢一个不太强的我,2,0.002903
chuang2021_014,甘望星,赞多第二,2,0.002903
chuang2021_014,甘望星,郑明鑫,2,0.002903
chuang2021_014,甘望星,门胁慎刚,2,0.002903
chuang2021_014,甘望星,闯出自己的天地,2,0.002903
chuang2021_014,甘望星,阿克朱立,2,0.002903
chuang2021_014,甘望星,陆定昊,2,0.002903
chuang2021_014,甘望星,陈俊洁,2,0.002903
chuang2021_014,甘望星,雪碧,2,0.002903
chuang2021_014,甘望星,韦语节,2,0.002903
chuang2021_014,甘望星,风声鹤唳的少年,2,0.002903
chuang2021_015,井汲大翔,井汲大翔,124,0.183161
chuang2021_015,井汲大翔,收起,34,0.050222
chuang2021_015,井汲大翔,井汲大翔超话,31,0.04579
chuang2021_015,井汲大翔,黑人牙膏白酵素助力创造营井汲大翔闪耀闯关,18,0.026588
chuang2021_015,井汲大翔,2021,12,0.017725
chuang2021_015,井汲大翔,井汲大翔在手上打小抄,11,0.016248
chuang2021_015,井汲大翔,元气少年井汲大翔,11,0.016248
chuang2021_015,井汲大翔,井汲大翔未来可期,10,0.014771
chuang2021_015,井汲大翔,吉祥弟弟让人有种回头是岸的感觉,10,0.014771
chuang2021_015,井汲大翔,上集,9,0.013294
chuang2021_015,井汲大翔,下集,9,0.013294
chuang2021_015,井汲大翔,不要错过哦,9,0.013294
chuang2021_015,井汲大翔,主题曲二创学员们颠覆改编,9,0.013294
chuang2021_015,井汲大翔,主题曲舞台中心位诞生,9,0.013294
chuang2021_015,井汲大翔,井汲大翔人间造妈机,9,0.013294
chuang2021_015,井汲大翔,井汲大翔天生爱豆,9,0.013294
chuang2021_015,井汲大翔,井汲大翔手链就断在这里吧,9,0.013294
chuang2021_015,井汲大翔,井汲大翔直拍,9,0.013294
chuang2021_015,井汲大翔,今晚的舞狮表演也很精彩,9,0.013294
chuang2021_015,井汲大翔,创造营2021井汲大翔,9,0.013294
chuang2021_015,井汲大翔,和兄弟们在一起,9,0.013294
chuang2021_015,井汲大翔,在创造营2021的舞台上一步一步正在慢慢地实现,9,0.013294
chuang2021_015,井汲大翔,希望有一天能够听到全世界的赞美,9,0.013294
chuang2021_015,井汲大翔,把主题曲唱给你听,9,0.013294
chuang2021_015,井汲大翔,未来的日子一起闯吧,9,0.013294
chuang2021_015,井汲大翔,现在这个梦,9,0.013294
chuang2021_015,井汲大翔,看创4记得撑腰么么哒,9,0.013294
chuang2021_015,井汲大翔,第4期上,9,0.013294
chuang2021_015,井汲大翔,第4期下,9,0.013294
chuang2021_015,井汲大翔,这是我梦里到过的地方,9,0.013294
chuang2021_015,井汲大翔,一起为他助力戳,7,0.01034
chuang2021_015,井汲大翔,不忘初心,7,0.01034
chuang2021_015,井汲大翔,你一定能拿下,7,0.01034
chuang2021_015,井汲大翔,创造营2021榜,7,0.01034
chuang2021_015,井汲大翔,创造营2021榜好成绩,7,0.01034
chuang2021_015,井汲大翔,方得始终,7,0.01034
chuang2021_015,井汲大翔,明星势力榜,7,0.01034
chuang2021_015,井汲大翔,伯远,6,0.008863
chuang2021_015,井汲大翔,周柯宇,5,0.007386
chuang2021_015,井汲大翔,张星特,5,0.007386
chuang2021_015,井汲大翔,井汲大翔在手上写中文小抄,4,0.005908
chuang2021_015,井汲大翔,俞更寅,4,0.005908
chuang2021_015,井汲大翔,创造营排名,4,0.005908
chuang2021_015,井汲大翔,利路修,4,0.005908
chuang2021_015,井汲大翔,吴宇恒,4,0.005908
chuang2021_015,井汲大翔,尹浩宇,4,0.005908
chuang2021_015,井汲大翔,庆怜,4,0.005908
chuang2021_015,井汲大翔,甘望星,4,0.005908
chuang2021_015,井汲大翔,米卡,4,0.005908
chuang2021_015,井汲大翔,羽生田挙武,4,0.005908
chuang2021_015,井汲大翔,胡烨韬,4,0.005908
chuang2021_015,井汲大翔,腾讯视频创造营2021,4,0.005908
chuang2021_015,井汲大翔,赞多,4,0.005908
chuang2021_015,井汲大翔,ps,3,0.004431
chuang2021_015,井汲大翔,付思超,3,0.004431
chuang2021_015,井汲大翔,任胤蓬,3,0.004431
chuang2021_015,井汲大翔,刘宇,3,0.004431
chuang2021_015,井汲大翔,创造营成团名单,3,0.004431
chuang2021_015,井汲大翔,力丸,3,0.004431
chuang2021_015,井汲大翔,加注能量啦,3,0.004431
chuang2021_015,井汲大翔,助你获得惊喜vlog拍摄机会,3,0.004431
chuang2021_015,井汲大翔,吉祥弟弟,3,0.004431
chuang2021_015,井汲大翔,吉祥弟弟好像小学上台发言的我,3,0.004431
chuang2021_015,井汲大翔,奥斯卡,3,0.004431
chuang2021_015,井汲大翔,学员,3,0.004431
chuang2021_015,井汲大翔,学员能量榜为你,3,0.004431
chuang2021_015,井汲大翔,张嘉元,3,0.004431
chuang2021_015,井汲大翔,张欣尧,3,0.004431
chuang2021_015,井汲大翔,想让更多人看到如此优秀的你,3,0.004431
chuang2021_015,井汲大翔,我们一起闯,3,0.004431
chuang2021_015,井汲大翔,我在纯甄,3,0.004431
chuang2021_015,井汲大翔,林墨,3,0.004431
chuang2021_015,井汲大翔,网页链接,3,0.004431
chuang2021_015,井汲大翔,薛八一,3,0.004431
chuang2021_015,井汲大翔,高卿尘,3,0.004431
chuang2021_015,井汲大翔,00,2,0.002954
chuang2021_015,井汲大翔,一定会出道的,2,0.002954
chuang2021_015,井汲大翔,井汲大翔17名,2,0.002954
chuang2021_015,井汲大翔,佐藤永翔,2,0.002954
chuang2021_015,井汲大翔,你很棒,2,0.002954
chuang2021_015,井汲大翔,刘彰,2,0.002954
chuang2021_015,井汲大翔,创4排名,2,0.002954
chuang2021_015,井汲大翔,吉祥,2,0.002954
chuang2021_015,井汲大翔,和马,2,0.002954
chuang2021_015,井汲大翔,太可爱了,2,0.002954
chuang2021_015,井汲大翔,好像小学上台发言的自己,2,0.002954
chuang2021_015,井汲大翔,宝贝,2,0.002954
chuang2021_015,井汲大翔,新浪综艺的微博视频,2,0.002954
chuang2021_015,井汲大翔,最后,2,0.002954
chuang2021_015,井汲大翔,看看手臂上的小抄,2,0.002954
chuang2021_015,井汲大翔,第一次顺位发表感言笑到,2,0.002954
chuang2021_015,井汲大翔,荣耀,2,0.002954
chuang2021_015,井汲大翔,被努力说中文的弟弟可爱到啦,2,0.002954
chuang2021_015,井汲大翔,说到一半突然忘词,2,0.002954
chuang2021_015,井汲大翔,诺言,2,0.002954
chuang2021_015,井汲大翔,赖耀翔,2,0.002954
chuang2021_015,井汲大翔,还好没有紧张出汗到字迹被抹掉,2,0.002954
chuang2021_016,张星特,张星特,128,0.115108
chuang2021_016,张星特,收起,66,0.059353
chuang2021_016,张星特,张星特超话,44,0.039568
chuang2021_016,张星特,创造营2021张星特,23,0.020683
chuang2021_016,张星特,吴宇恒,19,0.017086
chuang2021_016,张星特,创造营2021榜,16,0.014388
chuang2021_016,张星特,明星势力榜,16,0.014388
chuang2021_016,张星特,米卡,16,0.014388
chuang2021_016,张星特,一起为他助力戳,15,0.013489
chuang2021_016,张星特,不忘初心,15,0.013489
chuang2021_016,张星特,你一定能拿下,15,0.013489
chuang2021_016,张星特,创造营2021榜好成绩,15,0.013489
chuang2021_016,张星特,方得始终,14,0.01259
chuang2021_016,张星特,创造营2021超话,13,0.011691
chuang2021_016,张星特,张星特对爷爷说接下来的路可以自己走了,12,0.010791
chuang2021_016,张星特,张星特vocal实力,11,0.009892
chuang2021_016,张星特,俞更寅,10,0.008993
chuang2021_016,张星特,高卿尘,10,0.008993
chuang2021_016,张星特,井汲大翔,9,0.008094
chuang2021_016,张星特,伯远,9,0.008094
chuang2021_016,张星特,刘宇,9,0.008094
chuang2021_016,张星特,尹浩宇,9,0.008094
chuang2021_016,张星特,付思超,8,0.007194
chuang2021_016,张星特,加注能量啦,8,0.007194
chuang2021_016,张星特,助你获得惊喜vlog拍摄机会,8,0.007194
chuang2021_016,张星特,奥斯卡,8,0.007194
chuang2021_016,张星特,学员能量榜为你,8,0.007194
chuang2021_016,张星特,想让更多人看到如此优秀的你,8,0.007194
chuang2021_016,张星特,我在纯甄,8,0.007194
chuang2021_016,张星特,我比他们唱的都好,8,0.007194
chuang2021_016,张星特,曾涵江,8,0.007194
chuang2021_016,张星特,黑人牙膏白酵素助力创造营张星特闪耀闯关,8,0.007194
chuang2021_016,张星特,于洋,7,0.006295
chuang2021_016,张星特,何屹繁,7,0.006295
chuang2021_016,张星特,周柯宇,7,0.006295
chuang2021_016,张星特,庆怜,7,0.006295
chuang2021_016,张星特,张欣尧,7,0.006295
chuang2021_016,张星特,李嘉祥,7,0.006295
chuang2021_016,张星特,任胤蓬,6,0.005396
chuang2021_016,张星特,利路修,6,0.005396
chuang2021_016,张星特,张星特声音好甜,6,0.005396
chuang2021_016,张星特,所以你可以安心了,6,0.005396
chuang2021_016,张星特,接下来的路我可以自己走了,6,0.005396
chuang2021_016,张星特,毕业快乐,6,0.005396
chuang2021_016,张星特,胡烨韬,6,0.005396
chuang2021_016,张星特,赞多,6,0.005396
chuang2021_016,张星特,handsome,5,0.004496
chuang2021_016,张星特,刘彰,5,0.004496
chuang2021_016,张星特,力丸,5,0.004496
chuang2021_016,张星特,吴海,5,0.004496
chuang2021_016,张星特,和马,5,0.004496
chuang2021_016,张星特,林墨,5,0.004496
chuang2021_016,张星特,羽生田挙武,5,0.004496
chuang2021_016,张星特,蒋敦豪,5,0.004496
chuang2021_016,张星特,韩佩泉,5,0.004496
chuang2021_016,张星特,2021,4,0.003597
chuang2021_016,张星特,boys,4,0.003597
chuang2021_016,张星特,dream,4,0.003597
chuang2021_016,张星特,zxt,4,0.003597
chuang2021_016,张星特,不知道你看见了没有,4,0.003597
chuang2021_016,张星特,代少冬,4,0.003597
chuang2021_016,张星特,你守护了我那么久,4,0.003597
chuang2021_016,张星特,创4排名,4,0.003597
chuang2021_016,张星特,创造营三顺发布心情像过山车,4,0.003597
chuang2021_016,张星特,创造营排名,4,0.003597
chuang2021_016,张星特,名副其实大vocal,4,0.003597
chuang2021_016,张星特,小九,4,0.003597
chuang2021_016,张星特,总决赛我们一起闯进来了,4,0.003597
chuang2021_016,张星特,总决赛的舞台上了,4,0.003597
chuang2021_016,张星特,想对爷爷说,4,0.003597
chuang2021_016,张星特,我终于站到,4,0.003597
chuang2021_016,张星特,我觉得我比他们唱的都好,4,0.003597
chuang2021_016,张星特,接下来我们一起努力,4,0.003597
chuang2021_016,张星特,欢迎回家,4,0.003597
chuang2021_016,张星特,王孝辰,4,0.003597
chuang2021_016,张星特,甘望星,4,0.003597
chuang2021_016,张星特,第9期,4,0.003597
chuang2021_016,张星特,第三次顺位发布25人进决赛,4,0.003597
chuang2021_016,张星特,薛八一,4,0.003597
chuang2021_016,张星特,试着闯一闯成团位吧,4,0.003597
chuang2021_016,张星特,谢兴阳,4,0.003597
chuang2021_016,张星特,赖耀翔,4,0.003597
chuang2021_016,张星特,还想对创始人们说,4,0.003597
chuang2021_016,张星特,lover,3,0.002698
chuang2021_016,张星特,you,3,0.002698
chuang2021_016,张星特,上原一翔,3,0.002698
chuang2021_016,张星特,井胧,3,0.002698
chuang2021_016,张星特,佐藤永翔,3,0.002698
chuang2021_016,张星特,何圳煜,3,0.002698
chuang2021_016,张星特,原部凌,3,0.002698
chuang2021_016,张星特,喜内优心,3,0.002698
chuang2021_016,张星特,大卫,3,0.002698
chuang2021_016,张星特,女孩,3,0.002698
chuang2021_016,张星特,安迪,3,0.002698
chuang2021_016,张星特,屈柏宇,3,0.002698
chuang2021_016,张星特,张嘉元,3,0.002698
chuang2021_016,张星特,张腾,3,0.002698
chuang2021_016,张星特,徐圣兹,3,0.002698
chuang2021_016,张星特,我终于站到总决赛的舞台了,3,0.002698
chuang2021_016,张星特,新浪综艺的微博视频,3,0.002698
chuang2021_016,张星特,曹左,3,0.002698
chuang2021_016,张星特,最后,3,0.002698
chuang2021_016,张星特,李洛尔,3,0.002698
chuang2021_016,张星特,林煜修,3,0.002698
chuang2021_016,张星特,永不失联的爱,3,0.002698
chuang2021_016,张星特,爷爷,3,0.002698
chuang2021_016,张星特,罗言,3,0.002698
chuang2021_016,张星特,腾讯视频创造营2021,3,0.002698
chuang2021_016,张星特,范臻尔,3,0.002698
chuang2021_016,张星特,荣耀,3,0.002698
chuang2021_016,张星特,诺言,3,0.002698
chuang2021_016,张星特,谷柳霖,3,0.002698
chuang2021_016,张星特,邵明明,3,0.002698
chuang2021_016,张星特,门胁慎刚,3,0.002698
chuang2021_016,张星特,隅田隼平,3,0.002698
chuang2021_016,张星特,魏子越,3,0.002698
chuang2021_016,张星特,88,2,0.001799
chuang2021_016,张星特,boy,2,0.001799
chuang2021_016,张星特,butter,2,0.001799
chuang2021_016,张星特,b版二创主题曲,2,0.001799
chuang2021_016,张星特,fly,2,0.001799
chuang2021_016,张星特,lit,2,0.001799
chuang2021_016,张星特,me,2,0.001799
chuang2021_016,张星特,radio,2,0.001799
chuang2021_016,张星特,ready,2,0.001799
chuang2021_016,张星特,sorry有大vocal了,2,0.001799
chuang2021_016,张星特,yummy,2,0.001799
chuang2021_016,张星特,一之濑飞鸟,2,0.001799
chuang2021_016,张星特,一直专心比赛执着唱歌的小孩儿终于被人看到了,2,0.001799
chuang2021_016,张星特,不管我们过去是否有真正的被打倒,2,0.001799
chuang2021_016,张星特,丸圆爱我的微博视频,2,0.001799
chuang2021_016,张星特,为了出道,2,0.001799
chuang2021_016,张星特,为张星特打造出全新的未来,2,0.001799
chuang2021_016,张星特,何懿峻,2,0.001799
chuang2021_016,张星特,作为怪物,2,0.001799
chuang2021_016,张星特,你就不要想起我,2,0.001799
chuang2021_016,张星特,凌箫,2,0.001799
chuang2021_016,张星特,刘严冬季,2,0.001799
chuang2021_016,张星特,刘唐辉,2,0.001799
chuang2021_016,张星特,刘聪,2,0.001799
chuang2021_016,张星特,创4二创舞台好有才,2,0.001799
chuang2021_016,张星特,创始人们和弟弟一起加油吧,2,0.001799
chuang2021_016,张星特,初生牛犊的弟弟表示,2,0.001799
chuang2021_016,张星特,剩下这几天就让我们用双手和实力,2,0.001799
chuang2021_016,张星特,加油,2,0.001799
chuang2021_016,张星特,卢克,2,0.001799
chuang2021_016,张星特,发表晋级感言时,2,0.001799
chuang2021_016,张星特,叶皓然,2,0.001799
chuang2021_016,张星特,呜呜,2,0.001799
chuang2021_016,张星特,周柯宇第一,2,0.001799
chuang2021_016,张星特,在之前的录制中张星特提到过曾经给爷爷唱的一首简单的歌竟成了最后一首歌,2,0.001799
chuang2021_016,张星特,实力vocal,2,0.001799
chuang2021_016,张星特,实现梦想,2,0.001799
chuang2021_016,张星特,对了,2,0.001799
chuang2021_016,张星特,小九用最可爱的声音说出最狠的话,2,0.001799
chuang2021_016,张星特,希望弟弟能够顺利成团,2,0.001799
chuang2021_016,张星特,带来的r,2,0.001799
chuang2021_016,张星特,弟弟用成绩回复了爷爷,2,0.001799
chuang2021_016,张星特,张星特你值得走得更远,2,0.001799
chuang2021_016,张星特,张星特全球后援会,2,0.001799
chuang2021_016,张星特,张星特对去世的爷爷喊话,2,0.001799
chuang2021_016,张星特,张星特排名16,2,0.001799
chuang2021_016,张星特,张星特毕业快乐,2,0.001799
chuang2021_016,张星特,张璋,2,0.001799
chuang2021_016,张星特,很好听,2,0.001799
chuang2021_016,张星特,徐绍岚,2,0.001799
chuang2021_016,张星特,微博正文,2,0.001799
chuang2021_016,张星特,怿涵,2,0.001799
chuang2021_016,张星特,愈是打压我们愈站立挺拔,2,0.001799
chuang2021_016,张星特,成功晋级,2,0.001799
chuang2021_016,张星特,成团夜,2,0.001799
chuang2021_016,张星特,我们要和小孩一起变得更加自信,2,0.001799
chuang2021_016,张星特,我欢喜喜欢你,2,0.001799
chuang2021_016,张星特,我终于站到成团夜的舞台上了,2,0.001799
chuang2021_016,张星特,所以发布顺位感言时,2,0.001799
chuang2021_016,张星特,挺进创造营2021的总决赛,2,0.001799
chuang2021_016,张星特,接下来的路让我们陪你走吧,2,0.001799
chuang2021_016,张星特,救命,2,0.001799
chuang2021_016,张星特,未来可期,2,0.001799
chuang2021_016,张星特,李家豪,2,0.001799
chuang2021_016,张星特,李政庭,2,0.001799
chuang2021_016,张星特,李沛洋,2,0.001799
chuang2021_016,张星特,李泰龙,2,0.001799
chuang2021_016,张星特,李泽坤,2,0.001799
chuang2021_016,张星特,林豆,2,0.001799
chuang2021_016,张星特,海星鹅都听入迷啦,2,0.001799
chuang2021_016,张星特,爱我ready,2,0.001799
chuang2021_016,张星特,王泽浩,2,0.001799
chuang2021_016,张星特,现在可以来听听深情版啦,2,0.001799
chuang2021_016,张星特,田口馨也,2,0.001799
chuang2021_016,张星特,的名次成功跻身,2,0.001799
chuang2021_016,张星特,相信屏幕前的创始人们一定也沉醉其中了吧,2,0.001799
chuang2021_016,张星特,看啊,2,0.001799
chuang2021_016,张星特,破茧,2,0.001799
chuang2021_016,张星特,网页链接,2,0.001799
chuang2021_016,张星特,肖力桓,2,0.001799
chuang2021_016,张星特,被张星特戳到了,2,0.001799
chuang2021_016,张星特,说实话,2,0.001799
chuang2021_016,张星特,贵尚奇,2,0.001799
chuang2021_016,张星特,超级冠军,2,0.001799
chuang2021_016,张星特,那个意气风发的臭屁小孩儿回来了,2,0.001799
chuang2021_016,张星特,郑明鑫,2,0.001799
chuang2021_016,张星特,都筑雄哉,2,0.001799
chuang2021_016,张星特,醉拳,2,0.001799
chuang2021_016,张星特,钱政宇,2,0.001799
chuang2021_016,张星特,阿克朱力,2,0.001799
chuang2021_016,张星特,陆定昊,2,0.001799
chuang2021_016,张星特,陈俊洁,2,0.001799
chuang2021_016,张星特,陈瑞丰,2,0.001799
chuang2021_016,张星特,霓虹甜心,2,0.001799
chuang2021_016,张星特,韦语节,2,0.001799
chuang2021_016,张星特,黄鲲,2,0.001799
chuang2021_017,利路修,利路修,98,0.15832
chuang2021_017,利路修,利路修lelush超话,54,0.087237
chuang2021_017,利路修,收起,30,0.048465
chuang2021_017,利路修,力丸,19,0.030695
chuang2021_017,利路修,力丸送利路修零食希望他元气,16,0.025848
chuang2021_017,利路修,创造营排名,12,0.019386
chuang2021_017,利路修,请不要再为我撑腰了,11,0.017771
chuang2021_017,利路修,创造营2021利路修,10,0.016155
chuang2021_017,利路修,薛八一,9,0.01454
chuang2021_017,利路修,薛八一利路修进入f班的不同反应,7,0.011309
chuang2021_017,利路修,薛八一超话,7,0.011309
chuang2021_017,利路修,米卡,6,0.009693
chuang2021_017,利路修,下班快乐,5,0.008078
chuang2021_017,利路修,井汲大翔,5,0.008078
chuang2021_017,利路修,创4排名,5,0.008078
chuang2021_017,利路修,创造营2021超话,5,0.008078
chuang2021_017,利路修,利老师下班快乐,5,0.008078
chuang2021_017,利路修,利路修听到名次的表情变化,5,0.008078
chuang2021_017,利路修,和马,5,0.008078
chuang2021_017,利路修,庆怜,5,0.008078
chuang2021_017,利路修,伯远,4,0.006462
chuang2021_017,利路修,利路修f班意味着自由,4,0.006462
chuang2021_017,利路修,天生爱豆,4,0.006462
chuang2021_017,利路修,张星特,4,0.006462
chuang2021_017,利路修,甘望星,4,0.006462
chuang2021_017,利路修,羽生田挙武,4,0.006462
chuang2021_017,利路修,腾讯视频,4,0.006462
chuang2021_017,利路修,高卿尘,4,0.006462
chuang2021_017,利路修,于洋,3,0.004847
chuang2021_017,利路修,井胧,3,0.004847
chuang2021_017,利路修,付思超,3,0.004847
chuang2021_017,利路修,任胤蓬,3,0.004847
chuang2021_017,利路修,休想下班,3,0.004847
chuang2021_017,利路修,俞更寅,3,0.004847
chuang2021_017,利路修,刘彰,3,0.004847
chuang2021_017,利路修,利路修参加创造营的原因,3,0.004847
chuang2021_017,利路修,吴宇恒,3,0.004847
chuang2021_017,利路修,喜内优心,3,0.004847
chuang2021_017,利路修,大卫,3,0.004847
chuang2021_017,利路修,奥斯卡,3,0.004847
chuang2021_017,利路修,尹浩宇,3,0.004847
chuang2021_017,利路修,张欣尧,3,0.004847
chuang2021_017,利路修,林墨,3,0.004847
chuang2021_017,利路修,王孝辰,3,0.004847
chuang2021_017,利路修,诺言,3,0.004847
chuang2021_017,利路修,赞多,3,0.004847
chuang2021_017,利路修,88,2,0.003231
chuang2021_017,利路修,boy,2,0.003231
chuang2021_017,利路修,butter,2,0.003231
chuang2021_017,利路修,fly,2,0.003231
chuang2021_017,利路修,lit,2,0.003231
chuang2021_017,利路修,lover,2,0.003231
chuang2021_017,利路修,me,2,0.003231
chuang2021_017,利路修,radio,2,0.003231
chuang2021_017,利路修,ready,2,0.003231
chuang2021_017,利路修,you,2,0.003231
chuang2021_017,利路修,yummy,2,0.003231
chuang2021_017,利路修,一之濑飞鸟,2,0.003231
chuang2021_017,利路修,三亚,2,0.003231
chuang2021_017,利路修,上原一翔,2,0.003231
chuang2021_017,利路修,代少冬,2,0.003231
chuang2021_017,利路修,佐藤永翔,2,0.003231
chuang2021_017,利路修,何圳煜,2,0.003231
chuang2021_017,利路修,何屹繁,2,0.003231
chuang2021_017,利路修,何懿峻,2,0.003231
chuang2021_017,利路修,作为怪物,2,0.003231
chuang2021_017,利路修,你不投我不投,2,0.003231
chuang2021_017,利路修,凌箫,2,0.003231
chuang2021_017,利路修,刘严冬季,2,0.003231
chuang2021_017,利路修,刘唐辉,2,0.003231
chuang2021_017,利路修,刘宇,2,0.003231
chuang2021_017,利路修,刘聪,2,0.003231
chuang2021_017,利路修,利路修令人满意的舞蹈能力,2,0.003231
chuang2021_017,利路修,利路修感言,2,0.003231
chuang2021_017,利路修,加油,2,0.003231
chuang2021_017,利路修,加注能量啦,2,0.003231
chuang2021_017,利路修,助你获得惊喜vlog拍摄机会,2,0.003231
chuang2021_017,利路修,卢克,2,0.003231
chuang2021_017,利路修,原部凌,2,0.003231
chuang2021_017,利路修,叶皓然,2,0.003231
chuang2021_017,利路修,吴海,2,0.003231
chuang2021_017,利路修,周柯宇,2,0.003231
chuang2021_017,利路修,哈哈哈,2,0.003231
chuang2021_017,利路修,太可爱了,2,0.003231
chuang2021_017,利路修,女孩,2,0.003231
chuang2021_017,利路修,好笑又真诚,2,0.003231
chuang2021_017,利路修,姐妹们,2,0.003231
chuang2021_017,利路修,学员能量榜为你,2,0.003231
chuang2021_017,利路修,安迪,2,0.003231
chuang2021_017,利路修,宝贝你有不傻笑的时候吗,2,0.003231
chuang2021_017,利路修,屈柏宇,2,0.003231
chuang2021_017,利路修,张嘉元,2,0.003231
chuang2021_017,利路修,张璋,2,0.003231
chuang2021_017,利路修,张腾,2,0.003231
chuang2021_017,利路修,徐圣兹,2,0.003231
chuang2021_017,利路修,徐绍岚,2,0.003231
chuang2021_017,利路修,微博综艺的微博视频,2,0.003231
chuang2021_017,利路修,怿涵,2,0.003231
chuang2021_017,利路修,想让更多人看到如此优秀的你,2,0.003231
chuang2021_017,利路修,我在纯甄,2,0.003231
chuang2021_017,利路修,我欢喜喜欢你,2,0.003231
chuang2021_017,利路修,曹左,2,0.003231
chuang2021_017,利路修,曾涵江,2,0.003231
chuang2021_017,利路修,最后,2,0.003231
chuang2021_017,利路修,最喜欢看力丸一天傻乐呵了,2,0.003231
chuang2021_017,利路修,李嘉祥,2,0.003231
chuang2021_017,利路修,李家豪,2,0.003231
chuang2021_017,利路修,李政庭,2,0.003231
chuang2021_017,利路修,李沛洋,2,0.003231
chuang2021_017,利路修,李泰龙,2,0.003231
chuang2021_017,利路修,李泽坤,2,0.003231
chuang2021_017,利路修,李洛尔,2,0.003231
chuang2021_017,利路修,林煜修,2,0.003231
chuang2021_017,利路修,林豆,2,0.003231
chuang2021_017,利路修,没有人不喜欢人气,2,0.003231
chuang2021_017,利路修,爱我ready,2,0.003231
chuang2021_017,利路修,牛哞哞,2,0.003231
chuang2021_017,利路修,王泽浩,2,0.003231
chuang2021_017,利路修,田口馨也,2,0.003231
chuang2021_017,利路修,看创4记得撑腰么么哒,2,0.003231
chuang2021_017,利路修,看利老师晋级也在偷笑,2,0.003231
chuang2021_017,利路修,着急下班的利路修,2,0.003231
chuang2021_017,利路修,破茧,2,0.003231
chuang2021_017,利路修,给我天天开心,2,0.003231
chuang2021_017,利路修,罗言,2,0.003231
chuang2021_017,利路修,肖力桓,2,0.003231
chuang2021_017,利路修,胡烨韬,2,0.003231
chuang2021_017,利路修,腾讯视频创造营2021,2,0.003231
chuang2021_017,利路修,范臻尔,2,0.003231
chuang2021_017,利路修,荣耀,2,0.003231
chuang2021_017,利路修,蒋敦豪,2,0.003231
chuang2021_017,利路修,谢兴阳,2,0.003231
chuang2021_017,利路修,谷柳霖,2,0.003231
chuang2021_017,利路修,贵尚奇,2,0.003231
chuang2021_017,利路修,赖耀翔,2,0.003231
chuang2021_017,利路修,超级冠军,2,0.003231
chuang2021_017,利路修,这是利路修最开心的舞台吧,2,0.003231
chuang2021_017,利路修,邵明明,2,0.003231
chuang2021_017,利路修,郑明鑫,2,0.003231
chuang2021_017,利路修,都筑雄哉,2,0.003231
chuang2021_017,利路修,醉拳,2,0.003231
chuang2021_017,利路修,钱政宇,2,0.003231
chuang2021_017,利路修,门胁慎刚,2,0.003231
chuang2021_017,利路修,阿克朱力,2,0.003231
chuang2021_017,利路修,陆定昊,2,0.003231
chuang2021_017,利路修,陈俊洁,2,0.003231
chuang2021_017,利路修,陈瑞丰,2,0.003231
chuang2021_017,利路修,隅田隼平,2,0.003231
chuang2021_017,利路修,霓虹甜心,2,0.003231
chuang2021_017,利路修,韦语节,2,0.003231
chuang2021_017,利路修,韩佩泉,2,0.003231
chuang2021_017,利路修,魏子越,2,0.003231
chuang2021_017,利路修,黄鲲,2,0.003231
chuang2021_018,吴宇恒,吴宇恒,121,0.101852
chuang2021_018,吴宇恒,收起,35,0.029461
chuang2021_018,吴宇恒,吴宇恒超话,27,0.022727
chuang2021_018,吴宇恒,我在纯甄,23,0.01936
chuang2021_018,吴宇恒,创造营2021纯甄创造营学员能量榜,22,0.018519
chuang2021_018,吴宇恒,加注能量啦,21,0.017677
chuang2021_018,吴宇恒,吴宇恒唱歌很稳,17,0.01431
chuang2021_018,吴宇恒,学员能量榜为,17,0.01431
chuang2021_018,吴宇恒,创造营2021吴宇恒,15,0.012626
chuang2021_018,吴宇恒,你也快来为喜欢的学员助力吧,12,0.010101
chuang2021_018,吴宇恒,周柯宇,12,0.010101
chuang2021_018,吴宇恒,米卡,12,0.010101
chuang2021_018,吴宇恒,能为他争取到专属vlog拍摄机会,12,0.010101
chuang2021_018,吴宇恒,吴宇恒和音好听,10,0.008418
chuang2021_018,吴宇恒,张星特,10,0.008418
chuang2021_018,吴宇恒,伯远,9,0.007576
chuang2021_018,吴宇恒,刘宇,9,0.007576
chuang2021_018,吴宇恒,明星势力榜,9,0.007576
chuang2021_018,吴宇恒,付思超,8,0.006734
chuang2021_018,吴宇恒,俞更寅,8,0.006734
chuang2021_018,吴宇恒,和马,8,0.006734
chuang2021_018,吴宇恒,张嘉元,8,0.006734
chuang2021_018,吴宇恒,张腾,8,0.006734
chuang2021_018,吴宇恒,林墨,8,0.006734
chuang2021_018,吴宇恒,甘望星,8,0.006734
chuang2021_018,吴宇恒,腾讯视频创造营2021,8,0.006734
chuang2021_018,吴宇恒,赞多,8,0.006734
chuang2021_018,吴宇恒,高卿尘,8,0.006734
chuang2021_018,吴宇恒,wyh,7,0.005892
chuang2021_018,吴宇恒,井胧,7,0.005892
chuang2021_018,吴宇恒,何屹繁,7,0.005892
chuang2021_018,吴宇恒,奥斯卡,7,0.005892
chuang2021_018,吴宇恒,尹浩宇,7,0.005892
chuang2021_018,吴宇恒,张欣尧,7,0.005892
chuang2021_018,吴宇恒,毕业快乐,7,0.005892
chuang2021_018,吴宇恒,一起为他助力戳,6,0.005051
chuang2021_018,吴宇恒,不忘初心,6,0.005051
chuang2021_018,吴宇恒,井汲大翔,6,0.005051
chuang2021_018,吴宇恒,任胤蓬,6,0.005051
chuang2021_018,吴宇恒,你一定能拿下,6,0.005051
chuang2021_018,吴宇恒,创造营2021榜,6,0.005051
chuang2021_018,吴宇恒,创造营2021榜好成绩,6,0.005051
chuang2021_018,吴宇恒,创造营排名,6,0.005051
chuang2021_018,吴宇恒,力丸,6,0.005051
chuang2021_018,吴宇恒,吴海,6,0.005051
chuang2021_018,吴宇恒,庆怜,6,0.005051
chuang2021_018,吴宇恒,方得始终,6,0.005051
chuang2021_018,吴宇恒,诺言,6,0.005051
chuang2021_018,吴宇恒,邵明明,6,0.005051
chuang2021_018,吴宇恒,上原一翔,5,0.004209
chuang2021_018,吴宇恒,于洋,5,0.004209
chuang2021_018,吴宇恒,代少冬,5,0.004209
chuang2021_018,吴宇恒,刘彰,5,0.004209
chuang2021_018,吴宇恒,大卫,5,0.004209
chuang2021_018,吴宇恒,屈柏宇,5,0.004209
chuang2021_018,吴宇恒,想让更多人看到如此优秀的你,5,0.004209
chuang2021_018,吴宇恒,胡烨韬,5,0.004209
chuang2021_018,吴宇恒,荣耀,5,0.004209
chuang2021_018,吴宇恒,请创造营2021公平对待吴宇恒,5,0.004209
chuang2021_018,吴宇恒,韩佩泉,5,0.004209
chuang2021_018,吴宇恒,16名,4,0.003367
chuang2021_018,吴宇恒,2021我向,4,0.003367
chuang2021_018,吴宇恒,一之濑飞鸟,4,0.003367
chuang2021_018,吴宇恒,刘聪,4,0.003367
chuang2021_018,吴宇恒,利路修,4,0.003367
chuang2021_018,吴宇恒,加油,4,0.003367
chuang2021_018,吴宇恒,助你获得惊喜vlog拍摄机会,4,0.003367
chuang2021_018,吴宇恒,原部凌,4,0.003367
chuang2021_018,吴宇恒,叶皓然,4,0.003367
chuang2021_018,吴宇恒,学员能量榜为你,4,0.003367
chuang2021_018,吴宇恒,快来为你支持的学员加油助力吧,4,0.003367
chuang2021_018,吴宇恒,怿涵,4,0.003367
chuang2021_018,吴宇恒,曾涵江,4,0.003367
chuang2021_018,吴宇恒,李嘉祥,4,0.003367
chuang2021_018,吴宇恒,李政庭,4,0.003367
chuang2021_018,吴宇恒,李沛洋,4,0.003367
chuang2021_018,吴宇恒,李泰龙,4,0.003367
chuang2021_018,吴宇恒,林豆,4,0.003367
chuang2021_018,吴宇恒,欢迎回家,4,0.003367
chuang2021_018,吴宇恒,肖力桓,4,0.003367
chuang2021_018,吴宇恒,范臻尔,4,0.003367
chuang2021_018,吴宇恒,蒋敦豪,4,0.003367
chuang2021_018,吴宇恒,薛八一,4,0.003367
chuang2021_018,吴宇恒,谢兴阳,4,0.003367
chuang2021_018,吴宇恒,送出纯甄卡啦,4,0.003367
chuang2021_018,吴宇恒,郑明鑫,4,0.003367
chuang2021_018,吴宇恒,门胁慎刚,4,0.003367
chuang2021_018,吴宇恒,陆定昊,4,0.003367
chuang2021_018,吴宇恒,陈俊洁,4,0.003367
chuang2021_018,吴宇恒,韦语节,4,0.003367
chuang2021_018,吴宇恒,2021,3,0.002525
chuang2021_018,吴宇恒,88,3,0.002525
chuang2021_018,吴宇恒,895w,3,0.002525
chuang2021_018,吴宇恒,boy,3,0.002525
chuang2021_018,吴宇恒,butter,3,0.002525
chuang2021_018,吴宇恒,fly,3,0.002525
chuang2021_018,吴宇恒,handsomeboys的舞台真实让人听醉了,3,0.002525
chuang2021_018,吴宇恒,lover,3,0.002525
chuang2021_018,吴宇恒,me,3,0.002525
chuang2021_018,吴宇恒,op量仅官方数据组保守估计共投出,3,0.002525
chuang2021_018,吴宇恒,radio,3,0.002525
chuang2021_018,吴宇恒,ready,3,0.002525
chuang2021_018,吴宇恒,vocal门面担当吴宇恒,3,0.002525
chuang2021_018,吴宇恒,yummy,3,0.002525
chuang2021_018,吴宇恒,一问为什么将仅数据组打投数投出票数的就高于本轮公布票数,3,0.002525
chuang2021_018,吴宇恒,三问为什么采访内容语焉不详造成舆论,3,0.002525
chuang2021_018,吴宇恒,上集,3,0.002525
chuang2021_018,吴宇恒,下集,3,0.002525
chuang2021_018,吴宇恒,为何吴宇恒被压票至16名,3,0.002525
chuang2021_018,吴宇恒,为梦想拼尽全力,3,0.002525
chuang2021_018,吴宇恒,主题曲二创学员们颠覆改编,3,0.002525
chuang2021_018,吴宇恒,主题曲舞台中心位诞生,3,0.002525
chuang2021_018,吴宇恒,二创的时候很开心找到了最适合自己的小组,3,0.002525
chuang2021_018,吴宇恒,二创的水准吗,3,0.002525
chuang2021_018,吴宇恒,二问为什么节目中恶剪吴宇恒镜头,3,0.002525
chuang2021_018,吴宇恒,今晚舞台我觉得挺满意的,3,0.002525
chuang2021_018,吴宇恒,今次排名公布,3,0.002525
chuang2021_018,吴宇恒,但公布排名票数却仅为765w,3,0.002525
chuang2021_018,吴宇恒,佐藤永翔,3,0.002525
chuang2021_018,吴宇恒,作为怪物,3,0.002525
chuang2021_018,吴宇恒,作为赛前的热门选手的粉丝,3,0.002525
chuang2021_018,吴宇恒,你听了几遍呢,3,0.002525
chuang2021_018,吴宇恒,全体树懒将坚决抵制一切不公平待遇给,3,0.002525
chuang2021_018,吴宇恒,冲冲冲,3,0.002525
chuang2021_018,吴宇恒,创4排名,3,0.002525
chuang2021_018,吴宇恒,创造营2021榜上支持你啦,3,0.002525
chuang2021_018,吴宇恒,创造营2021超话,3,0.002525
chuang2021_018,吴宇恒,后援会竭尽所能为让创造营2021学员吴宇恒能够在二轮的名次上更上名次,3,0.002525
chuang2021_018,吴宇恒,吴宇恒官方粉丝后援会向,3,0.002525
chuang2021_018,吴宇恒,吴宇恒帅得好干净,3,0.002525
chuang2021_018,吴宇恒,和兄弟们在一起,3,0.002525
chuang2021_018,吴宇恒,喜内优心,3,0.002525
chuang2021_018,吴宇恒,四问为什么吴宇恒个人相关话题阅读量及讨论度均高于同时段话题却次次无法上升趋势榜,3,0.002525
chuang2021_018,吴宇恒,在上一阶段的撑腰阶段中,3,0.002525
chuang2021_018,吴宇恒,在创造营2021的舞台上一步一步正在慢慢地实现,3,0.002525
chuang2021_018,吴宇恒,在排名公布前均一一核实完毕,3,0.002525
chuang2021_018,吴宇恒,在此,3,0.002525
chuang2021_018,吴宇恒,女孩,3,0.002525
chuang2021_018,吴宇恒,安迪,3,0.002525
chuang2021_018,吴宇恒,导致赛前热门选手节目开播后镜头甚至在无舞台期中甚至,3,0.002525
chuang2021_018,吴宇恒,希望,3,0.002525
chuang2021_018,吴宇恒,希望有一天能够听到全世界的赞美,3,0.002525
chuang2021_018,吴宇恒,并且在最后两日通宵夜投全力冲刺,3,0.002525
chuang2021_018,吴宇恒,应有的待遇和名次,3,0.002525
chuang2021_018,吴宇恒,微博正文,3,0.002525
chuang2021_018,吴宇恒,恶意消费选手话题,3,0.002525
chuang2021_018,吴宇恒,我们不服,3,0.002525
chuang2021_018,吴宇恒,我们拒绝不给镜头,3,0.002525
chuang2021_018,吴宇恒,我们拒绝人为压票,3,0.002525
chuang2021_018,吴宇恒,我们拒绝恶意剪辑,3,0.002525
chuang2021_018,吴宇恒,我们拒绝所有的不公平待遇,3,0.002525
chuang2021_018,吴宇恒,我们拒绝所有破坏规则的行为,3,0.002525
chuang2021_018,吴宇恒,我欢喜喜欢你,3,0.002525
chuang2021_018,吴宇恒,所有撑腰投票数据均有录屏证据,3,0.002525
chuang2021_018,吴宇恒,扬帆起航,3,0.002525
chuang2021_018,吴宇恒,把主题曲唱给你听,3,0.002525
chuang2021_018,吴宇恒,提出质疑,3,0.002525
chuang2021_018,吴宇恒,新浪综艺的微博视频,3,0.002525
chuang2021_018,吴宇恒,明星势力榜第859位,3,0.002525
chuang2021_018,吴宇恒,更是希望这首二创都由哼哼来配和声,3,0.002525
chuang2021_018,吴宇恒,更遑论热搜位,3,0.002525
chuang2021_018,吴宇恒,未包括散投以及夜投部分,3,0.002525
chuang2021_018,吴宇恒,未来的日子一起闯吧,3,0.002525
chuang2021_018,吴宇恒,李家豪,3,0.002525
chuang2021_018,吴宇恒,李洛尔,3,0.002525
chuang2021_018,吴宇恒,林煜修,3,0.002525
chuang2021_018,吴宇恒,查无此人,3,0.002525
chuang2021_018,吴宇恒,正视吴宇恒粉丝诉求,3,0.002525
chuang2021_018,吴宇恒,爱我ready,3,0.002525
chuang2021_018,吴宇恒,王孝辰,3,0.002525
chuang2021_018,吴宇恒,现在这个梦,3,0.002525
chuang2021_018,吴宇恒,看创4记得撑腰么么哒,3,0.002525
chuang2021_018,吴宇恒,破茧,3,0.002525
chuang2021_018,吴宇恒,第4期上,3,0.002525
chuang2021_018,吴宇恒,第4期下,3,0.002525
chuang2021_018,吴宇恒,第二阶段联投,3,0.002525
chuang2021_018,吴宇恒,纯甄,3,0.002525
chuang2021_018,吴宇恒,经后援会及数据组二轮截榜后便开始整理统计,3,0.002525
chuang2021_018,吴宇恒,羽生田挙武,3,0.002525
chuang2021_018,吴宇恒,联投视频也均在截榜前完成并确认,3,0.002525
chuang2021_018,吴宇恒,赖耀翔,3,0.002525
chuang2021_018,吴宇恒,赛时我们一直积极参与每一次活动,3,0.002525
chuang2021_018,吴宇恒,超级冠军,3,0.002525
chuang2021_018,吴宇恒,跨海相聚,3,0.002525
chuang2021_018,吴宇恒,这就是,3,0.002525
chuang2021_018,吴宇恒,这是我梦里到过的地方,3,0.002525
chuang2021_018,吴宇恒,那段双人和声重唱有被惊艳到,3,0.002525
chuang2021_018,吴宇恒,醉拳,3,0.002525
chuang2021_018,吴宇恒,钱政宇,3,0.002525
chuang2021_018,吴宇恒,霓虹甜心,3,0.002525
chuang2021_018,吴宇恒,魏子越,3,0.002525
chuang2021_018,吴宇恒,黑马王子,3,0.002525
chuang2021_018,吴宇恒,黑马王子吴宇恒,3,0.002525
chuang2021_018,吴宇恒,ak刘彰,2,0.001684
chuang2021_018,吴宇恒,amu羽生田挙武,2,0.001684
chuang2021_018,吴宇恒,lit,2,0.001684
chuang2021_018,吴宇恒,you,2,0.001684
chuang2021_018,吴宇恒,yuu喜内优心,2,0.001684
chuang2021_018,吴宇恒,但是,2,0.001684
chuang2021_018,吴宇恒,何圳煜,2,0.001684
chuang2021_018,吴宇恒,何懿峻,2,0.001684
chuang2021_018,吴宇恒,你也快来为的学员助力吧,2,0.001684
chuang2021_018,吴宇恒,你可以的,2,0.001684
chuang2021_018,吴宇恒,入股绝对不会吃亏,2,0.001684
chuang2021_018,吴宇恒,凌箫,2,0.001684
chuang2021_018,吴宇恒,刘严冬季,2,0.001684
chuang2021_018,吴宇恒,刘唐辉,2,0.001684
chuang2021_018,吴宇恒,创4选手,2,0.001684
chuang2021_018,吴宇恒,创作能力max,2,0.001684
chuang2021_018,吴宇恒,加油加油,2,0.001684
chuang2021_018,吴宇恒,加注能量你也快来为喜欢的学员助力吧,2,0.001684
chuang2021_018,吴宇恒,卢克,2,0.001684
chuang2021_018,吴宇恒,另外,2,0.001684
chuang2021_018,吴宇恒,吴宇恒植物系男友风写真,2,0.001684
chuang2021_018,吴宇恒,宝贝,2,0.001684
chuang2021_018,吴宇恒,张璋,2,0.001684
chuang2021_018,吴宇恒,徐圣兹,2,0.001684
chuang2021_018,吴宇恒,徐绍岚,2,0.001684
chuang2021_018,吴宇恒,心动不如行动快来做小树懒吧,2,0.001684
chuang2021_018,吴宇恒,总之,2,0.001684
chuang2021_018,吴宇恒,我们一起走花路吧,2,0.001684
chuang2021_018,吴宇恒,我们一起闯,2,0.001684
chuang2021_018,吴宇恒,戴学霖,2,0.001684
chuang2021_018,吴宇恒,曹左,2,0.001684
chuang2021_018,吴宇恒,李泽坤,2,0.001684
chuang2021_018,吴宇恒,来带你认识,2,0.001684
chuang2021_018,吴宇恒,歌声撩人心弦,2,0.001684
chuang2021_018,吴宇恒,毕业快乐宝贝,2,0.001684
chuang2021_018,吴宇恒,永不失联的爱,2,0.001684
chuang2021_018,吴宇恒,爱你哦,2,0.001684
chuang2021_018,吴宇恒,王泽浩,2,0.001684
chuang2021_018,吴宇恒,田口馨也,2,0.001684
chuang2021_018,吴宇恒,罗言,2,0.001684
chuang2021_018,吴宇恒,谷柳霖,2,0.001684
chuang2021_018,吴宇恒,贵尚奇,2,0.001684
chuang2021_018,吴宇恒,都筑雄哉,2,0.001684
chuang2021_018,吴宇恒,阿克朱力,2,0.001684
chuang2021_018,吴宇恒,阿克朱立,2,0.001684
chuang2021_018,吴宇恒,陈瑞丰,2,0.001684
chuang2021_018,吴宇恒,隅田隼平,2,0.001684
chuang2021_018,吴宇恒,黄鲲,2,0.001684
chuang2021_018,吴宇恒,黑人牙膏白酵素助力创造营吴宇恒闪耀闯关,2,0.001684
chuang2021_019,任胤蓬,任胤蓬,112,0.186356
chuang2021_019,任胤蓬,收起,24,0.039933
chuang2021_019,任胤蓬,明星势力榜,18,0.02995
chuang2021_019,任胤蓬,ryp,14,0.023295
chuang2021_019,任胤蓬,任胤蓬超话,14,0.023295
chuang2021_019,任胤蓬,一起为他助力戳,12,0.019967
chuang2021_019,任胤蓬,不忘初心,12,0.019967
chuang2021_019,任胤蓬,你一定能拿下,12,0.019967
chuang2021_019,任胤蓬,创造营2021榜,12,0.019967
chuang2021_019,任胤蓬,创造营2021榜好成绩,12,0.019967
chuang2021_019,任胤蓬,方得始终,12,0.019967
chuang2021_019,任胤蓬,黑人牙膏白酵素助力创造营任胤蓬闪耀闯关,12,0.019967
chuang2021_019,任胤蓬,加油,11,0.018303
chuang2021_019,任胤蓬,任胤蓬创造营2021,10,0.016639
chuang2021_019,任胤蓬,张嘉元,10,0.016639
chuang2021_019,任胤蓬,元气爱豆的日常,8,0.013311
chuang2021_019,任胤蓬,付思超,7,0.011647
chuang2021_019,任胤蓬,任胤蓬想正大光明地站在该站在的地方,7,0.011647
chuang2021_019,任胤蓬,周柯宇,7,0.011647
chuang2021_019,任胤蓬,林墨,7,0.011647
chuang2021_019,任胤蓬,毕业快乐,7,0.011647
chuang2021_019,任胤蓬,为梦想拼尽全力,6,0.009983
chuang2021_019,任胤蓬,人间清醒任胤蓬,6,0.009983
chuang2021_019,任胤蓬,刘宇,6,0.009983
chuang2021_019,任胤蓬,创造营2021榜上支持你啦,6,0.009983
chuang2021_019,任胤蓬,扬帆起航,6,0.009983
chuang2021_019,任胤蓬,明星势力榜第155位,6,0.009983
chuang2021_019,任胤蓬,跨海相聚,6,0.009983
chuang2021_019,任胤蓬,井胧,5,0.008319
chuang2021_019,任胤蓬,人间反光板,5,0.008319
chuang2021_019,任胤蓬,俞更寅,5,0.008319
chuang2021_019,任胤蓬,力丸,5,0.008319
chuang2021_019,任胤蓬,吴宇恒,5,0.008319
chuang2021_019,任胤蓬,奥斯卡,5,0.008319
chuang2021_019,任胤蓬,张欣尧,5,0.008319
chuang2021_019,任胤蓬,欢迎回家,5,0.008319
chuang2021_019,任胤蓬,甘望星,5,0.008319
chuang2021_019,任胤蓬,伯远,4,0.006656
chuang2021_019,任胤蓬,爱豆v力量,4,0.006656
chuang2021_019,任胤蓬,爱豆锦鲤月,4,0.006656
chuang2021_019,任胤蓬,米卡,4,0.006656
chuang2021_019,任胤蓬,胡烨韬,4,0.006656
chuang2021_019,任胤蓬,赞多,4,0.006656
chuang2021_019,任胤蓬,闫永强,4,0.006656
chuang2021_019,任胤蓬,井汲大翔,3,0.004992
chuang2021_019,任胤蓬,代少冬,3,0.004992
chuang2021_019,任胤蓬,刘彰,3,0.004992
chuang2021_019,任胤蓬,创造营2021纯甄创造营学员能量榜,3,0.004992
chuang2021_019,任胤蓬,利路修,3,0.004992
chuang2021_019,任胤蓬,加注能量啦,3,0.004992
chuang2021_019,任胤蓬,吴海,3,0.004992
chuang2021_019,任胤蓬,和马,3,0.004992
chuang2021_019,任胤蓬,屈柏宇,3,0.004992
chuang2021_019,任胤蓬,庆怜,3,0.004992
chuang2021_019,任胤蓬,张星特,3,0.004992
chuang2021_019,任胤蓬,张腾,3,0.004992
chuang2021_019,任胤蓬,微博正文,3,0.004992
chuang2021_019,任胤蓬,我在纯甄,3,0.004992
chuang2021_019,任胤蓬,纯甄为任胤蓬撑腰,3,0.004992
chuang2021_019,任胤蓬,绝不逃跑,3,0.004992
chuang2021_019,任胤蓬,荣耀,3,0.004992
chuang2021_019,任胤蓬,说到做到,3,0.004992
chuang2021_019,任胤蓬,诺言,3,0.004992
chuang2021_019,任胤蓬,邵明明,3,0.004992
chuang2021_019,任胤蓬,金大爺,3,0.004992
chuang2021_019,任胤蓬,高卿尘,3,0.004992
chuang2021_019,任胤蓬,2021,2,0.003328
chuang2021_019,任胤蓬,amu羽生田挙武,2,0.003328
chuang2021_019,任胤蓬,yuu喜内优心,2,0.003328
chuang2021_019,任胤蓬,一之濑飞鸟,2,0.003328
chuang2021_019,任胤蓬,任胤蓬加油加油加油,2,0.003328
chuang2021_019,任胤蓬,任胤蓬说绝不逃跑,2,0.003328
chuang2021_019,任胤蓬,佐藤永翔,2,0.003328
chuang2021_019,任胤蓬,何屹繁,2,0.003328
chuang2021_019,任胤蓬,你也快来为喜欢的学员助力吧,2,0.003328
chuang2021_019,任胤蓬,刘聪,2,0.003328
chuang2021_019,任胤蓬,创造营2021超话,2,0.003328
chuang2021_019,任胤蓬,创造营排名,2,0.003328
chuang2021_019,任胤蓬,单人粗剪cut,2,0.003328
chuang2021_019,任胤蓬,原部凌,2,0.003328
chuang2021_019,任胤蓬,可愛嗎可惡的微博视频,2,0.003328
chuang2021_019,任胤蓬,叶皓然,2,0.003328
chuang2021_019,任胤蓬,哇唧唧哇下奶了,2,0.003328
chuang2021_019,任胤蓬,学员,2,0.003328
chuang2021_019,任胤蓬,学员能量榜为,2,0.003328
chuang2021_019,任胤蓬,尹浩宇,2,0.003328
chuang2021_019,任胤蓬,怿涵,2,0.003328
chuang2021_019,任胤蓬,我们一起闯,2,0.003328
chuang2021_019,任胤蓬,戴学霖,2,0.003328
chuang2021_019,任胤蓬,李政庭,2,0.003328
chuang2021_019,任胤蓬,李沛洋,2,0.003328
chuang2021_019,任胤蓬,李泰龙,2,0.003328
chuang2021_019,任胤蓬,林豆,2,0.003328
chuang2021_019,任胤蓬,肖力桓,2,0.003328
chuang2021_019,任胤蓬,能为他争取到专属vlog拍摄机会,2,0.003328
chuang2021_019,任胤蓬,腾讯视频创造营2021,2,0.003328
chuang2021_019,任胤蓬,蒋敦豪,2,0.003328
chuang2021_019,任胤蓬,蓬丝绝不逃跑,2,0.003328
chuang2021_019,任胤蓬,薛八一,2,0.003328
chuang2021_019,任胤蓬,郑明鑫,2,0.003328
chuang2021_019,任胤蓬,门胁慎刚,2,0.003328
chuang2021_019,任胤蓬,闫永强用饭圈语给任胤蓬撑腰,2,0.003328
chuang2021_019,任胤蓬,阿克朱立,2,0.003328
chuang2021_019,任胤蓬,陆定昊,2,0.003328
chuang2021_019,任胤蓬,陈俊洁,2,0.003328
chuang2021_019,任胤蓬,韦语节,2,0.003328
chuang2021_020,张欣尧,张欣尧,124,0.062563
chuang2021_020,张欣尧,收起,73,0.036831
chuang2021_020,张欣尧,创造营2021张欣尧,30,0.015136
chuang2021_020,张欣尧,甘望星,29,0.014632
chuang2021_020,张欣尧,吴宇恒,28,0.014127
chuang2021_020,张欣尧,张欣尧超话,28,0.014127
chuang2021_020,张欣尧,林墨,28,0.014127
chuang2021_020,张欣尧,俞更寅,25,0.012614
chuang2021_020,张欣尧,刘宇,24,0.012109
chuang2021_020,张欣尧,米卡,24,0.012109
chuang2021_020,张欣尧,井胧,23,0.011604
chuang2021_020,张欣尧,力丸,23,0.011604
chuang2021_020,张欣尧,周柯宇,23,0.011604
chuang2021_020,张欣尧,庆怜,23,0.011604
chuang2021_020,张欣尧,张嘉元,23,0.011604
chuang2021_020,张欣尧,赞多,23,0.011604
chuang2021_020,张欣尧,付思超,21,0.010595
chuang2021_020,张欣尧,尹浩宇,21,0.010595
chuang2021_020,张欣尧,高卿尘,21,0.010595
chuang2021_020,张欣尧,奥斯卡,20,0.010091
chuang2021_020,张欣尧,任胤蓬,19,0.009586
chuang2021_020,张欣尧,吴海,19,0.009586
chuang2021_020,张欣尧,张腾,18,0.009082
chuang2021_020,张欣尧,邵明明,18,0.009082
chuang2021_020,张欣尧,何屹繁,17,0.008577
chuang2021_020,张欣尧,刘彰,17,0.008577
chuang2021_020,张欣尧,韩佩泉,17,0.008577
chuang2021_020,张欣尧,井汲大翔,16,0.008073
chuang2021_020,张欣尧,和马,16,0.008073
chuang2021_020,张欣尧,张星特,16,0.008073
chuang2021_020,张欣尧,范臻尔,16,0.008073
chuang2021_020,张欣尧,一之濑飞鸟,15,0.007568
chuang2021_020,张欣尧,伯远,15,0.007568
chuang2021_020,张欣尧,陆定昊,15,0.007568
chuang2021_020,张欣尧,原部凌,14,0.007064
chuang2021_020,张欣尧,创造营2021超话,13,0.006559
chuang2021_020,张欣尧,利路修,13,0.006559
chuang2021_020,张欣尧,诺言,13,0.006559
chuang2021_020,张欣尧,谢兴阳,13,0.006559
chuang2021_020,张欣尧,女孩,12,0.006054
chuang2021_020,张欣尧,曾涵江,12,0.006054
chuang2021_020,张欣尧,胡烨韬,12,0.006054
chuang2021_020,张欣尧,代少冬,11,0.00555
chuang2021_020,张欣尧,李洛尔,11,0.00555
chuang2021_020,张欣尧,爱豆v力量,11,0.00555
chuang2021_020,张欣尧,me,10,0.005045
chuang2021_020,张欣尧,you,10,0.005045
chuang2021_020,张欣尧,上原一翔,10,0.005045
chuang2021_020,张欣尧,于洋,10,0.005045
chuang2021_020,张欣尧,屈柏宇,10,0.005045
chuang2021_020,张欣尧,张欣尧卡点,10,0.005045
chuang2021_020,张欣尧,张欣尧曾经一贫如洗现在富甲一方,10,0.005045
chuang2021_020,张欣尧,李政庭,10,0.005045
chuang2021_020,张欣尧,王孝辰,10,0.005045
chuang2021_020,张欣尧,肖力桓,10,0.005045
chuang2021_020,张欣尧,荣耀,10,0.005045
chuang2021_020,张欣尧,蒋敦豪,10,0.005045
chuang2021_020,张欣尧,门胁慎刚,10,0.005045
chuang2021_020,张欣尧,魏子越,10,0.005045
chuang2021_020,张欣尧,佐藤永翔,9,0.004541
chuang2021_020,张欣尧,刘聪,9,0.004541
chuang2021_020,张欣尧,叶皓然,9,0.004541
chuang2021_020,张欣尧,喜内优心,9,0.004541
chuang2021_020,张欣尧,大卫,9,0.004541
chuang2021_020,张欣尧,安迪,9,0.004541
chuang2021_020,张欣尧,张欣尧想带着粉丝的力量走到成团位,9,0.004541
chuang2021_020,张欣尧,怿涵,9,0.004541
chuang2021_020,张欣尧,李泰龙,9,0.004541
chuang2021_020,张欣尧,林豆,9,0.004541
chuang2021_020,张欣尧,赖耀翔,9,0.004541
chuang2021_020,张欣尧,郑明鑫,9,0.004541
chuang2021_020,张欣尧,陈俊洁,9,0.004541
chuang2021_020,张欣尧,韦语节,9,0.004541
chuang2021_020,张欣尧,boy,8,0.004036
chuang2021_020,张欣尧,何圳煜,8,0.004036
chuang2021_020,张欣尧,创造营排名,8,0.004036
chuang2021_020,张欣尧,徐圣兹,8,0.004036
chuang2021_020,张欣尧,曹左,8,0.004036
chuang2021_020,张欣尧,李嘉祥,8,0.004036
chuang2021_020,张欣尧,李家豪,8,0.004036
chuang2021_020,张欣尧,李沛洋,8,0.004036
chuang2021_020,张欣尧,林煜修,8,0.004036
chuang2021_020,张欣尧,羽生田挙武,8,0.004036
chuang2021_020,张欣尧,薛八一,8,0.004036
chuang2021_020,张欣尧,谷柳霖,8,0.004036
chuang2021_020,张欣尧,钱政宇,8,0.004036
chuang2021_020,张欣尧,隅田隼平,8,0.004036
chuang2021_020,张欣尧,88,7,0.003532
chuang2021_020,张欣尧,butter,7,0.003532
chuang2021_020,张欣尧,fly,7,0.003532
chuang2021_020,张欣尧,lover,7,0.003532
chuang2021_020,张欣尧,radio,7,0.003532
chuang2021_020,张欣尧,ready,7,0.003532
chuang2021_020,张欣尧,yummy,7,0.003532
chuang2021_020,张欣尧,为你撑腰,7,0.003532
chuang2021_020,张欣尧,何懿峻,7,0.003532
chuang2021_020,张欣尧,作为怪物,7,0.003532
chuang2021_020,张欣尧,凌箫,7,0.003532
chuang2021_020,张欣尧,刘严冬季,7,0.003532
chuang2021_020,张欣尧,刘唐辉,7,0.003532
chuang2021_020,张欣尧,创4排名,7,0.003532
chuang2021_020,张欣尧,卢克,7,0.003532
chuang2021_020,张欣尧,君君lxx,7,0.003532
chuang2021_020,张欣尧,张璋,7,0.003532
chuang2021_020,张欣尧,徐绍岚,7,0.003532
chuang2021_020,张欣尧,我欢喜喜欢你,7,0.003532
chuang2021_020,张欣尧,李泽坤,7,0.003532
chuang2021_020,张欣尧,爱我ready,7,0.003532
chuang2021_020,张欣尧,王泽浩,7,0.003532
chuang2021_020,张欣尧,田口馨也,7,0.003532
chuang2021_020,张欣尧,破茧,7,0.003532
chuang2021_020,张欣尧,罗言,7,0.003532
chuang2021_020,张欣尧,贵尚奇,7,0.003532
chuang2021_020,张欣尧,超级冠军,7,0.003532
chuang2021_020,张欣尧,都筑雄哉,7,0.003532
chuang2021_020,张欣尧,醉拳,7,0.003532
chuang2021_020,张欣尧,阿克朱力,7,0.003532
chuang2021_020,张欣尧,陈瑞丰,7,0.003532
chuang2021_020,张欣尧,霓虹甜心,7,0.003532
chuang2021_020,张欣尧,黄鲲,7,0.003532
chuang2021_020,张欣尧,lit,6,0.003027
chuang2021_020,张欣尧,佳佳呀yao,6,0.003027
chuang2021_020,张欣尧,张欣尧舞蹈男友力,6,0.003027
chuang2021_020,张欣尧,宁静,5,0.002523
chuang2021_020,张欣尧,张欣尧值得一个出道位,5,0.002523
chuang2021_020,张欣尧,微博综艺的微博视频,5,0.002523
chuang2021_020,张欣尧,一起为他助力戳,4,0.002018
chuang2021_020,张欣尧,不忘初心,4,0.002018
chuang2021_020,张欣尧,你一定能拿下,4,0.002018
chuang2021_020,张欣尧,你最看好谁,4,0.002018
chuang2021_020,张欣尧,创4一公分组,4,0.002018
chuang2021_020,张欣尧,创造营2021榜,4,0.002018
chuang2021_020,张欣尧,创造营2021榜好成绩,4,0.002018
chuang2021_020,张欣尧,方得始终,4,0.002018
chuang2021_020,张欣尧,明星势力榜,4,0.002018
chuang2021_020,张欣尧,退赛,4,0.002018
chuang2021_020,张欣尧,12,3,0.001514
chuang2021_020,张欣尧,ak,3,0.001514
chuang2021_020,张欣尧,一公分组,3,0.001514
chuang2021_020,张欣尧,一只羊,3,0.001514
chuang2021_020,张欣尧,一张两万块的银行卡,3,0.001514
chuang2021_020,张欣尧,不仅如此,3,0.001514
chuang2021_020,张欣尧,凭借自己的努力赚钱养活一家,3,0.001514
chuang2021_020,张欣尧,创始人们看到了吗,3,0.001514
chuang2021_020,张欣尧,创造营成团夜,3,0.001514
chuang2021_020,张欣尧,加油,3,0.001514
chuang2021_020,张欣尧,发表感言时特别感谢创始人代表,3,0.001514
chuang2021_020,张欣尧,周深,3,0.001514
chuang2021_020,张欣尧,因为三次公演舞台宁静老师都是第一个看到自己,3,0.001514
chuang2021_020,张欣尧,在创造营2021第三次顺位中,3,0.001514
chuang2021_020,张欣尧,大概都只是为了自己不去走而干脆放弃明天找的最拙劣的借口,3,0.001514
chuang2021_020,张欣尧,张欣尧第二十名,3,0.001514
chuang2021_020,张欣尧,很感谢老师的每次关注让自己更坚定地前进,3,0.001514
chuang2021_020,张欣尧,新浪综艺的微博视频,3,0.001514
chuang2021_020,张欣尧,早安,3,0.001514
chuang2021_020,张欣尧,是暖心到让人心疼的张欣尧了,3,0.001514
chuang2021_020,张欣尧,曾经一贫如洗现在富甲一方,3,0.001514
chuang2021_020,张欣尧,毕业快乐,3,0.001514
chuang2021_020,张欣尧,甚至给父母盖了一套大房子,3,0.001514
chuang2021_020,张欣尧,的经历好励志,3,0.001514
chuang2021_020,张欣尧,碰到一点不开心就把它搞得似乎是自己这辈子最黑暗的时候,3,0.001514
chuang2021_020,张欣尧,碰到一点不确定性就把前途描摹成黯淡无光的样子,3,0.001514
chuang2021_020,张欣尧,碰到一点压力就把自己变成不堪重负的样子,3,0.001514
chuang2021_020,张欣尧,而张欣尧也是在经济稳固的情况下才来追求自己的梦想,3,0.001514
chuang2021_020,张欣尧,距离创造营2021撑腰通道目前的排名曝光,3,0.001514
chuang2021_020,张欣尧,还慷慨的送了,3,0.001514
chuang2021_020,张欣尧,这样暖心又值得托付的张欣尧,3,0.001514
chuang2021_020,张欣尧,连家人都感叹,3,0.001514
chuang2021_020,张欣尧,闯人的底气,3,0.001514
chuang2021_020,张欣尧,00,2,0.001009
chuang2021_020,张欣尧,10,2,0.001009
chuang2021_020,张欣尧,2021的林墨,2,0.001009
chuang2021_020,张欣尧,26,2,0.001009
chuang2021_020,张欣尧,30,2,0.001009
chuang2021_020,张欣尧,34,2,0.001009
chuang2021_020,张欣尧,amber刘逸云,2,0.001009
chuang2021_020,张欣尧,amu羽生田挙武,2,0.001009
chuang2021_020,张欣尧,make,2,0.001009
chuang2021_020,张欣尧,nene郑乃馨,2,0.001009
chuang2021_020,张欣尧,patrick,2,0.001009
chuang2021_020,张欣尧,rarone雷诺表,2,0.001009
chuang2021_020,张欣尧,sad,2,0.001009
chuang2021_020,张欣尧,we,2,0.001009
chuang2021_020,张欣尧,yuu喜内优心,2,0.001009
chuang2021_020,张欣尧,一张过,2,0.001009
chuang2021_020,张欣尧,一起享受欢乐,2,0.001009
chuang2021_020,张欣尧,上镜的,2,0.001009
chuang2021_020,张欣尧,之后轮到沸羊羊,2,0.001009
chuang2021_020,张欣尧,但是在,2,0.001009
chuang2021_020,张欣尧,低音炮嗓音加上沸羊羊的搞笑声线,2,0.001009
chuang2021_020,张欣尧,你是最棒的,2,0.001009
chuang2021_020,张欣尧,俞更寅和吴海一直忍着眼泪,2,0.001009
chuang2021_020,张欣尧,做游戏,2,0.001009
chuang2021_020,张欣尧,关注,2,0.001009
chuang2021_020,张欣尧,冒险岛连续剧ep02文化交流篇来啦,2,0.001009
chuang2021_020,张欣尧,出道位top11,2,0.001009
chuang2021_020,张欣尧,创4学员私下的交流方式,2,0.001009
chuang2021_020,张欣尧,创造营2021第七期,2,0.001009
chuang2021_020,张欣尧,创造营成团名单,2,0.001009
chuang2021_020,张欣尧,加注能量啦,2,0.001009
chuang2021_020,张欣尧,助教,2,0.001009
chuang2021_020,张欣尧,原部凌感谢几位哥哥太好哭了,2,0.001009
chuang2021_020,张欣尧,又名,2,0.001009
chuang2021_020,张欣尧,发布排名,2,0.001009
chuang2021_020,张欣尧,合计五分钟,2,0.001009
chuang2021_020,张欣尧,吉祥弟弟,2,0.001009
chuang2021_020,张欣尧,吮指原味梨的微博视频,2,0.001009
chuang2021_020,张欣尧,吴宇恒抽泣到嘴唇颤抖,2,0.001009
chuang2021_020,张欣尧,周震南,2,0.001009
chuang2021_020,张欣尧,哥哥们一定也会想念可爱的原buling的,2,0.001009
chuang2021_020,张欣尧,国际交流,2,0.001009
chuang2021_020,张欣尧,在告别,2,0.001009
chuang2021_020,张欣尧,大全景镜头,2,0.001009
chuang2021_020,张欣尧,太长不看版,2,0.001009
chuang2021_020,张欣尧,夹缝镜头,2,0.001009
chuang2021_020,张欣尧,妖娆穿裤,2,0.001009
chuang2021_020,张欣尧,学员,2,0.001009
chuang2021_020,张欣尧,学员们私下的交流方式真的是意料之中惊喜之外,2,0.001009
chuang2021_020,张欣尧,导师,2,0.001009
chuang2021_020,张欣尧,小九,2,0.001009
chuang2021_020,张欣尧,就是这么神奇,2,0.001009
chuang2021_020,张欣尧,就算语言不通大家都很成了并肩作战的好伙伴,2,0.001009
chuang2021_020,张欣尧,弟弟说自己作为一个普通高中生首次出国很紧张,2,0.001009
chuang2021_020,张欣尧,张嘉佳,2,0.001009
chuang2021_020,张欣尧,张嘉元和张欣尧一起唱跳的,2,0.001009
chuang2021_020,张欣尧,张欣尧一直捂着嘴巴哭,2,0.001009
chuang2021_020,张欣尧,张欣尧全镜头cut,2,0.001009
chuang2021_020,张欣尧,张欣尧准备送甘望星银行卡,2,0.001009
chuang2021_020,张欣尧,张欣尧加油,2,0.001009
chuang2021_020,张欣尧,当然上高途课堂,2,0.001009
chuang2021_020,张欣尧,当然是雷诺表,2,0.001009
chuang2021_020,张欣尧,快和小诺一起欣赏,2,0.001009
chuang2021_020,张欣尧,快来康康,2,0.001009
chuang2021_020,张欣尧,我在纯甄,2,0.001009
chuang2021_020,张欣尧,截至2月25日中午12,2,0.001009
chuang2021_020,张欣尧,戴学霖,2,0.001009
chuang2021_020,张欣尧,所有的感情都是双向的,2,0.001009
chuang2021_020,张欣尧,拍完后沸羊羊说,2,0.001009
chuang2021_020,张欣尧,散的,2,0.001009
chuang2021_020,张欣尧,晋级感言,2,0.001009
chuang2021_020,张欣尧,木南的微博视频,2,0.001009
chuang2021_020,张欣尧,海南儋州,2,0.001009
chuang2021_020,张欣尧,温柔对你,2,0.001009
chuang2021_020,张欣尧,爆料之前在拍沙滩海报时,2,0.001009
chuang2021_020,张欣尧,画面感满满的,2,0.001009
chuang2021_020,张欣尧,的关心,2,0.001009
chuang2021_020,张欣尧,的发言也太好哭了,2,0.001009
chuang2021_020,张欣尧,省流版,2,0.001009
chuang2021_020,张欣尧,看完这个不用看正片了投票去吧,2,0.001009
chuang2021_020,张欣尧,组感受到几位哥哥,2,0.001009
chuang2021_020,张欣尧,网课名师怎么选,2,0.001009
chuang2021_020,张欣尧,网页链接,2,0.001009
chuang2021_020,张欣尧,背景板镜头,2,0.001009
chuang2021_020,张欣尧,自己也不用那么小心翼翼,2,0.001009
chuang2021_020,张欣尧,记得三连么么哒,2,0.001009
chuang2021_020,张欣尧,话题转发4月8日不过滤抽1位幸运鹅送,2,0.001009
chuang2021_020,张欣尧,趣格腕表怎么选,2,0.001009
chuang2021_020,张欣尧,选手提及,2,0.001009
chuang2021_020,张欣尧,邓超,2,0.001009
chuang2021_020,张欣尧,锋芒对外,2,0.001009
chuang2021_020,张欣尧,闯人们的感情都太好了,2,0.001009
chuang2021_020,张欣尧,阿克朱立,2,0.001009
chuang2021_020,张欣尧,霸总送钱,2,0.001009
chuang2021_020,张欣尧,面对弟弟的告别,2,0.001009
chuang2021_020,张欣尧,韩美娟,2,0.001009
chuang2021_020,张欣尧,高途圆舞曲,2,0.001009
chuang2021_020,张欣尧,高途课堂,2,0.001009
chuang2021_020,张欣尧,魅柯,2,0.001009
chuang2021_021,俞更寅,俞更寅,135,0.156794
chuang2021_021,俞更寅,收起,49,0.056911
chuang2021_021,俞更寅,俞更寅超话,27,0.031359
chuang2021_021,俞更寅,俞更寅唱数码宝贝插曲,18,0.020906
chuang2021_021,俞更寅,俞更寅神仙嗓音,15,0.017422
chuang2021_021,俞更寅,伯远,12,0.013937
chuang2021_021,俞更寅,俞更寅创造营2021,12,0.013937
chuang2021_021,俞更寅,何屹繁,11,0.012776
chuang2021_021,俞更寅,俞更寅的目标是成团中心位,9,0.010453
chuang2021_021,俞更寅,创造营闯人battle魂,9,0.010453
chuang2021_021,俞更寅,一定会实现你想做的目标,8,0.009292
chuang2021_021,俞更寅,一定可以成为更强大的自己,8,0.009292
chuang2021_021,俞更寅,一旦燃起火焰,8,0.009292
chuang2021_021,俞更寅,上岛前录制的晚安视频,8,0.009292
chuang2021_021,俞更寅,也对未来充满着期待,8,0.009292
chuang2021_021,俞更寅,了解他现在的状况,8,0.009292
chuang2021_021,俞更寅,仍然在继续努力奋斗,8,0.009292
chuang2021_021,俞更寅,任何心愿都可以实现,8,0.009292
chuang2021_021,俞更寅,但是我相信现在的他一定还是充满着信心,8,0.009292
chuang2021_021,俞更寅,俞更寅工作室的微博视频,8,0.009292
chuang2021_021,俞更寅,冒险之旅才刚开始,8,0.009292
chuang2021_021,俞更寅,分享,8,0.009292
chuang2021_021,俞更寅,创造营2021超话,8,0.009292
chuang2021_021,俞更寅,就如同他今天唱的勇敢的心歌词所说,8,0.009292
chuang2021_021,俞更寅,换个心情一瞬间也能清除障碍,8,0.009292
chuang2021_021,俞更寅,给所有正陪伴他一起努力奋斗的伙伴,8,0.009292
chuang2021_021,俞更寅,继续前进出发吧,8,0.009292
chuang2021_021,俞更寅,虽然没办法跟老板联络,8,0.009292
chuang2021_021,俞更寅,俞更寅数码宝贝舞台好热血,7,0.00813
chuang2021_021,俞更寅,俞更寅相信奇迹一定是留给有准备的人,7,0.00813
chuang2021_021,俞更寅,刘宇,7,0.00813
chuang2021_021,俞更寅,创造营排名,7,0.00813
chuang2021_021,俞更寅,吴宇恒,7,0.00813
chuang2021_021,俞更寅,周柯宇,6,0.006969
chuang2021_021,俞更寅,张星特,6,0.006969
chuang2021_021,俞更寅,林墨,6,0.006969
chuang2021_021,俞更寅,赞多,6,0.006969
chuang2021_021,俞更寅,2021,5,0.005807
chuang2021_021,俞更寅,付思超,5,0.005807
chuang2021_021,俞更寅,力丸,5,0.005807
chuang2021_021,俞更寅,吴海,5,0.005807
chuang2021_021,俞更寅,奥斯卡,5,0.005807
chuang2021_021,俞更寅,张欣尧,5,0.005807
chuang2021_021,俞更寅,甘望星,5,0.005807
chuang2021_021,俞更寅,米卡,5,0.005807
chuang2021_021,俞更寅,胡烨韬,5,0.005807
chuang2021_021,俞更寅,高卿尘,5,0.005807
chuang2021_021,俞更寅,井胧,4,0.004646
chuang2021_021,俞更寅,代少冬,4,0.004646
chuang2021_021,俞更寅,任胤蓬,4,0.004646
chuang2021_021,俞更寅,俞更寅因何屹繁离开爆哭,4,0.004646
chuang2021_021,俞更寅,傲娇小俞儿,4,0.004646
chuang2021_021,俞更寅,加油,4,0.004646
chuang2021_021,俞更寅,和马,4,0.004646
chuang2021_021,俞更寅,尹浩宇,4,0.004646
chuang2021_021,俞更寅,庆怜,4,0.004646
chuang2021_021,俞更寅,张嘉元,4,0.004646
chuang2021_021,俞更寅,张腾,4,0.004646
chuang2021_021,俞更寅,我的目标成团中心位,4,0.004646
chuang2021_021,俞更寅,欢迎回家,4,0.004646
chuang2021_021,俞更寅,诺言,4,0.004646
chuang2021_021,俞更寅,邵明明,4,0.004646
chuang2021_021,俞更寅,ygy,3,0.003484
chuang2021_021,俞更寅,于洋,3,0.003484
chuang2021_021,俞更寅,俞更寅第23名,3,0.003484
chuang2021_021,俞更寅,利路修,3,0.003484
chuang2021_021,俞更寅,加注能量啦,3,0.003484
chuang2021_021,俞更寅,因为,3,0.003484
chuang2021_021,俞更寅,屈柏宇,3,0.003484
chuang2021_021,俞更寅,成团夜入场券,3,0.003484
chuang2021_021,俞更寅,我在纯甄,3,0.003484
chuang2021_021,俞更寅,李嘉祥,3,0.003484
chuang2021_021,俞更寅,永不失联的爱,3,0.003484
chuang2021_021,俞更寅,荣耀,3,0.003484
chuang2021_021,俞更寅,韩佩泉,3,0.003484
chuang2021_021,俞更寅,韩美娟给俞更寅解放天性,3,0.003484
chuang2021_021,俞更寅,魏子越,3,0.003484
chuang2021_021,俞更寅,12,2,0.002323
chuang2021_021,俞更寅,amu羽生田挙武,2,0.002323
chuang2021_021,俞更寅,yuu喜内优心,2,0.002323
chuang2021_021,俞更寅,一之濑飞鸟,2,0.002323
chuang2021_021,俞更寅,一起努力,2,0.002323
chuang2021_021,俞更寅,上原一翔,2,0.002323
chuang2021_021,俞更寅,中国并没有舞台机会,2,0.002323
chuang2021_021,俞更寅,井汲大翔,2,0.002323
chuang2021_021,俞更寅,今晚创造营顺位发布,2,0.002323
chuang2021_021,俞更寅,以第23名进入到成团竞争中,2,0.002323
chuang2021_021,俞更寅,但是对一个热爱舞台,2,0.002323
chuang2021_021,俞更寅,你一定可以的,2,0.002323
chuang2021_021,俞更寅,你们成就了我们,2,0.002323
chuang2021_021,俞更寅,俞更寅出道,2,0.002323
chuang2021_021,俞更寅,俞更寅加油,2,0.002323
chuang2021_021,俞更寅,俞更寅感谢创始人们温柔的信和话让自己坚持到现在,2,0.002323
chuang2021_021,俞更寅,俞更寅排名23,2,0.002323
chuang2021_021,俞更寅,俞更寅目标是成团中心位,2,0.002323
chuang2021_021,俞更寅,俞更寅看到自己的是,2,0.002323
chuang2021_021,俞更寅,傲娇小鱼儿已经准备好迎接奇迹了,2,0.002323
chuang2021_021,俞更寅,刘彰,2,0.002323
chuang2021_021,俞更寅,刘聪,2,0.002323
chuang2021_021,俞更寅,创始人们还在等什么呢,2,0.002323
chuang2021_021,俞更寅,创造营2021俞更寅,2,0.002323
chuang2021_021,俞更寅,创造营2021纯甄创造营学员能量榜,2,0.002323
chuang2021_021,俞更寅,助你获得惊喜vlog拍摄机会,2,0.002323
chuang2021_021,俞更寅,却又没有办法看到他的舞台,2,0.002323
chuang2021_021,俞更寅,原部凌,2,0.002323
chuang2021_021,俞更寅,可以得到更好的舞台机会,2,0.002323
chuang2021_021,俞更寅,可以站在瞩目的焦点,2,0.002323
chuang2021_021,俞更寅,可以让更多人看到他的作品,2,0.002323
chuang2021_021,俞更寅,叶皓然,2,0.002323
chuang2021_021,俞更寅,后就立马泪崩了,2,0.002323
chuang2021_021,俞更寅,周震南,2,0.002323
chuang2021_021,俞更寅,因为和自己一起成长了六年的兄弟何屹繁,2,0.002323
chuang2021_021,俞更寅,因为大家的支持才能走到最后一关,2,0.002323
chuang2021_021,俞更寅,因为舞台而出道的明星,2,0.002323
chuang2021_021,俞更寅,困境,2,0.002323
chuang2021_021,俞更寅,在最后一次顺位排名为,2,0.002323
chuang2021_021,俞更寅,在最后一组揭晓自己的结果,2,0.002323
chuang2021_021,俞更寅,多一点,2,0.002323
chuang2021_021,俞更寅,大卫,2,0.002323
chuang2021_021,俞更寅,大多都会遇到,2,0.002323
chuang2021_021,俞更寅,奇迹就快降临,2,0.002323
chuang2021_021,俞更寅,学员,2,0.002323
chuang2021_021,俞更寅,学员能量榜为你,2,0.002323
chuang2021_021,俞更寅,小九,2,0.002323
chuang2021_021,俞更寅,小俞感谢了创始人们,2,0.002323
chuang2021_021,俞更寅,希望弟弟快速振作,2,0.002323
chuang2021_021,俞更寅,希望自己可以在成团夜上爆发自己的能量,2,0.002323
chuang2021_021,俞更寅,并表示因为大家的支持才能走到最后一关,2,0.002323
chuang2021_021,俞更寅,弟子规,2,0.002323
chuang2021_021,俞更寅,弟弟表示相信奇迹是留给有准备的人,2,0.002323
chuang2021_021,俞更寅,当时场内仅剩一位晋级名额,2,0.002323
chuang2021_021,俞更寅,心疼,2,0.002323
chuang2021_021,俞更寅,心疼粉丝们期待着他的舞台,2,0.002323
chuang2021_021,俞更寅,怿涵,2,0.002323
chuang2021_021,俞更寅,想让更多人看到如此优秀的你,2,0.002323
chuang2021_021,俞更寅,戴学霖,2,0.002323
chuang2021_021,俞更寅,所以在内娱,2,0.002323
chuang2021_021,俞更寅,所以希望在成团夜上爆发自己的能量,2,0.002323
chuang2021_021,俞更寅,所以很能感受他说的那句,2,0.002323
chuang2021_021,俞更寅,拿出最好的状态迎接成团夜吧,2,0.002323
chuang2021_021,俞更寅,新加坡小笔尖的微博视频,2,0.002323
chuang2021_021,俞更寅,既然相信奇迹留给有准备的人,2,0.002323
chuang2021_021,俞更寅,是你们成就了我们,2,0.002323
chuang2021_021,俞更寅,是遗憾离开的那个人,2,0.002323
chuang2021_021,俞更寅,曾涵江,2,0.002323
chuang2021_021,俞更寅,期待这次俞更寅能够完成自己的梦想,2,0.002323
chuang2021_021,俞更寅,李政庭,2,0.002323
chuang2021_021,俞更寅,李沛洋,2,0.002323
chuang2021_021,俞更寅,李泰龙,2,0.002323
chuang2021_021,俞更寅,林豆,2,0.002323
chuang2021_021,俞更寅,每天多爱小鱼,2,0.002323
chuang2021_021,俞更寅,求求了,2,0.002323
chuang2021_021,俞更寅,清流主唱,2,0.002323
chuang2021_021,俞更寅,热爱创作的人来说,2,0.002323
chuang2021_021,俞更寅,的小俞,2,0.002323
chuang2021_021,俞更寅,相信小俞已经做好准备去迎接,2,0.002323
chuang2021_021,俞更寅,看创造营在笑哭中反复横跳,2,0.002323
chuang2021_021,俞更寅,看着俞妈妈口中从小就熟背,2,0.002323
chuang2021_021,俞更寅,真正的曝光机会只有综艺和演戏,2,0.002323
chuang2021_021,俞更寅,而我准备好了,2,0.002323
chuang2021_021,俞更寅,肖力桓,2,0.002323
chuang2021_021,俞更寅,范臻尔,2,0.002323
chuang2021_021,俞更寅,蒋敦豪,2,0.002323
chuang2021_021,俞更寅,薛八一,2,0.002323
chuang2021_021,俞更寅,要么发歌出mv,2,0.002323
chuang2021_021,俞更寅,要么就默默沉寂,2,0.002323
chuang2021_021,俞更寅,让创始人知道,2,0.002323
chuang2021_021,俞更寅,让创始人知道是,2,0.002323
chuang2021_021,俞更寅,让我们一起期待他在成团夜的表现吧,2,0.002323
chuang2021_021,俞更寅,谢兴阳,2,0.002323
chuang2021_021,俞更寅,还挺感慨的,2,0.002323
chuang2021_021,俞更寅,这件事情却是无比的残忍和现实,2,0.002323
chuang2021_021,俞更寅,那就准备好,2,0.002323
chuang2021_021,俞更寅,郑明鑫,2,0.002323
chuang2021_021,俞更寅,门胁慎刚,2,0.002323
chuang2021_021,俞更寅,阿克朱立,2,0.002323
chuang2021_021,俞更寅,陆定昊,2,0.002323
chuang2021_021,俞更寅,陈俊洁,2,0.002323
chuang2021_021,俞更寅,韦语节,2,0.002323
chuang2021_021,俞更寅,黑人牙膏白酵素助力创造营俞更寅闪耀闯关,2,0.002323
chuang2021_022,付思超,付思超,117,0.055714
chuang2021_022,付思超,收起,70,0.033333
chuang2021_022,付思超,张嘉元,46,0.021905
chuang2021_022,付思超,任胤蓬,33,0.015714
chuang2021_022,付思超,吴宇恒,32,0.015238
chuang2021_022,付思超,林墨,32,0.015238
chuang2021_022,付思超,周柯宇,27,0.012857
chuang2021_022,付思超,甘望星,26,0.012381
chuang2021_022,付思超,俞更寅,25,0.011905
chuang2021_022,付思超,张欣尧,25,0.011905
chuang2021_022,付思超,张腾,25,0.011905
chuang2021_022,付思超,刘宇,24,0.011429
chuang2021_022,付思超,伯远,23,0.010952
chuang2021_022,付思超,米卡,23,0.010952
chuang2021_022,付思超,付思超超话,22,0.010476
chuang2021_022,付思超,张星特,22,0.010476
chuang2021_022,付思超,高卿尘,22,0.010476
chuang2021_022,付思超,庆怜,21,0.01
chuang2021_022,付思超,井汲大翔,20,0.009524
chuang2021_022,付思超,刘彰,20,0.009524
chuang2021_022,付思超,力丸,20,0.009524
chuang2021_022,付思超,尹浩宇,20,0.009524
chuang2021_022,付思超,胡烨韬,20,0.009524
chuang2021_022,付思超,赞多,20,0.009524
chuang2021_022,付思超,利路修,18,0.008571
chuang2021_022,付思超,奥斯卡,18,0.008571
chuang2021_022,付思超,井胧,17,0.008095
chuang2021_022,付思超,付思超创造营2021,16,0.007619
chuang2021_022,付思超,何屹繁,16,0.007619
chuang2021_022,付思超,吴海,16,0.007619
chuang2021_022,付思超,薛八一,16,0.007619
chuang2021_022,付思超,诺言,16,0.007619
chuang2021_022,付思超,邵明明,15,0.007143
chuang2021_022,付思超,陆定昊,15,0.007143
chuang2021_022,付思超,屈柏宇,14,0.006667
chuang2021_022,付思超,一之濑飞鸟,13,0.00619
chuang2021_022,付思超,刘聪,13,0.00619
chuang2021_022,付思超,和马,13,0.00619
chuang2021_022,付思超,怿涵,13,0.00619
chuang2021_022,付思超,荣耀,13,0.00619
chuang2021_022,付思超,上原一翔,12,0.005714
chuang2021_022,付思超,代少冬,12,0.005714
chuang2021_022,付思超,创造营2021超话,12,0.005714
chuang2021_022,付思超,原部凌,12,0.005714
chuang2021_022,付思超,叶皓然,12,0.005714
chuang2021_022,付思超,李政庭,12,0.005714
chuang2021_022,付思超,李沛洋,12,0.005714
chuang2021_022,付思超,林豆,12,0.005714
chuang2021_022,付思超,郑明鑫,12,0.005714
chuang2021_022,付思超,陈俊洁,12,0.005714
chuang2021_022,付思超,韦语节,12,0.005714
chuang2021_022,付思超,黄鲲,12,0.005714
chuang2021_022,付思超,李泰龙,11,0.005238
chuang2021_022,付思超,羽生田挙武,11,0.005238
chuang2021_022,付思超,肖力桓,11,0.005238
chuang2021_022,付思超,门胁慎刚,11,0.005238
chuang2021_022,付思超,韩佩泉,11,0.005238
chuang2021_022,付思超,范臻尔,10,0.004762
chuang2021_022,付思超,蒋敦豪,10,0.004762
chuang2021_022,付思超,谢兴阳,10,0.004762
chuang2021_022,付思超,fsc,9,0.004286
chuang2021_022,付思超,之前最大的遗憾是没站上成团夜舞台,9,0.004286
chuang2021_022,付思超,于洋,9,0.004286
chuang2021_022,付思超,大卫,9,0.004286
chuang2021_022,付思超,钱政宇,9,0.004286
chuang2021_022,付思超,魏子越,9,0.004286
chuang2021_022,付思超,黑人牙膏白酵素助力创造营付思超闪耀闯关,9,0.004286
chuang2021_022,付思超,2021,8,0.00381
chuang2021_022,付思超,佐藤永翔,8,0.00381
chuang2021_022,付思超,加注能量啦,8,0.00381
chuang2021_022,付思超,我在纯甄,8,0.00381
chuang2021_022,付思超,曾涵江,8,0.00381
chuang2021_022,付思超,李嘉祥,8,0.00381
chuang2021_022,付思超,李家豪,8,0.00381
chuang2021_022,付思超,李洛尔,8,0.00381
chuang2021_022,付思超,王孝辰,8,0.00381
chuang2021_022,付思超,赖耀翔,8,0.00381
chuang2021_022,付思超,这是我梦里到过的地方,8,0.00381
chuang2021_022,付思超,88,7,0.003333
chuang2021_022,付思超,boy,7,0.003333
chuang2021_022,付思超,butter,7,0.003333
chuang2021_022,付思超,fly,7,0.003333
chuang2021_022,付思超,lover,7,0.003333
chuang2021_022,付思超,me,7,0.003333
chuang2021_022,付思超,radio,7,0.003333
chuang2021_022,付思超,ready,7,0.003333
chuang2021_022,付思超,yummy,7,0.003333
chuang2021_022,付思超,何圳煜,7,0.003333
chuang2021_022,付思超,何懿峻,7,0.003333
chuang2021_022,付思超,作为怪物,7,0.003333
chuang2021_022,付思超,刘唐辉,7,0.003333
chuang2021_022,付思超,加油,7,0.003333
chuang2021_022,付思超,助你获得惊喜vlog拍摄机会,7,0.003333
chuang2021_022,付思超,喜内优心,7,0.003333
chuang2021_022,付思超,女孩,7,0.003333
chuang2021_022,付思超,学员能量榜为你,7,0.003333
chuang2021_022,付思超,安迪,7,0.003333
chuang2021_022,付思超,徐圣兹,7,0.003333
chuang2021_022,付思超,想让更多人看到如此优秀的你,7,0.003333
chuang2021_022,付思超,成团夜我会拼尽全力憋个大招,7,0.003333
chuang2021_022,付思超,我欢喜喜欢你,7,0.003333
chuang2021_022,付思超,曹左,7,0.003333
chuang2021_022,付思超,李泽坤,7,0.003333
chuang2021_022,付思超,林煜修,7,0.003333
chuang2021_022,付思超,爱我ready,7,0.003333
chuang2021_022,付思超,破茧,7,0.003333
chuang2021_022,付思超,罗言,7,0.003333
chuang2021_022,付思超,谷柳霖,7,0.003333
chuang2021_022,付思超,贵尚奇,7,0.003333
chuang2021_022,付思超,超级冠军,7,0.003333
chuang2021_022,付思超,醉拳,7,0.003333
chuang2021_022,付思超,陈瑞丰,7,0.003333
chuang2021_022,付思超,霓虹甜心,7,0.003333
chuang2021_022,付思超,ak,6,0.002857
chuang2021_022,付思超,be,6,0.002857
chuang2021_022,付思超,lit,6,0.002857
chuang2021_022,付思超,mine,6,0.002857
chuang2021_022,付思超,you,6,0.002857
chuang2021_022,付思超,付思超说我也有被抢的一天,6,0.002857
chuang2021_022,付思超,凌箫,6,0.002857
chuang2021_022,付思超,刘严冬季,6,0.002857
chuang2021_022,付思超,卢克,6,0.002857
chuang2021_022,付思超,张璋,6,0.002857
chuang2021_022,付思超,徐绍岚,6,0.002857
chuang2021_022,付思超,王泽浩,6,0.002857
chuang2021_022,付思超,田口馨也,6,0.002857
chuang2021_022,付思超,腾讯视频创造营2021,6,0.002857
chuang2021_022,付思超,都筑雄哉,6,0.002857
chuang2021_022,付思超,阿克朱力,6,0.002857
chuang2021_022,付思超,隅田隼平,6,0.002857
chuang2021_022,付思超,amu羽生田挙武,5,0.002381
chuang2021_022,付思超,yuu喜内优心,5,0.002381
chuang2021_022,付思超,一起为他助力戳,5,0.002381
chuang2021_022,付思超,不忘初心,5,0.002381
chuang2021_022,付思超,付思超编曲受欢迎,5,0.002381
chuang2021_022,付思超,你一定能拿下,5,0.002381
chuang2021_022,付思超,创造营2021榜,5,0.002381
chuang2021_022,付思超,创造营2021榜好成绩,5,0.002381
chuang2021_022,付思超,周深,5,0.002381
chuang2021_022,付思超,定义,5,0.002381
chuang2021_022,付思超,少年的模样,5,0.002381
chuang2021_022,付思超,微博正文,5,0.002381
chuang2021_022,付思超,戴学霖,5,0.002381
chuang2021_022,付思超,方得始终,5,0.002381
chuang2021_022,付思超,明星势力榜,5,0.002381
chuang2021_022,付思超,阿克朱立,5,0.002381
chuang2021_022,付思超,ak刘彰,4,0.001905
chuang2021_022,付思超,世界那么大,4,0.001905
chuang2021_022,付思超,付思超就是天选11,4,0.001905
chuang2021_022,付思超,创4一公分组,4,0.001905
chuang2021_022,付思超,创4排名,4,0.001905
chuang2021_022,付思超,导师,4,0.001905
chuang2021_022,付思超,瞧好了您嘞,4,0.001905
chuang2021_022,付思超,网页链接,4,0.001905
chuang2021_022,付思超,羽生田拳武,4,0.001905
chuang2021_022,付思超,邓超,4,0.001905
chuang2021_022,付思超,银河少年队永远不撤退,4,0.001905
chuang2021_022,付思超,00,3,0.001429
chuang2021_022,付思超,02,3,0.001429
chuang2021_022,付思超,10,3,0.001429
chuang2021_022,付思超,11,3,0.001429
chuang2021_022,付思超,12,3,0.001429
chuang2021_022,付思超,15举行红毯秀,3,0.001429
chuang2021_022,付思超,24,3,0.001429
chuang2021_022,付思超,30,3,0.001429
chuang2021_022,付思超,6位导师,3,0.001429
chuang2021_022,付思超,amber刘逸云,3,0.001429
chuang2021_022,付思超,are,3,0.001429
chuang2021_022,付思超,lzl,3,0.001429
chuang2021_022,付思超,nene郑乃馨,3,0.001429
chuang2021_022,付思超,we,3,0.001429
chuang2021_022,付思超,一公分组,3,0.001429
chuang2021_022,付思超,世界这么大,3,0.001429
chuang2021_022,付思超,做完打咔,3,0.001429
chuang2021_022,付思超,全体学员,3,0.001429
chuang2021_022,付思超,内外赞点起来,3,0.001429
chuang2021_022,付思超,创4全员主题曲舞台爷青回,3,0.001429
chuang2021_022,付思超,创造营二创,3,0.001429
chuang2021_022,付思超,创造营排名,3,0.001429
chuang2021_022,付思超,助教,3,0.001429
chuang2021_022,付思超,发起人都在,3,0.001429
chuang2021_022,付思超,向世界大声喊出我们的声音,3,0.001429
chuang2021_022,付思超,周震南,3,0.001429
chuang2021_022,付思超,学员,3,0.001429
chuang2021_022,付思超,宁静,3,0.001429
chuang2021_022,付思超,审核过短信通知,3,0.001429
chuang2021_022,付思超,想报的速私,3,0.001429
chuang2021_022,付思超,我们并肩作战,3,0.001429
chuang2021_022,付思超,我陪付思超一起闯,3,0.001429
chuang2021_022,付思超,打咔格式,3,0.001429
chuang2021_022,付思超,樱琪毛毛,3,0.001429
chuang2021_022,付思超,正规名额,3,0.001429
chuang2021_022,付思超,海南儋州,3,0.001429
chuang2021_022,付思超,深捞,3,0.001429
chuang2021_022,付思超,空瓶图,3,0.001429
chuang2021_022,付思超,空瓶小窍门,3,0.001429
chuang2021_022,付思超,空瓶文案,3,0.001429
chuang2021_022,付思超,银河旅行团,3,0.001429
chuang2021_022,付思超,银河系乐团,3,0.001429
chuang2021_022,付思超,00总决赛舞台直播,2,0.000952
chuang2021_022,付思超,00红毯直击,2,0.000952
chuang2021_022,付思超,01,2,0.000952
chuang2021_022,付思超,06,2,0.000952
chuang2021_022,付思超,07,2,0.000952
chuang2021_022,付思超,08,2,0.000952
chuang2021_022,付思超,09,2,0.000952
chuang2021_022,付思超,14,2,0.000952
chuang2021_022,付思超,15,2,0.000952
chuang2021_022,付思超,18,2,0.000952
chuang2021_022,付思超,19,2,0.000952
chuang2021_022,付思超,20210226,2,0.000952
chuang2021_022,付思超,2021成团夜d,2,0.000952
chuang2021_022,付思超,2021第三次顺位中,2,0.000952
chuang2021_022,付思超,ak还引用了姜云升的词,2,0.000952
chuang2021_022,付思超,champions,2,0.000952
chuang2021_022,付思超,day,2,0.000952
chuang2021_022,付思超,dna,2,0.000952
chuang2021_022,付思超,nana,2,0.000952
chuang2021_022,付思超,party,2,0.000952
chuang2021_022,付思超,percussion,2,0.000952
chuang2021_022,付思超,r1se,2,0.000952
chuang2021_022,付思超,team,2,0.000952
chuang2021_022,付思超,zoom,2,0.000952
chuang2021_022,付思超,不贵,2,0.000952
chuang2021_022,付思超,之前顺位发布时,2,0.000952
chuang2021_022,付思超,之后的公演舞台会给大家带来不一样的惊喜,2,0.000952
chuang2021_022,付思超,也期待成团夜的超大招,2,0.000952
chuang2021_022,付思超,付思超值得,2,0.000952
chuang2021_022,付思超,付思超目标是十二名,2,0.000952
chuang2021_022,付思超,付思超第21名,2,0.000952
chuang2021_022,付思超,低音提琴,2,0.000952
chuang2021_022,付思超,低音提琴王子付思超,2,0.000952
chuang2021_022,付思超,你会说什么,2,0.000952
chuang2021_022,付思超,你值得,2,0.000952
chuang2021_022,付思超,全部学员,2,0.000952
chuang2021_022,付思超,出道位top11,2,0.000952
chuang2021_022,付思超,创4乐队版主题曲太戳人了,2,0.000952
chuang2021_022,付思超,创造营2021主题曲改编,2,0.000952
chuang2021_022,付思超,创造营2021学员签名,2,0.000952
chuang2021_022,付思超,创造营成团夜,2,0.000952
chuang2021_022,付思超,双马尾,2,0.000952
chuang2021_022,付思超,合成器,2,0.000952
chuang2021_022,付思超,哇唧唧哇,2,0.000952
chuang2021_022,付思超,哇唧唧哇下奶了,2,0.000952
chuang2021_022,付思超,在属于青春的乐声中,2,0.000952
chuang2021_022,付思超,如果给创始人们一次喊出心声的机会,2,0.000952
chuang2021_022,付思超,守护最好的银河系乐团,2,0.000952
chuang2021_022,付思超,小元,2,0.000952
chuang2021_022,付思超,带来的是乐队版主题曲二创,2,0.000952
chuang2021_022,付思超,弟弟说提到自己就是原创和编曲,2,0.000952
chuang2021_022,付思超,很遗憾自己没站在总决赛的舞台上,2,0.000952
chuang2021_022,付思超,徐洋,2,0.000952
chuang2021_022,付思超,快来康康,2,0.000952
chuang2021_022,付思超,想收藏的创4大头贴,2,0.000952
chuang2021_022,付思超,成团之夜18,2,0.000952
chuang2021_022,付思超,我什么都可以做,2,0.000952
chuang2021_022,付思超,我们一起闯,2,0.000952
chuang2021_022,付思超,截至2月25日中午12,2,0.000952
chuang2021_022,付思超,明4,2,0.000952
chuang2021_022,付思超,果然在,2,0.000952
chuang2021_022,付思超,武星xingg,2,0.000952
chuang2021_022,付思超,王嘉尔,2,0.000952
chuang2021_022,付思超,男孩们大声喊出心里的梦想,2,0.000952
chuang2021_022,付思超,舞台上超超通过呈现自己的舞蹈实力为大家带来了整个夏天,2,0.000952
chuang2021_022,付思超,表示在无锡的比赛,2,0.000952
chuang2021_022,付思超,视频,2,0.000952
chuang2021_022,付思超,贝斯,2,0.000952
chuang2021_022,付思超,这次,2,0.000952
chuang2021_022,付思超,银河旅行团二创,2,0.000952
chuang2021_022,付思超,银河系乐团超话,2,0.000952
chuang2021_022,付思超,键盘,2,0.000952
chuang2021_022,付思超,需要的来,2,0.000952
chuang2021_023,胡烨韬,胡烨韬,123,0.117929
chuang2021_023,胡烨韬,收起,38,0.036433
chuang2021_023,胡烨韬,胡烨韬超话,37,0.035475
chuang2021_023,胡烨韬,创造营2021胡烨韬,28,0.026846
chuang2021_023,胡烨韬,创造营排名,18,0.017258
chuang2021_023,胡烨韬,明星势力榜,16,0.01534
chuang2021_023,胡烨韬,一起为他助力戳,15,0.014382
chuang2021_023,胡烨韬,不忘初心,15,0.014382
chuang2021_023,胡烨韬,你一定能拿下,15,0.014382
chuang2021_023,胡烨韬,创造营2021榜,15,0.014382
chuang2021_023,胡烨韬,创造营2021榜好成绩,15,0.014382
chuang2021_023,胡烨韬,我已经没有底气说能了,15,0.014382
chuang2021_023,胡烨韬,方得始终,15,0.014382
chuang2021_023,胡烨韬,难道不会哭的孩子就不值得心疼了吗,11,0.010547
chuang2021_023,胡烨韬,胡烨韬说一起把名字刻在成团位上,9,0.008629
chuang2021_023,胡烨韬,俞更寅,8,0.00767
chuang2021_023,胡烨韬,胡烨韬的模仿像复制粘贴,8,0.00767
chuang2021_023,胡烨韬,不勾选,7,0.006711
chuang2021_023,胡烨韬,之前的所有内容,7,0.006711
chuang2021_023,胡烨韬,今日目标,7,0.006711
chuang2021_023,胡烨韬,伯远,7,0.006711
chuang2021_023,胡烨韬,全部完成后在评论区留下,7,0.006711
chuang2021_023,胡烨韬,再选择第二个词条投,7,0.006711
chuang2021_023,胡烨韬,分享投,7,0.006711
chuang2021_023,胡烨韬,分享时请删除,7,0.006711
chuang2021_023,胡烨韬,刘宇,7,0.006711
chuang2021_023,胡烨韬,取消投,7,0.006711
chuang2021_023,胡烨韬,同时评论,7,0.006711
chuang2021_023,胡烨韬,吴宇恒,7,0.006711
chuang2021_023,胡烨韬,和马,7,0.006711
chuang2021_023,胡烨韬,大家加油,7,0.006711
chuang2021_023,胡烨韬,投piao净化,7,0.006711
chuang2021_023,胡烨韬,操作方法,7,0.006711
chuang2021_023,胡烨韬,昨日目标,7,0.006711
chuang2021_023,胡烨韬,注意,7,0.006711
chuang2021_023,胡烨韬,点击,7,0.006711
chuang2021_023,胡烨韬,点击已投出的投,7,0.006711
chuang2021_023,胡烨韬,点击第一个词条投,7,0.006711
chuang2021_023,胡烨韬,甘望星,7,0.006711
chuang2021_023,胡烨韬,票分享,7,0.006711
chuang2021_023,胡烨韬,胡烨韬卡位晋级,7,0.006711
chuang2021_023,胡烨韬,赞多,7,0.006711
chuang2021_023,胡烨韬,进行打卡,7,0.006711
chuang2021_023,胡烨韬,选择,7,0.006711
chuang2021_023,胡烨韬,重复以上步骤直至每个词条全部结束,7,0.006711
chuang2021_023,胡烨韬,黑人牙膏白酵素助力创造营胡烨韬闪耀闯关,7,0.006711
chuang2021_023,胡烨韬,60,6,0.005753
chuang2021_023,胡烨韬,付思超,6,0.005753
chuang2021_023,胡烨韬,任胤蓬,6,0.005753
chuang2021_023,胡烨韬,周柯宇,6,0.005753
chuang2021_023,胡烨韬,奥斯卡,6,0.005753
chuang2021_023,胡烨韬,张欣尧,6,0.005753
chuang2021_023,胡烨韬,张腾,6,0.005753
chuang2021_023,胡烨韬,米卡,6,0.005753
chuang2021_023,胡烨韬,胡烨韬好辣,6,0.005753
chuang2021_023,胡烨韬,诺言,6,0.005753
chuang2021_023,胡烨韬,代少冬,5,0.004794
chuang2021_023,胡烨韬,利路修,5,0.004794
chuang2021_023,胡烨韬,力丸,5,0.004794
chuang2021_023,胡烨韬,加注能量啦,5,0.004794
chuang2021_023,胡烨韬,助你获得惊喜vlog拍摄机会,5,0.004794
chuang2021_023,胡烨韬,吴海,5,0.004794
chuang2021_023,胡烨韬,学员能量榜为你,5,0.004794
chuang2021_023,胡烨韬,屈柏宇,5,0.004794
chuang2021_023,胡烨韬,庆怜,5,0.004794
chuang2021_023,胡烨韬,张嘉元,5,0.004794
chuang2021_023,胡烨韬,想让更多人看到如此优秀的你,5,0.004794
chuang2021_023,胡烨韬,我在纯甄,5,0.004794
chuang2021_023,胡烨韬,林墨,5,0.004794
chuang2021_023,胡烨韬,胡烨韬就是光芒本身,5,0.004794
chuang2021_023,胡烨韬,胡烨韬想努力把名字刻在成团位上,5,0.004794
chuang2021_023,胡烨韬,荣耀,5,0.004794
chuang2021_023,胡烨韬,薛八一,5,0.004794
chuang2021_023,胡烨韬,邵明明,5,0.004794
chuang2021_023,胡烨韬,一之濑飞鸟,4,0.003835
chuang2021_023,胡烨韬,于洋,4,0.003835
chuang2021_023,胡烨韬,井汲大翔,4,0.003835
chuang2021_023,胡烨韬,井胧,4,0.003835
chuang2021_023,胡烨韬,何屹繁,4,0.003835
chuang2021_023,胡烨韬,刘聪,4,0.003835
chuang2021_023,胡烨韬,创造营2021超话,4,0.003835
chuang2021_023,胡烨韬,原部凌,4,0.003835
chuang2021_023,胡烨韬,叶皓然,4,0.003835
chuang2021_023,胡烨韬,尹浩宇,4,0.003835
chuang2021_023,胡烨韬,张星特,4,0.003835
chuang2021_023,胡烨韬,怿涵,4,0.003835
chuang2021_023,胡烨韬,普通人也可以走花路,4,0.003835
chuang2021_023,胡烨韬,李政庭,4,0.003835
chuang2021_023,胡烨韬,李沛洋,4,0.003835
chuang2021_023,胡烨韬,李泰龙,4,0.003835
chuang2021_023,胡烨韬,李洛尔,4,0.003835
chuang2021_023,胡烨韬,林豆,4,0.003835
chuang2021_023,胡烨韬,羽生田挙武,4,0.003835
chuang2021_023,胡烨韬,肖力桓,4,0.003835
chuang2021_023,胡烨韬,谢兴阳,4,0.003835
chuang2021_023,胡烨韬,赖耀翔,4,0.003835
chuang2021_023,胡烨韬,郑明鑫,4,0.003835
chuang2021_023,胡烨韬,门胁慎刚,4,0.003835
chuang2021_023,胡烨韬,陆定昊,4,0.003835
chuang2021_023,胡烨韬,陈俊洁,4,0.003835
chuang2021_023,胡烨韬,韦语节,4,0.003835
chuang2021_023,胡烨韬,魏子越,4,0.003835
chuang2021_023,胡烨韬,上原一翔,3,0.002876
chuang2021_023,胡烨韬,佐藤永翔,3,0.002876
chuang2021_023,胡烨韬,刘彰,3,0.002876
chuang2021_023,胡烨韬,喜内优心,3,0.002876
chuang2021_023,胡烨韬,大卫,3,0.002876
chuang2021_023,胡烨韬,我的光芒和自信还在,3,0.002876
chuang2021_023,胡烨韬,曾涵江,3,0.002876
chuang2021_023,胡烨韬,李嘉祥,3,0.002876
chuang2021_023,胡烨韬,林煜修,3,0.002876
chuang2021_023,胡烨韬,毕业快乐,3,0.002876
chuang2021_023,胡烨韬,王孝辰,3,0.002876
chuang2021_023,胡烨韬,胡烨韬绝美ending,3,0.002876
chuang2021_023,胡烨韬,胡烨韬说我已经没有底气说能了,3,0.002876
chuang2021_023,胡烨韬,范臻尔,3,0.002876
chuang2021_023,胡烨韬,蒋敦豪,3,0.002876
chuang2021_023,胡烨韬,韩佩泉,3,0.002876
chuang2021_023,胡烨韬,高卿尘,3,0.002876
chuang2021_023,胡烨韬,88,2,0.001918
chuang2021_023,胡烨韬,ak,2,0.001918
chuang2021_023,胡烨韬,amu羽生田挙武,2,0.001918
chuang2021_023,胡烨韬,boy,2,0.001918
chuang2021_023,胡烨韬,butter,2,0.001918
chuang2021_023,胡烨韬,fly,2,0.001918
chuang2021_023,胡烨韬,hyt,2,0.001918
chuang2021_023,胡烨韬,lit,2,0.001918
chuang2021_023,胡烨韬,lover,2,0.001918
chuang2021_023,胡烨韬,me,2,0.001918
chuang2021_023,胡烨韬,radio,2,0.001918
chuang2021_023,胡烨韬,ready,2,0.001918
chuang2021_023,胡烨韬,you,2,0.001918
chuang2021_023,胡烨韬,yummy,2,0.001918
chuang2021_023,胡烨韬,yuu喜内优心,2,0.001918
chuang2021_023,胡烨韬,何圳煜,2,0.001918
chuang2021_023,胡烨韬,何懿峻,2,0.001918
chuang2021_023,胡烨韬,作为怪物,2,0.001918
chuang2021_023,胡烨韬,凌箫,2,0.001918
chuang2021_023,胡烨韬,刘严冬季,2,0.001918
chuang2021_023,胡烨韬,刘唐辉,2,0.001918
chuang2021_023,胡烨韬,创4全员主题曲舞台爷青回,2,0.001918
chuang2021_023,胡烨韬,创造营主题曲舞台,2,0.001918
chuang2021_023,胡烨韬,加油,2,0.001918
chuang2021_023,胡烨韬,卢克,2,0.001918
chuang2021_023,胡烨韬,周震南,2,0.001918
chuang2021_023,胡烨韬,喜欢我的人很难,2,0.001918
chuang2021_023,胡烨韬,喜歡你,2,0.001918
chuang2021_023,胡烨韬,女孩,2,0.001918
chuang2021_023,胡烨韬,宁静说没有胡烨韬就跟他们拼命,2,0.001918
chuang2021_023,胡烨韬,安迪,2,0.001918
chuang2021_023,胡烨韬,宝呗加油,2,0.001918
chuang2021_023,胡烨韬,张璋,2,0.001918
chuang2021_023,胡烨韬,徐圣兹,2,0.001918
chuang2021_023,胡烨韬,徐绍岚,2,0.001918
chuang2021_023,胡烨韬,我欢喜喜欢你,2,0.001918
chuang2021_023,胡烨韬,戴学霖,2,0.001918
chuang2021_023,胡烨韬,曹左,2,0.001918
chuang2021_023,胡烨韬,李家豪,2,0.001918
chuang2021_023,胡烨韬,李泽坤,2,0.001918
chuang2021_023,胡烨韬,桃桃加油,2,0.001918
chuang2021_023,胡烨韬,爱你,2,0.001918
chuang2021_023,胡烨韬,爱我ready,2,0.001918
chuang2021_023,胡烨韬,王泽浩,2,0.001918
chuang2021_023,胡烨韬,田口馨也,2,0.001918
chuang2021_023,胡烨韬,破茧,2,0.001918
chuang2021_023,胡烨韬,罗言,2,0.001918
chuang2021_023,胡烨韬,胡烨韬不用这么坚强,2,0.001918
chuang2021_023,胡烨韬,胡烨韬怪美的好撩,2,0.001918
chuang2021_023,胡烨韬,胡烨韬笑起来好甜,2,0.001918
chuang2021_023,胡烨韬,谷柳霖,2,0.001918
chuang2021_023,胡烨韬,贵尚奇,2,0.001918
chuang2021_023,胡烨韬,超级冠军,2,0.001918
chuang2021_023,胡烨韬,都筑雄哉,2,0.001918
chuang2021_023,胡烨韬,醉拳,2,0.001918
chuang2021_023,胡烨韬,钱政宇,2,0.001918
chuang2021_023,胡烨韬,阿克朱力,2,0.001918
chuang2021_023,胡烨韬,阿克朱立,2,0.001918
chuang2021_023,胡烨韬,陈瑞丰,2,0.001918
chuang2021_023,胡烨韬,隅田隼平,2,0.001918
chuang2021_023,胡烨韬,霓虹甜心,2,0.001918
chuang2021_023,胡烨韬,韬韬加油,2,0.001918
chuang2021_023,胡烨韬,黄鲲,2,0.001918
chuang2021_024,羽生田挙武,羽生田挙武,120,0.094044
chuang2021_024,羽生田挙武,羽生田挙武超话,40,0.031348
chuang2021_024,羽生田挙武,收起,37,0.028997
chuang2021_024,羽生田挙武,黑人牙膏白酵素助力创造营羽生田挙武闪耀闯关,32,0.025078
chuang2021_024,羽生田挙武,amu,24,0.018809
chuang2021_024,羽生田挙武,amu创造营一家人,23,0.018025
chuang2021_024,羽生田挙武,创造营排名,23,0.018025
chuang2021_024,羽生田挙武,amu第24名,22,0.017241
chuang2021_024,羽生田挙武,amu要开心啊,21,0.016458
chuang2021_024,羽生田挙武,不要胡思乱想,21,0.016458
chuang2021_024,羽生田挙武,创造营羽生田挙武,21,0.016458
chuang2021_024,羽生田挙武,大家都爱你的,21,0.016458
chuang2021_024,羽生田挙武,我们爱你,21,0.016458
chuang2021_024,羽生田挙武,我相信你一定可以的,21,0.016458
chuang2021_024,羽生田挙武,肉嘟嘟de牙牙,21,0.016458
chuang2021_024,羽生田挙武,要有大心脏,21,0.016458
chuang2021_024,羽生田挙武,评论配图,21,0.016458
chuang2021_024,羽生田挙武,悠着点儿您内,11,0.008621
chuang2021_024,羽生田挙武,闯人花式挑战主题曲,11,0.008621
chuang2021_024,羽生田挙武,伯远,9,0.007053
chuang2021_024,羽生田挙武,刘宇,9,0.007053
chuang2021_024,羽生田挙武,林墨,9,0.007053
chuang2021_024,羽生田挙武,米卡,9,0.007053
chuang2021_024,羽生田挙武,胡烨韬,9,0.007053
chuang2021_024,羽生田挙武,俞更寅,8,0.00627
chuang2021_024,羽生田挙武,吴宇恒,8,0.00627
chuang2021_024,羽生田挙武,周柯宇,8,0.00627
chuang2021_024,羽生田挙武,喜内优心,8,0.00627
chuang2021_024,羽生田挙武,张欣尧,8,0.00627
chuang2021_024,羽生田挙武,甘望星,8,0.00627
chuang2021_024,羽生田挙武,付思超,7,0.005486
chuang2021_024,羽生田挙武,代少冬,7,0.005486
chuang2021_024,羽生田挙武,任胤蓬,7,0.005486
chuang2021_024,羽生田挙武,你们的支持能改变我们的一生,7,0.005486
chuang2021_024,羽生田挙武,刘彰,7,0.005486
chuang2021_024,羽生田挙武,利路修,7,0.005486
chuang2021_024,羽生田挙武,吴海,7,0.005486
chuang2021_024,羽生田挙武,庆怜,7,0.005486
chuang2021_024,羽生田挙武,张嘉元,7,0.005486
chuang2021_024,羽生田挙武,韩佩泉,7,0.005486
chuang2021_024,羽生田挙武,井汲大翔,6,0.004702
chuang2021_024,羽生田挙武,井胧,6,0.004702
chuang2021_024,羽生田挙武,力丸,6,0.004702
chuang2021_024,羽生田挙武,原部凌,6,0.004702
chuang2021_024,羽生田挙武,台下乖巧内敛,6,0.004702
chuang2021_024,羽生田挙武,奥斯卡,6,0.004702
chuang2021_024,羽生田挙武,尹浩宇,6,0.004702
chuang2021_024,羽生田挙武,屈柏宇,6,0.004702
chuang2021_024,羽生田挙武,张星特,6,0.004702
chuang2021_024,羽生田挙武,张腾,6,0.004702
chuang2021_024,羽生田挙武,意外的反差萌呢,6,0.004702
chuang2021_024,羽生田挙武,舞台上可爱又帅气迷人的羽生田,6,0.004702
chuang2021_024,羽生田挙武,舞台王者羽生田挙武,6,0.004702
chuang2021_024,羽生田挙武,荣耀,6,0.004702
chuang2021_024,羽生田挙武,薛八一,6,0.004702
chuang2021_024,羽生田挙武,请抱着这样的自信走下去,6,0.004702
chuang2021_024,羽生田挙武,诺言,6,0.004702
chuang2021_024,羽生田挙武,赞多,6,0.004702
chuang2021_024,羽生田挙武,邵明明,6,0.004702
chuang2021_024,羽生田挙武,门胁慎刚,6,0.004702
chuang2021_024,羽生田挙武,高卿尘,6,0.004702
chuang2021_024,羽生田挙武,一之濑飞鸟,5,0.003918
chuang2021_024,羽生田挙武,上原一翔,5,0.003918
chuang2021_024,羽生田挙武,于洋,5,0.003918
chuang2021_024,羽生田挙武,何屹繁,5,0.003918
chuang2021_024,羽生田挙武,刘聪,5,0.003918
chuang2021_024,羽生田挙武,叶皓然,5,0.003918
chuang2021_024,羽生田挙武,和马,5,0.003918
chuang2021_024,羽生田挙武,怿涵,5,0.003918
chuang2021_024,羽生田挙武,曾涵江,5,0.003918
chuang2021_024,羽生田挙武,李政庭,5,0.003918
chuang2021_024,羽生田挙武,李沛洋,5,0.003918
chuang2021_024,羽生田挙武,李泰龙,5,0.003918
chuang2021_024,羽生田挙武,林豆,5,0.003918
chuang2021_024,羽生田挙武,爱豆v能量,5,0.003918
chuang2021_024,羽生田挙武,王孝辰,5,0.003918
chuang2021_024,羽生田挙武,肖力桓,5,0.003918
chuang2021_024,羽生田挙武,蒋敦豪,5,0.003918
chuang2021_024,羽生田挙武,赖耀翔,5,0.003918
chuang2021_024,羽生田挙武,郑明鑫,5,0.003918
chuang2021_024,羽生田挙武,陆定昊,5,0.003918
chuang2021_024,羽生田挙武,陈俊洁,5,0.003918
chuang2021_024,羽生田挙武,韦语节,5,0.003918
chuang2021_024,羽生田挙武,韩美娟amu喜內优心谁更抢戏,5,0.003918
chuang2021_024,羽生田挙武,2021,4,0.003135
chuang2021_024,羽生田挙武,amu一直保存着十年前的粉丝来信,4,0.003135
chuang2021_024,羽生田挙武,yuu,4,0.003135
chuang2021_024,羽生田挙武,佐藤永翔,4,0.003135
chuang2021_024,羽生田挙武,何圳煜,4,0.003135
chuang2021_024,羽生田挙武,创造营2021超话,4,0.003135
chuang2021_024,羽生田挙武,大卫,4,0.003135
chuang2021_024,羽生田挙武,安迪,4,0.003135
chuang2021_024,羽生田挙武,徐圣兹,4,0.003135
chuang2021_024,羽生田挙武,曹左,4,0.003135
chuang2021_024,羽生田挙武,李洛尔,4,0.003135
chuang2021_024,羽生田挙武,林煜修,4,0.003135
chuang2021_024,羽生田挙武,毕业快乐,4,0.003135
chuang2021_024,羽生田挙武,永远乐观积极向上,4,0.003135
chuang2021_024,羽生田挙武,范臻尔,4,0.003135
chuang2021_024,羽生田挙武,请你也相信我们吧,4,0.003135
chuang2021_024,羽生田挙武,谢兴阳,4,0.003135
chuang2021_024,羽生田挙武,谷柳霖,4,0.003135
chuang2021_024,羽生田挙武,隅田隼平,4,0.003135
chuang2021_024,羽生田挙武,魏子越,4,0.003135
chuang2021_024,羽生田挙武,88,3,0.002351
chuang2021_024,羽生田挙武,amu君台下内敛文雅哲学家,3,0.002351
chuang2021_024,羽生田挙武,amu粤语唱饿狼传说,3,0.002351
chuang2021_024,羽生田挙武,boy,3,0.002351
chuang2021_024,羽生田挙武,butter,3,0.002351
chuang2021_024,羽生田挙武,fly,3,0.002351
chuang2021_024,羽生田挙武,lit,3,0.002351
chuang2021_024,羽生田挙武,lover,3,0.002351
chuang2021_024,羽生田挙武,me,3,0.002351
chuang2021_024,羽生田挙武,radio,3,0.002351
chuang2021_024,羽生田挙武,ready,3,0.002351
chuang2021_024,羽生田挙武,you,3,0.002351
chuang2021_024,羽生田挙武,yummy,3,0.002351
chuang2021_024,羽生田挙武,一切尘埃未落定时,3,0.002351
chuang2021_024,羽生田挙武,万事顺遂,3,0.002351
chuang2021_024,羽生田挙武,也是一切皆有可能时,3,0.002351
chuang2021_024,羽生田挙武,会有人念惜你的好,3,0.002351
chuang2021_024,羽生田挙武,会有越来越多的人发现你的闪光点,3,0.002351
chuang2021_024,羽生田挙武,何懿峻,3,0.002351
chuang2021_024,羽生田挙武,作为怪物,3,0.002351
chuang2021_024,羽生田挙武,你想在舞台上发光发热,3,0.002351
chuang2021_024,羽生田挙武,你想实现自己一直以来的梦想,3,0.002351
chuang2021_024,羽生田挙武,你想带给别人快乐,3,0.002351
chuang2021_024,羽生田挙武,你要相信你就是最棒的,3,0.002351
chuang2021_024,羽生田挙武,凌箫,3,0.002351
chuang2021_024,羽生田挙武,刘严冬季,3,0.002351
chuang2021_024,羽生田挙武,刘唐辉,3,0.002351
chuang2021_024,羽生田挙武,创4排名,3,0.002351
chuang2021_024,羽生田挙武,助你一臂之力,3,0.002351
chuang2021_024,羽生田挙武,卢克,3,0.002351
chuang2021_024,羽生田挙武,台上热情元气爆棚,3,0.002351
chuang2021_024,羽生田挙武,哪怕你站在了最后面,3,0.002351
chuang2021_024,羽生田挙武,哪怕再苦再累,3,0.002351
chuang2021_024,羽生田挙武,女孩,3,0.002351
chuang2021_024,羽生田挙武,张璋,3,0.002351
chuang2021_024,羽生田挙武,徐绍岚,3,0.002351
chuang2021_024,羽生田挙武,我欢喜喜欢你,3,0.002351
chuang2021_024,羽生田挙武,李嘉祥,3,0.002351
chuang2021_024,羽生田挙武,李家豪,3,0.002351
chuang2021_024,羽生田挙武,李泽坤,3,0.002351
chuang2021_024,羽生田挙武,来日方长,3,0.002351
chuang2021_024,羽生田挙武,爱我ready,3,0.002351
chuang2021_024,羽生田挙武,爱豆能量月,3,0.002351
chuang2021_024,羽生田挙武,王泽浩,3,0.002351
chuang2021_024,羽生田挙武,田口馨也,3,0.002351
chuang2021_024,羽生田挙武,破茧,3,0.002351
chuang2021_024,羽生田挙武,祝你幸福,3,0.002351
chuang2021_024,羽生田挙武,祝你心想事成,3,0.002351
chuang2021_024,羽生田挙武,绝世反差萌,3,0.002351
chuang2021_024,羽生田挙武,罗言,3,0.002351
chuang2021_024,羽生田挙武,而前途似海,3,0.002351
chuang2021_024,羽生田挙武,贵尚奇,3,0.002351
chuang2021_024,羽生田挙武,超级冠军,3,0.002351
chuang2021_024,羽生田挙武,都筑雄哉,3,0.002351
chuang2021_024,羽生田挙武,醉拳,3,0.002351
chuang2021_024,羽生田挙武,钱政宇,3,0.002351
chuang2021_024,羽生田挙武,镜头晃过去的时候总是嘴角上扬,3,0.002351
chuang2021_024,羽生田挙武,阿克朱力,3,0.002351
chuang2021_024,羽生田挙武,陈瑞丰,3,0.002351
chuang2021_024,羽生田挙武,霓虹甜心,3,0.002351
chuang2021_024,羽生田挙武,饿狼传说,3,0.002351
chuang2021_024,羽生田挙武,黄鲲,3,0.002351
chuang2021_024,羽生田挙武,amu羽生田挙武,2,0.001567
chuang2021_024,羽生田挙武,yuu喜内优心,2,0.001567
chuang2021_024,羽生田挙武,一公分组,2,0.001567
chuang2021_024,羽生田挙武,不管怎么样,2,0.001567
chuang2021_024,羽生田挙武,但对我来说,2,0.001567
chuang2021_024,羽生田挙武,你却有能力让沙漠里开出蔷薇,2,0.001567
chuang2021_024,羽生田挙武,你是那些人里面最闪耀的,2,0.001567
chuang2021_024,羽生田挙武,信里说尽管你现在站在最后一排跳舞,2,0.001567
chuang2021_024,羽生田挙武,元气爱豆的日常,2,0.001567
chuang2021_024,羽生田挙武,创始人们的支持能改变我们的一生,2,0.001567
chuang2021_024,羽生田挙武,创造营三顺发布心情像过山车,2,0.001567
chuang2021_024,羽生田挙武,创造营成团夜,2,0.001567
chuang2021_024,羽生田挙武,勇敢,2,0.001567
chuang2021_024,羽生田挙武,十年前,2,0.001567
chuang2021_024,羽生田挙武,只要你pickamu羽生田挙武,2,0.001567
chuang2021_024,羽生田挙武,她给了我一封信,2,0.001567
chuang2021_024,羽生田挙武,学员,2,0.001567
chuang2021_024,羽生田挙武,感谢我的创始人们,2,0.001567
chuang2021_024,羽生田挙武,我们就是好朋友,2,0.001567
chuang2021_024,羽生田挙武,我知道还有你们同样也在支持我,2,0.001567
chuang2021_024,羽生田挙武,我站在很后面帮别人伴舞,2,0.001567
chuang2021_024,羽生田挙武,戴学霖,2,0.001567
chuang2021_024,羽生田挙武,新浪综艺的微博视频,2,0.001567
chuang2021_024,羽生田挙武,是不是糖罐子倒了撒你身上了,2,0.001567
chuang2021_024,羽生田挙武,是你们让我更加自信,2,0.001567
chuang2021_024,羽生田挙武,有一位粉丝看到了我,2,0.001567
chuang2021_024,羽生田挙武,生活每天都让我灰头土脸,2,0.001567
chuang2021_024,羽生田挙武,直到现在我还保存着这封信,2,0.001567
chuang2021_024,羽生田挙武,真的很谢谢你们,2,0.001567
chuang2021_024,羽生田挙武,童话书忘了关,2,0.001567
chuang2021_024,羽生田挙武,第9期,2,0.001567
chuang2021_024,羽生田挙武,第三次顺位发布25人进决赛,2,0.001567
chuang2021_024,羽生田挙武,网页链接,2,0.001567
chuang2021_024,羽生田挙武,谁在抢戏,2,0.001567
chuang2021_024,羽生田挙武,这些日子,2,0.001567
chuang2021_024,羽生田挙武,阿克朱立,2,0.001567
chuang2021_024,羽生田挙武,韩美娟amu喜内优心谁更抢戏,2,0.001567
chuang2021_025,薛八一,薛八一,110,0.077247
chuang2021_025,薛八一,薛八一超话,42,0.029494
chuang2021_025,薛八一,收起,41,0.028792
chuang2021_025,薛八一,薛八一想要只属于自己的特写,20,0.014045
chuang2021_025,薛八一,刘宇,18,0.01264
chuang2021_025,薛八一,高卿尘,18,0.01264
chuang2021_025,薛八一,周柯宇,16,0.011236
chuang2021_025,薛八一,米卡,16,0.011236
chuang2021_025,薛八一,美女车祸现场,16,0.011236
chuang2021_025,薛八一,刘彰,15,0.010534
chuang2021_025,薛八一,薛八一唱母系社会,15,0.010534
chuang2021_025,薛八一,伯远,14,0.009831
chuang2021_025,薛八一,利路修,14,0.009831
chuang2021_025,薛八一,力丸,14,0.009831
chuang2021_025,薛八一,吴宇恒,14,0.009831
chuang2021_025,薛八一,奥斯卡,14,0.009831
chuang2021_025,薛八一,尹浩宇,14,0.009831
chuang2021_025,薛八一,庆怜,14,0.009831
chuang2021_025,薛八一,张嘉元,14,0.009831
chuang2021_025,薛八一,母系社会,14,0.009831
chuang2021_025,薛八一,胡烨韬,14,0.009831
chuang2021_025,薛八一,赞多,14,0.009831
chuang2021_025,薛八一,井汲大翔,13,0.009129
chuang2021_025,薛八一,俞更寅,13,0.009129
chuang2021_025,薛八一,创造营2021薛八一超话,13,0.009129
chuang2021_025,薛八一,甘望星,13,0.009129
chuang2021_025,薛八一,付思超,12,0.008427
chuang2021_025,薛八一,任胤蓬,12,0.008427
chuang2021_025,薛八一,张星特,12,0.008427
chuang2021_025,薛八一,张欣尧,12,0.008427
chuang2021_025,薛八一,林墨,12,0.008427
chuang2021_025,薛八一,王孝辰,12,0.008427
chuang2021_025,薛八一,邵明明,12,0.008427
chuang2021_025,薛八一,和马,11,0.007725
chuang2021_025,薛八一,李洛尔,11,0.007725
chuang2021_025,薛八一,网页链接,11,0.007725
chuang2021_025,薛八一,羽生田挙武,11,0.007725
chuang2021_025,薛八一,韦语节,10,0.007022
chuang2021_025,薛八一,于洋,9,0.00632
chuang2021_025,薛八一,井胧,9,0.00632
chuang2021_025,薛八一,吴海,9,0.00632
chuang2021_025,薛八一,张腾,9,0.00632
chuang2021_025,薛八一,荣耀,9,0.00632
chuang2021_025,薛八一,谢兴阳,9,0.00632
chuang2021_025,薛八一,上原一翔,8,0.005618
chuang2021_025,薛八一,大卫,8,0.005618
chuang2021_025,薛八一,屈柏宇,8,0.005618
chuang2021_025,薛八一,曾涵江,8,0.005618
chuang2021_025,薛八一,薛八一利路修进入f班的不同反应,8,0.005618
chuang2021_025,薛八一,薛八一甘愿做配角,8,0.005618
chuang2021_025,薛八一,韩佩泉,8,0.005618
chuang2021_025,薛八一,魏子越,8,0.005618
chuang2021_025,薛八一,代少冬,7,0.004916
chuang2021_025,薛八一,佐藤永翔,7,0.004916
chuang2021_025,薛八一,何屹繁,7,0.004916
chuang2021_025,薛八一,作为怪物,7,0.004916
chuang2021_025,薛八一,喜内优心,7,0.004916
chuang2021_025,薛八一,林煜修,7,0.004916
chuang2021_025,薛八一,范臻尔,7,0.004916
chuang2021_025,薛八一,蒋敦豪,7,0.004916
chuang2021_025,薛八一,诺言,7,0.004916
chuang2021_025,薛八一,赖耀翔,7,0.004916
chuang2021_025,薛八一,88,6,0.004213
chuang2021_025,薛八一,boy,6,0.004213
chuang2021_025,薛八一,butter,6,0.004213
chuang2021_025,薛八一,fly,6,0.004213
chuang2021_025,薛八一,lit,6,0.004213
chuang2021_025,薛八一,lover,6,0.004213
chuang2021_025,薛八一,me,6,0.004213
chuang2021_025,薛八一,radio,6,0.004213
chuang2021_025,薛八一,ready,6,0.004213
chuang2021_025,薛八一,you,6,0.004213
chuang2021_025,薛八一,yummy,6,0.004213
chuang2021_025,薛八一,一之濑飞鸟,6,0.004213
chuang2021_025,薛八一,何圳煜,6,0.004213
chuang2021_025,薛八一,何懿峻,6,0.004213
chuang2021_025,薛八一,其他,6,0.004213
chuang2021_025,薛八一,凌箫,6,0.004213
chuang2021_025,薛八一,刘严冬季,6,0.004213
chuang2021_025,薛八一,刘唐辉,6,0.004213
chuang2021_025,薛八一,刘聪,6,0.004213
chuang2021_025,薛八一,创4一公分组,6,0.004213
chuang2021_025,薛八一,创造营2021超话,6,0.004213
chuang2021_025,薛八一,创造营决赛薛八一,6,0.004213
chuang2021_025,薛八一,卢克,6,0.004213
chuang2021_025,薛八一,原部凌,6,0.004213
chuang2021_025,薛八一,叶皓然,6,0.004213
chuang2021_025,薛八一,女孩,6,0.004213
chuang2021_025,薛八一,安迪,6,0.004213
chuang2021_025,薛八一,张璋,6,0.004213
chuang2021_025,薛八一,徐圣兹,6,0.004213
chuang2021_025,薛八一,徐绍岚,6,0.004213
chuang2021_025,薛八一,怿涵,6,0.004213
chuang2021_025,薛八一,我欢喜喜欢你,6,0.004213
chuang2021_025,薛八一,曹左,6,0.004213
chuang2021_025,薛八一,李嘉祥,6,0.004213
chuang2021_025,薛八一,李家豪,6,0.004213
chuang2021_025,薛八一,李政庭,6,0.004213
chuang2021_025,薛八一,李沛洋,6,0.004213
chuang2021_025,薛八一,李泰龙,6,0.004213
chuang2021_025,薛八一,李泽坤,6,0.004213
chuang2021_025,薛八一,林豆,6,0.004213
chuang2021_025,薛八一,格式,6,0.004213
chuang2021_025,薛八一,爱我ready,6,0.004213
chuang2021_025,薛八一,王泽浩,6,0.004213
chuang2021_025,薛八一,田口馨也,6,0.004213
chuang2021_025,薛八一,破茧,6,0.004213
chuang2021_025,薛八一,罗言,6,0.004213
chuang2021_025,薛八一,肖力桓,6,0.004213
chuang2021_025,薛八一,舞台solo都这么飒气,6,0.004213
chuang2021_025,薛八一,艾特三位好友,6,0.004213
chuang2021_025,薛八一,谷柳霖,6,0.004213
chuang2021_025,薛八一,贵尚奇,6,0.004213
chuang2021_025,薛八一,超级冠军,6,0.004213
chuang2021_025,薛八一,转发,6,0.004213
chuang2021_025,薛八一,造型黑色长西装外套加恶魔眼妆太可了,6,0.004213
chuang2021_025,薛八一,郑明鑫,6,0.004213
chuang2021_025,薛八一,都筑雄哉,6,0.004213
chuang2021_025,薛八一,醉拳,6,0.004213
chuang2021_025,薛八一,钱政宇,6,0.004213
chuang2021_025,薛八一,门胁慎刚,6,0.004213
chuang2021_025,薛八一,阿克朱力,6,0.004213
chuang2021_025,薛八一,陆定昊,6,0.004213
chuang2021_025,薛八一,陈俊洁,6,0.004213
chuang2021_025,薛八一,陈瑞丰,6,0.004213
chuang2021_025,薛八一,隅田隼平,6,0.004213
chuang2021_025,薛八一,霓虹甜心,6,0.004213
chuang2021_025,薛八一,黄鲲,6,0.004213
chuang2021_025,薛八一,加油,5,0.003511
chuang2021_025,薛八一,腾讯视频,5,0.003511
chuang2021_025,薛八一,be,4,0.002809
chuang2021_025,薛八一,elec创nic,4,0.002809
chuang2021_025,薛八一,mine,4,0.002809
chuang2021_025,薛八一,八一,4,0.002809
chuang2021_025,薛八一,创造营2021排名公布,4,0.002809
chuang2021_025,薛八一,好有态度,4,0.002809
chuang2021_025,薛八一,定义,4,0.002809
chuang2021_025,薛八一,少年的模样,4,0.002809
chuang2021_025,薛八一,改编演唱张惠妹歌曲,4,0.002809
chuang2021_025,薛八一,明星势力榜,4,0.002809
chuang2021_025,薛八一,有害,4,0.002809
chuang2021_025,薛八一,用歌声来诉说他对这首歌的理解,4,0.002809
chuang2021_025,薛八一,薛八一说创始人给了我幸运,4,0.002809
chuang2021_025,薛八一,一公分组,3,0.002107
chuang2021_025,薛八一,一起为他助力戳,3,0.002107
chuang2021_025,薛八一,不忘初心,3,0.002107
chuang2021_025,薛八一,你一定能拿下,3,0.002107
chuang2021_025,薛八一,创造营2021榜,3,0.002107
chuang2021_025,薛八一,创造营2021榜好成绩,3,0.002107
chuang2021_025,薛八一,创造营2021第二次顺位发表,3,0.002107
chuang2021_025,薛八一,创造营决赛太会选歌了,3,0.002107
chuang2021_025,薛八一,创造营排名,3,0.002107
chuang2021_025,薛八一,弟弟这价值观真的正,3,0.002107
chuang2021_025,薛八一,微博正文,3,0.002107
chuang2021_025,薛八一,敢于做自己,3,0.002107
chuang2021_025,薛八一,方得始终,3,0.002107
chuang2021_025,薛八一,歌曲表达每个人都不应该被定义,3,0.002107
chuang2021_025,薛八一,每个人都不应该被定义,3,0.002107
chuang2021_025,薛八一,真的很让人心疼了,3,0.002107
chuang2021_025,薛八一,黑人牙膏白酵素助力创造营薛八一闪耀闯关,3,0.002107
chuang2021_025,薛八一,2021,2,0.001404
chuang2021_025,薛八一,一出直接slay,2,0.001404
chuang2021_025,薛八一,世界男人称王,2,0.001404
chuang2021_025,薛八一,中途放下花和离场拿起花的两个动作也牵动着所有人的心弦,2,0.001404
chuang2021_025,薛八一,你是最棒的,2,0.001404
chuang2021_025,薛八一,你真的很棒,2,0.001404
chuang2021_025,薛八一,八一冲冲冲,2,0.001404
chuang2021_025,薛八一,八一加油,2,0.001404
chuang2021_025,薛八一,养乐多,2,0.001404
chuang2021_025,薛八一,冲冲冲,2,0.001404
chuang2021_025,薛八一,出场身穿黑色垫肩长款西装搭配红色阔腿波点裤,2,0.001404
chuang2021_025,薛八一,创造营2021学员薛八一表演,2,0.001404
chuang2021_025,薛八一,创造营成团夜,2,0.001404
chuang2021_025,薛八一,勇敢做自己,2,0.001404
chuang2021_025,薛八一,哇哦,2,0.001404
chuang2021_025,薛八一,天津,2,0.001404
chuang2021_025,薛八一,女人却什么都扛,2,0.001404
chuang2021_025,薛八一,快来康康,2,0.001404
chuang2021_025,薛八一,总决赛分组,2,0.001404
chuang2021_025,薛八一,手中的玫瑰花更是堪称效果增益,2,0.001404
chuang2021_025,薛八一,是视觉听觉双倍快乐没错了,2,0.001404
chuang2021_025,薛八一,未来可期,2,0.001404
chuang2021_025,薛八一,画面过于美好了,2,0.001404
chuang2021_025,薛八一,羽生田拳武,2,0.001404
chuang2021_025,薛八一,薛八一在发言的时候表示很想有属于自己的特写镜头,2,0.001404
chuang2021_025,薛八一,薛八一在发言的时候说很想有属于自己的特写镜头,2,0.001404
chuang2021_025,薛八一,薛八一拿玫瑰花唱,2,0.001404
chuang2021_025,薛八一,那句,2,0.001404
chuang2021_026,井胧,井胧,136,0.115157
chuang2021_026,井胧,收起,42,0.035563
chuang2021_026,井胧,井胧超话,34,0.028789
chuang2021_026,井胧,甘望星,23,0.019475
chuang2021_026,井胧,井胧卡位淘汰,20,0.016935
chuang2021_026,井胧,井胧卡位晋级,15,0.012701
chuang2021_026,井胧,元气爱豆的日常,12,0.010161
chuang2021_026,井胧,周柯宇,12,0.010161
chuang2021_026,井胧,2021,10,0.008467
chuang2021_026,井胧,任胤蓬,10,0.008467
chuang2021_026,井胧,刘宇,10,0.008467
chuang2021_026,井胧,力丸,10,0.008467
chuang2021_026,井胧,吴宇恒,10,0.008467
chuang2021_026,井胧,加油,9,0.007621
chuang2021_026,井胧,张欣尧,9,0.007621
chuang2021_026,井胧,我在纯甄,9,0.007621
chuang2021_026,井胧,创造营2021井胧,8,0.006774
chuang2021_026,井胧,加注能量啦,8,0.006774
chuang2021_026,井胧,张嘉元,8,0.006774
chuang2021_026,井胧,林墨,8,0.006774
chuang2021_026,井胧,赞多,8,0.006774
chuang2021_026,井胧,井胧开口跪,7,0.005927
chuang2021_026,井胧,井胧说这是我最安心的位置,7,0.005927
chuang2021_026,井胧,学员能量榜为你,7,0.005927
chuang2021_026,井胧,想让更多人看到如此优秀的你,7,0.005927
chuang2021_026,井胧,米卡,7,0.005927
chuang2021_026,井胧,诺言,7,0.005927
chuang2021_026,井胧,井胧也要加油,6,0.00508
chuang2021_026,井胧,井胧送给甘望星的围巾织完了,6,0.00508
chuang2021_026,井胧,付思超,6,0.00508
chuang2021_026,井胧,以后的日子也请带来更好的作品给大家吧,6,0.00508
chuang2021_026,井胧,伯远,6,0.00508
chuang2021_026,井胧,俞更寅,6,0.00508
chuang2021_026,井胧,可能对于井胧来说在创造营里更为珍贵的是这段时间美好的回忆吧,6,0.00508
chuang2021_026,井胧,和甘望星两个人从上岛以来一天都没分开过,6,0.00508
chuang2021_026,井胧,哭的眼睛都红了简直一秒破防,6,0.00508
chuang2021_026,井胧,大家从你在地道里唱歌开始认识你到现在你在短短四个月经历了一次蜕变,6,0.00508
chuang2021_026,井胧,奥斯卡,6,0.00508
chuang2021_026,井胧,实力vocal,6,0.00508
chuang2021_026,井胧,就算淘汰了,6,0.00508
chuang2021_026,井胧,尹浩宇,6,0.00508
chuang2021_026,井胧,张腾,6,0.00508
chuang2021_026,井胧,看着,6,0.00508
chuang2021_026,井胧,胡烨韬,6,0.00508
chuang2021_026,井胧,一之濑飞鸟,5,0.004234
chuang2021_026,井胧,代少冬,5,0.004234
chuang2021_026,井胧,何屹繁,5,0.004234
chuang2021_026,井胧,创4排名,5,0.004234
chuang2021_026,井胧,创造营2021超话,5,0.004234
chuang2021_026,井胧,利路修,5,0.004234
chuang2021_026,井胧,和马,5,0.004234
chuang2021_026,井胧,庆怜,5,0.004234
chuang2021_026,井胧,荣耀,5,0.004234
chuang2021_026,井胧,蒋敦豪,5,0.004234
chuang2021_026,井胧,邵明明,5,0.004234
chuang2021_026,井胧,鹅岛之声组二创,5,0.004234
chuang2021_026,井胧,鹅的歌,5,0.004234
chuang2021_026,井胧,jl,4,0.003387
chuang2021_026,井胧,上集,4,0.003387
chuang2021_026,井胧,下集,4,0.003387
chuang2021_026,井胧,主题曲二创学员们颠覆改编,4,0.003387
chuang2021_026,井胧,主题曲舞台中心位诞生,4,0.003387
chuang2021_026,井胧,井胧值得大舞台,4,0.003387
chuang2021_026,井胧,加油加油,4,0.003387
chuang2021_026,井胧,助你获得惊喜vlog拍摄机会,4,0.003387
chuang2021_026,井胧,吴海,4,0.003387
chuang2021_026,井胧,和兄弟们在一起,4,0.003387
chuang2021_026,井胧,在创造营2021的舞台上一步一步正在慢慢地实现,4,0.003387
chuang2021_026,井胧,学习主题曲后还要改编主题曲,4,0.003387
chuang2021_026,井胧,希望有一天能够听到全世界的赞美,4,0.003387
chuang2021_026,井胧,把主题曲唱给你听,4,0.003387
chuang2021_026,井胧,明星势力榜,4,0.003387
chuang2021_026,井胧,有才华又努力的弟弟不要再回地道唱歌了,4,0.003387
chuang2021_026,井胧,未来可期,4,0.003387
chuang2021_026,井胧,未来的日子一起闯吧,4,0.003387
chuang2021_026,井胧,现在这个梦,4,0.003387
chuang2021_026,井胧,看创4记得撑腰么么哒,4,0.003387
chuang2021_026,井胧,第4期上,4,0.003387
chuang2021_026,井胧,第4期下,4,0.003387
chuang2021_026,井胧,腾讯视频创造营2021,4,0.003387
chuang2021_026,井胧,记得来下集验收二创成果哦,4,0.003387
chuang2021_026,井胧,谢兴阳,4,0.003387
chuang2021_026,井胧,这是我梦里到过的地方,4,0.003387
chuang2021_026,井胧,韩佩泉,4,0.003387
chuang2021_026,井胧,33绝对不是井胧的实力所在,3,0.00254
chuang2021_026,井胧,family,3,0.00254
chuang2021_026,井胧,yummy,3,0.00254
chuang2021_026,井胧,一次又一次给观众带来新的惊喜,3,0.00254
chuang2021_026,井胧,三儿子是我,3,0.00254
chuang2021_026,井胧,与其说是一个组,3,0.00254
chuang2021_026,井胧,二儿子是荣耀,3,0.00254
chuang2021_026,井胧,于洋,3,0.00254
chuang2021_026,井胧,井妈妈,3,0.00254
chuang2021_026,井胧,井胧加油,3,0.00254
chuang2021_026,井胧,井胧想买爆米花看battle,3,0.00254
chuang2021_026,井胧,令我感受最深的就是我们组的创作氛围,3,0.00254
chuang2021_026,井胧,但是氛围很友爱和谐,3,0.00254
chuang2021_026,井胧,何圳煜,3,0.00254
chuang2021_026,井胧,作品就等待你们来验收啦,3,0.00254
chuang2021_026,井胧,你是人间星火,3,0.00254
chuang2021_026,井胧,你是我的榜样,3,0.00254
chuang2021_026,井胧,你都是龙井茶独一无二的光点,3,0.00254
chuang2021_026,井胧,冲冲冲,3,0.00254
chuang2021_026,井胧,刘彰,3,0.00254
chuang2021_026,井胧,刘聪,3,0.00254
chuang2021_026,井胧,创4学员二创随笔小作文,3,0.00254
chuang2021_026,井胧,努力的你,3,0.00254
chuang2021_026,井胧,原部凌,3,0.00254
chuang2021_026,井胧,叶皓然,3,0.00254
chuang2021_026,井胧,和大家一起搞创作超开心的,3,0.00254
chuang2021_026,井胧,哪一面我都心动不已,3,0.00254
chuang2021_026,井胧,唱歌的你,3,0.00254
chuang2021_026,井胧,外加四个顽皮小弟弟哈哈哈,3,0.00254
chuang2021_026,井胧,大儿子是代少冬,3,0.00254
chuang2021_026,井胧,学员,3,0.00254
chuang2021_026,井胧,屈柏宇,3,0.00254
chuang2021_026,井胧,山河错落,3,0.00254
chuang2021_026,井胧,希望井胧能走的更远,3,0.00254
chuang2021_026,井胧,怿涵,3,0.00254
chuang2021_026,井胧,所以一定得努力进总决赛呀,3,0.00254
chuang2021_026,井胧,敦敦是爸爸,3,0.00254
chuang2021_026,井胧,星河滚烫,3,0.00254
chuang2021_026,井胧,更像是一个,3,0.00254
chuang2021_026,井胧,李政庭,3,0.00254
chuang2021_026,井胧,李沛洋,3,0.00254
chuang2021_026,井胧,李泰龙,3,0.00254
chuang2021_026,井胧,林豆,3,0.00254
chuang2021_026,井胧,每一次舞台都努力展示,3,0.00254
chuang2021_026,井胧,甚至微笑的你,3,0.00254
chuang2021_026,井胧,米卡第一,3,0.00254
chuang2021_026,井胧,肖力桓,3,0.00254
chuang2021_026,井胧,范臻尔,3,0.00254
chuang2021_026,井胧,蓬蓬是妈妈,3,0.00254
chuang2021_026,井胧,虽然人员架构奇葩了点,3,0.00254
chuang2021_026,井胧,还有这么多粉丝支持你,3,0.00254
chuang2021_026,井胧,这次主题曲二创,3,0.00254
chuang2021_026,井胧,郑明鑫,3,0.00254
chuang2021_026,井胧,醉拳,3,0.00254
chuang2021_026,井胧,门胁慎刚,3,0.00254
chuang2021_026,井胧,陆定昊,3,0.00254
chuang2021_026,井胧,陈俊洁,3,0.00254
chuang2021_026,井胧,韦语节,3,0.00254
chuang2021_026,井胧,高卿尘,3,0.00254
chuang2021_026,井胧,00,2,0.001693
chuang2021_026,井胧,88,2,0.001693
chuang2021_026,井胧,amu羽生田挙武,2,0.001693
chuang2021_026,井胧,boy,2,0.001693
chuang2021_026,井胧,butter,2,0.001693
chuang2021_026,井胧,fly,2,0.001693
chuang2021_026,井胧,lover,2,0.001693
chuang2021_026,井胧,me,2,0.001693
chuang2021_026,井胧,radio,2,0.001693
chuang2021_026,井胧,ready,2,0.001693
chuang2021_026,井胧,yuu喜内优心,2,0.001693
chuang2021_026,井胧,一出現,2,0.001693
chuang2021_026,井胧,一播出,2,0.001693
chuang2021_026,井胧,一起为他助力戳,2,0.001693
chuang2021_026,井胧,一起加油,2,0.001693
chuang2021_026,井胧,上一次的卡位是幸好又害怕,2,0.001693
chuang2021_026,井胧,上原一翔,2,0.001693
chuang2021_026,井胧,不忘初心,2,0.001693
chuang2021_026,井胧,不用你买一车奶卡给甘望星投票了,2,0.001693
chuang2021_026,井胧,不過,2,0.001693
chuang2021_026,井胧,业务能力和颜值并存的弟弟拜托一定要进入决赛顺利出道,2,0.001693
chuang2021_026,井胧,个人学员井胧给我冲,2,0.001693
chuang2021_026,井胧,串联了创系列主题曲,2,0.001693
chuang2021_026,井胧,为梦想拼尽全力,2,0.001693
chuang2021_026,井胧,之前一直担心自己能不能进入三公的,2,0.001693
chuang2021_026,井胧,也多看看自己,2,0.001693
chuang2021_026,井胧,井胧你是最棒的,2,0.001693
chuang2021_026,井胧,井胧得龙井茶的微博视频,2,0.001693
chuang2021_026,井胧,井胧未来可期,2,0.001693
chuang2021_026,井胧,井胧站着唱丢了你,2,0.001693
chuang2021_026,井胧,井胧第十一名,2,0.001693
chuang2021_026,井胧,井胧表示,2,0.001693
chuang2021_026,井胧,井胧越云淡风轻我越心疼,2,0.001693
chuang2021_026,井胧,任胤蓬第五,2,0.001693
chuang2021_026,井胧,但是,2,0.001693
chuang2021_026,井胧,佐藤永翔,2,0.001693
chuang2021_026,井胧,作为怪物,2,0.001693
chuang2021_026,井胧,你一定能拿下,2,0.001693
chuang2021_026,井胧,你值得,2,0.001693
chuang2021_026,井胧,你值得拥有,2,0.001693
chuang2021_026,井胧,你在里面也加油,2,0.001693
chuang2021_026,井胧,你好歌手井胧,2,0.001693
chuang2021_026,井胧,你是最棒的,2,0.001693
chuang2021_026,井胧,其实现在对我最大的意义就是甘望星,2,0.001693
chuang2021_026,井胧,其實你值得更好更好的,2,0.001693
chuang2021_026,井胧,刘宇第七,2,0.001693
chuang2021_026,井胧,创造营2021榜,2,0.001693
chuang2021_026,井胧,创造营2021榜上支持你啦,2,0.001693
chuang2021_026,井胧,创造营2021榜好成绩,2,0.001693
chuang2021_026,井胧,创造营2021首次排名来了,2,0.001693
chuang2021_026,井胧,创造营成团夜,2,0.001693
chuang2021_026,井胧,到了今天,2,0.001693
chuang2021_026,井胧,力丸第八,2,0.001693
chuang2021_026,井胧,勿忘初心,2,0.001693
chuang2021_026,井胧,勿忘最真實的自己,2,0.001693
chuang2021_026,井胧,占据出道位,2,0.001693
chuang2021_026,井胧,卡位淘汰的井胧也要继续努力赚钱,2,0.001693
chuang2021_026,井胧,卡位还说这是自己最安心的位置,2,0.001693
chuang2021_026,井胧,可盐可甜可沙雕,2,0.001693
chuang2021_026,井胧,向营内生活告别,2,0.001693
chuang2021_026,井胧,周柯宇第二,2,0.001693
chuang2021_026,井胧,和马第六,2,0.001693
chuang2021_026,井胧,哈哈哈哈,2,0.001693
chuang2021_026,井胧,因为我把甘望星当成一个弟弟了,2,0.001693
chuang2021_026,井胧,在顺位发布前一夜看姐姐在熟悉的地道唱跳创4主题曲为他加油,2,0.001693
chuang2021_026,井胧,大卫,2,0.001693
chuang2021_026,井胧,太好听了,2,0.001693
chuang2021_026,井胧,奥斯卡第十,2,0.001693
chuang2021_026,井胧,女孩,2,0.001693
chuang2021_026,井胧,好好做讓自己喜歡的事,2,0.001693
chuang2021_026,井胧,好好做讓自己開心的事,2,0.001693
chuang2021_026,井胧,安迪,2,0.001693
chuang2021_026,井胧,完整的唱完只屬於你一個人的歌,2,0.001693
chuang2021_026,井胧,希望我们的努力都不会被辜负,2,0.001693
chuang2021_026,井胧,张嘉元第三,2,0.001693
chuang2021_026,井胧,张星特,2,0.001693
chuang2021_026,井胧,怎麼老是都剛好在卡位上呢,2,0.001693
chuang2021_026,井胧,感谢这趟旅程让我们更加全面的了解了你,2,0.001693
chuang2021_026,井胧,我不是故意的,2,0.001693
chuang2021_026,井胧,我也会一直在他后面为他加油打气,2,0.001693
chuang2021_026,井胧,我们继续努力,2,0.001693
chuang2021_026,井胧,我們solo唱歌,2,0.001693
chuang2021_026,井胧,我們不當男團,2,0.001693
chuang2021_026,井胧,我欢喜喜欢你,2,0.001693
chuang2021_026,井胧,我沒有想到你會有淘汰的一天,2,0.001693
chuang2021_026,井胧,我還是難以接受,2,0.001693
chuang2021_026,井胧,我错了,2,0.001693
chuang2021_026,井胧,戴学霖,2,0.001693
chuang2021_026,井胧,扬帆起航,2,0.001693
chuang2021_026,井胧,排名33晋级了,2,0.001693
chuang2021_026,井胧,新浪综艺的微博视频,2,0.001693
chuang2021_026,井胧,方得始终,2,0.001693
chuang2021_026,井胧,明星势力榜第182位,2,0.001693
chuang2021_026,井胧,有戳中各位创始人的回忆吗,2,0.001693
chuang2021_026,井胧,有没有你pick到的小哥哥,2,0.001693
chuang2021_026,井胧,有龙井茶相伴,2,0.001693
chuang2021_026,井胧,未來一樣為你加油,2,0.001693
chuang2021_026,井胧,未来的花路,2,0.001693
chuang2021_026,井胧,李嘉祥,2,0.001693
chuang2021_026,井胧,李家豪,2,0.001693
chuang2021_026,井胧,林墨第九,2,0.001693
chuang2021_026,井胧,歌手井胧闪闪发光吧,2,0.001693
chuang2021_026,井胧,毕业快乐井胧,2,0.001693
chuang2021_026,井胧,沒關係,2,0.001693
chuang2021_026,井胧,然后我希望看着他成团,2,0.001693
chuang2021_026,井胧,爱我ready,2,0.001693
chuang2021_026,井胧,牛年大吉,2,0.001693
chuang2021_026,井胧,現在的你好好努力,2,0.001693
chuang2021_026,井胧,的小清新校园风主题曲二创,2,0.001693
chuang2021_026,井胧,的心星星知道了,2,0.001693
chuang2021_026,井胧,直接泪崩,2,0.001693
chuang2021_026,井胧,破茧,2,0.001693
chuang2021_026,井胧,第二天顺位发布宣告离别的时候,2,0.001693
chuang2021_026,井胧,给自己最放心不下的弟弟,2,0.001693
chuang2021_026,井胧,给这段旅程画上一个完美的句号,2,0.001693
chuang2021_026,井胧,羽生田挙武,2,0.001693
chuang2021_026,井胧,而不是当成一个朋友,2,0.001693
chuang2021_026,井胧,胧哥,2,0.001693
chuang2021_026,井胧,芒果捞小白的微博视频,2,0.001693
chuang2021_026,井胧,薛八一,2,0.001693
chuang2021_026,井胧,赞多第四,2,0.001693
chuang2021_026,井胧,超级冠军,2,0.001693
chuang2021_026,井胧,跨海相聚,2,0.001693
chuang2021_026,井胧,这个位置在下一轮真的好危险,2,0.001693
chuang2021_026,井胧,送上了亲手织好的围巾,2,0.001693
chuang2021_026,井胧,這一次的卡位是惋惜加難過,2,0.001693
chuang2021_026,井胧,遠在別處的台灣粉會永遠支持你的,2,0.001693
chuang2021_026,井胧,還是很難過,2,0.001693
chuang2021_026,井胧,還有,2,0.001693
chuang2021_026,井胧,钱政宇,2,0.001693
chuang2021_026,井胧,闯丝们买奶卡送你们出道,2,0.001693
chuang2021_026,井胧,阿克朱立,2,0.001693
chuang2021_026,井胧,雖然就在前幾天已經知道這消息了,2,0.001693
chuang2021_026,井胧,霓虹甜心,2,0.001693
chuang2021_026,井胧,颜值与实力并存的宝藏男孩,2,0.001693
chuang2021_026,井胧,高音绝杀,2,0.001693
chuang2021_026,井胧,鹅岛之声,2,0.001693
chuang2021_026,井胧,黑人牙膏白酵素助力创造营井胧闪耀闯关,2,0.001693
chuang2021_027,曾涵江,曾涵江,94,0.129477
chuang2021_027,曾涵江,收起,63,0.086777
chuang2021_027,曾涵江,曾涵江cup超话,49,0.067493
chuang2021_027,曾涵江,米卡,42,0.057851
chuang2021_027,曾涵江,创造营2021曾涵江,17,0.023416
chuang2021_027,曾涵江,创造营2021超话,14,0.019284
chuang2021_027,曾涵江,沸羊羊是米卡后援会会长吧,13,0.017906
chuang2021_027,曾涵江,庆怜,12,0.016529
chuang2021_027,曾涵江,毕业快乐,11,0.015152
chuang2021_027,曾涵江,曾涵江遗憾没能帮到米卡很多,9,0.012397
chuang2021_027,曾涵江,米卡以为曾涵江要离开嚎啕大哭,9,0.012397
chuang2021_027,曾涵江,吴宇恒,8,0.011019
chuang2021_027,曾涵江,和马,8,0.011019
chuang2021_027,曾涵江,king,7,0.009642
chuang2021_027,曾涵江,不喜欢battle但我为你们而战,7,0.009642
chuang2021_027,曾涵江,创造营排名,7,0.009642
chuang2021_027,曾涵江,张星特,7,0.009642
chuang2021_027,曾涵江,于洋,6,0.008264
chuang2021_027,曾涵江,刘宇,6,0.008264
chuang2021_027,曾涵江,加油,6,0.008264
chuang2021_027,曾涵江,尹浩宇,6,0.008264
chuang2021_027,曾涵江,何屹繁,5,0.006887
chuang2021_027,曾涵江,张腾,5,0.006887
chuang2021_027,曾涵江,林墨,5,0.006887
chuang2021_027,曾涵江,赞多,5,0.006887
chuang2021_027,曾涵江,高卿尘,5,0.006887
chuang2021_027,曾涵江,周柯宇,4,0.00551
chuang2021_027,曾涵江,李嘉祥,4,0.00551
chuang2021_027,曾涵江,腾讯视频创造营2021,4,0.00551
chuang2021_027,曾涵江,谢兴阳,4,0.00551
chuang2021_027,曾涵江,醉拳,4,0.00551
chuang2021_027,曾涵江,魏子越,4,0.00551
chuang2021_027,曾涵江,2021,3,0.004132
chuang2021_027,曾涵江,2021实在太好哭了,3,0.004132
chuang2021_027,曾涵江,ak,3,0.004132
chuang2021_027,曾涵江,cup,3,0.004132
chuang2021_027,曾涵江,live,3,0.004132
chuang2021_027,曾涵江,rap,3,0.004132
chuang2021_027,曾涵江,you,3,0.004132
chuang2021_027,曾涵江,上原一翔,3,0.004132
chuang2021_027,曾涵江,也要坚信你一直都是米卡和创始人们心中的a班,3,0.004132
chuang2021_027,曾涵江,井汲大翔,3,0.004132
chuang2021_027,曾涵江,今晚,3,0.004132
chuang2021_027,曾涵江,付思超,3,0.004132
chuang2021_027,曾涵江,但来了之后发现和大家相处都很融洽,3,0.004132
chuang2021_027,曾涵江,俞更寅,3,0.004132
chuang2021_027,曾涵江,利路修,3,0.004132
chuang2021_027,曾涵江,前程似锦,3,0.004132
chuang2021_027,曾涵江,力丸,3,0.004132
chuang2021_027,曾涵江,发言说自己距离成团夜一步之遥,3,0.004132
chuang2021_027,曾涵江,吴海,3,0.004132
chuang2021_027,曾涵江,和大家不是一个圈子,3,0.004132
chuang2021_027,曾涵江,在第三次顺位发布遗憾离开,3,0.004132
chuang2021_027,曾涵江,奥斯卡,3,0.004132
chuang2021_027,曾涵江,张嘉元,3,0.004132
chuang2021_027,曾涵江,张欣尧,3,0.004132
chuang2021_027,曾涵江,很多,3,0.004132
chuang2021_027,曾涵江,曾涵江为醉拳付出太多了,3,0.004132
chuang2021_027,曾涵江,曾涵江淘汰,3,0.004132
chuang2021_027,曾涵江,本来以为来自己会是异类,3,0.004132
chuang2021_027,曾涵江,沸羊羊,3,0.004132
chuang2021_027,曾涵江,沸羊羊怎么会这么想呢,3,0.004132
chuang2021_027,曾涵江,火车站门口的揽客司机,3,0.004132
chuang2021_027,曾涵江,米卡加油,3,0.004132
chuang2021_027,曾涵江,米卡曾涵江友谊,3,0.004132
chuang2021_027,曾涵江,网页链接,3,0.004132
chuang2021_027,曾涵江,荣耀,3,0.004132
chuang2021_027,曾涵江,要记得和米卡一起回四川家里打麻将学国粹的约定呀,3,0.004132
chuang2021_027,曾涵江,赞多因为于洋学习了温柔的中文,3,0.004132
chuang2021_027,曾涵江,还自责说到自己没有帮到,3,0.004132
chuang2021_027,曾涵江,邵明明,3,0.004132
chuang2021_027,曾涵江,闯人的底气,3,0.004132
chuang2021_027,曾涵江,best,2,0.002755
chuang2021_027,曾涵江,bro,2,0.002755
chuang2021_027,曾涵江,dance,2,0.002755
chuang2021_027,曾涵江,dream,2,0.002755
chuang2021_027,曾涵江,easy,2,0.002755
chuang2021_027,曾涵江,qq音乐,2,0.002755
chuang2021_027,曾涵江,the,2,0.002755
chuang2021_027,曾涵江,will,2,0.002755
chuang2021_027,曾涵江,yummy,2,0.002755
chuang2021_027,曾涵江,一定,2,0.002755
chuang2021_027,曾涵江,下一次,2,0.002755
chuang2021_027,曾涵江,井胧,2,0.002755
chuang2021_027,曾涵江,代少冬,2,0.002755
chuang2021_027,曾涵江,任胤蓬,2,0.002755
chuang2021_027,曾涵江,伯远,2,0.002755
chuang2021_027,曾涵江,但是,2,0.002755
chuang2021_027,曾涵江,佐藤永翔,2,0.002755
chuang2021_027,曾涵江,你值得最好的,2,0.002755
chuang2021_027,曾涵江,你真的很棒,2,0.002755
chuang2021_027,曾涵江,兄弟们给我感觉完全不一样,2,0.002755
chuang2021_027,曾涵江,刘彰,2,0.002755
chuang2021_027,曾涵江,创4排名,2,0.002755
chuang2021_027,曾涵江,创造营三顺发布心情像过山车,2,0.002755
chuang2021_027,曾涵江,创造营成团夜,2,0.002755
chuang2021_027,曾涵江,即便我没有登上总决赛舞台,2,0.002755
chuang2021_027,曾涵江,和马退赛了,2,0.002755
chuang2021_027,曾涵江,喜内优心,2,0.002755
chuang2021_027,曾涵江,因为他真的太优秀了,2,0.002755
chuang2021_027,曾涵江,因为付出长时间的努力之后,2,0.002755
chuang2021_027,曾涵江,大卫,2,0.002755
chuang2021_027,曾涵江,就像进入一个新圈子,2,0.002755
chuang2021_027,曾涵江,屈柏宇,2,0.002755
chuang2021_027,曾涵江,当炮灰,2,0.002755
chuang2021_027,曾涵江,我去过两次类似的节目,2,0.002755
chuang2021_027,曾涵江,我很惭愧的就是没能帮到他很多东西,2,0.002755
chuang2021_027,曾涵江,我很感激能认识各位朋友们,2,0.002755
chuang2021_027,曾涵江,我特别想谢谢米卡,2,0.002755
chuang2021_027,曾涵江,我绝对会在舞台上发光的,2,0.002755
chuang2021_027,曾涵江,我觉得努力是有回报的,2,0.002755
chuang2021_027,曾涵江,才能抓住每一次到来的机会,2,0.002755
chuang2021_027,曾涵江,找到一个新的环境,2,0.002755
chuang2021_027,曾涵江,换米卡,2,0.002755
chuang2021_027,曾涵江,救命,2,0.002755
chuang2021_027,曾涵江,新的家庭一样,2,0.002755
chuang2021_027,曾涵江,曾涵江cup,2,0.002755
chuang2021_027,曾涵江,曾涵江rap实力,2,0.002755
chuang2021_027,曾涵江,曾涵江毕业快乐,2,0.002755
chuang2021_027,曾涵江,最后,2,0.002755
chuang2021_027,曾涵江,最后我想说的是,2,0.002755
chuang2021_027,曾涵江,李洛尔,2,0.002755
chuang2021_027,曾涵江,来创造营之前,2,0.002755
chuang2021_027,曾涵江,林煜修,2,0.002755
chuang2021_027,曾涵江,涵江,2,0.002755
chuang2021_027,曾涵江,王孝辰,2,0.002755
chuang2021_027,曾涵江,甘望星,2,0.002755
chuang2021_027,曾涵江,相信自己,2,0.002755
chuang2021_027,曾涵江,真的很感谢营里的大家,2,0.002755
chuang2021_027,曾涵江,第9期,2,0.002755
chuang2021_027,曾涵江,第三次顺位发布25人进决赛,2,0.002755
chuang2021_027,曾涵江,米卡4天学会一首中文歌,2,0.002755
chuang2021_027,曾涵江,米卡超话,2,0.002755
chuang2021_027,曾涵江,米卡进a班,2,0.002755
chuang2021_027,曾涵江,罗言,2,0.002755
chuang2021_027,曾涵江,羽生田挙武,2,0.002755
chuang2021_027,曾涵江,胡烨韬,2,0.002755
chuang2021_027,曾涵江,范臻尔,2,0.002755
chuang2021_027,曾涵江,蒋敦豪,2,0.002755
chuang2021_027,曾涵江,薛八一,2,0.002755
chuang2021_027,曾涵江,蛋丝易贼,2,0.002755
chuang2021_027,曾涵江,让我放下了很多顾虑,2,0.002755
chuang2021_027,曾涵江,说实话,2,0.002755
chuang2021_027,曾涵江,诺言,2,0.002755
chuang2021_027,曾涵江,谁人不识曾涵江,2,0.002755
chuang2021_027,曾涵江,赖耀翔,2,0.002755
chuang2021_027,曾涵江,跑龙套,2,0.002755
chuang2021_027,曾涵江,这也不是我的最后一次舞台,2,0.002755
chuang2021_027,曾涵江,长期,2,0.002755
chuang2021_027,曾涵江,韩佩泉,2,0.002755
chuang2021_028,谢兴阳,谢兴阳,107,0.146175
chuang2021_028,谢兴阳,谢兴阳超话,47,0.064208
chuang2021_028,谢兴阳,收起,38,0.051913
chuang2021_028,谢兴阳,谢兴阳创造营2021,21,0.028689
chuang2021_028,谢兴阳,谢兴阳感谢创始人秃头应援,16,0.021858
chuang2021_028,谢兴阳,谢兴阳未来可期,13,0.01776
chuang2021_028,谢兴阳,韩佩泉,11,0.015027
chuang2021_028,谢兴阳,高卿尘,10,0.013661
chuang2021_028,谢兴阳,谢兴阳齁甜制造机,9,0.012295
chuang2021_028,谢兴阳,吴宇恒,8,0.010929
chuang2021_028,谢兴阳,利路修,7,0.009563
chuang2021_028,谢兴阳,明星势力榜,7,0.009563
chuang2021_028,谢兴阳,林墨,7,0.009563
chuang2021_028,谢兴阳,魏子越,7,0.009563
chuang2021_028,谢兴阳,俞更寅,6,0.008197
chuang2021_028,谢兴阳,创造营2021超话,6,0.008197
chuang2021_028,谢兴阳,尹浩宇,6,0.008197
chuang2021_028,谢兴阳,张星特,6,0.008197
chuang2021_028,谢兴阳,张腾,6,0.008197
chuang2021_028,谢兴阳,2021,5,0.006831
chuang2021_028,谢兴阳,井胧,5,0.006831
chuang2021_028,谢兴阳,伯远,5,0.006831
chuang2021_028,谢兴阳,刘宇,5,0.006831
chuang2021_028,谢兴阳,创造营排名,5,0.006831
chuang2021_028,谢兴阳,力丸,5,0.006831
chuang2021_028,谢兴阳,加油,5,0.006831
chuang2021_028,谢兴阳,吴海,5,0.006831
chuang2021_028,谢兴阳,周柯宇,5,0.006831
chuang2021_028,谢兴阳,和马,5,0.006831
chuang2021_028,谢兴阳,庆怜,5,0.006831
chuang2021_028,谢兴阳,张欣尧,5,0.006831
chuang2021_028,谢兴阳,甘望星,5,0.006831
chuang2021_028,谢兴阳,米卡,5,0.006831
chuang2021_028,谢兴阳,网页链接,5,0.006831
chuang2021_028,谢兴阳,韩美娟想和谢兴阳做朋友,5,0.006831
chuang2021_028,谢兴阳,xxy,4,0.005464
chuang2021_028,谢兴阳,一起为他助力戳,4,0.005464
chuang2021_028,谢兴阳,不忘初心,4,0.005464
chuang2021_028,谢兴阳,付思超,4,0.005464
chuang2021_028,谢兴阳,你一定能拿下,4,0.005464
chuang2021_028,谢兴阳,创造营2021榜,4,0.005464
chuang2021_028,谢兴阳,创造营2021榜好成绩,4,0.005464
chuang2021_028,谢兴阳,创造营成团夜,4,0.005464
chuang2021_028,谢兴阳,张嘉元,4,0.005464
chuang2021_028,谢兴阳,我的爱豆体验季结束了,4,0.005464
chuang2021_028,谢兴阳,方得始终,4,0.005464
chuang2021_028,谢兴阳,曾涵江,4,0.005464
chuang2021_028,谢兴阳,胡烨韬,4,0.005464
chuang2021_028,谢兴阳,蒋敦豪,4,0.005464
chuang2021_028,谢兴阳,赞多,4,0.005464
chuang2021_028,谢兴阳,303,3,0.004098
chuang2021_028,谢兴阳,boy,3,0.004098
chuang2021_028,谢兴阳,上原一翔,3,0.004098
chuang2021_028,谢兴阳,为梦想拼尽全力,3,0.004098
chuang2021_028,谢兴阳,于洋,3,0.004098
chuang2021_028,谢兴阳,井汲大翔,3,0.004098
chuang2021_028,谢兴阳,任胤蓬,3,0.004098
chuang2021_028,谢兴阳,何屹繁,3,0.004098
chuang2021_028,谢兴阳,刘彰,3,0.004098
chuang2021_028,谢兴阳,创造营2021榜上支持你啦,3,0.004098
chuang2021_028,谢兴阳,向全世界安利谢兴阳,3,0.004098
chuang2021_028,谢兴阳,大卫,3,0.004098
chuang2021_028,谢兴阳,奥斯卡,3,0.004098
chuang2021_028,谢兴阳,小九,3,0.004098
chuang2021_028,谢兴阳,微博综艺的微博视频,3,0.004098
chuang2021_028,谢兴阳,我已使用名人福袋为,3,0.004098
chuang2021_028,谢兴阳,戳这里,3,0.004098
chuang2021_028,谢兴阳,扬帆起航,3,0.004098
chuang2021_028,谢兴阳,明星势力榜第238位,3,0.004098
chuang2021_028,谢兴阳,来超话啦,3,0.004098
chuang2021_028,谢兴阳,毕业快乐,3,0.004098
chuang2021_028,谢兴阳,羽生田挙武,3,0.004098
chuang2021_028,谢兴阳,范臻尔,3,0.004098
chuang2021_028,谢兴阳,荣耀,3,0.004098
chuang2021_028,谢兴阳,诺言,3,0.004098
chuang2021_028,谢兴阳,谢兴阳妹妹给高卿尘打call,3,0.004098
chuang2021_028,谢兴阳,贡献6影响力,3,0.004098
chuang2021_028,谢兴阳,赖耀翔,3,0.004098
chuang2021_028,谢兴阳,超话目前在内地超话no,3,0.004098
chuang2021_028,谢兴阳,跟我一起助ta荣登超话封面吧,3,0.004098
chuang2021_028,谢兴阳,跨海相聚,3,0.004098
chuang2021_028,谢兴阳,邵明明,3,0.004098
chuang2021_028,谢兴阳,闯人的底气,3,0.004098
chuang2021_028,谢兴阳,韩美娟感谢谢兴阳,3,0.004098
chuang2021_028,谢兴阳,2021的名梗顺口溜信手拈来,2,0.002732
chuang2021_028,谢兴阳,27,2,0.002732
chuang2021_028,谢兴阳,365天和谢兴阳说晚安,2,0.002732
chuang2021_028,谢兴阳,88,2,0.002732
chuang2021_028,谢兴阳,butter,2,0.002732
chuang2021_028,谢兴阳,fly,2,0.002732
chuang2021_028,谢兴阳,lover,2,0.002732
chuang2021_028,谢兴阳,me,2,0.002732
chuang2021_028,谢兴阳,ps,2,0.002732
chuang2021_028,谢兴阳,radio,2,0.002732
chuang2021_028,谢兴阳,ready,2,0.002732
chuang2021_028,谢兴阳,yummy,2,0.002732
chuang2021_028,谢兴阳,不愧是你喜剧阳,2,0.002732
chuang2021_028,谢兴阳,不要哭,2,0.002732
chuang2021_028,谢兴阳,代少冬,2,0.002732
chuang2021_028,谢兴阳,佐藤永翔,2,0.002732
chuang2021_028,谢兴阳,作为怪物,2,0.002732
chuang2021_028,谢兴阳,你值得更好的,2,0.002732
chuang2021_028,谢兴阳,关系最好,2,0.002732
chuang2021_028,谢兴阳,刘唐辉,2,0.002732
chuang2021_028,谢兴阳,创造营2021纯甄创造营学员能量榜,2,0.002732
chuang2021_028,谢兴阳,加油吧,2,0.002732
chuang2021_028,谢兴阳,加注能量啦,2,0.002732
chuang2021_028,谢兴阳,叶皓然,2,0.002732
chuang2021_028,谢兴阳,听说你在创造营一顿能吃十几个汉堡,2,0.002732
chuang2021_028,谢兴阳,哈哈,2,0.002732
chuang2021_028,谢兴阳,喜内优心,2,0.002732
chuang2021_028,谢兴阳,固安,2,0.002732
chuang2021_028,谢兴阳,在营里没有零食的时候,2,0.002732
chuang2021_028,谢兴阳,多少听着有点吓人,2,0.002732
chuang2021_028,谢兴阳,女孩,2,0.002732
chuang2021_028,谢兴阳,好到会当着谢兴阳的面卸妆,2,0.002732
chuang2021_028,谢兴阳,学员,2,0.002732
chuang2021_028,谢兴阳,安迪,2,0.002732
chuang2021_028,谢兴阳,屈柏宇,2,0.002732
chuang2021_028,谢兴阳,希望你能控制一下饮食,2,0.002732
chuang2021_028,谢兴阳,廊坊,2,0.002732
chuang2021_028,谢兴阳,当阳仔,2,0.002732
chuang2021_028,谢兴阳,我在纯甄,2,0.002732
chuang2021_028,谢兴阳,我欢喜喜欢你,2,0.002732
chuang2021_028,谢兴阳,打call,2,0.002732
chuang2021_028,谢兴阳,撕假发片,2,0.002732
chuang2021_028,谢兴阳,新浪综艺的微博视频,2,0.002732
chuang2021_028,谢兴阳,无中生友,2,0.002732
chuang2021_028,谢兴阳,是个秀逗糖,2,0.002732
chuang2021_028,谢兴阳,李嘉祥,2,0.002732
chuang2021_028,谢兴阳,李家豪,2,0.002732
chuang2021_028,谢兴阳,李洛尔,2,0.002732
chuang2021_028,谢兴阳,林煜修,2,0.002732
chuang2021_028,谢兴阳,演员谢兴阳,2,0.002732
chuang2021_028,谢兴阳,爱我ready,2,0.002732
chuang2021_028,谢兴阳,王孝辰,2,0.002732
chuang2021_028,谢兴阳,玩自己在,2,0.002732
chuang2021_028,谢兴阳,现场震惊到扣出了一个创造营,2,0.002732
chuang2021_028,谢兴阳,甚至有时候谢兴阳还会帮忙撕假发片,2,0.002732
chuang2021_028,谢兴阳,看创4记得撑腰么么哒,2,0.002732
chuang2021_028,谢兴阳,破茧,2,0.002732
chuang2021_028,谢兴阳,神仙友谊也太暖人啦,2,0.002732
chuang2021_028,谢兴阳,糖果超甜,2,0.002732
chuang2021_028,谢兴阳,素颜,2,0.002732
chuang2021_028,谢兴阳,腾讯视频创造营2021,2,0.002732
chuang2021_028,谢兴阳,薛八一,2,0.002732
chuang2021_028,谢兴阳,说在营里和,2,0.002732
chuang2021_028,谢兴阳,说学逗唱那是更在行了,2,0.002732
chuang2021_028,谢兴阳,谢兴阳也会偷偷往韩美娟枕头边放零食,2,0.002732
chuang2021_028,谢兴阳,谢兴阳帮韩美娟撕假发片,2,0.002732
chuang2021_028,谢兴阳,谢兴阳教邓超周深撒娇,2,0.002732
chuang2021_028,谢兴阳,超级冠军,2,0.002732
chuang2021_028,谢兴阳,还给发起人团都整了一个slogan教学,2,0.002732
chuang2021_028,谢兴阳,遇见,2,0.002732
chuang2021_028,谢兴阳,邓超,2,0.002732
chuang2021_028,谢兴阳,醉拳,2,0.002732
chuang2021_028,谢兴阳,钱政宇,2,0.002732
chuang2021_028,谢兴阳,陆定昊,2,0.002732
chuang2021_028,谢兴阳,霓虹甜心,2,0.002732
chuang2021_028,谢兴阳,韩美娟,2,0.002732
chuang2021_029,吴海,吴海,106,0.072902
chuang2021_029,吴海,收起,64,0.044017
chuang2021_029,吴海,吴海ocean超话,34,0.023384
chuang2021_029,吴海,吴海创造营2021,32,0.022008
chuang2021_029,吴海,刘宇,30,0.020633
chuang2021_029,吴海,俞更寅,20,0.013755
chuang2021_029,吴海,吴宇恒,20,0.013755
chuang2021_029,吴海,伯远,16,0.011004
chuang2021_029,吴海,张欣尧,16,0.011004
chuang2021_029,吴海,原部凌,14,0.009629
chuang2021_029,吴海,周柯宇,14,0.009629
chuang2021_029,吴海,张腾,14,0.009629
chuang2021_029,吴海,创造营2021超话,13,0.008941
chuang2021_029,吴海,力丸,13,0.008941
chuang2021_029,吴海,吴海女孩,13,0.008941
chuang2021_029,吴海,吴海的麦没声音喊着回答刘宇,13,0.008941
chuang2021_029,吴海,尹浩宇,13,0.008941
chuang2021_029,吴海,米卡,13,0.008941
chuang2021_029,吴海,赞多,13,0.008941
chuang2021_029,吴海,高卿尘,13,0.008941
chuang2021_029,吴海,张嘉元,12,0.008253
chuang2021_029,吴海,林墨,12,0.008253
chuang2021_029,吴海,付思超,11,0.007565
chuang2021_029,吴海,女孩,11,0.007565
chuang2021_029,吴海,庆怜,11,0.007565
chuang2021_029,吴海,胡烨韬,11,0.007565
chuang2021_029,吴海,魏子越,11,0.007565
chuang2021_029,吴海,井胧,10,0.006878
chuang2021_029,吴海,代少冬,10,0.006878
chuang2021_029,吴海,任胤蓬,10,0.006878
chuang2021_029,吴海,何屹繁,10,0.006878
chuang2021_029,吴海,刘彰,10,0.006878
chuang2021_029,吴海,屈柏宇,10,0.006878
chuang2021_029,吴海,张星特,10,0.006878
chuang2021_029,吴海,甘望星,10,0.006878
chuang2021_029,吴海,肖力桓,10,0.006878
chuang2021_029,吴海,诺言,10,0.006878
chuang2021_029,吴海,邵明明,10,0.006878
chuang2021_029,吴海,井汲大翔,9,0.00619
chuang2021_029,吴海,荣耀,9,0.00619
chuang2021_029,吴海,谢兴阳,9,0.00619
chuang2021_029,吴海,门胁慎刚,9,0.00619
chuang2021_029,吴海,韩佩泉,9,0.00619
chuang2021_029,吴海,一之濑飞鸟,8,0.005502
chuang2021_029,吴海,上原一翔,8,0.005502
chuang2021_029,吴海,于洋,8,0.005502
chuang2021_029,吴海,佐藤永翔,8,0.005502
chuang2021_029,吴海,刘聪,8,0.005502
chuang2021_029,吴海,叶皓然,8,0.005502
chuang2021_029,吴海,奥斯卡,8,0.005502
chuang2021_029,吴海,怿涵,8,0.005502
chuang2021_029,吴海,曾涵江,8,0.005502
chuang2021_029,吴海,李政庭,8,0.005502
chuang2021_029,吴海,李泰龙,8,0.005502
chuang2021_029,吴海,林豆,8,0.005502
chuang2021_029,吴海,王孝辰,8,0.005502
chuang2021_029,吴海,蒋敦豪,8,0.005502
chuang2021_029,吴海,薛八一,8,0.005502
chuang2021_029,吴海,赖耀翔,8,0.005502
chuang2021_029,吴海,郑明鑫,8,0.005502
chuang2021_029,吴海,陆定昊,8,0.005502
chuang2021_029,吴海,陈俊洁,8,0.005502
chuang2021_029,吴海,韦语节,8,0.005502
chuang2021_029,吴海,何圳煜,7,0.004814
chuang2021_029,吴海,利路修,7,0.004814
chuang2021_029,吴海,吴海淘汰,7,0.004814
chuang2021_029,吴海,喜内优心,7,0.004814
chuang2021_029,吴海,大卫,7,0.004814
chuang2021_029,吴海,安迪,7,0.004814
chuang2021_029,吴海,徐圣兹,7,0.004814
chuang2021_029,吴海,徐绍岚,7,0.004814
chuang2021_029,吴海,我看过了世界也希望世界看到我,7,0.004814
chuang2021_029,吴海,曹左,7,0.004814
chuang2021_029,吴海,李沛洋,7,0.004814
chuang2021_029,吴海,李泽坤,7,0.004814
chuang2021_029,吴海,林煜修,7,0.004814
chuang2021_029,吴海,网页链接,7,0.004814
chuang2021_029,吴海,羽生田挙武,7,0.004814
chuang2021_029,吴海,范臻尔,7,0.004814
chuang2021_029,吴海,谷柳霖,7,0.004814
chuang2021_029,吴海,隅田隼平,7,0.004814
chuang2021_029,吴海,黄鲲,7,0.004814
chuang2021_029,吴海,何懿峻,6,0.004127
chuang2021_029,吴海,凌箫,6,0.004127
chuang2021_029,吴海,刘严冬季,6,0.004127
chuang2021_029,吴海,刘唐辉,6,0.004127
chuang2021_029,吴海,卢克,6,0.004127
chuang2021_029,吴海,学员,6,0.004127
chuang2021_029,吴海,张璋,6,0.004127
chuang2021_029,吴海,李嘉祥,6,0.004127
chuang2021_029,吴海,李家豪,6,0.004127
chuang2021_029,吴海,王泽浩,6,0.004127
chuang2021_029,吴海,田口馨也,6,0.004127
chuang2021_029,吴海,罗言,6,0.004127
chuang2021_029,吴海,贵尚奇,6,0.004127
chuang2021_029,吴海,都筑雄哉,6,0.004127
chuang2021_029,吴海,钱政宇,6,0.004127
chuang2021_029,吴海,阿克朱力,6,0.004127
chuang2021_029,吴海,陈瑞丰,6,0.004127
chuang2021_029,吴海,88,5,0.003439
chuang2021_029,吴海,boy,5,0.003439
chuang2021_029,吴海,lover,5,0.003439
chuang2021_029,吴海,me,5,0.003439
chuang2021_029,吴海,radio,5,0.003439
chuang2021_029,吴海,ready,5,0.003439
chuang2021_029,吴海,you,5,0.003439
chuang2021_029,吴海,yummy,5,0.003439
chuang2021_029,吴海,作为怪物,5,0.003439
chuang2021_029,吴海,创造营排名,5,0.003439
chuang2021_029,吴海,吴海线下见面会跳舞,5,0.003439
chuang2021_029,吴海,和马,5,0.003439
chuang2021_029,吴海,我欢喜喜欢你,5,0.003439
chuang2021_029,吴海,李洛尔,5,0.003439
chuang2021_029,吴海,破茧,5,0.003439
chuang2021_029,吴海,超级冠军,5,0.003439
chuang2021_029,吴海,醉拳,5,0.003439
chuang2021_029,吴海,霓虹甜心,5,0.003439
chuang2021_029,吴海,ak,4,0.002751
chuang2021_029,吴海,butter,4,0.002751
chuang2021_029,吴海,fly,4,0.002751
chuang2021_029,吴海,lit,4,0.002751
chuang2021_029,吴海,一辈子怎么够,4,0.002751
chuang2021_029,吴海,今晚,4,0.002751
chuang2021_029,吴海,导师,4,0.002751
chuang2021_029,吴海,爱我ready,4,0.002751
chuang2021_029,吴海,amber刘逸云,3,0.002063
chuang2021_029,吴海,nene郑乃馨,3,0.002063
chuang2021_029,吴海,wh,3,0.002063
chuang2021_029,吴海,你想做我一辈子的朋友吗,3,0.002063
chuang2021_029,吴海,刘宇问吴海你想做我一辈子的朋友吗,3,0.002063
chuang2021_029,吴海,创4全员主题曲舞台爷青回,3,0.002063
chuang2021_029,吴海,创4排名,3,0.002063
chuang2021_029,吴海,创造营成团夜,3,0.002063
chuang2021_029,吴海,加油,3,0.002063
chuang2021_029,吴海,助教,3,0.002063
chuang2021_029,吴海,去更高更远的地方见更亮的光,3,0.002063
chuang2021_029,吴海,周深,3,0.002063
chuang2021_029,吴海,周震南,3,0.002063
chuang2021_029,吴海,宁静,3,0.002063
chuang2021_029,吴海,小海带我看世界的微博视频,3,0.002063
chuang2021_029,吴海,微博综艺的微博视频,3,0.002063
chuang2021_029,吴海,想做一辈子的朋友吗,3,0.002063
chuang2021_029,吴海,感谢小海,3,0.002063
chuang2021_029,吴海,感谢这段时间大家哭和笑都陪伴着彼此,3,0.002063
chuang2021_029,吴海,我们一起走,3,0.002063
chuang2021_029,吴海,新的梦想旅程已经开启,3,0.002063
chuang2021_029,吴海,未来的路,3,0.002063
chuang2021_029,吴海,每一个片段,3,0.002063
chuang2021_029,吴海,海南儋州,3,0.002063
chuang2021_029,吴海,用了整整三个晚上把小海的创造营所有的旅程剪辑下来,3,0.002063
chuang2021_029,吴海,邓超,3,0.002063
chuang2021_029,吴海,都是我们一起共同经历的美好回忆,3,0.002063
chuang2021_029,吴海,鱼哭了海知道,3,0.002063
chuang2021_029,吴海,黑人牙膏白酵素助力创造营吴海闪耀闯关,3,0.002063
chuang2021_029,吴海,20,2,0.001376
chuang2021_029,吴海,amu羽生田挙武,2,0.001376
chuang2021_029,吴海,yuu喜内优心,2,0.001376
chuang2021_029,吴海,一公分组,2,0.001376
chuang2021_029,吴海,不要不自信,2,0.001376
chuang2021_029,吴海,从他身上真的能看出最初最纯真的年少,2,0.001376
chuang2021_029,吴海,从很小就坚持自己的梦想,2,0.001376
chuang2021_029,吴海,会带来像慢慢被淹没的窒息绝望,2,0.001376
chuang2021_029,吴海,但是在,2,0.001376
chuang2021_029,吴海,你很棒,2,0.001376
chuang2021_029,吴海,俞更寅和吴海一直忍着眼泪,2,0.001376
chuang2021_029,吴海,做好自己热爱的事,2,0.001376
chuang2021_029,吴海,像冬日的晨曦一般柔软,2,0.001376
chuang2021_029,吴海,八格小姜的微博视频,2,0.001376
chuang2021_029,吴海,冲冲冲,2,0.001376
chuang2021_029,吴海,冲鸭,2,0.001376
chuang2021_029,吴海,创4一公分组,2,0.001376
chuang2021_029,吴海,创二公有正规名额,2,0.001376
chuang2021_029,吴海,原部凌感谢几位哥哥太好哭了,2,0.001376
chuang2021_029,吴海,可是他却一直是如此的轻盈自由,2,0.001376
chuang2021_029,吴海,可是他真的是一个内心充满圣洁光芒的人啊,2,0.001376
chuang2021_029,吴海,吴宇恒抽泣到嘴唇颤抖,2,0.001376
chuang2021_029,吴海,吴海加油,2,0.001376
chuang2021_029,吴海,吴海狼人杀高配玩家,2,0.001376
chuang2021_029,吴海,吴海真的是在发光的人,2,0.001376
chuang2021_029,吴海,吴海跳舞实力终于被看到,2,0.001376
chuang2021_029,吴海,哈哈哈,2,0.001376
chuang2021_029,吴海,哥哥们一定也会想念可爱的原buling的,2,0.001376
chuang2021_029,吴海,在告别,2,0.001376
chuang2021_029,吴海,在疲惫后依然那样干净美好,2,0.001376
chuang2021_029,吴海,姐妹们,2,0.001376
chuang2021_029,吴海,小九,2,0.001376
chuang2021_029,吴海,小海,2,0.001376
chuang2021_029,吴海,少年对于自由和爱好的向往从重重阻力中破出,2,0.001376
chuang2021_029,吴海,希望创造营没有淘汰赛制,2,0.001376
chuang2021_029,吴海,弟弟说自己作为一个普通高中生首次出国很紧张,2,0.001376
chuang2021_029,吴海,张欣尧一直捂着嘴巴哭,2,0.001376
chuang2021_029,吴海,微博正文,2,0.001376
chuang2021_029,吴海,成团夜直播,2,0.001376
chuang2021_029,吴海,戴学霖,2,0.001376
chuang2021_029,吴海,所有的感情都是双向的,2,0.001376
chuang2021_029,吴海,新浪综艺的微博视频,2,0.001376
chuang2021_029,吴海,是吴海啊,2,0.001376
chuang2021_029,吴海,最后,2,0.001376
chuang2021_029,吴海,有人不喜欢也没关系,2,0.001376
chuang2021_029,吴海,期待更多舞台,2,0.001376
chuang2021_029,吴海,李洛尔李沛洋,2,0.001376
chuang2021_029,吴海,现场喊话,2,0.001376
chuang2021_029,吴海,现实和精神失衡,2,0.001376
chuang2021_029,吴海,画面过于美好,2,0.001376
chuang2021_029,吴海,的关心,2,0.001376
chuang2021_029,吴海,的发言也太好哭了,2,0.001376
chuang2021_029,吴海,眼睛里就好像有满天繁密的星光,2,0.001376
chuang2021_029,吴海,第二次公演,2,0.001376
chuang2021_029,吴海,组感受到几位哥哥,2,0.001376
chuang2021_029,吴海,羽生田学武,2,0.001376
chuang2021_029,吴海,而且他也很努力啊,2,0.001376
chuang2021_029,吴海,自己也不用那么小心翼翼,2,0.001376
chuang2021_029,吴海,营人进入异次元会变成笨蛋吗,2,0.001376
chuang2021_029,吴海,要的来,2,0.001376
chuang2021_029,吴海,认为如果只做爱豆不拍戏错过了进步的可能,2,0.001376
chuang2021_029,吴海,这样在旁人看来叛经离道的行为背后我想象不到要背负和付出多少,2,0.001376
chuang2021_029,吴海,问吴海想做一辈子朋友吗,2,0.001376
chuang2021_029,吴海,阿克朱立,2,0.001376
chuang2021_029,吴海,需审核,2,0.001376
chuang2021_029,吴海,面对弟弟的告别,2,0.001376
chuang2021_030,何屹繁,何屹繁,127,0.067054
chuang2021_030,何屹繁,收起,59,0.031151
chuang2021_030,何屹繁,俞更寅,31,0.016367
chuang2021_030,何屹繁,何屹繁创造营2021,26,0.013728
chuang2021_030,何屹繁,何屹繁超话,24,0.012672
chuang2021_030,何屹繁,吴宇恒,20,0.01056
chuang2021_030,何屹繁,井胧,18,0.009504
chuang2021_030,何屹繁,林墨,18,0.009504
chuang2021_030,何屹繁,付思超,17,0.008976
chuang2021_030,何屹繁,刘宇,17,0.008976
chuang2021_030,何屹繁,周柯宇,17,0.008976
chuang2021_030,何屹繁,张嘉元,17,0.008976
chuang2021_030,何屹繁,张腾,17,0.008976
chuang2021_030,何屹繁,甘望星,17,0.008976
chuang2021_030,何屹繁,米卡,17,0.008976
chuang2021_030,何屹繁,伯远,16,0.008448
chuang2021_030,何屹繁,吴海,15,0.00792
chuang2021_030,何屹繁,张星特,15,0.00792
chuang2021_030,何屹繁,张欣尧,15,0.00792
chuang2021_030,何屹繁,荣耀,15,0.00792
chuang2021_030,何屹繁,诺言,15,0.00792
chuang2021_030,何屹繁,陆定昊,15,0.00792
chuang2021_030,何屹繁,2021,14,0.007392
chuang2021_030,何屹繁,任胤蓬,14,0.007392
chuang2021_030,何屹繁,邵明明,14,0.007392
chuang2021_030,何屹繁,一之濑飞鸟,13,0.006864
chuang2021_030,何屹繁,刘聪,13,0.006864
chuang2021_030,何屹繁,力丸,13,0.006864
chuang2021_030,何屹繁,尹浩宇,13,0.006864
chuang2021_030,何屹繁,李政庭,13,0.006864
chuang2021_030,何屹繁,胡烨韬,13,0.006864
chuang2021_030,何屹繁,赞多,13,0.006864
chuang2021_030,何屹繁,hyf,12,0.006336
chuang2021_030,何屹繁,原部凌,12,0.006336
chuang2021_030,何屹繁,叶皓然,12,0.006336
chuang2021_030,何屹繁,和马,12,0.006336
chuang2021_030,何屹繁,屈柏宇,12,0.006336
chuang2021_030,何屹繁,庆怜,12,0.006336
chuang2021_030,何屹繁,怿涵,12,0.006336
chuang2021_030,何屹繁,曾涵江,12,0.006336
chuang2021_030,何屹繁,李沛洋,12,0.006336
chuang2021_030,何屹繁,林豆,12,0.006336
chuang2021_030,何屹繁,郑明鑫,12,0.006336
chuang2021_030,何屹繁,门胁慎刚,12,0.006336
chuang2021_030,何屹繁,陈俊洁,12,0.006336
chuang2021_030,何屹繁,韦语节,12,0.006336
chuang2021_030,何屹繁,代少冬,11,0.005808
chuang2021_030,何屹繁,加注能量啦,11,0.005808
chuang2021_030,何屹繁,我在纯甄,11,0.005808
chuang2021_030,何屹繁,李嘉祥,11,0.005808
chuang2021_030,何屹繁,李泰龙,11,0.005808
chuang2021_030,何屹繁,肖力桓,11,0.005808
chuang2021_030,何屹繁,谢兴阳,11,0.005808
chuang2021_030,何屹繁,高卿尘,11,0.005808
chuang2021_030,何屹繁,井汲大翔,10,0.00528
chuang2021_030,何屹繁,刘彰,10,0.00528
chuang2021_030,何屹繁,创造营2021纯甄创造营学员能量榜,10,0.00528
chuang2021_030,何屹繁,创造营排名,10,0.00528
chuang2021_030,何屹繁,利路修,10,0.00528
chuang2021_030,何屹繁,加油,10,0.00528
chuang2021_030,何屹繁,奥斯卡,10,0.00528
chuang2021_030,何屹繁,韩佩泉,10,0.00528
chuang2021_030,何屹繁,handsomeboys和声听醉了,9,0.004752
chuang2021_030,何屹繁,大卫,9,0.004752
chuang2021_030,何屹繁,范臻尔,9,0.004752
chuang2021_030,何屹繁,评论配图,9,0.004752
chuang2021_030,何屹繁,魏子越,9,0.004752
chuang2021_030,何屹繁,boy,8,0.004224
chuang2021_030,何屹繁,于洋,8,0.004224
chuang2021_030,何屹繁,李家豪,8,0.004224
chuang2021_030,何屹繁,李洛尔,8,0.004224
chuang2021_030,何屹繁,罗言,8,0.004224
chuang2021_030,何屹繁,蒋敦豪,8,0.004224
chuang2021_030,何屹繁,薛八一,8,0.004224
chuang2021_030,何屹繁,钱政宇,8,0.004224
chuang2021_030,何屹繁,88,7,0.003696
chuang2021_030,何屹繁,butter,7,0.003696
chuang2021_030,何屹繁,fly,7,0.003696
chuang2021_030,何屹繁,lover,7,0.003696
chuang2021_030,何屹繁,me,7,0.003696
chuang2021_030,何屹繁,radio,7,0.003696
chuang2021_030,何屹繁,ready,7,0.003696
chuang2021_030,何屹繁,yummy,7,0.003696
chuang2021_030,何屹繁,上原一翔,7,0.003696
chuang2021_030,何屹繁,佐藤永翔,7,0.003696
chuang2021_030,何屹繁,何圳煜,7,0.003696
chuang2021_030,何屹繁,何懿峻,7,0.003696
chuang2021_030,何屹繁,作为怪物,7,0.003696
chuang2021_030,何屹繁,你也快来为喜欢的学员助力吧,7,0.003696
chuang2021_030,何屹繁,刘唐辉,7,0.003696
chuang2021_030,何屹繁,女孩,7,0.003696
chuang2021_030,何屹繁,学员能量榜为,7,0.003696
chuang2021_030,何屹繁,安迪,7,0.003696
chuang2021_030,何屹繁,徐圣兹,7,0.003696
chuang2021_030,何屹繁,我欢喜喜欢你,7,0.003696
chuang2021_030,何屹繁,曹左,7,0.003696
chuang2021_030,何屹繁,李泽坤,7,0.003696
chuang2021_030,何屹繁,爱我ready,7,0.003696
chuang2021_030,何屹繁,王孝辰,7,0.003696
chuang2021_030,何屹繁,破茧,7,0.003696
chuang2021_030,何屹繁,羽生田挙武,7,0.003696
chuang2021_030,何屹繁,能为他争取到专属vlog拍摄机会,7,0.003696
chuang2021_030,何屹繁,贵尚奇,7,0.003696
chuang2021_030,何屹繁,赖耀翔,7,0.003696
chuang2021_030,何屹繁,超级冠军,7,0.003696
chuang2021_030,何屹繁,都筑雄哉,7,0.003696
chuang2021_030,何屹繁,醉拳,7,0.003696
chuang2021_030,何屹繁,陈瑞丰,7,0.003696
chuang2021_030,何屹繁,霓虹甜心,7,0.003696
chuang2021_030,何屹繁,黄鲲,7,0.003696
chuang2021_030,何屹繁,lit,6,0.003168
chuang2021_030,何屹繁,you,6,0.003168
chuang2021_030,何屹繁,主题曲二创舞台因为有,6,0.003168
chuang2021_030,何屹繁,但因为你百分之一百甚至百分之两百的努力,6,0.003168
chuang2021_030,何屹繁,何屹繁hyf,6,0.003168
chuang2021_030,何屹繁,何老板,6,0.003168
chuang2021_030,何屹繁,你永远都是最棒的,6,0.003168
chuang2021_030,何屹繁,你的名字就永远无法被抹去,6,0.003168
chuang2021_030,何屹繁,凌箫,6,0.003168
chuang2021_030,何屹繁,刘严冬季,6,0.003168
chuang2021_030,何屹繁,创造营2021超话,6,0.003168
chuang2021_030,何屹繁,删去id和toupiao等,6,0.003168
chuang2021_030,何屹繁,前面该删的记得都要删掉噢,6,0.003168
chuang2021_030,何屹繁,卢克,6,0.003168
chuang2021_030,何屹繁,听到队友们说同组选手为了二创每天都只睡三四个小时的时候,6,0.003168
chuang2021_030,何屹繁,喜内优心,6,0.003168
chuang2021_030,何屹繁,小室为你感到骄傲,6,0.003168
chuang2021_030,何屹繁,小室就知道同样完整参与了改编作曲,6,0.003168
chuang2021_030,何屹繁,张璋,6,0.003168
chuang2021_030,何屹繁,徐绍岚,6,0.003168
chuang2021_030,何屹繁,投piao后点击分享我的观点,6,0.003168
chuang2021_030,何屹繁,按照顺序依次投piao,6,0.003168
chuang2021_030,何屹繁,改编作词,6,0.003168
chuang2021_030,何屹繁,改编编曲的何老板,6,0.003168
chuang2021_030,何屹繁,有些东西也许不会在镜头里被展现出来,6,0.003168
chuang2021_030,何屹繁,林煜修,6,0.003168
chuang2021_030,何屹繁,每天有多辛苦,6,0.003168
chuang2021_030,何屹繁,点击发送,6,0.003168
chuang2021_030,何屹繁,然后取消刚刚的投piao,6,0.003168
chuang2021_030,何屹繁,王泽浩,6,0.003168
chuang2021_030,何屹繁,田口馨也,6,0.003168
chuang2021_030,何屹繁,简直帅炸了,6,0.003168
chuang2021_030,何屹繁,自豪,6,0.003168
chuang2021_030,何屹繁,谷柳霖,6,0.003168
chuang2021_030,何屹繁,重复以上步骤依次分享第二到五个词条,6,0.003168
chuang2021_030,何屹繁,阿克朱力,6,0.003168
chuang2021_030,何屹繁,隅田隼平,6,0.003168
chuang2021_030,何屹繁,16今天净,5,0.00264
chuang2021_030,何屹繁,amu羽生田挙武,5,0.00264
chuang2021_030,何屹繁,yuu喜内优心,5,0.00264
chuang2021_030,何屹繁,创4排名,5,0.00264
chuang2021_030,何屹繁,开始啦,5,0.00264
chuang2021_030,何屹繁,戴学霖,5,0.00264
chuang2021_030,何屹繁,明星势力榜,5,0.00264
chuang2021_030,何屹繁,走起,5,0.00264
chuang2021_030,何屹繁,阿克朱立,5,0.00264
chuang2021_030,何屹繁,创4一公分组,4,0.002112
chuang2021_030,何屹繁,助你获得惊喜vlog拍摄机会,4,0.002112
chuang2021_030,何屹繁,学员,4,0.002112
chuang2021_030,何屹繁,学员能量榜为你,4,0.002112
chuang2021_030,何屹繁,想让更多人看到如此优秀的你,4,0.002112
chuang2021_030,何屹繁,12,3,0.001584
chuang2021_030,何屹繁,15举行红毯秀,3,0.001584
chuang2021_030,何屹繁,2015年星动亚洲的俞更寅和何屹繁在,3,0.001584
chuang2021_030,何屹繁,2021我向,3,0.001584
chuang2021_030,何屹繁,6位导师,3,0.001584
chuang2021_030,何屹繁,amber刘逸云,3,0.001584
chuang2021_030,何屹繁,nene郑乃馨,3,0.001584
chuang2021_030,何屹繁,s曾经的队友为他们投票出道,3,0.001584
chuang2021_030,何屹繁,一公分组,3,0.001584
chuang2021_030,何屹繁,一起为他助力戳,3,0.001584
chuang2021_030,何屹繁,下集我们的歌声很抒情,3,0.001584
chuang2021_030,何屹繁,不否定其他学员努力,3,0.001584
chuang2021_030,何屹繁,不忘初心,3,0.001584
chuang2021_030,何屹繁,为星动亚洲里面的蔡徐坤,3,0.001584
chuang2021_030,何屹繁,主题曲二创学员们颠覆改编,3,0.001584
chuang2021_030,何屹繁,主题曲舞台中心位诞生,3,0.001584
chuang2021_030,何屹繁,他们值得出道,3,0.001584
chuang2021_030,何屹繁,但我更加看到俞更寅和何屹繁的辛苦和不容易,3,0.001584
chuang2021_030,何屹繁,你一定能拿下,3,0.001584
chuang2021_030,何屹繁,全体学员,3,0.001584
chuang2021_030,何屹繁,刘也,3,0.001584
chuang2021_030,何屹繁,创造营2021榜,3,0.001584
chuang2021_030,何屹繁,创造营2021榜好成绩,3,0.001584
chuang2021_030,何屹繁,助教,3,0.001584
chuang2021_030,何屹繁,发起人都在,3,0.001584
chuang2021_030,何屹繁,周深,3,0.001584
chuang2021_030,何屹繁,周震南,3,0.001584
chuang2021_030,何屹繁,和兄弟们在一起,3,0.001584
chuang2021_030,何屹繁,在创造营2021的舞台上一步一步正在慢慢地实现,3,0.001584
chuang2021_030,何屹繁,宁静,3,0.001584
chuang2021_030,何屹繁,审核过短信通知,3,0.001584
chuang2021_030,何屹繁,导师,3,0.001584
chuang2021_030,何屹繁,希望可以治愈到你们,3,0.001584
chuang2021_030,何屹繁,希望有一天能够听到全世界的赞美,3,0.001584
chuang2021_030,何屹繁,微博正文,3,0.001584
chuang2021_030,何屹繁,快来为你支持的学员加油助力吧,3,0.001584
chuang2021_030,何屹繁,想报的速私,3,0.001584
chuang2021_030,何屹繁,把主题曲唱给你听,3,0.001584
chuang2021_030,何屹繁,方得始终,3,0.001584
chuang2021_030,何屹繁,星动一班超话,3,0.001584
chuang2021_030,何屹繁,星动亚洲swin,3,0.001584
chuang2021_030,何屹繁,未来的日子一起闯吧,3,0.001584
chuang2021_030,何屹繁,正规名额,3,0.001584
chuang2021_030,何屹繁,海南儋州,3,0.001584
chuang2021_030,何屹繁,现在这个梦,3,0.001584
chuang2021_030,何屹繁,看创4记得撑腰么么哒,3,0.001584
chuang2021_030,何屹繁,第4期上,3,0.001584
chuang2021_030,何屹繁,第4期下,3,0.001584
chuang2021_030,何屹繁,腾讯视频创造营2021,3,0.001584
chuang2021_030,何屹繁,赵品霖,3,0.001584
chuang2021_030,何屹繁,这是我梦里到过的地方,3,0.001584
chuang2021_030,何屹繁,送出纯甄卡啦,3,0.001584
chuang2021_030,何屹繁,邓超,3,0.001584
chuang2021_030,何屹繁,难到不配拥有出道的机会吗,3,0.001584
chuang2021_030,何屹繁,00,2,0.001056
chuang2021_030,何屹繁,02,2,0.001056
chuang2021_030,何屹繁,30,2,0.001056
chuang2021_030,何屹繁,dimple,2,0.001056
chuang2021_030,何屹繁,handsome,2,0.001056
chuang2021_030,何屹繁,yf,2,0.001056
chuang2021_030,何屹繁,一起加油,2,0.001056
chuang2021_030,何屹繁,下班,2,0.001056
chuang2021_030,何屹繁,不贵,2,0.001056
chuang2021_030,何屹繁,也就一千零一个喜欢何屹繁的原因,2,0.001056
chuang2021_030,何屹繁,何屹繁是可爱当当,2,0.001056
chuang2021_030,何屹繁,俞更寅因何屹繁离开爆哭,2,0.001056
chuang2021_030,何屹繁,俞更寅超话,2,0.001056
chuang2021_030,何屹繁,全部学员,2,0.001056
chuang2021_030,何屹繁,出道位top11,2,0.001056
chuang2021_030,何屹繁,创造营2021学员签名,2,0.001056
chuang2021_030,何屹繁,创造营成团夜,2,0.001056
chuang2021_030,何屹繁,创造营超话,2,0.001056
chuang2021_030,何屹繁,合集记录帖,2,0.001056
chuang2021_030,何屹繁,后援会,2,0.001056
chuang2021_030,何屹繁,回复,2,0.001056
chuang2021_030,何屹繁,在我心中,2,0.001056
chuang2021_030,何屹繁,家里俩崽创造营征途记录,2,0.001056
chuang2021_030,何屹繁,寅时更新loading,2,0.001056
chuang2021_030,何屹繁,快来康康,2,0.001056
chuang2021_030,何屹繁,情话说给何屹繁听,2,0.001056
chuang2021_030,何屹繁,成团夜入场券,2,0.001056
chuang2021_030,何屹繁,截至2月25日中午12,2,0.001056
chuang2021_030,何屹繁,持编cr,2,0.001056
chuang2021_030,何屹繁,摘星,2,0.001056
chuang2021_030,何屹繁,欢迎回家,2,0.001056
chuang2021_030,何屹繁,水印,2,0.001056
chuang2021_030,何屹繁,牛轰轰拥抱,2,0.001056
chuang2021_030,何屹繁,繁繁,2,0.001056
chuang2021_030,何屹繁,网页链接,2,0.001056
chuang2021_030,何屹繁,难过,2,0.001056
chuang2021_030,何屹繁,需要的来,2,0.001056
chuang2021_031,魏子越,魏子越,117,0.051181
chuang2021_031,魏子越,收起,86,0.03762
chuang2021_031,魏子越,魏子越超话,51,0.02231
chuang2021_031,魏子越,魏子越创造营2021,39,0.01706
chuang2021_031,魏子越,网页链接,27,0.011811
chuang2021_031,魏子越,谢兴阳,22,0.009624
chuang2021_031,魏子越,黑人牙膏白酵素助力创造营魏子越闪耀闯关,21,0.009186
chuang2021_031,魏子越,吴海,19,0.008311
chuang2021_031,魏子越,吴宇恒,18,0.007874
chuang2021_031,魏子越,尹浩宇,18,0.007874
chuang2021_031,魏子越,庆怜,17,0.007437
chuang2021_031,魏子越,曾涵江,17,0.007437
chuang2021_031,魏子越,林墨,17,0.007437
chuang2021_031,魏子越,赞多,17,0.007437
chuang2021_031,魏子越,高卿尘,17,0.007437
chuang2021_031,魏子越,伯远,16,0.006999
chuang2021_031,魏子越,刘宇,16,0.006999
chuang2021_031,魏子越,利路修,16,0.006999
chuang2021_031,魏子越,张嘉元,16,0.006999
chuang2021_031,魏子越,甘望星,16,0.006999
chuang2021_031,魏子越,井胧,15,0.006562
chuang2021_031,魏子越,俞更寅,15,0.006562
chuang2021_031,魏子越,张星特,15,0.006562
chuang2021_031,魏子越,张腾,15,0.006562
chuang2021_031,魏子越,井汲大翔,14,0.006124
chuang2021_031,魏子越,创造营2021超话,14,0.006124
chuang2021_031,魏子越,周柯宇,14,0.006124
chuang2021_031,魏子越,奥斯卡,14,0.006124
chuang2021_031,魏子越,张欣尧,14,0.006124
chuang2021_031,魏子越,抽奖详情,14,0.006124
chuang2021_031,魏子越,米卡,14,0.006124
chuang2021_031,魏子越,荣耀,14,0.006124
chuang2021_031,魏子越,付思超,13,0.005687
chuang2021_031,魏子越,何屹繁,13,0.005687
chuang2021_031,魏子越,醉拳,13,0.005687
chuang2021_031,魏子越,陆定昊,13,0.005687
chuang2021_031,魏子越,2月27日,12,0.005249
chuang2021_031,魏子越,30,12,0.005249
chuang2021_031,魏子越,3月13日期间非节目播出日每晚21,12,0.005249
chuang2021_031,魏子越,3月13日节目播出当晚21,12,0.005249
chuang2021_031,魏子越,3月6日,12,0.005249
chuang2021_031,魏子越,万元不限圈,12,0.005249
chuang2021_031,魏子越,不限圈万元抽奖,12,0.005249
chuang2021_031,魏子越,为此后援会发起了,12,0.005249
chuang2021_031,魏子越,为魏子越投上宝贵一票,12,0.005249
chuang2021_031,魏子越,具体抽奖时间如下,12,0.005249
chuang2021_031,魏子越,具体要求以及奖池内容在图5,12,0.005249
chuang2021_031,魏子越,力丸,12,0.005249
chuang2021_031,魏子越,助他出道,12,0.005249
chuang2021_031,魏子越,叶皓然,12,0.005249
chuang2021_031,魏子越,多期待他在节目中的精彩表现,12,0.005249
chuang2021_031,魏子越,大家可以继续支持我们的福气少年,12,0.005249
chuang2021_031,魏子越,大家好,12,0.005249
chuang2021_031,魏子越,希望在以后的时间里,12,0.005249
chuang2021_031,魏子越,微博抽奖平台,12,0.005249
chuang2021_031,魏子越,微博正文,12,0.005249
chuang2021_031,魏子越,感谢大家,12,0.005249
chuang2021_031,魏子越,所有礼物顺丰到付,12,0.005249
chuang2021_031,魏子越,抽奖安利活动,12,0.005249
chuang2021_031,魏子越,期待他在创造营2021舞台上的精彩表现,12,0.005249
chuang2021_031,魏子越,本次抽奖所有礼物均为后援会成员的心意,12,0.005249
chuang2021_031,魏子越,此次不限圈抽奖活动的所有解释权属于魏子越后援会官博,12,0.005249
chuang2021_031,魏子越,活动,12,0.005249
chuang2021_031,魏子越,胡烨韬,12,0.005249
chuang2021_031,魏子越,节目开播,12,0.005249
chuang2021_031,魏子越,请大家继续支持我们的福气少年,12,0.005249
chuang2021_031,魏子越,资金不涉及任何粉圈jz,12,0.005249
chuang2021_031,魏子越,越来越多粉丝朋友们关注魏子越,12,0.005249
chuang2021_031,魏子越,这里是魏子越后援会官博,12,0.005249
chuang2021_031,魏子越,通过微博抽奖平台抽取奖池中1项奖品,12,0.005249
chuang2021_031,魏子越,通过微博抽奖平台抽取奖池中5项奖品,12,0.005249
chuang2021_031,魏子越,随着,12,0.005249
chuang2021_031,魏子越,魏子越微博指路,12,0.005249
chuang2021_031,魏子越,魏子越超话指路,12,0.005249
chuang2021_031,魏子越,上原一翔,11,0.004812
chuang2021_031,魏子越,刘唐辉,11,0.004812
chuang2021_031,魏子越,hotkid,10,0.004374
chuang2021_031,魏子越,羽生田挙武,10,0.004374
chuang2021_031,魏子越,薛八一,10,0.004374
chuang2021_031,魏子越,于洋,9,0.003937
chuang2021_031,魏子越,代少冬,9,0.003937
chuang2021_031,魏子越,任胤蓬,9,0.003937
chuang2021_031,魏子越,王孝辰,9,0.003937
chuang2021_031,魏子越,诺言,9,0.003937
chuang2021_031,魏子越,邵明明,9,0.003937
chuang2021_031,魏子越,刘彰,8,0.0035
chuang2021_031,魏子越,罗言,8,0.0035
chuang2021_031,魏子越,范臻尔,8,0.0035
chuang2021_031,魏子越,蒋敦豪,8,0.0035
chuang2021_031,魏子越,韩佩泉,8,0.0035
chuang2021_031,魏子越,黄鲲,8,0.0035
chuang2021_031,魏子越,boy,7,0.003062
chuang2021_031,魏子越,佐藤永翔,7,0.003062
chuang2021_031,魏子越,何圳煜,7,0.003062
chuang2021_031,魏子越,何懿峻,7,0.003062
chuang2021_031,魏子越,和马,7,0.003062
chuang2021_031,魏子越,大卫,7,0.003062
chuang2021_031,魏子越,屈柏宇,7,0.003062
chuang2021_031,魏子越,撑腰通道,7,0.003062
chuang2021_031,魏子越,李洛尔,7,0.003062
chuang2021_031,魏子越,林煜修,7,0.003062
chuang2021_031,魏子越,深圳,7,0.003062
chuang2021_031,魏子越,贵尚奇,7,0.003062
chuang2021_031,魏子越,金魚花火丨魏子越,7,0.003062
chuang2021_031,魏子越,lemon,6,0.002625
chuang2021_031,魏子越,一之濑飞鸟,6,0.002625
chuang2021_031,魏子越,主题曲,6,0.002625
chuang2021_031,魏子越,刘聪,6,0.002625
chuang2021_031,魏子越,创4排名,6,0.002625
chuang2021_031,魏子越,创造营排名,6,0.002625
chuang2021_031,魏子越,加油,6,0.002625
chuang2021_031,魏子越,原部凌,6,0.002625
chuang2021_031,魏子越,喜内优心,6,0.002625
chuang2021_031,魏子越,怿涵,6,0.002625
chuang2021_031,魏子越,李政庭,6,0.002625
chuang2021_031,魏子越,李沛洋,6,0.002625
chuang2021_031,魏子越,李泽坤,6,0.002625
chuang2021_031,魏子越,林豆,6,0.002625
chuang2021_031,魏子越,榜单合集,6,0.002625
chuang2021_031,魏子越,谷柳霖,6,0.002625
chuang2021_031,魏子越,赖耀翔,6,0.002625
chuang2021_031,魏子越,郑明鑫,6,0.002625
chuang2021_031,魏子越,陈俊洁,6,0.002625
chuang2021_031,魏子越,陈瑞丰,6,0.002625
chuang2021_031,魏子越,韦语节,6,0.002625
chuang2021_031,魏子越,魏子越后援会官博,6,0.002625
chuang2021_031,魏子越,魏子越说我被内卷了,6,0.002625
chuang2021_031,魏子越,魏子越零食铺,6,0.002625
chuang2021_031,魏子越,183,5,0.002187
chuang2021_031,魏子越,1998年8月25日,5,0.002187
chuang2021_031,魏子越,2021,5,0.002187
chuang2021_031,魏子越,404and旧物料,5,0.002187
chuang2021_031,魏子越,404主题曲直拍,5,0.002187
chuang2021_031,魏子越,404初舞台,5,0.002187
chuang2021_031,魏子越,404武断入侵,5,0.002187
chuang2021_031,魏子越,404遇见你,5,0.002187
chuang2021_031,魏子越,88,5,0.002187
chuang2021_031,魏子越,butter,5,0.002187
chuang2021_031,魏子越,fly,5,0.002187
chuang2021_031,魏子越,ing,5,0.002187
chuang2021_031,魏子越,lover,5,0.002187
chuang2021_031,魏子越,qq音乐,5,0.002187
chuang2021_031,魏子越,radio,5,0.002187
chuang2021_031,魏子越,staygold0825,5,0.002187
chuang2021_031,魏子越,个人站子,5,0.002187
chuang2021_031,魏子越,主页搜索cut,5,0.002187
chuang2021_031,魏子越,主题曲直拍对比,5,0.002187
chuang2021_031,魏子越,凌箫,5,0.002187
chuang2021_031,魏子越,刘严冬季,5,0.002187
chuang2021_031,魏子越,别名,5,0.002187
chuang2021_031,魏子越,卢克,5,0.002187
chuang2021_031,魏子越,可在评论区补充,5,0.002187
chuang2021_031,魏子越,因为韩语发音是魏茶味,5,0.002187
chuang2021_031,魏子越,塑料韩语,5,0.002187
chuang2021_031,魏子越,处女座,5,0.002187
chuang2021_031,魏子越,复活战,5,0.002187
chuang2021_031,魏子越,大学,5,0.002187
chuang2021_031,魏子越,女孩,5,0.002187
chuang2021_031,魏子越,安利视频,5,0.002187
chuang2021_031,魏子越,安迪,5,0.002187
chuang2021_031,魏子越,张璋,5,0.002187
chuang2021_031,魏子越,徐圣兹,5,0.002187
chuang2021_031,魏子越,徐绍岚,5,0.002187
chuang2021_031,魏子越,手写信,5,0.002187
chuang2021_031,魏子越,持更,5,0.002187
chuang2021_031,魏子越,曹左,5,0.002187
chuang2021_031,魏子越,李嘉祥,5,0.002187
chuang2021_031,魏子越,李家豪,5,0.002187
chuang2021_031,魏子越,李泰龙,5,0.002187
chuang2021_031,魏子越,湖北襄阳四中,5,0.002187
chuang2021_031,魏子越,王泽浩,5,0.002187
chuang2021_031,魏子越,生日,5,0.002187
chuang2021_031,魏子越,直拍合集,5,0.002187
chuang2021_031,魏子越,神图,5,0.002187
chuang2021_031,魏子越,福娃,5,0.002187
chuang2021_031,魏子越,简介,5,0.002187
chuang2021_031,魏子越,素人时期唱歌时期,5,0.002187
chuang2021_031,魏子越,美图站,5,0.002187
chuang2021_031,魏子越,节目个人cut,5,0.002187
chuang2021_031,魏子越,茶味,5,0.002187
chuang2021_031,魏子越,被驯服的象cover,5,0.002187
chuang2021_031,魏子越,身高,5,0.002187
chuang2021_031,魏子越,都筑雄哉,5,0.002187
chuang2021_031,魏子越,醉拳直拍,5,0.002187
chuang2021_031,魏子越,钱政宇,5,0.002187
chuang2021_031,魏子越,门胁慎刚,5,0.002187
chuang2021_031,魏子越,隅田隼平,5,0.002187
chuang2021_031,魏子越,青茶,5,0.002187
chuang2021_031,魏子越,韩国中央大学,5,0.002187
chuang2021_031,魏子越,高中,5,0.002187
chuang2021_031,魏子越,魏子越cut,5,0.002187
chuang2021_031,魏子越,魏子越个站,5,0.002187
chuang2021_031,魏子越,魏子越后援会官博数据组,5,0.002187
chuang2021_031,魏子越,魏子越后援会官博的微博视频,5,0.002187
chuang2021_031,魏子越,魏子越奶糖站,5,0.002187
chuang2021_031,魏子越,魏子越小王子de安利手册,5,0.002187
chuang2021_031,魏子越,魏子越零食铺的微博视频,5,0.002187
chuang2021_031,魏子越,魏茶味一米哒,5,0.002187
chuang2021_031,魏子越,lit,4,0.00175
chuang2021_031,魏子越,me,4,0.00175
chuang2021_031,魏子越,ready,4,0.00175
chuang2021_031,魏子越,wingod,4,0.00175
chuang2021_031,魏子越,you,4,0.00175
chuang2021_031,魏子越,yummy,4,0.00175
chuang2021_031,魏子越,作为怪物,4,0.00175
chuang2021_031,魏子越,我们一起闯,4,0.00175
chuang2021_031,魏子越,我欢喜喜欢你,4,0.00175
chuang2021_031,魏子越,爱我ready,4,0.00175
chuang2021_031,魏子越,田口馨也,4,0.00175
chuang2021_031,魏子越,的微博视频,4,0.00175
chuang2021_031,魏子越,破茧,4,0.00175
chuang2021_031,魏子越,肖力桓,4,0.00175
chuang2021_031,魏子越,超级冠军,4,0.00175
chuang2021_031,魏子越,阿克朱力,4,0.00175
chuang2021_031,魏子越,霓虹甜心,4,0.00175
chuang2021_031,魏子越,00,3,0.001312
chuang2021_031,魏子越,ak刘彰,3,0.001312
chuang2021_031,魏子越,amu,3,0.001312
chuang2021_031,魏子越,他们在内卷我,3,0.001312
chuang2021_031,魏子越,关注,3,0.001312
chuang2021_031,魏子越,出生于湖南襄阳,3,0.001312
chuang2021_031,魏子越,初舞台,3,0.001312
chuang2021_031,魏子越,撑腰,3,0.001312
chuang2021_031,魏子越,最后为大家播放一首宋乐谦,3,0.001312
chuang2021_031,魏子越,毕业快乐,3,0.001312
chuang2021_031,魏子越,第五期,3,0.001312
chuang2021_031,魏子越,第六期,3,0.001312
chuang2021_031,魏子越,糖果超甜给我整破防了,3,0.001312
chuang2021_031,魏子越,要陪你做的100件事,3,0.001312
chuang2021_031,魏子越,11,2,0.000875
chuang2021_031,魏子越,1请大家多多给,2,0.000875
chuang2021_031,魏子越,20210227第二期,2,0.000875
chuang2021_031,魏子越,20210320,2,0.000875
chuang2021_031,魏子越,210312,2,0.000875
chuang2021_031,魏子越,22,2,0.000875
chuang2021_031,魏子越,33,2,0.000875
chuang2021_031,魏子越,50,2,0.000875
chuang2021_031,魏子越,ak,2,0.000875
chuang2021_031,魏子越,are,2,0.000875
chuang2021_031,魏子越,best周柯宇,2,0.000875
chuang2021_031,魏子越,team,2,0.000875
chuang2021_031,魏子越,we,2,0.000875
chuang2021_031,魏子越,wzy,2,0.000875
chuang2021_031,魏子越,一之濑asuka,2,0.000875
chuang2021_031,魏子越,一公分组,2,0.000875
chuang2021_031,魏子越,一定不要让第二次公演成为他创造营旅程的最后一个舞台,2,0.000875
chuang2021_031,魏子越,一轮投票截止d,2,0.000875
chuang2021_031,魏子越,世界那么大,2,0.000875
chuang2021_031,魏子越,主动争取加试的机会,2,0.000875
chuang2021_031,魏子越,今天的眼泪是给糖果超甜的,2,0.000875
chuang2021_031,魏子越,你好好说,2,0.000875
chuang2021_031,魏子越,做好自己热爱的事,2,0.000875
chuang2021_031,魏子越,偷吃偷喝二人组,2,0.000875
chuang2021_031,魏子越,再次回到舞台,2,0.000875
chuang2021_031,魏子越,出生于湖北襄阳,2,0.000875
chuang2021_031,魏子越,分享专辑,2,0.000875
chuang2021_031,魏子越,刘宇和吴海互相提供按摩服务,2,0.000875
chuang2021_031,魏子越,创4一公分组,2,0.000875
chuang2021_031,魏子越,创4全员主题曲舞台爷青回,2,0.000875
chuang2021_031,魏子越,创造营2021学员,2,0.000875
chuang2021_031,魏子越,创造营的睡衣夜宵趴花絮合集,2,0.000875
chuang2021_031,魏子越,加注能量啦,2,0.000875
chuang2021_031,魏子越,努力填补舞蹈的短板,2,0.000875
chuang2021_031,魏子越,即便如此,2,0.000875
chuang2021_031,魏子越,向世界大声喊出我们的声音,2,0.000875
chuang2021_031,魏子越,吴海ocean超话,2,0.000875
chuang2021_031,魏子越,哈哈哈,2,0.000875
chuang2021_031,魏子越,唯有量的累积,2,0.000875
chuang2021_031,魏子越,喜内忧心,2,0.000875
chuang2021_031,魏子越,回复,2,0.000875
chuang2021_031,魏子越,好有豆,2,0.000875
chuang2021_031,魏子越,子越一直在用他数不清的努力回馈大家的期待与支持,2,0.000875
chuang2021_031,魏子越,子越的成长相信小卫星们都有目共睹,2,0.000875
chuang2021_031,魏子越,小九,2,0.000875
chuang2021_031,魏子越,已换,2,0.000875
chuang2021_031,魏子越,微博综艺的微博视频,2,0.000875
chuang2021_031,魏子越,微视撑腰,2,0.000875
chuang2021_031,魏子越,成团梦想没有退路,2,0.000875
chuang2021_031,魏子越,我之前没有做好的舞台,2,0.000875
chuang2021_031,魏子越,我们并肩作战,2,0.000875
chuang2021_031,魏子越,我凭什么睡觉,2,0.000875
chuang2021_031,魏子越,我在纯甄,2,0.000875
chuang2021_031,魏子越,我好不努力,2,0.000875
chuang2021_031,魏子越,我学了半天,2,0.000875
chuang2021_031,魏子越,我有什么资格呢,2,0.000875
chuang2021_031,魏子越,我觉得我会用一辈子来缅怀,2,0.000875
chuang2021_031,魏子越,或许获得撑腰王升入a班和主题曲舞台的蜕变就是最好的见证,2,0.000875
chuang2021_031,魏子越,手幅,2,0.000875
chuang2021_031,魏子越,才有质的飞跃,2,0.000875
chuang2021_031,魏子越,拿假豆子去换取食物,2,0.000875
chuang2021_031,魏子越,拿出了9颗豆来请室友吃喝,2,0.000875
chuang2021_031,魏子越,撑腰哦,2,0.000875
chuang2021_031,魏子越,救救孩子,2,0.000875
chuang2021_031,魏子越,易拉宝,2,0.000875
chuang2021_031,魏子越,是哪个组的局,2,0.000875
chuang2021_031,魏子越,曾涵江cup超话,2,0.000875
chuang2021_031,魏子越,有人不喜欢也没关系,2,0.000875
chuang2021_031,魏子越,李洛尔zok,2,0.000875
chuang2021_031,魏子越,林墨想浑水摸鱼,2,0.000875
chuang2021_031,魏子越,标签和花边也很引人注目,2,0.000875
chuang2021_031,魏子越,真情流露反倒格格不入,2,0.000875
chuang2021_031,魏子越,真新娱乐的微博视频,2,0.000875
chuang2021_031,魏子越,糖果超甜,2,0.000875
chuang2021_031,魏子越,纯享版,2,0.000875
chuang2021_031,魏子越,腾讯视频创造营2021,2,0.000875
chuang2021_031,魏子越,茶味儿由希子的微博视频,2,0.000875
chuang2021_031,魏子越,被当场打假,2,0.000875
chuang2021_031,魏子越,认为如果只做爱豆不拍戏错过了进步的可能,2,0.000875
chuang2021_031,魏子越,谢兴阳和魏子越简直了,2,0.000875
chuang2021_031,魏子越,还是希望更多的人能够看到他的努力与真挚,2,0.000875
chuang2021_031,魏子越,这一次,2,0.000875
chuang2021_031,魏子越,那个男人,2,0.000875
chuang2021_031,魏子越,都是手艺人呀,2,0.000875
chuang2021_031,魏子越,重新整理了时间线,2,0.000875
chuang2021_031,魏子越,领取条件,2,0.000875
chuang2021_031,魏子越,高卿尘好富有,2,0.000875
chuang2021_032,张腾,张腾,101,0.067876
chuang2021_032,张腾,收起,49,0.03293
chuang2021_032,张腾,创造营2021张腾,31,0.020833
chuang2021_032,张腾,张腾nate超话,26,0.017473
chuang2021_032,张腾,张嘉元,25,0.016801
chuang2021_032,张腾,林墨,23,0.015457
chuang2021_032,张腾,付思超,20,0.013441
chuang2021_032,张腾,周柯宇,19,0.012769
chuang2021_032,张腾,吴宇恒,18,0.012097
chuang2021_032,张腾,刘宇,17,0.011425
chuang2021_032,张腾,力丸,17,0.011425
chuang2021_032,张腾,米卡,17,0.011425
chuang2021_032,张腾,高卿尘,17,0.011425
chuang2021_032,张腾,zt,16,0.010753
chuang2021_032,张腾,尹浩宇,16,0.010753
chuang2021_032,张腾,赞多,16,0.010753
chuang2021_032,张腾,庆怜,15,0.010081
chuang2021_032,张腾,吴海,14,0.009409
chuang2021_032,张腾,利路修,13,0.008737
chuang2021_032,张腾,甘望星,13,0.008737
chuang2021_032,张腾,井胧,12,0.008065
chuang2021_032,张腾,俞更寅,12,0.008065
chuang2021_032,张腾,创造营2021超话,12,0.008065
chuang2021_032,张腾,张欣尧,12,0.008065
chuang2021_032,张腾,诺言,11,0.007392
chuang2021_032,张腾,谢兴阳,11,0.007392
chuang2021_032,张腾,邵明明,11,0.007392
chuang2021_032,张腾,伯远,10,0.00672
chuang2021_032,张腾,何屹繁,10,0.00672
chuang2021_032,张腾,刘彰,10,0.00672
chuang2021_032,张腾,张星特,10,0.00672
chuang2021_032,张腾,张腾淘汰,10,0.00672
chuang2021_032,张腾,任胤蓬,9,0.006048
chuang2021_032,张腾,韩佩泉,9,0.006048
chuang2021_032,张腾,黄鲲,9,0.006048
chuang2021_032,张腾,黑人牙膏白酵素助力创造营张腾闪耀闯关,9,0.006048
chuang2021_032,张腾,一之濑飞鸟,8,0.005376
chuang2021_032,张腾,上原一翔,8,0.005376
chuang2021_032,张腾,和马,8,0.005376
chuang2021_032,张腾,奥斯卡,8,0.005376
chuang2021_032,张腾,屈柏宇,8,0.005376
chuang2021_032,张腾,胡烨韬,8,0.005376
chuang2021_032,张腾,范臻尔,8,0.005376
chuang2021_032,张腾,荣耀,8,0.005376
chuang2021_032,张腾,陆定昊,8,0.005376
chuang2021_032,张腾,魏子越,8,0.005376
chuang2021_032,张腾,井汲大翔,7,0.004704
chuang2021_032,张腾,代少冬,7,0.004704
chuang2021_032,张腾,创造营排名,7,0.004704
chuang2021_032,张腾,加注能量啦,7,0.004704
chuang2021_032,张腾,助你获得惊喜vlog拍摄机会,7,0.004704
chuang2021_032,张腾,学员能量榜为你,7,0.004704
chuang2021_032,张腾,张腾说我要给爸妈买个有电梯的房子,7,0.004704
chuang2021_032,张腾,想让更多人看到如此优秀的你,7,0.004704
chuang2021_032,张腾,我在纯甄,7,0.004704
chuang2021_032,张腾,我要给爸妈买个有电梯的房子,7,0.004704
chuang2021_032,张腾,曾涵江,7,0.004704
chuang2021_032,张腾,ak,6,0.004032
chuang2021_032,张腾,boy,6,0.004032
chuang2021_032,张腾,于洋,6,0.004032
chuang2021_032,张腾,刘聪,6,0.004032
chuang2021_032,张腾,原部凌,6,0.004032
chuang2021_032,张腾,叶皓然,6,0.004032
chuang2021_032,张腾,大卫,6,0.004032
chuang2021_032,张腾,张腾不是气氛担当,6,0.004032
chuang2021_032,张腾,微博正文,6,0.004032
chuang2021_032,张腾,怿涵,6,0.004032
chuang2021_032,张腾,本周的,6,0.004032
chuang2021_032,张腾,李政庭,6,0.004032
chuang2021_032,张腾,李沛洋,6,0.004032
chuang2021_032,张腾,李泰龙,6,0.004032
chuang2021_032,张腾,林豆,6,0.004032
chuang2021_032,张腾,爱豆v力量,6,0.004032
chuang2021_032,张腾,第一名,6,0.004032
chuang2021_032,张腾,第七名,6,0.004032
chuang2021_032,张腾,第三名,6,0.004032
chuang2021_032,张腾,第二名,6,0.004032
chuang2021_032,张腾,第五名,6,0.004032
chuang2021_032,张腾,第六名,6,0.004032
chuang2021_032,张腾,第十名,6,0.004032
chuang2021_032,张腾,第四名,6,0.004032
chuang2021_032,张腾,羽生田挙武,6,0.004032
chuang2021_032,张腾,肖力桓,6,0.004032
chuang2021_032,张腾,蒋敦豪,6,0.004032
chuang2021_032,张腾,薛八一,6,0.004032
chuang2021_032,张腾,赖耀翔,6,0.004032
chuang2021_032,张腾,这是我梦里到过的地方,6,0.004032
chuang2021_032,张腾,郑明鑫,6,0.004032
chuang2021_032,张腾,门胁慎刚,6,0.004032
chuang2021_032,张腾,陈俊洁,6,0.004032
chuang2021_032,张腾,韦语节,6,0.004032
chuang2021_032,张腾,顺位发布排名出炉,6,0.004032
chuang2021_032,张腾,2021,5,0.00336
chuang2021_032,张腾,25名弟弟努力备战成团夜,5,0.00336
chuang2021_032,张腾,88,5,0.00336
chuang2021_032,张腾,butter,5,0.00336
chuang2021_032,张腾,fly,5,0.00336
chuang2021_032,张腾,lover,5,0.00336
chuang2021_032,张腾,me,5,0.00336
chuang2021_032,张腾,radio,5,0.00336
chuang2021_032,张腾,ready,5,0.00336
chuang2021_032,张腾,yummy,5,0.00336
chuang2021_032,张腾,佐藤永翔,5,0.00336
chuang2021_032,张腾,作为怪物,5,0.00336
chuang2021_032,张腾,创4排名,5,0.00336
chuang2021_032,张腾,创始人们要陪着他们做最后这个舞台上最闪耀的闯人儿,5,0.00336
chuang2021_032,张腾,喜内优心,5,0.00336
chuang2021_032,张腾,女孩,5,0.00336
chuang2021_032,张腾,安迪,5,0.00336
chuang2021_032,张腾,徐绍岚,5,0.00336
chuang2021_032,张腾,我欢喜喜欢你,5,0.00336
chuang2021_032,张腾,李嘉祥,5,0.00336
chuang2021_032,张腾,李家豪,5,0.00336
chuang2021_032,张腾,李洛尔,5,0.00336
chuang2021_032,张腾,林煜修,5,0.00336
chuang2021_032,张腾,爱我ready,5,0.00336
chuang2021_032,张腾,王孝辰,5,0.00336
chuang2021_032,张腾,破茧,5,0.00336
chuang2021_032,张腾,第九名,5,0.00336
chuang2021_032,张腾,第八名,5,0.00336
chuang2021_032,张腾,第十一名,5,0.00336
chuang2021_032,张腾,超级冠军,5,0.00336
chuang2021_032,张腾,醉拳,5,0.00336
chuang2021_032,张腾,钱政宇,5,0.00336
chuang2021_032,张腾,霓虹甜心,5,0.00336
chuang2021_032,张腾,lit,4,0.002688
chuang2021_032,张腾,you,4,0.002688
chuang2021_032,张腾,何圳煜,4,0.002688
chuang2021_032,张腾,何懿峻,4,0.002688
chuang2021_032,张腾,凌箫,4,0.002688
chuang2021_032,张腾,刘严冬季,4,0.002688
chuang2021_032,张腾,刘唐辉,4,0.002688
chuang2021_032,张腾,卢克,4,0.002688
chuang2021_032,张腾,张璋,4,0.002688
chuang2021_032,张腾,徐圣兹,4,0.002688
chuang2021_032,张腾,明星势力榜,4,0.002688
chuang2021_032,张腾,曹左,4,0.002688
chuang2021_032,张腾,李泽坤,4,0.002688
chuang2021_032,张腾,王泽浩,4,0.002688
chuang2021_032,张腾,田口馨也,4,0.002688
chuang2021_032,张腾,网页链接,4,0.002688
chuang2021_032,张腾,罗言,4,0.002688
chuang2021_032,张腾,谷柳霖,4,0.002688
chuang2021_032,张腾,贵尚奇,4,0.002688
chuang2021_032,张腾,都筑雄哉,4,0.002688
chuang2021_032,张腾,阿克朱力,4,0.002688
chuang2021_032,张腾,陈瑞丰,4,0.002688
chuang2021_032,张腾,隅田隼平,4,0.002688
chuang2021_032,张腾,00,3,0.002016
chuang2021_032,张腾,2021第二次顺位发布现场,3,0.002016
chuang2021_032,张腾,一向担任气氛担当的,3,0.002016
chuang2021_032,张腾,一起为他助力戳,3,0.002016
chuang2021_032,张腾,不忘初心,3,0.002016
chuang2021_032,张腾,也能感受到在场的闯人们不断进步不断高要求自己,3,0.002016
chuang2021_032,张腾,你一定能拿下,3,0.002016
chuang2021_032,张腾,创造营2021榜,3,0.002016
chuang2021_032,张腾,创造营2021榜好成绩,3,0.002016
chuang2021_032,张腾,在成团位的vocal担当,3,0.002016
chuang2021_032,张腾,小九,3,0.002016
chuang2021_032,张腾,张腾第30名,3,0.002016
chuang2021_032,张腾,微博综艺的微博视频,3,0.002016
chuang2021_032,张腾,我要向全世界证明,3,0.002016
chuang2021_032,张腾,方得始终,3,0.002016
chuang2021_032,张腾,有一个人可以叫张腾,3,0.002016
chuang2021_032,张腾,相信张腾一定可以被更多人看到,3,0.002016
chuang2021_032,张腾,离别的弟弟们逐渐变多,3,0.002016
chuang2021_032,张腾,说等到三公到来,3,0.002016
chuang2021_032,张腾,黑眼圈乐队超话,3,0.002016
chuang2021_032,张腾,12,2,0.001344
chuang2021_032,张腾,30,2,0.001344
chuang2021_032,张腾,ak刘彰,2,0.001344
chuang2021_032,张腾,amu,2,0.001344
chuang2021_032,张腾,amu羽生田挙武,2,0.001344
chuang2021_032,张腾,and,2,0.001344
chuang2021_032,张腾,beautifully,2,0.001344
chuang2021_032,张腾,body,2,0.001344
chuang2021_032,张腾,patrick,2,0.001344
chuang2021_032,张腾,softly,2,0.001344
chuang2021_032,张腾,wave,2,0.001344
chuang2021_032,张腾,we,2,0.001344
chuang2021_032,张腾,yuu,2,0.001344
chuang2021_032,张腾,yuu喜内优心,2,0.001344
chuang2021_032,张腾,一公分组,2,0.001344
chuang2021_032,张腾,一起来快乐玩耍吧,2,0.001344
chuang2021_032,张腾,中戏出身,2,0.001344
chuang2021_032,张腾,中戏音乐剧王子,2,0.001344
chuang2021_032,张腾,主题曲二创环节太棒了,2,0.001344
chuang2021_032,张腾,亦或者你想成为一名气氛担当,2,0.001344
chuang2021_032,张腾,人人都不想普通无名地过一生吧,2,0.001344
chuang2021_032,张腾,你一定会成为最棒的音乐制作人的,2,0.001344
chuang2021_032,张腾,你一定会给你爸妈买带电梯的房子,2,0.001344
chuang2021_032,张腾,你不需要变得很成熟,2,0.001344
chuang2021_032,张腾,你唱歌真的超级好听哇,2,0.001344
chuang2021_032,张腾,出道位top11,2,0.001344
chuang2021_032,张腾,刘璋,2,0.001344
chuang2021_032,张腾,创4一公分组,2,0.001344
chuang2021_032,张腾,创造营成团夜,2,0.001344
chuang2021_032,张腾,加油哇,2,0.001344
chuang2021_032,张腾,吧唧芝士的微博视频,2,0.001344
chuang2021_032,张腾,听完让人心头一暖,2,0.001344
chuang2021_032,张腾,喊出了自己的梦想,2,0.001344
chuang2021_032,张腾,在这里我们的岛主,2,0.001344
chuang2021_032,张腾,大侄子,2,0.001344
chuang2021_032,张腾,安东尼,2,0.001344
chuang2021_032,张腾,实力vocal,2,0.001344
chuang2021_032,张腾,少年人就是少年人,2,0.001344
chuang2021_032,张腾,情歌小王子,2,0.001344
chuang2021_032,张腾,我们一起闯,2,0.001344
chuang2021_032,张腾,我们的一些想法会随着时间发生很多的改变,2,0.001344
chuang2021_032,张腾,我们身姿柔美,2,0.001344
chuang2021_032,张腾,我好爱这首歌,2,0.001344
chuang2021_032,张腾,我有些明白你了,2,0.001344
chuang2021_032,张腾,截至2月25日中午12,2,0.001344
chuang2021_032,张腾,戴学霖,2,0.001344
chuang2021_032,张腾,新浪综艺的微博视频,2,0.001344
chuang2021_032,张腾,无论你是会散装英语,2,0.001344
chuang2021_032,张腾,日可待,2,0.001344
chuang2021_032,张腾,是超级关心父母的孝顺弟弟了,2,0.001344
chuang2021_032,张腾,有被感动到,2,0.001344
chuang2021_032,张腾,有颜有梗腾腾子,2,0.001344
chuang2021_032,张腾,未来可期,2,0.001344
chuang2021_032,张腾,欢迎大家来到我们热情的张腾之岛,2,0.001344
chuang2021_032,张腾,毕业快乐,2,0.001344
chuang2021_032,张腾,求求了,2,0.001344
chuang2021_032,张腾,没想到喜剧人的性格下还有这样一颗细腻的心,2,0.001344
chuang2021_032,张腾,沸羊羊,2,0.001344
chuang2021_032,张腾,活泼,2,0.001344
chuang2021_032,张腾,清爽照请查收,2,0.001344
chuang2021_032,张腾,灵动,2,0.001344
chuang2021_032,张腾,爱笑,2,0.001344
chuang2021_032,张腾,真的好好听,2,0.001344
chuang2021_032,张腾,真的对你改观了,2,0.001344
chuang2021_032,张腾,给他吃冰淇淋吧,2,0.001344
chuang2021_032,张腾,腾讯视频创造营2021,2,0.001344
chuang2021_032,张腾,花衬衫终极爱好者,2,0.001344
chuang2021_032,张腾,蹦次打次,2,0.001344
chuang2021_032,张腾,还是表情包大户,2,0.001344
chuang2021_032,张腾,这一组的选手都要加油呀,2,0.001344
chuang2021_032,张腾,都能满足你,2,0.001344
chuang2021_032,张腾,银河旅行团主题曲二创舞台的最后,2,0.001344
chuang2021_032,张腾,银河旅行团二创,2,0.001344
chuang2021_032,张腾,长腿no,2,0.001344
chuang2021_032,张腾,长腿少年,2,0.001344
chuang2021_032,张腾,阿克朱立,2,0.001344
chuang2021_032,张腾,鼓掌,2,0.001344
chuang2021_033,荣耀,收起,60,0.03517
chuang2021_033,荣耀,荣耀,53,0.031067
chuang2021_033,荣耀,刘宇,50,0.029308
chuang2021_033,荣耀,荣耀forry超话,32,0.018757
chuang2021_033,荣耀,赞多,17,0.009965
chuang2021_033,荣耀,力丸,14,0.008206
chuang2021_033,荣耀,米卡,13,0.00762
chuang2021_033,荣耀,诺言,13,0.00762
chuang2021_033,荣耀,井胧,12,0.007034
chuang2021_033,荣耀,伯远,12,0.007034
chuang2021_033,荣耀,俞更寅,12,0.007034
chuang2021_033,荣耀,刘宇重回第一,12,0.007034
chuang2021_033,荣耀,周柯宇,12,0.007034
chuang2021_033,荣耀,林墨,12,0.007034
chuang2021_033,荣耀,与君同守荣耀,11,0.006448
chuang2021_033,荣耀,付思超,11,0.006448
chuang2021_033,荣耀,创造营2021学员荣耀,11,0.006448
chuang2021_033,荣耀,吴海,11,0.006448
chuang2021_033,荣耀,大漠长烟入我怀,11,0.006448
chuang2021_033,荣耀,扇尾飘扬,11,0.006448
chuang2021_033,荣耀,甘望星,11,0.006448
chuang2021_033,荣耀,薛八一,11,0.006448
chuang2021_033,荣耀,踏沙执剑,11,0.006448
chuang2021_033,荣耀,魏子越,11,0.006448
chuang2021_033,荣耀,黑人牙膏白酵素助力创造营荣耀闪耀闯关,11,0.006448
chuang2021_033,荣耀,任胤蓬,10,0.005862
chuang2021_033,荣耀,何屹繁,10,0.005862
chuang2021_033,荣耀,吴宇恒,10,0.005862
chuang2021_033,荣耀,年少,10,0.005862
chuang2021_033,荣耀,张嘉元,10,0.005862
chuang2021_033,荣耀,张腾,10,0.005862
chuang2021_033,荣耀,胡烨韬,10,0.005862
chuang2021_033,荣耀,谁敢欺,10,0.005862
chuang2021_033,荣耀,一之濑飞鸟,9,0.005275
chuang2021_033,荣耀,于洋,9,0.005275
chuang2021_033,荣耀,代少冬,9,0.005275
chuang2021_033,荣耀,刘宇超话,9,0.005275
chuang2021_033,荣耀,刘彰,9,0.005275
chuang2021_033,荣耀,刘聪,9,0.005275
chuang2021_033,荣耀,利路修,9,0.005275
chuang2021_033,荣耀,屈柏宇,9,0.005275
chuang2021_033,荣耀,庆怜,9,0.005275
chuang2021_033,荣耀,张欣尧,9,0.005275
chuang2021_033,荣耀,曾涵江,9,0.005275
chuang2021_033,荣耀,李政庭,9,0.005275
chuang2021_033,荣耀,李洛尔,9,0.005275
chuang2021_033,荣耀,比刘宇做得更好的只有刘宇,9,0.005275
chuang2021_033,荣耀,谢兴阳,9,0.005275
chuang2021_033,荣耀,邵明明,9,0.005275
chuang2021_033,荣耀,门胁慎刚,9,0.005275
chuang2021_033,荣耀,陆定昊,9,0.005275
chuang2021_033,荣耀,韦语节,9,0.005275
chuang2021_033,荣耀,2021,8,0.004689
chuang2021_033,荣耀,井汲大翔,8,0.004689
chuang2021_033,荣耀,创造营排名,8,0.004689
chuang2021_033,荣耀,原部凌,8,0.004689
chuang2021_033,荣耀,叶皓然,8,0.004689
chuang2021_033,荣耀,和马,8,0.004689
chuang2021_033,荣耀,喜内优心,8,0.004689
chuang2021_033,荣耀,大卫,8,0.004689
chuang2021_033,荣耀,奥斯卡,8,0.004689
chuang2021_033,荣耀,尹浩宇,8,0.004689
chuang2021_033,荣耀,张璋,8,0.004689
chuang2021_033,荣耀,怿涵,8,0.004689
chuang2021_033,荣耀,我会把这个第一名坐到底,8,0.004689
chuang2021_033,荣耀,李沛洋,8,0.004689
chuang2021_033,荣耀,李泰龙,8,0.004689
chuang2021_033,荣耀,林豆,8,0.004689
chuang2021_033,荣耀,王孝辰,8,0.004689
chuang2021_033,荣耀,罗言,8,0.004689
chuang2021_033,荣耀,羽生田挙武,8,0.004689
chuang2021_033,荣耀,肖力桓,8,0.004689
chuang2021_033,荣耀,郑明鑫,8,0.004689
chuang2021_033,荣耀,陈俊洁,8,0.004689
chuang2021_033,荣耀,高卿尘,8,0.004689
chuang2021_033,荣耀,上原一翔,7,0.004103
chuang2021_033,荣耀,他觉得,7,0.004103
chuang2021_033,荣耀,佐藤永翔,7,0.004103
chuang2021_033,荣耀,再次获得了第一名的成绩,7,0.004103
chuang2021_033,荣耀,刘宇之前说,7,0.004103
chuang2021_033,荣耀,创造营2021超话,7,0.004103
chuang2021_033,荣耀,在今晚的顺位发布中,7,0.004103
chuang2021_033,荣耀,张星特,7,0.004103
chuang2021_033,荣耀,恭喜小宇重回第一,7,0.004103
chuang2021_033,荣耀,我欢喜喜欢你,7,0.004103
chuang2021_033,荣耀,林煜修,7,0.004103
chuang2021_033,荣耀,比刘宇做得更好的是你们和我们,7,0.004103
chuang2021_033,荣耀,破茧,7,0.004103
chuang2021_033,荣耀,继续为刘宇撑腰加油吧,7,0.004103
chuang2021_033,荣耀,而在今天的顺位发布中,7,0.004103
chuang2021_033,荣耀,芭姐安利时间,7,0.004103
chuang2021_033,荣耀,范臻尔,7,0.004103
chuang2021_033,荣耀,荣耀归来,7,0.004103
chuang2021_033,荣耀,蒋敦豪,7,0.004103
chuang2021_033,荣耀,谢谢你们又和我一起回到了这个位置,7,0.004103
chuang2021_033,荣耀,赖耀翔,7,0.004103
chuang2021_033,荣耀,这个第一刘宇要一直坐到底,7,0.004103
chuang2021_033,荣耀,都筑雄哉,7,0.004103
chuang2021_033,荣耀,阿克朱力,7,0.004103
chuang2021_033,荣耀,韩佩泉,7,0.004103
chuang2021_033,荣耀,马上就要迎来最关键的时刻,7,0.004103
chuang2021_033,荣耀,黄鲲,7,0.004103
chuang2021_033,荣耀,88,6,0.003517
chuang2021_033,荣耀,boy,6,0.003517
chuang2021_033,荣耀,butter,6,0.003517
chuang2021_033,荣耀,fly,6,0.003517
chuang2021_033,荣耀,lit,6,0.003517
chuang2021_033,荣耀,lover,6,0.003517
chuang2021_033,荣耀,ly,6,0.003517
chuang2021_033,荣耀,me,6,0.003517
chuang2021_033,荣耀,radio,6,0.003517
chuang2021_033,荣耀,ready,6,0.003517
chuang2021_033,荣耀,you,6,0.003517
chuang2021_033,荣耀,yummy,6,0.003517
chuang2021_033,荣耀,何圳煜,6,0.003517
chuang2021_033,荣耀,何懿峻,6,0.003517
chuang2021_033,荣耀,作为怪物,6,0.003517
chuang2021_033,荣耀,你就是当之无愧的第一,6,0.003517
chuang2021_033,荣耀,你是全能舞者,6,0.003517
chuang2021_033,荣耀,你是温柔队长,6,0.003517
chuang2021_033,荣耀,你是高音唱将,6,0.003517
chuang2021_033,荣耀,凌箫,6,0.003517
chuang2021_033,荣耀,刘严冬季,6,0.003517
chuang2021_033,荣耀,刘唐辉,6,0.003517
chuang2021_033,荣耀,创4全员主题曲舞台爷青回,6,0.003517
chuang2021_033,荣耀,卢克,6,0.003517
chuang2021_033,荣耀,女孩,6,0.003517
chuang2021_033,荣耀,安迪,6,0.003517
chuang2021_033,荣耀,徐圣兹,6,0.003517
chuang2021_033,荣耀,徐绍岚,6,0.003517
chuang2021_033,荣耀,我们一起闯,6,0.003517
chuang2021_033,荣耀,曹左,6,0.003517
chuang2021_033,荣耀,李嘉祥,6,0.003517
chuang2021_033,荣耀,李家豪,6,0.003517
chuang2021_033,荣耀,李泽坤,6,0.003517
chuang2021_033,荣耀,爱我ready,6,0.003517
chuang2021_033,荣耀,王泽浩,6,0.003517
chuang2021_033,荣耀,田口馨也,6,0.003517
chuang2021_033,荣耀,谷柳霖,6,0.003517
chuang2021_033,荣耀,贵尚奇,6,0.003517
chuang2021_033,荣耀,超级冠军,6,0.003517
chuang2021_033,荣耀,醉拳,6,0.003517
chuang2021_033,荣耀,钱政宇,6,0.003517
chuang2021_033,荣耀,陈瑞丰,6,0.003517
chuang2021_033,荣耀,隅田隼平,6,0.003517
chuang2021_033,荣耀,霓虹甜心,6,0.003517
chuang2021_033,荣耀,掀扇子像掀盖头,5,0.002931
chuang2021_033,荣耀,纯甄为赞多撑腰,5,0.002931
chuang2021_033,荣耀,2021刘宇,4,0.002345
chuang2021_033,荣耀,we,4,0.002345
chuang2021_033,荣耀,一起为他助力戳,4,0.002345
chuang2021_033,荣耀,不忘初心,4,0.002345
chuang2021_033,荣耀,你一定能拿下,4,0.002345
chuang2021_033,荣耀,创4一公分组,4,0.002345
chuang2021_033,荣耀,创造营2021榜,4,0.002345
chuang2021_033,荣耀,创造营2021榜好成绩,4,0.002345
chuang2021_033,荣耀,创造营成团夜,4,0.002345
chuang2021_033,荣耀,方得始终,4,0.002345
chuang2021_033,荣耀,明星势力榜,4,0.002345
chuang2021_033,荣耀,网页链接,4,0.002345
chuang2021_033,荣耀,腾讯视频创造营2021,4,0.002345
chuang2021_033,荣耀,are,3,0.001758
chuang2021_033,荣耀,estar诺言超话,3,0.001758
chuang2021_033,荣耀,house王者,3,0.001758
chuang2021_033,荣耀,team,3,0.001758
chuang2021_033,荣耀,一公分组,3,0.001758
chuang2021_033,荣耀,与你爱多,3,0.001758
chuang2021_033,荣耀,世界那么大,3,0.001758
chuang2021_033,荣耀,划重点,3,0.001758
chuang2021_033,荣耀,刘宇第一,3,0.001758
chuang2021_033,荣耀,创造营2021荣耀,3,0.001758
chuang2021_033,荣耀,创造营闯人battle魂,3,0.001758
chuang2021_033,荣耀,初c,3,0.001758
chuang2021_033,荣耀,加油,3,0.001758
chuang2021_033,荣耀,向世界大声喊出我们的声音,3,0.001758
chuang2021_033,荣耀,宇野赞多,3,0.001758
chuang2021_033,荣耀,微博综艺的微博视频,3,0.001758
chuang2021_033,荣耀,我们并肩作战,3,0.001758
chuang2021_033,荣耀,暂与旷野寄多情,3,0.001758
chuang2021_033,荣耀,汗水滴落汇聚成金色桂冠,3,0.001758
chuang2021_033,荣耀,种子迎光成长为参天巨树,3,0.001758
chuang2021_033,荣耀,第一是刘宇当之无愧的荣耀,3,0.001758
chuang2021_033,荣耀,米卡欧美嗓,3,0.001758
chuang2021_033,荣耀,腾讯视频,3,0.001758
chuang2021_033,荣耀,荣耀乒乓,3,0.001758
chuang2021_033,荣耀,荣耀全场,3,0.001758
chuang2021_033,荣耀,见证你舞蹈制霸,3,0.001758
chuang2021_033,荣耀,赞多后空翻,3,0.001758
chuang2021_033,荣耀,跨越山河来见你,3,0.001758
chuang2021_033,荣耀,陪伴你勇闯内娱,3,0.001758
chuang2021_033,荣耀,2021初舞台上像画了一幅水墨画的,2,0.001172
chuang2021_033,荣耀,2021年3月20日投屏反馈,2,0.001172
chuang2021_033,荣耀,amu羽生田挙武,2,0.001172
chuang2021_033,荣耀,ps,2,0.001172
chuang2021_033,荣耀,ry,2,0.001172
chuang2021_033,荣耀,yuu喜内优心,2,0.001172
chuang2021_033,荣耀,一周的努力,2,0.001172
chuang2021_033,荣耀,一直打榜获得的大屏,2,0.001172
chuang2021_033,荣耀,不喜欢的姐妹可以骂我但不要追着我骂,2,0.001172
chuang2021_033,荣耀,个人偏好和审美不同,2,0.001172
chuang2021_033,荣耀,为他摘星揽月也情愿,2,0.001172
chuang2021_033,荣耀,为刘宇,2,0.001172
chuang2021_033,荣耀,今天是属于我们一起的荣耀,2,0.001172
chuang2021_033,荣耀,今天的全能艺人,2,0.001172
chuang2021_033,荣耀,从初排名二再攀升至今天的第一,2,0.001172
chuang2021_033,荣耀,从无尽的深渊里向苍穹奋力一跃的,2,0.001172
chuang2021_033,荣耀,任胤蓬等,2,0.001172
chuang2021_033,荣耀,但我的少年用血泪握住的才是自己的命,2,0.001172
chuang2021_033,荣耀,但是现在我觉得比刘宇做得更好的是你们和我们,2,0.001172
chuang2021_033,荣耀,低头臣服,2,0.001172
chuang2021_033,荣耀,你值得,2,0.001172
chuang2021_033,荣耀,你是给我们带来希望的人,2,0.001172
chuang2021_033,荣耀,你的荣光,2,0.001172
chuang2021_033,荣耀,全体宇航员,2,0.001172
chuang2021_033,荣耀,全军出击,2,0.001172
chuang2021_033,荣耀,共赴荣耀,2,0.001172
chuang2021_033,荣耀,关山酒,2,0.001172
chuang2021_033,荣耀,冲冲冲,2,0.001172
chuang2021_033,荣耀,准备好了,2,0.001172
chuang2021_033,荣耀,刘宇扇子舞封神了,2,0.001172
chuang2021_033,荣耀,创造营三顺发布心情像过山车,2,0.001172
chuang2021_033,荣耀,加注能量啦,2,0.001172
chuang2021_033,荣耀,即将迎来最重要的时刻,2,0.001172
chuang2021_033,荣耀,司藤,2,0.001172
chuang2021_033,荣耀,听令集结,2,0.001172
chuang2021_033,荣耀,周柯宇才是王,2,0.001172
chuang2021_033,荣耀,周柯宇超话,2,0.001172
chuang2021_033,荣耀,周深,2,0.001172
chuang2021_033,荣耀,在成团舞台终于又带着扇子来了,2,0.001172
chuang2021_033,荣耀,在线索命,2,0.001172
chuang2021_033,荣耀,在音乐逐渐走向高潮的时候,2,0.001172
chuang2021_033,荣耀,在黑暗低谷里望向顶峰时展露的野心,2,0.001172
chuang2021_033,荣耀,大屏最终归属,2,0.001172
chuang2021_033,荣耀,天要我只能乖乖认命,2,0.001172
chuang2021_033,荣耀,宇野赞多实至名归,2,0.001172
chuang2021_033,荣耀,就在明晚揭晓最后荣耀,2,0.001172
chuang2021_033,荣耀,已到最后关头,2,0.001172
chuang2021_033,荣耀,弟弟带着红扇子的陀螺转附和着节奏,2,0.001172
chuang2021_033,荣耀,当看客说笑,2,0.001172
chuang2021_033,荣耀,当过第一次公演的全场撑腰王,2,0.001172
chuang2021_033,荣耀,快来康康,2,0.001172
chuang2021_033,荣耀,我们一直相随,2,0.001172
chuang2021_033,荣耀,我们二十五个人,2,0.001172
chuang2021_033,荣耀,我们决赛见,2,0.001172
chuang2021_033,荣耀,我们永远可以相信那个舞蹈大魔王,2,0.001172
chuang2021_033,荣耀,我们的野心就该让这个世界好好看看,2,0.001172
chuang2021_033,荣耀,我们给,2,0.001172
chuang2021_033,荣耀,我们陪他一起经历狂风暴雨,2,0.001172
chuang2021_033,荣耀,我会努力让自己成为一个更优秀的人,2,0.001172
chuang2021_033,荣耀,我在纯甄,2,0.001172
chuang2021_033,荣耀,戴学霖,2,0.001172
chuang2021_033,荣耀,所以,2,0.001172
chuang2021_033,荣耀,所有的创始人们,2,0.001172
chuang2021_033,荣耀,拿过首a,2,0.001172
chuang2021_033,荣耀,星久势力榜,2,0.001172
chuang2021_033,荣耀,星久势力榜的微博视频,2,0.001172
chuang2021_033,荣耀,是只属于他的宇航员们一次次用凝聚的光照耀着并告诉全世界,2,0.001172
chuang2021_033,荣耀,是宇航员们托起周柯宇突破苍穹的命,2,0.001172
chuang2021_033,荣耀,是时候为爱发电啦,2,0.001172
chuang2021_033,荣耀,是永远带来惊喜的刘宇了,2,0.001172
chuang2021_033,荣耀,最后想说,2,0.001172
chuang2021_033,荣耀,最后的,2,0.001172
chuang2021_033,荣耀,有人却拿出孤注一掷的勇气,2,0.001172
chuang2021_033,荣耀,有人说这不过一场资本游戏,2,0.001172
chuang2021_033,荣耀,期待未来更加耀眼的艺人赞多,2,0.001172
chuang2021_033,荣耀,本周冠军即将揭晓,2,0.001172
chuang2021_033,荣耀,来啦,2,0.001172
chuang2021_033,荣耀,正能量偶像荣耀,2,0.001172
chuang2021_033,荣耀,此战不胜必不回头,2,0.001172
chuang2021_033,荣耀,比刘宇做得更好的只有刘宇本人,2,0.001172
chuang2021_033,荣耀,永远被努力填充的你,2,0.001172
chuang2021_033,荣耀,点燃火焰,2,0.001172
chuang2021_033,荣耀,犹抱扇子半遮面,2,0.001172
chuang2021_033,荣耀,生动鲜活,2,0.001172
chuang2021_033,荣耀,第9期,2,0.001172
chuang2021_033,荣耀,第三次顺位发布25人进决赛,2,0.001172
chuang2021_033,荣耀,米卡唱永不失联的爱,2,0.001172
chuang2021_033,荣耀,粉丝们,2,0.001172
chuang2021_033,荣耀,经过粉丝们在,2,0.001172
chuang2021_033,荣耀,给刘宇最强排面,2,0.001172
chuang2021_033,荣耀,绝不让,2,0.001172
chuang2021_033,荣耀,绝了,2,0.001172
chuang2021_033,荣耀,绝美ending直接封神,2,0.001172
chuang2021_033,荣耀,若要让我踏银河上九天,2,0.001172
chuang2021_033,荣耀,誓夺第一,2,0.001172
chuang2021_033,荣耀,让周柯宇被鲜花和掌声围绕,2,0.001172
chuang2021_033,荣耀,记得我在第一次顺位发布的时候说过,2,0.001172
chuang2021_033,荣耀,请为你们心中的将军敲响战鼓,2,0.001172
chuang2021_033,荣耀,谢谢你们又和我一起回到了这个位置上,2,0.001172
chuang2021_033,荣耀,赞多力丸高音,2,0.001172
chuang2021_033,荣耀,轻盈迅捷到像是一场红色龙卷风,2,0.001172
chuang2021_033,荣耀,过招,2,0.001172
chuang2021_033,荣耀,那就拿出你破釜沉舟的勇气,2,0.001172
chuang2021_033,荣耀,那王座,2,0.001172
chuang2021_033,荣耀,那荣耀,2,0.001172
chuang2021_033,荣耀,阿克朱立,2,0.001172
chuang2021_033,荣耀,青春有你3,2,0.001172
chuang2021_033,荣耀,音乐一开始小宇喝酒的模样像是点开了武侠剧,2,0.001172
chuang2021_033,荣耀,鲜衣怒马,2,0.001172
chuang2021_033,荣耀,鹅岛之声组二创,2,0.001172
chuang2021_033,荣耀,鹅的歌,2,0.001172
chuang2021_033,荣耀,黑人牙膏白酵素助力创造营诺言闪耀闯关,2,0.001172
chuang2021_034,贵尚奇,贵尚奇,141,0.051516
chuang2021_034,贵尚奇,贵尚奇超话,57,0.020826
chuang2021_034,贵尚奇,收起,53,0.019364
chuang2021_034,贵尚奇,写给贵尚奇的每日信笺,26,0.009499
chuang2021_034,贵尚奇,何屹繁,25,0.009134
chuang2021_034,贵尚奇,胡烨韬,25,0.009134
chuang2021_034,贵尚奇,何懿峻,24,0.008769
chuang2021_034,贵尚奇,利路修,24,0.008769
chuang2021_034,贵尚奇,奥斯卡,24,0.008769
chuang2021_034,贵尚奇,韩佩泉,24,0.008769
chuang2021_034,贵尚奇,何圳煜,23,0.008403
chuang2021_034,贵尚奇,屈柏宇,23,0.008403
chuang2021_034,贵尚奇,庆怜,23,0.008403
chuang2021_034,贵尚奇,林墨,23,0.008403
chuang2021_034,贵尚奇,甘望星,23,0.008403
chuang2021_034,贵尚奇,罗言,23,0.008403
chuang2021_034,贵尚奇,蒋敦豪,23,0.008403
chuang2021_034,贵尚奇,邵明明,23,0.008403
chuang2021_034,贵尚奇,黄鲲,23,0.008403
chuang2021_034,贵尚奇,刘宇,22,0.008038
chuang2021_034,贵尚奇,尹浩宇,22,0.008038
chuang2021_034,贵尚奇,张嘉元,22,0.008038
chuang2021_034,贵尚奇,米卡,22,0.008038
chuang2021_034,贵尚奇,井汲大翔,21,0.007673
chuang2021_034,贵尚奇,井胧,21,0.007673
chuang2021_034,贵尚奇,付思超,21,0.007673
chuang2021_034,贵尚奇,俞更寅,21,0.007673
chuang2021_034,贵尚奇,叶皓然,21,0.007673
chuang2021_034,贵尚奇,吴宇恒,21,0.007673
chuang2021_034,贵尚奇,张星特,21,0.007673
chuang2021_034,贵尚奇,张腾,21,0.007673
chuang2021_034,贵尚奇,王孝辰,21,0.007673
chuang2021_034,贵尚奇,陆定昊,21,0.007673
chuang2021_034,贵尚奇,高卿尘,21,0.007673
chuang2021_034,贵尚奇,上原一翔,20,0.007307
chuang2021_034,贵尚奇,任胤蓬,20,0.007307
chuang2021_034,贵尚奇,伯远,20,0.007307
chuang2021_034,贵尚奇,创造营2021超话,20,0.007307
chuang2021_034,贵尚奇,荣耀,20,0.007307
chuang2021_034,贵尚奇,谢兴阳,20,0.007307
chuang2021_034,贵尚奇,代少冬,19,0.006942
chuang2021_034,贵尚奇,力丸,19,0.006942
chuang2021_034,贵尚奇,范臻尔,19,0.006942
chuang2021_034,贵尚奇,诺言,19,0.006942
chuang2021_034,贵尚奇,于洋,18,0.006577
chuang2021_034,贵尚奇,吴海,18,0.006577
chuang2021_034,贵尚奇,周柯宇,18,0.006577
chuang2021_034,贵尚奇,张欣尧,18,0.006577
chuang2021_034,贵尚奇,赞多,18,0.006577
chuang2021_034,贵尚奇,魏子越,18,0.006577
chuang2021_034,贵尚奇,刘彰,17,0.006211
chuang2021_034,贵尚奇,曾涵江,17,0.006211
chuang2021_034,贵尚奇,李洛尔,17,0.006211
chuang2021_034,贵尚奇,薛八一,17,0.006211
chuang2021_034,贵尚奇,羽生田挙武,16,0.005846
chuang2021_034,贵尚奇,张璋,15,0.00548
chuang2021_034,贵尚奇,一之濑飞鸟,14,0.005115
chuang2021_034,贵尚奇,佐藤永翔,14,0.005115
chuang2021_034,贵尚奇,刘聪,14,0.005115
chuang2021_034,贵尚奇,大卫,14,0.005115
chuang2021_034,贵尚奇,徐绍岚,14,0.005115
chuang2021_034,贵尚奇,李家豪,14,0.005115
chuang2021_034,贵尚奇,李泽坤,14,0.005115
chuang2021_034,贵尚奇,林豆,13,0.00475
chuang2021_034,贵尚奇,郑明鑫,13,0.00475
chuang2021_034,贵尚奇,me,12,0.004384
chuang2021_034,贵尚奇,刘唐辉,12,0.004384
chuang2021_034,贵尚奇,卢克,12,0.004384
chuang2021_034,贵尚奇,原部凌,12,0.004384
chuang2021_034,贵尚奇,和马,12,0.004384
chuang2021_034,贵尚奇,李政庭,12,0.004384
chuang2021_034,贵尚奇,李沛洋,12,0.004384
chuang2021_034,贵尚奇,李泰龙,12,0.004384
chuang2021_034,贵尚奇,希望陪你从开始到未来的每一个高光时刻,11,0.004019
chuang2021_034,贵尚奇,徐圣兹,11,0.004019
chuang2021_034,贵尚奇,我们一起走花路吧,11,0.004019
chuang2021_034,贵尚奇,我刚使用会员特权送给了,11,0.004019
chuang2021_034,贵尚奇,曹左,11,0.004019
chuang2021_034,贵尚奇,李嘉祥,11,0.004019
chuang2021_034,贵尚奇,谷柳霖,11,0.004019
chuang2021_034,贵尚奇,贵尚奇是小透明已收到1222朵花,11,0.004019
chuang2021_034,贵尚奇,钱政宇,11,0.004019
chuang2021_034,贵尚奇,陈俊洁,11,0.004019
chuang2021_034,贵尚奇,陈瑞丰,11,0.004019
chuang2021_034,贵尚奇,韦语节,11,0.004019
chuang2021_034,贵尚奇,刘严冬季,10,0.003654
chuang2021_034,贵尚奇,喜内优心,10,0.003654
chuang2021_034,贵尚奇,怿涵,10,0.003654
chuang2021_034,贵尚奇,林煜修,10,0.003654
chuang2021_034,贵尚奇,赖耀翔,10,0.003654
chuang2021_034,贵尚奇,凌箫,9,0.003288
chuang2021_034,贵尚奇,安迪,9,0.003288
chuang2021_034,贵尚奇,王泽浩,9,0.003288
chuang2021_034,贵尚奇,田口馨也,9,0.003288
chuang2021_034,贵尚奇,都筑雄哉,9,0.003288
chuang2021_034,贵尚奇,门胁慎刚,9,0.003288
chuang2021_034,贵尚奇,阿克朱力,9,0.003288
chuang2021_034,贵尚奇,隅田隼平,9,0.003288
chuang2021_034,贵尚奇,网页链接,8,0.002923
chuang2021_034,贵尚奇,肖力桓,8,0.002923
chuang2021_034,贵尚奇,5朵鲜花,7,0.002558
chuang2021_034,贵尚奇,cr,7,0.002558
chuang2021_034,贵尚奇,you,7,0.002558
chuang2021_034,贵尚奇,黑人牙膏白酵素助力创造营贵尚奇闪耀闯关,7,0.002558
chuang2021_034,贵尚奇,88,6,0.002192
chuang2021_034,贵尚奇,boy,6,0.002192
chuang2021_034,贵尚奇,butter,6,0.002192
chuang2021_034,贵尚奇,fly,6,0.002192
chuang2021_034,贵尚奇,lit,6,0.002192
chuang2021_034,贵尚奇,lover,6,0.002192
chuang2021_034,贵尚奇,radio,6,0.002192
chuang2021_034,贵尚奇,ready,6,0.002192
chuang2021_034,贵尚奇,yummy,6,0.002192
chuang2021_034,贵尚奇,作为怪物,6,0.002192
chuang2021_034,贵尚奇,女孩,6,0.002192
chuang2021_034,贵尚奇,我欢喜喜欢你,6,0.002192
chuang2021_034,贵尚奇,爱我ready,6,0.002192
chuang2021_034,贵尚奇,破茧,6,0.002192
chuang2021_034,贵尚奇,被螃蟹钳了一下下,6,0.002192
chuang2021_034,贵尚奇,超级冠军,6,0.002192
chuang2021_034,贵尚奇,醉拳,6,0.002192
chuang2021_034,贵尚奇,霓虹甜心,6,0.002192
chuang2021_034,贵尚奇,logo,5,0.001827
chuang2021_034,贵尚奇,上下班,5,0.001827
chuang2021_034,贵尚奇,化身孤岛的鲸,5,0.001827
chuang2021_034,贵尚奇,我管你,5,0.001827
chuang2021_034,贵尚奇,2021,4,0.001461
chuang2021_034,贵尚奇,ak刘彰,4,0.001461
chuang2021_034,贵尚奇,therefore,4,0.001461
chuang2021_034,贵尚奇,一起为他助力戳,4,0.001461
chuang2021_034,贵尚奇,不忘初心,4,0.001461
chuang2021_034,贵尚奇,今晚也要早睡,4,0.001461
chuang2021_034,贵尚奇,你一定能拿下,4,0.001461
chuang2021_034,贵尚奇,你就不要想起我,4,0.001461
chuang2021_034,贵尚奇,创4一公分组,4,0.001461
chuang2021_034,贵尚奇,创4选手路透,4,0.001461
chuang2021_034,贵尚奇,创造营2021榜,4,0.001461
chuang2021_034,贵尚奇,创造营2021榜好成绩,4,0.001461
chuang2021_034,贵尚奇,方得始终,4,0.001461
chuang2021_034,贵尚奇,明星势力榜,4,0.001461
chuang2021_034,贵尚奇,晚安,4,0.001461
chuang2021_034,贵尚奇,期待,4,0.001461
chuang2021_034,贵尚奇,爱情鸟,4,0.001461
chuang2021_034,贵尚奇,螃蟹舞,4,0.001461
chuang2021_034,贵尚奇,20,3,0.001096
chuang2021_034,贵尚奇,ctu,3,0.001096
chuang2021_034,贵尚奇,luminary丨贵尚奇,3,0.001096
chuang2021_034,贵尚奇,一公分组,3,0.001096
chuang2021_034,贵尚奇,今天又是考古的一天,3,0.001096
chuang2021_034,贵尚奇,创造营2021二公分组,3,0.001096
chuang2021_034,贵尚奇,创造营排名,3,0.001096
chuang2021_034,贵尚奇,对了,3,0.001096
chuang2021_034,贵尚奇,峰顶,3,0.001096
chuang2021_034,贵尚奇,开心,3,0.001096
chuang2021_034,贵尚奇,脱单脱单脱单脱单脱单的微博视频,3,0.001096
chuang2021_034,贵尚奇,腾讯视频,3,0.001096
chuang2021_034,贵尚奇,自行车安利博的微博视频,3,0.001096
chuang2021_034,贵尚奇,20210224,2,0.000731
chuang2021_034,贵尚奇,210420,2,0.000731
chuang2021_034,贵尚奇,3朵鲜花,2,0.000731
chuang2021_034,贵尚奇,5倍溶渍,2,0.000731
chuang2021_034,贵尚奇,ak,2,0.000731
chuang2021_034,贵尚奇,am,2,0.000731
chuang2021_034,贵尚奇,amber刘逸云,2,0.000731
chuang2021_034,贵尚奇,amu,2,0.000731
chuang2021_034,贵尚奇,amu羽生田挙武,2,0.000731
chuang2021_034,贵尚奇,an,2,0.000731
chuang2021_034,贵尚奇,believer,2,0.000731
chuang2021_034,贵尚奇,beliver,2,0.000731
chuang2021_034,贵尚奇,best周柯宇,2,0.000731
chuang2021_034,贵尚奇,dance,2,0.000731
chuang2021_034,贵尚奇,doki开箱挑战,2,0.000731
chuang2021_034,贵尚奇,emon,2,0.000731
chuang2021_034,贵尚奇,fix,2,0.000731
chuang2021_034,贵尚奇,joker,2,0.000731
chuang2021_034,贵尚奇,lemon,2,0.000731
chuang2021_034,贵尚奇,nene郑乃馨,2,0.000731
chuang2021_034,贵尚奇,p1是今天的好天气,2,0.000731
chuang2021_034,贵尚奇,p2是骑公路车过桥的时候拍的江景,2,0.000731
chuang2021_034,贵尚奇,qq音乐,2,0.000731
chuang2021_034,贵尚奇,vocal,2,0.000731
chuang2021_034,贵尚奇,一个愿望,2,0.000731
chuang2021_034,贵尚奇,一之濑asuka,2,0.000731
chuang2021_034,贵尚奇,一句祝福,2,0.000731
chuang2021_034,贵尚奇,一天心情都很好,2,0.000731
chuang2021_034,贵尚奇,一道好不了的淤青,2,0.000731
chuang2021_034,贵尚奇,一颗流星,2,0.000731
chuang2021_034,贵尚奇,上午去图书馆,2,0.000731
chuang2021_034,贵尚奇,上午图书馆,2,0.000731
chuang2021_034,贵尚奇,下午上课晚上足球,2,0.000731
chuang2021_034,贵尚奇,下午上课然后骑车出去耍,2,0.000731
chuang2021_034,贵尚奇,不得不说一句好帅,2,0.000731
chuang2021_034,贵尚奇,不管是表情管理还是整体的旋律都堪称完美,2,0.000731
chuang2021_034,贵尚奇,不舍得把美貌给我们小松果看嘛,2,0.000731
chuang2021_034,贵尚奇,不过罪恶感很强,2,0.000731
chuang2021_034,贵尚奇,中午遇到一只超级可爱的粘人的猫猫分享给奇奇你,2,0.000731
chuang2021_034,贵尚奇,为什么今晚与你通话,2,0.000731
chuang2021_034,贵尚奇,也分享给奇奇宝贝,2,0.000731
chuang2021_034,贵尚奇,也可以是,2,0.000731
chuang2021_034,贵尚奇,也是圆日终于突破料峭春寒时,2,0.000731
chuang2021_034,贵尚奇,也是认识你,2,0.000731
chuang2021_034,贵尚奇,二公舞蹈专业组,2,0.000731
chuang2021_034,贵尚奇,于是我找到了会会的微博想了解你的最新动态,2,0.000731
chuang2021_034,贵尚奇,于是每天都在期待会带来怎么样的舞台,2,0.000731
chuang2021_034,贵尚奇,亲爱的奇哥,2,0.000731
chuang2021_034,贵尚奇,人家李家豪都知道发微博,2,0.000731
chuang2021_034,贵尚奇,什么内容都可以,2,0.000731
chuang2021_034,贵尚奇,今天一天从早到中午再到晚上都非常忙碌,2,0.000731
chuang2021_034,贵尚奇,今天中午去踢球赛了,2,0.000731
chuang2021_034,贵尚奇,今天也是分享信,2,0.000731
chuang2021_034,贵尚奇,今天也是考古的一天,2,0.000731
chuang2021_034,贵尚奇,今天星期几,2,0.000731
chuang2021_034,贵尚奇,今天是充实的一天,2,0.000731
chuang2021_034,贵尚奇,今天是分享信,2,0.000731
chuang2021_034,贵尚奇,今天是我作为小寿星,2,0.000731
chuang2021_034,贵尚奇,今天是运动boy,2,0.000731
chuang2021_034,贵尚奇,今天跟贵尚奇崽崽分享好天气和月亮,2,0.000731
chuang2021_034,贵尚奇,今日是分享信,2,0.000731
chuang2021_034,贵尚奇,今晚去看了体育节开幕式,2,0.000731
chuang2021_034,贵尚奇,今晚只分享奶茶,2,0.000731
chuang2021_034,贵尚奇,今晚居然又这么晚了,2,0.000731
chuang2021_034,贵尚奇,今晚月色真美,2,0.000731
chuang2021_034,贵尚奇,今晚没有彩虹屁文案啦,2,0.000731
chuang2021_034,贵尚奇,今晚的月亮,2,0.000731
chuang2021_034,贵尚奇,今晚要跟你分享中国女足胜利的喜悦,2,0.000731
chuang2021_034,贵尚奇,从2020年11月6号到2021年4月14号是159天,2,0.000731
chuang2021_034,贵尚奇,从关注你开始每天期待你发微博,2,0.000731
chuang2021_034,贵尚奇,从前我觉得非常离谱的彩虹屁现在我觉得非常合适,2,0.000731
chuang2021_034,贵尚奇,会变成一个誓言,2,0.000731
chuang2021_034,贵尚奇,会变成一束鲜花,2,0.000731
chuang2021_034,贵尚奇,但奇哥发了加试视频,2,0.000731
chuang2021_034,贵尚奇,但是好像频率并不高,2,0.000731
chuang2021_034,贵尚奇,佐藤永祥,2,0.000731
chuang2021_034,贵尚奇,你下次路过能不能不勾走我的魂带我走,2,0.000731
chuang2021_034,贵尚奇,你是我十字打头年纪,2,0.000731
chuang2021_034,贵尚奇,你说是一个人的乐队,2,0.000731
chuang2021_034,贵尚奇,借着一杯酒和今晚的月亮,2,0.000731
chuang2021_034,贵尚奇,做你想做的,2,0.000731
chuang2021_034,贵尚奇,公路车骑起来真的要比山地车拉风很多,2,0.000731
chuang2021_034,贵尚奇,其中一个愿望就是,2,0.000731
chuang2021_034,贵尚奇,再跟你分享一个小蛋糕,2,0.000731
chuang2021_034,贵尚奇,写完马上睡,2,0.000731
chuang2021_034,贵尚奇,出去玩呀穿搭呀或者在练习室跳舞唱歌呀,2,0.000731
chuang2021_034,贵尚奇,分享专辑,2,0.000731
chuang2021_034,贵尚奇,分享我的午饭,2,0.000731
chuang2021_034,贵尚奇,分享月亮吧,2,0.000731
chuang2021_034,贵尚奇,创二公有正规名额,2,0.000731
chuang2021_034,贵尚奇,创造营2021学员,2,0.000731
chuang2021_034,贵尚奇,创造营x黑人牙膏白酵素助力闪耀闯关,2,0.000731
chuang2021_034,贵尚奇,创造营直播中,2,0.000731
chuang2021_034,贵尚奇,刻在我心上的一笔刺青,2,0.000731
chuang2021_034,贵尚奇,助教,2,0.000731
chuang2021_034,贵尚奇,十一点之前就要上床的flag又打破了,2,0.000731
chuang2021_034,贵尚奇,原创,2,0.000731
chuang2021_034,贵尚奇,原创专业,2,0.000731
chuang2021_034,贵尚奇,原黑人,2,0.000731
chuang2021_034,贵尚奇,叠袜子的技巧get了,2,0.000731
chuang2021_034,贵尚奇,另外奇奇宝贝其实穿浅色系或者亮色系的衣服真的超好看,2,0.000731
chuang2021_034,贵尚奇,可惜最后还是没突破,2,0.000731
chuang2021_034,贵尚奇,可是我一点都不开心,2,0.000731
chuang2021_034,贵尚奇,后来知道你确定参加创,2,0.000731
chuang2021_034,贵尚奇,后面全是考古奇奇宝贝的旧照,2,0.000731
chuang2021_034,贵尚奇,后面的舞台包括练习室训练看到了你的努力与辛苦,2,0.000731
chuang2021_034,贵尚奇,吹着江风回学校,2,0.000731
chuang2021_034,贵尚奇,周深,2,0.000731
chuang2021_034,贵尚奇,周震南,2,0.000731
chuang2021_034,贵尚奇,哥哥的美貌就是人类洗眼液,2,0.000731
chuang2021_034,贵尚奇,啊啊啊啊啊今晚又破了flag,2,0.000731
chuang2021_034,贵尚奇,啊啊啊啊啊啊啊今天又晚了,2,0.000731
chuang2021_034,贵尚奇,喜欢你的另一种说法可以是,2,0.000731
chuang2021_034,贵尚奇,因为是一公入的坑,2,0.000731
chuang2021_034,贵尚奇,图源,2,0.000731
chuang2021_034,贵尚奇,坚持你所坚持的,2,0.000731
chuang2021_034,贵尚奇,声乐专业,2,0.000731
chuang2021_034,贵尚奇,夏紫,2,0.000731
chuang2021_034,贵尚奇,大家今天都发挥的超级棒,2,0.000731
chuang2021_034,贵尚奇,大概是巧合,2,0.000731
chuang2021_034,贵尚奇,太帅了太帅了,2,0.000731
chuang2021_034,贵尚奇,夸夸奇奇宝贝,2,0.000731
chuang2021_034,贵尚奇,奇奇宝贝为什么还不发微博,2,0.000731
chuang2021_034,贵尚奇,奇奇宝贝也跟我一样买了防晒霜但用的很少哈哈哈哈,2,0.000731
chuang2021_034,贵尚奇,奇奇宝贝晚安,2,0.000731
chuang2021_034,贵尚奇,她们真的超厉害,2,0.000731
chuang2021_034,贵尚奇,好叭,2,0.000731
chuang2021_034,贵尚奇,好好看,2,0.000731
chuang2021_034,贵尚奇,好想吻你啊,2,0.000731
chuang2021_034,贵尚奇,好来,2,0.000731
chuang2021_034,贵尚奇,学员,2,0.000731
chuang2021_034,贵尚奇,宁静,2,0.000731
chuang2021_034,贵尚奇,完全沙雕起来了,2,0.000731
chuang2021_034,贵尚奇,对你说声抱歉,2,0.000731
chuang2021_034,贵尚奇,导师,2,0.000731
chuang2021_034,贵尚奇,导航回学校的时候发现居然把我导到了已经封门的东南门,2,0.000731
chuang2021_034,贵尚奇,少年有他的山海,2,0.000731
chuang2021_034,贵尚奇,崽崽啥时候发微博,2,0.000731
chuang2021_034,贵尚奇,已经超级可爱的狗狗,2,0.000731
chuang2021_034,贵尚奇,希望下次可以多进几个球,2,0.000731
chuang2021_034,贵尚奇,希望你也是满意的,2,0.000731
chuang2021_034,贵尚奇,希望你开心健康平安,2,0.000731
chuang2021_034,贵尚奇,希望这样能多少弥补一些你的遗憾,2,0.000731
chuang2021_034,贵尚奇,平了,2,0.000731
chuang2021_034,贵尚奇,幸好今晚不只是单纯的玩手机,2,0.000731
chuang2021_034,贵尚奇,当我看到你那条坐在鼓前面的照片已经你配的文字时,2,0.000731
chuang2021_034,贵尚奇,很好听,2,0.000731
chuang2021_034,贵尚奇,很开心很荣幸,2,0.000731
chuang2021_034,贵尚奇,很遗憾,2,0.000731
chuang2021_034,贵尚奇,微博正文,2,0.000731
chuang2021_034,贵尚奇,快去看闯人的螃蟹舞台,2,0.000731
chuang2021_034,贵尚奇,快来康康,2,0.000731
chuang2021_034,贵尚奇,想看新照了,2,0.000731
chuang2021_034,贵尚奇,我今天跟我朋友去蛋糕店,2,0.000731
chuang2021_034,贵尚奇,我们都在这呢,2,0.000731
chuang2021_034,贵尚奇,我似乎就能胜券在握,2,0.000731
chuang2021_034,贵尚奇,我想做这个乐队的观众,2,0.000731
chuang2021_034,贵尚奇,我想我们来日方长,2,0.000731
chuang2021_034,贵尚奇,我想说表演的很好,2,0.000731
chuang2021_034,贵尚奇,所以一直在考古,2,0.000731
chuang2021_034,贵尚奇,所以什么时候可以蹲到你发新的动态呢,2,0.000731
chuang2021_034,贵尚奇,所以爱会消失对不对,2,0.000731
chuang2021_034,贵尚奇,打羽毛球了,2,0.000731
chuang2021_034,贵尚奇,拼搏与梦想,2,0.000731
chuang2021_034,贵尚奇,携来一枝春,2,0.000731
chuang2021_034,贵尚奇,明天也要继续努力呀,2,0.000731
chuang2021_034,贵尚奇,明天会变成什么,2,0.000731
chuang2021_034,贵尚奇,明天会变成你余下生命的第一天,2,0.000731
chuang2021_034,贵尚奇,明天终于可以睡个懒觉啦,2,0.000731
chuang2021_034,贵尚奇,明明是大帅比,2,0.000731
chuang2021_034,贵尚奇,昨晚并没有梦到奇奇宝贝,2,0.000731
chuang2021_034,贵尚奇,是不是你准备出其不意给我个惊喜呀,2,0.000731
chuang2021_034,贵尚奇,是我们没有让你走到最后,2,0.000731
chuang2021_034,贵尚奇,晚上来回骑了20公里左右,2,0.000731
chuang2021_034,贵尚奇,晚上还去吃了最喜欢吃的正新鸡排,2,0.000731
chuang2021_034,贵尚奇,晚上还跑了步,2,0.000731
chuang2021_034,贵尚奇,晚上还跟傻仔一起约饭了,2,0.000731
chuang2021_034,贵尚奇,更让我骑遍大街小巷,2,0.000731
chuang2021_034,贵尚奇,最后奇奇宝贝什么时候再拍一支vlog呀,2,0.000731
chuang2021_034,贵尚奇,最后跟你分享一句话,2,0.000731
chuang2021_034,贵尚奇,有他的万里波涛,2,0.000731
chuang2021_034,贵尚奇,有他的自由,2,0.000731
chuang2021_034,贵尚奇,有他的重重山影,2,0.000731
chuang2021_034,贵尚奇,期待崽崽早日发微博,2,0.000731
chuang2021_034,贵尚奇,本来说好十一点之前一定要上床睡觉的,2,0.000731
chuang2021_034,贵尚奇,本来都打算直接睡觉了,2,0.000731
chuang2021_034,贵尚奇,李洛尔zok,2,0.000731
chuang2021_034,贵尚奇,李洛尔李沛洋,2,0.000731
chuang2021_034,贵尚奇,来了来了,2,0.000731
chuang2021_034,贵尚奇,海南儋州,2,0.000731
chuang2021_034,贵尚奇,淤青,2,0.000731
chuang2021_034,贵尚奇,然后我又换路去了东门,2,0.000731
chuang2021_034,贵尚奇,猜对了给你小心心,2,0.000731
chuang2021_034,贵尚奇,猜错了罚你罚你干嘛呢,2,0.000731
chuang2021_034,贵尚奇,现在还想起来,2,0.000731
chuang2021_034,贵尚奇,现在还没上床啊啊啊啊啊,2,0.000731
chuang2021_034,贵尚奇,疯狂暗示,2,0.000731
chuang2021_034,贵尚奇,白鹿推荐白酵素牙膏焕白去黄去牙渍烟渍亮白2支240g,2,0.000731
chuang2021_034,贵尚奇,直接晚安,2,0.000731
chuang2021_034,贵尚奇,真不错,2,0.000731
chuang2021_034,贵尚奇,穿过没有路灯的黑夜,2,0.000731
chuang2021_034,贵尚奇,突然想起今天的信还没写,2,0.000731
chuang2021_034,贵尚奇,第二天就发了微博,2,0.000731
chuang2021_034,贵尚奇,第二次公演,2,0.000731
chuang2021_034,贵尚奇,第六期,2,0.000731
chuang2021_034,贵尚奇,等下写完这个俺就上床,2,0.000731
chuang2021_034,贵尚奇,纯享版,2,0.000731
chuang2021_034,贵尚奇,罚你更新动态,2,0.000731
chuang2021_034,贵尚奇,美白硬实力,2,0.000731
chuang2021_034,贵尚奇,羽生田学武,2,0.000731
chuang2021_034,贵尚奇,考古到了奇奇宝贝的上岛前装箱vlog,2,0.000731
chuang2021_034,贵尚奇,自拍或者分享生活都可以呀,2,0.000731
chuang2021_034,贵尚奇,自拍更好,2,0.000731
chuang2021_034,贵尚奇,舞台也太有能量了,2,0.000731
chuang2021_034,贵尚奇,舞蹈专业,2,0.000731
chuang2021_034,贵尚奇,表白信,2,0.000731
chuang2021_034,贵尚奇,被螃蟹钳了一下下舞台,2,0.000731
chuang2021_034,贵尚奇,被螃蟹钳了一下下舞台元气满分,2,0.000731
chuang2021_034,贵尚奇,要的来,2,0.000731
chuang2021_034,贵尚奇,见字如面,2,0.000731
chuang2021_034,贵尚奇,让我猜猜你啥时候会再出现在我的梦中,2,0.000731
chuang2021_034,贵尚奇,训练,2,0.000731
chuang2021_034,贵尚奇,评论配图,2,0.000731
chuang2021_034,贵尚奇,说的这五个人就像是完全把偶像包袱一脚踢飞,2,0.000731
chuang2021_034,贵尚奇,贵尚奇你为什么不发,2,0.000731
chuang2021_034,贵尚奇,贵尚奇你最近还是没有发动态,2,0.000731
chuang2021_034,贵尚奇,贵尚奇宝贝猜猜p1p2这两张是太阳,2,0.000731
chuang2021_034,贵尚奇,贵尚奇放心大胆的往前闯吧,2,0.000731
chuang2021_034,贵尚奇,贵尚奇螃蟹舞,2,0.000731
chuang2021_034,贵尚奇,赫尔曼,2,0.000731
chuang2021_034,贵尚奇,赶上了最后一个节目,2,0.000731
chuang2021_034,贵尚奇,赶紧去操场跑圈了,2,0.000731
chuang2021_034,贵尚奇,超级无敌巨好喝,2,0.000731
chuang2021_034,贵尚奇,超级爽,2,0.000731
chuang2021_034,贵尚奇,超级超级好吃,2,0.000731
chuang2021_034,贵尚奇,跟着导航骑车的话,2,0.000731
chuang2021_034,贵尚奇,还完成了一件比较重要的事情,2,0.000731
chuang2021_034,贵尚奇,还是月亮,2,0.000731
chuang2021_034,贵尚奇,还有一个关于武汉公交非常好笑的一个截图,2,0.000731
chuang2021_034,贵尚奇,还私信催更,2,0.000731
chuang2021_034,贵尚奇,这个蛋糕太诱人了我实在忍不住就买了,2,0.000731
chuang2021_034,贵尚奇,这是我不曾了解到的奇奇的一面,2,0.000731
chuang2021_034,贵尚奇,这样我们就可以小组出线了,2,0.000731
chuang2021_034,贵尚奇,这里的贵尚奇是一个可爱的大男孩,2,0.000731
chuang2021_034,贵尚奇,遗憾的是初舞台没有看到,2,0.000731
chuang2021_034,贵尚奇,邓超,2,0.000731
chuang2021_034,贵尚奇,那瞬间我的心是热血的澎湃的,2,0.000731
chuang2021_034,贵尚奇,邵明明摸恐怖盒挑战,2,0.000731
chuang2021_034,贵尚奇,都十一点了还没上床睡觉,2,0.000731
chuang2021_034,贵尚奇,都可以的,2,0.000731
chuang2021_034,贵尚奇,配图p3,2,0.000731
chuang2021_034,贵尚奇,闯人花式挑战主题曲,2,0.000731
chuang2021_034,贵尚奇,陪你走过的159天,2,0.000731
chuang2021_034,贵尚奇,难得有晴天,2,0.000731
chuang2021_034,贵尚奇,需审核,2,0.000731
chuang2021_034,贵尚奇,非常累但也非常充实,2,0.000731
chuang2021_034,贵尚奇,鱼粉真的超好吃,2,0.000731
chuang2021_034,贵尚奇,黄琨,2,0.000731
chuang2021_034,贵尚奇,黑人牙膏白酵素助力创造营一之濑飞鸟闪耀闯关,2,0.000731
chuang2021_034,贵尚奇,黑人牙膏白酵素助力创造营上原一翔闪耀闯关,2,0.000731
chuang2021_034,贵尚奇,黑人牙膏白酵素助力创造营于洋闪耀闯关,2,0.000731
chuang2021_034,贵尚奇,黑人牙膏白酵素助力创造营井汲大翔闪耀闯关,2,0.000731
chuang2021_034,贵尚奇,黑人牙膏白酵素助力创造营井胧闪耀闯关,2,0.000731
chuang2021_034,贵尚奇,黑人牙膏白酵素助力创造营付思超闪耀闯关,2,0.000731
chuang2021_034,贵尚奇,黑人牙膏白酵素助力创造营代少冬闪耀闯关,2,0.000731
chuang2021_034,贵尚奇,黑人牙膏白酵素助力创造营任胤蓬闪耀闯关,2,0.000731
chuang2021_034,贵尚奇,黑人牙膏白酵素助力创造营伯远闪耀闯关,2,0.000731
chuang2021_034,贵尚奇,黑人牙膏白酵素助力创造营佐藤永翔闪耀闯关,2,0.000731
chuang2021_034,贵尚奇,黑人牙膏白酵素助力创造营何圳煜闪耀闯关,2,0.000731
chuang2021_034,贵尚奇,黑人牙膏白酵素助力创造营何屹繁闪耀闯关,2,0.000731
chuang2021_034,贵尚奇,黑人牙膏白酵素助力创造营何懿峻闪耀闯关,2,0.000731
chuang2021_034,贵尚奇,黑人牙膏白酵素助力创造营俞更寅闪耀闯关,2,0.000731
chuang2021_034,贵尚奇,黑人牙膏白酵素助力创造营刘宇闪耀闯关,2,0.000731
chuang2021_034,贵尚奇,黑人牙膏白酵素助力创造营刘彰闪耀闯关,2,0.000731
chuang2021_034,贵尚奇,黑人牙膏白酵素助力创造营利路修闪耀闯关,2,0.000731
chuang2021_034,贵尚奇,黑人牙膏白酵素助力创造营力丸闪耀闯关,2,0.000731
chuang2021_034,贵尚奇,黑人牙膏白酵素助力创造营叶皓然闪耀闯关,2,0.000731
chuang2021_034,贵尚奇,黑人牙膏白酵素助力创造营吴宇恒闪耀闯关,2,0.000731
chuang2021_034,贵尚奇,黑人牙膏白酵素助力创造营吴海闪耀闯关,2,0.000731
chuang2021_034,贵尚奇,黑人牙膏白酵素助力创造营周柯宇闪耀闯关,2,0.000731
chuang2021_034,贵尚奇,黑人牙膏白酵素助力创造营奥斯卡闪耀闯关,2,0.000731
chuang2021_034,贵尚奇,黑人牙膏白酵素助力创造营尹浩宇闪耀闯关,2,0.000731
chuang2021_034,贵尚奇,黑人牙膏白酵素助力创造营屈柏宇闪耀闯关,2,0.000731
chuang2021_034,贵尚奇,黑人牙膏白酵素助力创造营庆怜闪耀闯关,2,0.000731
chuang2021_034,贵尚奇,黑人牙膏白酵素助力创造营张嘉元闪耀闯关,2,0.000731
chuang2021_034,贵尚奇,黑人牙膏白酵素助力创造营张星特闪耀闯关,2,0.000731
chuang2021_034,贵尚奇,黑人牙膏白酵素助力创造营张欣尧闪耀闯关,2,0.000731
chuang2021_034,贵尚奇,黑人牙膏白酵素助力创造营张璋闪耀闯关,2,0.000731
chuang2021_034,贵尚奇,黑人牙膏白酵素助力创造营张腾闪耀闯关,2,0.000731
chuang2021_034,贵尚奇,黑人牙膏白酵素助力创造营徐绍岚闪耀闯关,2,0.000731
chuang2021_034,贵尚奇,黑人牙膏白酵素助力创造营曾涵江闪耀闯关,2,0.000731
chuang2021_034,贵尚奇,黑人牙膏白酵素助力创造营李洛尔闪耀闯关,2,0.000731
chuang2021_034,贵尚奇,黑人牙膏白酵素助力创造营林墨闪耀闯关,2,0.000731
chuang2021_034,贵尚奇,黑人牙膏白酵素助力创造营王孝辰闪耀闯关,2,0.000731
chuang2021_034,贵尚奇,黑人牙膏白酵素助力创造营甘望星闪耀闯关,2,0.000731
chuang2021_034,贵尚奇,黑人牙膏白酵素助力创造营米卡闪耀闯关,2,0.000731
chuang2021_034,贵尚奇,黑人牙膏白酵素助力创造营罗言闪耀闯关,2,0.000731
chuang2021_034,贵尚奇,黑人牙膏白酵素助力创造营羽生田挙武闪耀闯关,2,0.000731
chuang2021_034,贵尚奇,黑人牙膏白酵素助力创造营胡烨韬闪耀闯关,2,0.000731
chuang2021_034,贵尚奇,黑人牙膏白酵素助力创造营范臻尔闪耀闯关,2,0.000731
chuang2021_034,贵尚奇,黑人牙膏白酵素助力创造营荣耀闪耀闯关,2,0.000731
chuang2021_034,贵尚奇,黑人牙膏白酵素助力创造营蒋敦豪闪耀闯关,2,0.000731
chuang2021_034,贵尚奇,黑人牙膏白酵素助力创造营薛八一闪耀闯关,2,0.000731
chuang2021_034,贵尚奇,黑人牙膏白酵素助力创造营诺言闪耀闯关,2,0.000731
chuang2021_034,贵尚奇,黑人牙膏白酵素助力创造营谢兴阳闪耀闯关,2,0.000731
chuang2021_034,贵尚奇,黑人牙膏白酵素助力创造营赞多闪耀闯关,2,0.000731
chuang2021_034,贵尚奇,黑人牙膏白酵素助力创造营邵明明闪耀闯关,2,0.000731
chuang2021_034,贵尚奇,黑人牙膏白酵素助力创造营陆定昊闪耀闯关,2,0.000731
chuang2021_034,贵尚奇,黑人牙膏白酵素助力创造营韩佩泉闪耀闯关,2,0.000731
chuang2021_034,贵尚奇,黑人牙膏白酵素助力创造营高卿尘闪耀闯关,2,0.000731
chuang2021_034,贵尚奇,黑人牙膏白酵素助力创造营魏子越闪耀闯关,2,0.000731
chuang2021_034,贵尚奇,黑人牙膏白酵素助力创造营黄鲲闪耀闯关,2,0.000731
chuang2021_034,贵尚奇,黑人白酵素牙膏,2,0.000731
chuang2021_034,贵尚奇,黑塞,2,0.000731
chuang2021_035,上原一翔,上原一翔,133,0.076879
chuang2021_035,上原一翔,上原一翔超话,66,0.03815
chuang2021_035,上原一翔,收起,62,0.035838
chuang2021_035,上原一翔,维他命男孩上原一翔,36,0.020809
chuang2021_035,上原一翔,张嘉元,22,0.012717
chuang2021_035,上原一翔,林墨,22,0.012717
chuang2021_035,上原一翔,黄鲲,22,0.012717
chuang2021_035,上原一翔,2021,21,0.012139
chuang2021_035,上原一翔,付思超,20,0.011561
chuang2021_035,上原一翔,张腾,20,0.011561
chuang2021_035,上原一翔,刘彰,18,0.010405
chuang2021_035,上原一翔,尹浩宇,18,0.010405
chuang2021_035,上原一翔,高卿尘,18,0.010405
chuang2021_035,上原一翔,赞多,17,0.009827
chuang2021_035,上原一翔,刘宇,16,0.009249
chuang2021_035,上原一翔,创造营2021超话,16,0.009249
chuang2021_035,上原一翔,力丸,16,0.009249
chuang2021_035,上原一翔,吴宇恒,16,0.009249
chuang2021_035,上原一翔,和马,16,0.009249
chuang2021_035,上原一翔,伯远,15,0.008671
chuang2021_035,上原一翔,庆怜,15,0.008671
chuang2021_035,上原一翔,米卡,15,0.008671
chuang2021_035,上原一翔,井汲大翔,13,0.007514
chuang2021_035,上原一翔,周柯宇,13,0.007514
chuang2021_035,上原一翔,大卫,13,0.007514
chuang2021_035,上原一翔,甘望星,13,0.007514
chuang2021_035,上原一翔,薛八一,13,0.007514
chuang2021_035,上原一翔,于洋,12,0.006936
chuang2021_035,上原一翔,邵明明,12,0.006936
chuang2021_035,上原一翔,井胧,11,0.006358
chuang2021_035,上原一翔,佐藤永翔,11,0.006358
chuang2021_035,上原一翔,吴海,11,0.006358
chuang2021_035,上原一翔,奥斯卡,11,0.006358
chuang2021_035,上原一翔,王孝辰,11,0.006358
chuang2021_035,上原一翔,诺言,11,0.006358
chuang2021_035,上原一翔,韩佩泉,11,0.006358
chuang2021_035,上原一翔,魏子越,11,0.006358
chuang2021_035,上原一翔,一翔,10,0.00578
chuang2021_035,上原一翔,俞更寅,10,0.00578
chuang2021_035,上原一翔,喜内优心,10,0.00578
chuang2021_035,上原一翔,张星特,10,0.00578
chuang2021_035,上原一翔,张欣尧,10,0.00578
chuang2021_035,上原一翔,微博正文,10,0.00578
chuang2021_035,上原一翔,曾涵江,10,0.00578
chuang2021_035,上原一翔,李洛尔,10,0.00578
chuang2021_035,上原一翔,罗言,10,0.00578
chuang2021_035,上原一翔,羽生田挙武,10,0.00578
chuang2021_035,上原一翔,荣耀,10,0.00578
chuang2021_035,上原一翔,一之濑飞鸟,9,0.005202
chuang2021_035,上原一翔,任胤蓬,9,0.005202
chuang2021_035,上原一翔,创4乐队版主题曲太戳人了,9,0.005202
chuang2021_035,上原一翔,原部凌,9,0.005202
chuang2021_035,上原一翔,安迪,9,0.005202
chuang2021_035,上原一翔,胡烨韬,9,0.005202
chuang2021_035,上原一翔,范臻尔,9,0.005202
chuang2021_035,上原一翔,蒋敦豪,9,0.005202
chuang2021_035,上原一翔,谢兴阳,9,0.005202
chuang2021_035,上原一翔,这是我梦里到过的地方,9,0.005202
chuang2021_035,上原一翔,boy,8,0.004624
chuang2021_035,上原一翔,insta,8,0.004624
chuang2021_035,上原一翔,radio,8,0.004624
chuang2021_035,上原一翔,you,8,0.004624
chuang2021_035,上原一翔,上原一翔海岛冒险计划,8,0.004624
chuang2021_035,上原一翔,代少冬,8,0.004624
chuang2021_035,上原一翔,何屹繁,8,0.004624
chuang2021_035,上原一翔,你会说什么,8,0.004624
chuang2021_035,上原一翔,利路修,8,0.004624
chuang2021_035,上原一翔,卢克,8,0.004624
chuang2021_035,上原一翔,在属于青春的乐声中,8,0.004624
chuang2021_035,上原一翔,如果给创始人们一次喊出心声的机会,8,0.004624
chuang2021_035,上原一翔,屈柏宇,8,0.004624
chuang2021_035,上原一翔,带来的是乐队版主题曲二创,8,0.004624
chuang2021_035,上原一翔,怿涵,8,0.004624
chuang2021_035,上原一翔,招新公告,8,0.004624
chuang2021_035,上原一翔,林豆,8,0.004624
chuang2021_035,上原一翔,田口馨也,8,0.004624
chuang2021_035,上原一翔,男孩们大声喊出心里的梦想,8,0.004624
chuang2021_035,上原一翔,赖耀翔,8,0.004624
chuang2021_035,上原一翔,都筑雄哉,8,0.004624
chuang2021_035,上原一翔,钱政宇,8,0.004624
chuang2021_035,上原一翔,银河旅行团,8,0.004624
chuang2021_035,上原一翔,银河旅行团二创,8,0.004624
chuang2021_035,上原一翔,门胁慎刚,8,0.004624
chuang2021_035,上原一翔,隅田隼平,8,0.004624
chuang2021_035,上原一翔,霓虹甜心,8,0.004624
chuang2021_035,上原一翔,韦语节,8,0.004624
chuang2021_035,上原一翔,88,7,0.004046
chuang2021_035,上原一翔,butter,7,0.004046
chuang2021_035,上原一翔,fly,7,0.004046
chuang2021_035,上原一翔,lover,7,0.004046
chuang2021_035,上原一翔,me,7,0.004046
chuang2021_035,上原一翔,ready,7,0.004046
chuang2021_035,上原一翔,yummy,7,0.004046
chuang2021_035,上原一翔,上原一翔的中文補習班的微博视频,7,0.004046
chuang2021_035,上原一翔,何圳煜,7,0.004046
chuang2021_035,上原一翔,作为怪物,7,0.004046
chuang2021_035,上原一翔,凌箫,7,0.004046
chuang2021_035,上原一翔,刘严冬季,7,0.004046
chuang2021_035,上原一翔,刘聪,7,0.004046
chuang2021_035,上原一翔,女孩,7,0.004046
chuang2021_035,上原一翔,张璋,7,0.004046
chuang2021_035,上原一翔,徐绍岚,7,0.004046
chuang2021_035,上原一翔,応援,7,0.004046
chuang2021_035,上原一翔,我欢喜喜欢你,7,0.004046
chuang2021_035,上原一翔,李嘉祥,7,0.004046
chuang2021_035,上原一翔,李家豪,7,0.004046
chuang2021_035,上原一翔,李政庭,7,0.004046
chuang2021_035,上原一翔,林煜修,7,0.004046
chuang2021_035,上原一翔,爱我ready,7,0.004046
chuang2021_035,上原一翔,王泽浩,7,0.004046
chuang2021_035,上原一翔,破茧,7,0.004046
chuang2021_035,上原一翔,网页链接,7,0.004046
chuang2021_035,上原一翔,肖力桓,7,0.004046
chuang2021_035,上原一翔,谷柳霖,7,0.004046
chuang2021_035,上原一翔,超级冠军,7,0.004046
chuang2021_035,上原一翔,醉拳,7,0.004046
chuang2021_035,上原一翔,阿克朱力,7,0.004046
chuang2021_035,上原一翔,陆定昊,7,0.004046
chuang2021_035,上原一翔,陈瑞丰,7,0.004046
chuang2021_035,上原一翔,04,6,0.003468
chuang2021_035,上原一翔,lit,6,0.003468
chuang2021_035,上原一翔,何懿峻,6,0.003468
chuang2021_035,上原一翔,刘唐辉,6,0.003468
chuang2021_035,上原一翔,叶皓然,6,0.003468
chuang2021_035,上原一翔,徐圣兹,6,0.003468
chuang2021_035,上原一翔,曹左,6,0.003468
chuang2021_035,上原一翔,李沛洋,6,0.003468
chuang2021_035,上原一翔,李泰龙,6,0.003468
chuang2021_035,上原一翔,李泽坤,6,0.003468
chuang2021_035,上原一翔,贵尚奇,6,0.003468
chuang2021_035,上原一翔,郑明鑫,6,0.003468
chuang2021_035,上原一翔,陈俊洁,6,0.003468
chuang2021_035,上原一翔,黑人牙膏白酵素助力创造营上原一翔闪耀闯关,6,0.003468
chuang2021_035,上原一翔,ichika,5,0.00289
chuang2021_035,上原一翔,qq音乐助力教程,5,0.00289
chuang2021_035,上原一翔,撑腰教程,5,0.00289
chuang2021_035,上原一翔,海岛补给站教程,5,0.00289
chuang2021_035,上原一翔,24,4,0.002312
chuang2021_035,上原一翔,your,4,0.002312
chuang2021_035,上原一翔,仲間,4,0.002312
chuang2021_035,上原一翔,创4一公分组,4,0.002312
chuang2021_035,上原一翔,创造营2021上原一翔,4,0.002312
chuang2021_035,上原一翔,我们一起闯,4,0.002312
chuang2021_035,上原一翔,ak,3,0.001734
chuang2021_035,上原一翔,ak刘彰,3,0.001734
chuang2021_035,上原一翔,are,3,0.001734
chuang2021_035,上原一翔,ic,3,0.001734
chuang2021_035,上原一翔,ichi,3,0.001734
chuang2021_035,上原一翔,mo,3,0.001734
chuang2021_035,上原一翔,up,3,0.001734
chuang2021_035,上原一翔,一公分组,3,0.001734
chuang2021_035,上原一翔,制作,3,0.001734
chuang2021_035,上原一翔,加注能量啦,3,0.001734
chuang2021_035,上原一翔,助你获得惊喜vlog拍摄机会,3,0.001734
chuang2021_035,上原一翔,哥哥,3,0.001734
chuang2021_035,上原一翔,学员能量榜为你,3,0.001734
chuang2021_035,上原一翔,已换,3,0.001734
chuang2021_035,上原一翔,想让更多人看到如此优秀的你,3,0.001734
chuang2021_035,上原一翔,我们的歌,3,0.001734
chuang2021_035,上原一翔,我在纯甄,3,0.001734
chuang2021_035,上原一翔,来创4首秀副本直播找快乐,3,0.001734
chuang2021_035,上原一翔,查看图片,3,0.001734
chuang2021_035,上原一翔,猫猫是我hoho的微博视频,3,0.001734
chuang2021_035,上原一翔,美工,3,0.001734
chuang2021_035,上原一翔,翻译,3,0.001734
chuang2021_035,上原一翔,行星碎片,3,0.001734
chuang2021_035,上原一翔,頑張,3,0.001734
chuang2021_035,上原一翔,amu,2,0.001156
chuang2021_035,上原一翔,insta更新,2,0.001156
chuang2021_035,上原一翔,kirin,2,0.001156
chuang2021_035,上原一翔,mercy,2,0.001156
chuang2021_035,上原一翔,pick,2,0.001156
chuang2021_035,上原一翔,story更新,2,0.001156
chuang2021_035,上原一翔,team,2,0.001156
chuang2021_035,上原一翔,together,2,0.001156
chuang2021_035,上原一翔,we,2,0.001156
chuang2021_035,上原一翔,上原一翔创造营2021学員,2,0.001156
chuang2021_035,上原一翔,上原一翔反差音色,2,0.001156
chuang2021_035,上原一翔,世界,2,0.001156
chuang2021_035,上原一翔,世界那么大,2,0.001156
chuang2021_035,上原一翔,出会,2,0.001156
chuang2021_035,上原一翔,创4全员主题曲舞台爷青回,2,0.001156
chuang2021_035,上原一翔,创4学员反转快乐群像大片,2,0.001156
chuang2021_035,上原一翔,创4排名,2,0.001156
chuang2021_035,上原一翔,创造营2021伯远,2,0.001156
chuang2021_035,上原一翔,创造营2021尹浩宇,2,0.001156
chuang2021_035,上原一翔,创造营排名,2,0.001156
chuang2021_035,上原一翔,加油,2,0.001156
chuang2021_035,上原一翔,吉祥弟弟,2,0.001156
chuang2021_035,上原一翔,向世界大声喊出我们的声音,2,0.001156
chuang2021_035,上原一翔,回复,2,0.001156
chuang2021_035,上原一翔,好感,2,0.001156
chuang2021_035,上原一翔,快来康康,2,0.001156
chuang2021_035,上原一翔,我们并肩作战,2,0.001156
chuang2021_035,上原一翔,我住,2,0.001156
chuang2021_035,上原一翔,我住在这里的理由,2,0.001156
chuang2021_035,上原一翔,换尹浩宇,2,0.001156
chuang2021_035,上原一翔,景色,2,0.001156
chuang2021_035,上原一翔,榜单教程合集,2,0.001156
chuang2021_035,上原一翔,榜单教程汇总,2,0.001156
chuang2021_035,上原一翔,毕业快乐,2,0.001156
chuang2021_035,上原一翔,爱你,2,0.001156
chuang2021_035,上原一翔,猝不及防闯入你的笑颜,2,0.001156
chuang2021_035,上原一翔,素敵,2,0.001156
chuang2021_035,上原一翔,视频来源,2,0.001156
chuang2021_035,上原一翔,高卿尘创造营2021,2,0.001156
chuang2021_036,诺言,诺言,106,0.078402
chuang2021_036,诺言,收起,35,0.025888
chuang2021_036,诺言,2021kpl春季赛,30,0.022189
chuang2021_036,诺言,2021kpl选手投票,30,0.022189
chuang2021_036,诺言,你也快来加入吧,30,0.022189
chuang2021_036,诺言,应援,30,0.022189
chuang2021_036,诺言,我要为,30,0.022189
chuang2021_036,诺言,春日寻游季,30,0.022189
chuang2021_036,诺言,estar诺言超话,21,0.015533
chuang2021_036,诺言,甘望星,15,0.011095
chuang2021_036,诺言,井胧,12,0.008876
chuang2021_036,诺言,伯远,11,0.008136
chuang2021_036,诺言,付思超,10,0.007396
chuang2021_036,诺言,刘宇,10,0.007396
chuang2021_036,诺言,利路修,10,0.007396
chuang2021_036,诺言,林墨,10,0.007396
chuang2021_036,诺言,俞更寅,9,0.006657
chuang2021_036,诺言,吴宇恒,9,0.006657
chuang2021_036,诺言,周柯宇,9,0.006657
chuang2021_036,诺言,和马,9,0.006657
chuang2021_036,诺言,张嘉元,9,0.006657
chuang2021_036,诺言,胡烨韬,9,0.006657
chuang2021_036,诺言,诺言淘汰,9,0.006657
chuang2021_036,诺言,诺言终于可以回去打游戏了,9,0.006657
chuang2021_036,诺言,黑人牙膏白酵素助力创造营诺言闪耀闯关,9,0.006657
chuang2021_036,诺言,2021,8,0.005917
chuang2021_036,诺言,于洋,8,0.005917
chuang2021_036,诺言,代少冬,8,0.005917
chuang2021_036,诺言,任胤蓬,8,0.005917
chuang2021_036,诺言,何屹繁,8,0.005917
chuang2021_036,诺言,力丸,8,0.005917
chuang2021_036,诺言,张欣尧,8,0.005917
chuang2021_036,诺言,张腾,8,0.005917
chuang2021_036,诺言,米卡,8,0.005917
chuang2021_036,诺言,荣耀,8,0.005917
chuang2021_036,诺言,邵明明,8,0.005917
chuang2021_036,诺言,刘聪,7,0.005178
chuang2021_036,诺言,吴海,7,0.005178
chuang2021_036,诺言,大卫,7,0.005178
chuang2021_036,诺言,尹浩宇,7,0.005178
chuang2021_036,诺言,屈柏宇,7,0.005178
chuang2021_036,诺言,张星特,7,0.005178
chuang2021_036,诺言,曾涵江,7,0.005178
chuang2021_036,诺言,李政庭,7,0.005178
chuang2021_036,诺言,赞多,7,0.005178
chuang2021_036,诺言,门胁慎刚,7,0.005178
chuang2021_036,诺言,陆定昊,7,0.005178
chuang2021_036,诺言,韩佩泉,7,0.005178
chuang2021_036,诺言,高卿尘,7,0.005178
chuang2021_036,诺言,一之濑飞鸟,6,0.004438
chuang2021_036,诺言,上原一翔,6,0.004438
chuang2021_036,诺言,刘彰,6,0.004438
chuang2021_036,诺言,原部凌,6,0.004438
chuang2021_036,诺言,叶皓然,6,0.004438
chuang2021_036,诺言,奥斯卡,6,0.004438
chuang2021_036,诺言,庆怜,6,0.004438
chuang2021_036,诺言,怿涵,6,0.004438
chuang2021_036,诺言,李沛洋,6,0.004438
chuang2021_036,诺言,李泰龙,6,0.004438
chuang2021_036,诺言,李洛尔,6,0.004438
chuang2021_036,诺言,林豆,6,0.004438
chuang2021_036,诺言,王孝辰,6,0.004438
chuang2021_036,诺言,破茧,6,0.004438
chuang2021_036,诺言,肖力桓,6,0.004438
chuang2021_036,诺言,范臻尔,6,0.004438
chuang2021_036,诺言,蒋敦豪,6,0.004438
chuang2021_036,诺言,薛八一,6,0.004438
chuang2021_036,诺言,谢兴阳,6,0.004438
chuang2021_036,诺言,郑明鑫,6,0.004438
chuang2021_036,诺言,钱政宇,6,0.004438
chuang2021_036,诺言,陈俊洁,6,0.004438
chuang2021_036,诺言,韦语节,6,0.004438
chuang2021_036,诺言,井汲大翔,5,0.003698
chuang2021_036,诺言,佐藤永翔,5,0.003698
chuang2021_036,诺言,喜内优心,5,0.003698
chuang2021_036,诺言,安迪,5,0.003698
chuang2021_036,诺言,李嘉祥,5,0.003698
chuang2021_036,诺言,李家豪,5,0.003698
chuang2021_036,诺言,林煜修,5,0.003698
chuang2021_036,诺言,罗言,5,0.003698
chuang2021_036,诺言,羽生田挙武,5,0.003698
chuang2021_036,诺言,赖耀翔,5,0.003698
chuang2021_036,诺言,都筑雄哉,5,0.003698
chuang2021_036,诺言,魏子越,5,0.003698
chuang2021_036,诺言,88,4,0.002959
chuang2021_036,诺言,boy,4,0.002959
chuang2021_036,诺言,butter,4,0.002959
chuang2021_036,诺言,fly,4,0.002959
chuang2021_036,诺言,lover,4,0.002959
chuang2021_036,诺言,me,4,0.002959
chuang2021_036,诺言,radio,4,0.002959
chuang2021_036,诺言,ready,4,0.002959
chuang2021_036,诺言,yummy,4,0.002959
chuang2021_036,诺言,世界那么大,4,0.002959
chuang2021_036,诺言,为了更多唱歌来了二创小组,4,0.002959
chuang2021_036,诺言,主题曲二创学员们颠覆改编,4,0.002959
chuang2021_036,诺言,主题曲舞台中心位诞生,4,0.002959
chuang2021_036,诺言,他表示自己将会在今后带着创始人们的喜爱以及兄弟们的祝福,4,0.002959
chuang2021_036,诺言,何圳煜,4,0.002959
chuang2021_036,诺言,何懿峻,4,0.002959
chuang2021_036,诺言,作为怪物,4,0.002959
chuang2021_036,诺言,凌箫,4,0.002959
chuang2021_036,诺言,刘严冬季,4,0.002959
chuang2021_036,诺言,刘唐辉,4,0.002959
chuang2021_036,诺言,创造营2021超话,4,0.002959
chuang2021_036,诺言,卢克,4,0.002959
chuang2021_036,诺言,和兄弟们在一起,4,0.002959
chuang2021_036,诺言,在创造营2021的舞台上一步一步正在慢慢地实现,4,0.002959
chuang2021_036,诺言,女孩,4,0.002959
chuang2021_036,诺言,希望有一天能够听到全世界的赞美,4,0.002959
chuang2021_036,诺言,张璋,4,0.002959
chuang2021_036,诺言,徐圣兹,4,0.002959
chuang2021_036,诺言,徐绍岚,4,0.002959
chuang2021_036,诺言,慢慢跳得像个人样了,4,0.002959
chuang2021_036,诺言,成果如何还请大家验收啦,4,0.002959
chuang2021_036,诺言,我欢喜喜欢你,4,0.002959
chuang2021_036,诺言,把主题曲唱给你听,4,0.002959
chuang2021_036,诺言,曹左,4,0.002959
chuang2021_036,诺言,期待他今后的表现,4,0.002959
chuang2021_036,诺言,未来的日子一起闯吧,4,0.002959
chuang2021_036,诺言,李泽坤,4,0.002959
chuang2021_036,诺言,欢迎回家,4,0.002959
chuang2021_036,诺言,没想到还要学跳舞,4,0.002959
chuang2021_036,诺言,爱我ready,4,0.002959
chuang2021_036,诺言,王泽浩,4,0.002959
chuang2021_036,诺言,现在这个梦,4,0.002959
chuang2021_036,诺言,看创4记得撑腰么么哒,4,0.002959
chuang2021_036,诺言,第4期上,4,0.002959
chuang2021_036,诺言,第4期下,4,0.002959
chuang2021_036,诺言,继续向前闯,4,0.002959
chuang2021_036,诺言,继续当电竞少年了,4,0.002959
chuang2021_036,诺言,腾讯视频,4,0.002959
chuang2021_036,诺言,诺言在今晚创造营2021入围名单公布中被淘汰了,4,0.002959
chuang2021_036,诺言,诺言要回到游戏的怀抱,4,0.002959
chuang2021_036,诺言,诺言遗憾离开,4,0.002959
chuang2021_036,诺言,谷柳霖,4,0.002959
chuang2021_036,诺言,贵尚奇,4,0.002959
chuang2021_036,诺言,超级冠军,4,0.002959
chuang2021_036,诺言,这是我梦里到过的地方,4,0.002959
chuang2021_036,诺言,醉拳,4,0.002959
chuang2021_036,诺言,陈瑞丰,4,0.002959
chuang2021_036,诺言,隅田隼平,4,0.002959
chuang2021_036,诺言,霓虹甜心,4,0.002959
chuang2021_036,诺言,黄鲲,4,0.002959
chuang2021_036,诺言,lit,3,0.002219
chuang2021_036,诺言,you,3,0.002219
chuang2021_036,诺言,今晚播出的创造营2021第二次顺位发表现场,3,0.002219
chuang2021_036,诺言,从一开始什么都不懂,3,0.002219
chuang2021_036,诺言,但是他仍然会在游戏的道路上散发光芒,3,0.002219
chuang2021_036,诺言,创4全员主题曲舞台爷青回,3,0.002219
chuang2021_036,诺言,创4排名,3,0.002219
chuang2021_036,诺言,到现在慢慢跳得像个人样了,3,0.002219
chuang2021_036,诺言,加注能量啦,3,0.002219
chuang2021_036,诺言,微博正文,3,0.002219
chuang2021_036,诺言,感受了舞台的魅力,3,0.002219
chuang2021_036,诺言,我们一起闯,3,0.002219
chuang2021_036,诺言,我在纯甄,3,0.002219
chuang2021_036,诺言,新浪综艺的微博视频,3,0.002219
chuang2021_036,诺言,明星势力榜,3,0.002219
chuang2021_036,诺言,田口馨也,3,0.002219
chuang2021_036,诺言,相信他也看到了不一样的风景,3,0.002219
chuang2021_036,诺言,网页链接,3,0.002219
chuang2021_036,诺言,腾讯视频创造营2021,3,0.002219
chuang2021_036,诺言,虽然诺言在创造营的故事结束了,3,0.002219
chuang2021_036,诺言,言少快回峡谷里继续叱诧风云吧,3,0.002219
chuang2021_036,诺言,诺言说慢慢跳得像个人样了,3,0.002219
chuang2021_036,诺言,阿克朱力,3,0.002219
chuang2021_036,诺言,首次顺位发布,3,0.002219
chuang2021_036,诺言,00,2,0.001479
chuang2021_036,诺言,55名学员晋级,2,0.001479
chuang2021_036,诺言,ak,2,0.001479
chuang2021_036,诺言,amu羽生田挙武,2,0.001479
chuang2021_036,诺言,are,2,0.001479
chuang2021_036,诺言,bts,2,0.001479
chuang2021_036,诺言,cp粉,2,0.001479
chuang2021_036,诺言,cut合集见首页置顶,2,0.001479
chuang2021_036,诺言,estar诺言创造营,2,0.001479
chuang2021_036,诺言,exo,2,0.001479
chuang2021_036,诺言,snh48,2,0.001479
chuang2021_036,诺言,team,2,0.001479
chuang2021_036,诺言,we,2,0.001479
chuang2021_036,诺言,yuu喜内优心,2,0.001479
chuang2021_036,诺言,一公分组,2,0.001479
chuang2021_036,诺言,一起为他助力戳,2,0.001479
chuang2021_036,诺言,丁真,2,0.001479
chuang2021_036,诺言,不忘初心,2,0.001479
chuang2021_036,诺言,任嘉伦,2,0.001479
chuang2021_036,诺言,但现在慢慢跳得像个人样了,2,0.001479
chuang2021_036,诺言,余景天,2,0.001479
chuang2021_036,诺言,你一定能拿下,2,0.001479
chuang2021_036,诺言,内娱,2,0.001479
chuang2021_036,诺言,刘雨昕,2,0.001479
chuang2021_036,诺言,创造营2021榜,2,0.001479
chuang2021_036,诺言,创造营2021榜好成绩,2,0.001479
chuang2021_036,诺言,创造营2021纯甄创造营学员能量榜,2,0.001479
chuang2021_036,诺言,创造营首轮顺位发表时,2,0.001479
chuang2021_036,诺言,利路修lelush超话,2,0.001479
chuang2021_036,诺言,剧粉,2,0.001479
chuang2021_036,诺言,加油,2,0.001479
chuang2021_036,诺言,助你获得惊喜vlog拍摄机会,2,0.001479
chuang2021_036,诺言,博君一笑,2,0.001479
chuang2021_036,诺言,各种老秀粉,2,0.001479
chuang2021_036,诺言,向世界大声喊出我们的声音,2,0.001479
chuang2021_036,诺言,吴亦凡,2,0.001479
chuang2021_036,诺言,周震南,2,0.001479
chuang2021_036,诺言,哈哈,2,0.001479
chuang2021_036,诺言,哈哈哈哈,2,0.001479
chuang2021_036,诺言,唐九洲,2,0.001479
chuang2021_036,诺言,回家,2,0.001479
chuang2021_036,诺言,围观路人,2,0.001479
chuang2021_036,诺言,孔雪儿,2,0.001479
chuang2021_036,诺言,学员能量榜为你,2,0.001479
chuang2021_036,诺言,学员运动会,2,0.001479
chuang2021_036,诺言,对于他的进步你有什么看法呢,2,0.001479
chuang2021_036,诺言,山人,2,0.001479
chuang2021_036,诺言,徐艺洋,2,0.001479
chuang2021_036,诺言,快来分享分享吧,2,0.001479
chuang2021_036,诺言,想让更多人看到如此优秀的你,2,0.001479
chuang2021_036,诺言,感慨,2,0.001479
chuang2021_036,诺言,我们并肩作战,2,0.001479
chuang2021_036,诺言,戴学霖,2,0.001479
chuang2021_036,诺言,方得始终,2,0.001479
chuang2021_036,诺言,时代少年团,2,0.001479
chuang2021_036,诺言,易烊千玺,2,0.001479
chuang2021_036,诺言,杨紫,2,0.001479
chuang2021_036,诺言,段星星,2,0.001479
chuang2021_036,诺言,演员圈,2,0.001479
chuang2021_036,诺言,火箭少女,2,0.001479
chuang2021_036,诺言,王一博,2,0.001479
chuang2021_036,诺言,王俊凯,2,0.001479
chuang2021_036,诺言,王源,2,0.001479
chuang2021_036,诺言,王者荣耀超话,2,0.001479
chuang2021_036,诺言,电竞圈,2,0.001479
chuang2021_036,诺言,相声圈,2,0.001479
chuang2021_036,诺言,第5期,2,0.001479
chuang2021_036,诺言,第7期,2,0.001479
chuang2021_036,诺言,第二次顺位发布,2,0.001479
chuang2021_036,诺言,罗一舟,2,0.001479
chuang2021_036,诺言,罗云熙,2,0.001479
chuang2021_036,诺言,肖战,2,0.001479
chuang2021_036,诺言,范丞丞,2,0.001479
chuang2021_036,诺言,郭桂鑫,2,0.001479
chuang2021_036,诺言,郭桂鑫cut,2,0.001479
chuang2021_036,诺言,郭麒麟,2,0.001479
chuang2021_036,诺言,镇魂女孩,2,0.001479
chuang2021_036,诺言,阿克朱立,2,0.001479
chuang2021_036,诺言,阿水,2,0.001479
chuang2021_036,诺言,陆柯燃,2,0.001479
chuang2021_036,诺言,韩娱,2,0.001479
chuang2021_037,罗言,罗言,100,0.08058
chuang2021_037,罗言,罗言超话,52,0.041902
chuang2021_037,罗言,收起,29,0.023368
chuang2021_037,罗言,全力以赴成为最好的罗言,21,0.016922
chuang2021_037,罗言,刘宇,18,0.014504
chuang2021_037,罗言,ly,14,0.011281
chuang2021_037,罗言,创造营2021罗言,13,0.010475
chuang2021_037,罗言,top是对野心的回答,12,0.00967
chuang2021_037,罗言,米卡,12,0.00967
chuang2021_037,罗言,伯远,11,0.008864
chuang2021_037,罗言,力丸,11,0.008864
chuang2021_037,罗言,网页链接,11,0.008864
chuang2021_037,罗言,赞多,11,0.008864
chuang2021_037,罗言,吴宇恒,10,0.008058
chuang2021_037,罗言,周柯宇,10,0.008058
chuang2021_037,罗言,奥斯卡,10,0.008058
chuang2021_037,罗言,尹浩宇,10,0.008058
chuang2021_037,罗言,林墨,10,0.008058
chuang2021_037,罗言,罗言淘汰,10,0.008058
chuang2021_037,罗言,任胤蓬,9,0.007252
chuang2021_037,罗言,佐藤永翔,9,0.007252
chuang2021_037,罗言,吴海,9,0.007252
chuang2021_037,罗言,庆怜,9,0.007252
chuang2021_037,罗言,张嘉元,9,0.007252
chuang2021_037,罗言,张星特,9,0.007252
chuang2021_037,罗言,李沛洋,9,0.007252
chuang2021_037,罗言,李洛尔,9,0.007252
chuang2021_037,罗言,甘望星,9,0.007252
chuang2021_037,罗言,谢兴阳,9,0.007252
chuang2021_037,罗言,韩佩泉,9,0.007252
chuang2021_037,罗言,高卿尘,9,0.007252
chuang2021_037,罗言,魏子越,9,0.007252
chuang2021_037,罗言,lit,8,0.006446
chuang2021_037,罗言,井汲大翔,8,0.006446
chuang2021_037,罗言,井胧,8,0.006446
chuang2021_037,罗言,付思超,8,0.006446
chuang2021_037,罗言,何圳煜,8,0.006446
chuang2021_037,罗言,何屹繁,8,0.006446
chuang2021_037,罗言,何懿峻,8,0.006446
chuang2021_037,罗言,俞更寅,8,0.006446
chuang2021_037,罗言,刘唐辉,8,0.006446
chuang2021_037,罗言,刘彰,8,0.006446
chuang2021_037,罗言,刘聪,8,0.006446
chuang2021_037,罗言,创造营2021超话,8,0.006446
chuang2021_037,罗言,利路修,8,0.006446
chuang2021_037,罗言,原部凌,8,0.006446
chuang2021_037,罗言,叶皓然,8,0.006446
chuang2021_037,罗言,和马,8,0.006446
chuang2021_037,罗言,屈柏宇,8,0.006446
chuang2021_037,罗言,张欣尧,8,0.006446
chuang2021_037,罗言,张腾,8,0.006446
chuang2021_037,罗言,徐圣兹,8,0.006446
chuang2021_037,罗言,怿涵,8,0.006446
chuang2021_037,罗言,拾捌赴梦心藏泛海,8,0.006446
chuang2021_037,罗言,曹左,8,0.006446
chuang2021_037,罗言,李嘉祥,8,0.006446
chuang2021_037,罗言,李政庭,8,0.006446
chuang2021_037,罗言,李泽坤,8,0.006446
chuang2021_037,罗言,林豆,8,0.006446
chuang2021_037,罗言,王孝辰,8,0.006446
chuang2021_037,罗言,羽生田挙武,8,0.006446
chuang2021_037,罗言,胡烨韬,8,0.006446
chuang2021_037,罗言,蒋敦豪,8,0.006446
chuang2021_037,罗言,薛八一,8,0.006446
chuang2021_037,罗言,贵尚奇,8,0.006446
chuang2021_037,罗言,郑明鑫,8,0.006446
chuang2021_037,罗言,钱政宇,8,0.006446
chuang2021_037,罗言,陆定昊,8,0.006446
chuang2021_037,罗言,陈俊洁,8,0.006446
chuang2021_037,罗言,陈瑞丰,8,0.006446
chuang2021_037,罗言,韦语节,8,0.006446
chuang2021_037,罗言,黄鲲,8,0.006446
chuang2021_037,罗言,boy,7,0.005641
chuang2021_037,罗言,you,7,0.005641
chuang2021_037,罗言,上原一翔,7,0.005641
chuang2021_037,罗言,于洋,7,0.005641
chuang2021_037,罗言,大卫,7,0.005641
chuang2021_037,罗言,张璋,7,0.005641
chuang2021_037,罗言,徐绍岚,7,0.005641
chuang2021_037,罗言,曾涵江,7,0.005641
chuang2021_037,罗言,李家豪,7,0.005641
chuang2021_037,罗言,李泰龙,7,0.005641
chuang2021_037,罗言,林煜修,7,0.005641
chuang2021_037,罗言,田口馨也,7,0.005641
chuang2021_037,罗言,荣耀,7,0.005641
chuang2021_037,罗言,诺言,7,0.005641
chuang2021_037,罗言,谷柳霖,7,0.005641
chuang2021_037,罗言,赖耀翔,7,0.005641
chuang2021_037,罗言,邵明明,7,0.005641
chuang2021_037,罗言,阿克朱力,7,0.005641
chuang2021_037,罗言,88,6,0.004835
chuang2021_037,罗言,butter,6,0.004835
chuang2021_037,罗言,fly,6,0.004835
chuang2021_037,罗言,lover,6,0.004835
chuang2021_037,罗言,me,6,0.004835
chuang2021_037,罗言,radio,6,0.004835
chuang2021_037,罗言,ready,6,0.004835
chuang2021_037,罗言,yummy,6,0.004835
chuang2021_037,罗言,一之濑飞鸟,6,0.004835
chuang2021_037,罗言,代少冬,6,0.004835
chuang2021_037,罗言,作为怪物,6,0.004835
chuang2021_037,罗言,凌箫,6,0.004835
chuang2021_037,罗言,刘严冬季,6,0.004835
chuang2021_037,罗言,卢克,6,0.004835
chuang2021_037,罗言,喜内优心,6,0.004835
chuang2021_037,罗言,女孩,6,0.004835
chuang2021_037,罗言,安迪,6,0.004835
chuang2021_037,罗言,我欢喜喜欢你,6,0.004835
chuang2021_037,罗言,爱我ready,6,0.004835
chuang2021_037,罗言,王泽浩,6,0.004835
chuang2021_037,罗言,破茧,6,0.004835
chuang2021_037,罗言,肖力桓,6,0.004835
chuang2021_037,罗言,范臻尔,6,0.004835
chuang2021_037,罗言,超级冠军,6,0.004835
chuang2021_037,罗言,都筑雄哉,6,0.004835
chuang2021_037,罗言,醉拳,6,0.004835
chuang2021_037,罗言,门胁慎刚,6,0.004835
chuang2021_037,罗言,隅田隼平,6,0.004835
chuang2021_037,罗言,霓虹甜心,6,0.004835
chuang2021_037,罗言,来自,5,0.004029
chuang2021_037,罗言,的唤醒服务已经送达,5,0.004029
chuang2021_037,罗言,要上班咯,5,0.004029
chuang2021_037,罗言,起床吧,5,0.004029
chuang2021_037,罗言,project,4,0.003223
chuang2021_037,罗言,创4一公分组,4,0.003223
chuang2021_037,罗言,创4全员主题曲舞台爷青回,4,0.003223
chuang2021_037,罗言,2021,3,0.002417
chuang2021_037,罗言,cr,3,0.002417
chuang2021_037,罗言,一公分组,3,0.002417
chuang2021_037,罗言,加油,3,0.002417
chuang2021_037,罗言,峰顶,3,0.002417
chuang2021_037,罗言,罗言0321生日快乐,3,0.002417
chuang2021_037,罗言,腾讯视频创造营2021,3,0.002417
chuang2021_037,罗言,59,2,0.001612
chuang2021_037,罗言,c计划,2,0.001612
chuang2021_037,罗言,logo,2,0.001612
chuang2021_037,罗言,wow兔的微博视频,2,0.001612
chuang2021_037,罗言,上下班,2,0.001612
chuang2021_037,罗言,中国海南海花岛,2,0.001612
chuang2021_037,罗言,亲爱的创始人们,2,0.001612
chuang2021_037,罗言,今天的成团位花落谁家,2,0.001612
chuang2021_037,罗言,但是,2,0.001612
chuang2021_037,罗言,你必须中心位成团,2,0.001612
chuang2021_037,罗言,你给我,2,0.001612
chuang2021_037,罗言,儋州,2,0.001612
chuang2021_037,罗言,刘宇哥,2,0.001612
chuang2021_037,罗言,创4选手路透,2,0.001612
chuang2021_037,罗言,加油加油,2,0.001612
chuang2021_037,罗言,加注能量啦,2,0.001612
chuang2021_037,罗言,大家今天再努力最后一把吧,2,0.001612
chuang2021_037,罗言,奥斯卡哥,2,0.001612
chuang2021_037,罗言,就看你们的啦,2,0.001612
chuang2021_037,罗言,弟弟生日快乐,2,0.001612
chuang2021_037,罗言,影视基地,2,0.001612
chuang2021_037,罗言,快来康康,2,0.001612
chuang2021_037,罗言,总决赛了总决赛了,2,0.001612
chuang2021_037,罗言,悄悄说我今天也会有舞台的,2,0.001612
chuang2021_037,罗言,我在纯甄,2,0.001612
chuang2021_037,罗言,撑腰通道,2,0.001612
chuang2021_037,罗言,明星势力榜,2,0.001612
chuang2021_037,罗言,晚安,2,0.001612
chuang2021_037,罗言,期待一下吧,2,0.001612
chuang2021_037,罗言,欢迎回家,2,0.001612
chuang2021_037,罗言,没关系,2,0.001612
chuang2021_037,罗言,罗言官方后援会,2,0.001612
chuang2021_037,罗言,罗言弟弟,2,0.001612
chuang2021_037,罗言,腾讯视频,2,0.001612
chuang2021_037,罗言,葫芦金刚创创创,2,0.001612
chuang2021_037,罗言,走过路过千万不要错过,2,0.001612
chuang2021_037,罗言,这是我梦里到过的地方,2,0.001612
chuang2021_037,罗言,都打起精神来,2,0.001612
chuang2021_038,佐藤永翔,佐藤永翔,120,0.088561
chuang2021_038,佐藤永翔,佐藤永翔超话,76,0.056089
chuang2021_038,佐藤永翔,收起,56,0.041328
chuang2021_038,佐藤永翔,创造营2021佐藤永翔,42,0.030996
chuang2021_038,佐藤永翔,佐藤永翔霓虹甜心,23,0.016974
chuang2021_038,佐藤永翔,上原一翔,12,0.008856
chuang2021_038,佐藤永翔,张嘉元,11,0.008118
chuang2021_038,佐藤永翔,网页链接,11,0.008118
chuang2021_038,佐藤永翔,赞多,11,0.008118
chuang2021_038,佐藤永翔,佐藤永翔锅包肉rap听饿了,10,0.00738
chuang2021_038,佐藤永翔,韩佩泉,10,0.00738
chuang2021_038,佐藤永翔,30天安利佐藤永翔,9,0.006642
chuang2021_038,佐藤永翔,伯远,9,0.006642
chuang2021_038,佐藤永翔,俞更寅,9,0.006642
chuang2021_038,佐藤永翔,庆怜,9,0.006642
chuang2021_038,佐藤永翔,米卡,9,0.006642
chuang2021_038,佐藤永翔,羽生田挙武,9,0.006642
chuang2021_038,佐藤永翔,东北吃货进行曲,8,0.005904
chuang2021_038,佐藤永翔,于洋,8,0.005904
chuang2021_038,佐藤永翔,井汲大翔,8,0.005904
chuang2021_038,佐藤永翔,任胤蓬,8,0.005904
chuang2021_038,佐藤永翔,刘宇,8,0.005904
chuang2021_038,佐藤永翔,创造营2021超话,8,0.005904
chuang2021_038,佐藤永翔,原部凌,8,0.005904
chuang2021_038,佐藤永翔,林墨,8,0.005904
chuang2021_038,佐藤永翔,蒋敦豪,8,0.005904
chuang2021_038,佐藤永翔,一之濑飞鸟,7,0.005166
chuang2021_038,佐藤永翔,世界还很大,7,0.005166
chuang2021_038,佐藤永翔,但还是要和大家说再见,7,0.005166
chuang2021_038,佐藤永翔,你们的支持和喜欢会是永翔不断向上的动力,7,0.005166
chuang2021_038,佐藤永翔,利路修,7,0.005166
chuang2021_038,佐藤永翔,力丸,7,0.005166
chuang2021_038,佐藤永翔,去开启永翔的新开始新起点,7,0.005166
chuang2021_038,佐藤永翔,吴海,7,0.005166
chuang2021_038,佐藤永翔,和马,7,0.005166
chuang2021_038,佐藤永翔,喜内优心,7,0.005166
chuang2021_038,佐藤永翔,尹浩宇,7,0.005166
chuang2021_038,佐藤永翔,屈柏宇,7,0.005166
chuang2021_038,佐藤永翔,张星特,7,0.005166
chuang2021_038,佐藤永翔,张璋,7,0.005166
chuang2021_038,佐藤永翔,感谢创造营带给永翔弟弟的锻炼和成长,7,0.005166
chuang2021_038,佐藤永翔,感谢创造营里每一位老师和哥哥们对永翔弟弟的照顾,7,0.005166
chuang2021_038,佐藤永翔,曾涵江,7,0.005166
chuang2021_038,佐藤永翔,朝前看,7,0.005166
chuang2021_038,佐藤永翔,永翔和砂糖桔的故事才刚刚开始,7,0.005166
chuang2021_038,佐藤永翔,王孝辰,7,0.005166
chuang2021_038,佐藤永翔,甘望星,7,0.005166
chuang2021_038,佐藤永翔,胡烨韬,7,0.005166
chuang2021_038,佐藤永翔,薛八一,7,0.005166
chuang2021_038,佐藤永翔,虽然很不舍得,7,0.005166
chuang2021_038,佐藤永翔,请和我们一起继续闯吧,7,0.005166
chuang2021_038,佐藤永翔,谢兴阳,7,0.005166
chuang2021_038,佐藤永翔,赖耀翔,7,0.005166
chuang2021_038,佐藤永翔,这一段美好的创造营旅程要告一段落了,7,0.005166
chuang2021_038,佐藤永翔,邵明明,7,0.005166
chuang2021_038,佐藤永翔,都筑雄哉,7,0.005166
chuang2021_038,佐藤永翔,非常感谢每一位创始人为永翔弟弟的每一次撑腰,7,0.005166
chuang2021_038,佐藤永翔,魏子越,7,0.005166
chuang2021_038,佐藤永翔,井胧,6,0.004428
chuang2021_038,佐藤永翔,付思超,6,0.004428
chuang2021_038,佐藤永翔,代少冬,6,0.004428
chuang2021_038,佐藤永翔,何圳煜,6,0.004428
chuang2021_038,佐藤永翔,刘彰,6,0.004428
chuang2021_038,佐藤永翔,加注能量啦,6,0.004428
chuang2021_038,佐藤永翔,卢克,6,0.004428
chuang2021_038,佐藤永翔,吴宇恒,6,0.004428
chuang2021_038,佐藤永翔,周柯宇,6,0.004428
chuang2021_038,佐藤永翔,大卫,6,0.004428
chuang2021_038,佐藤永翔,奥斯卡,6,0.004428
chuang2021_038,佐藤永翔,安迪,6,0.004428
chuang2021_038,佐藤永翔,张欣尧,6,0.004428
chuang2021_038,佐藤永翔,张腾,6,0.004428
chuang2021_038,佐藤永翔,微博正文,6,0.004428
chuang2021_038,佐藤永翔,我在纯甄,6,0.004428
chuang2021_038,佐藤永翔,李嘉祥,6,0.004428
chuang2021_038,佐藤永翔,李洛尔,6,0.004428
chuang2021_038,佐藤永翔,林煜修,6,0.004428
chuang2021_038,佐藤永翔,范臻尔,6,0.004428
chuang2021_038,佐藤永翔,荣耀,6,0.004428
chuang2021_038,佐藤永翔,诺言,6,0.004428
chuang2021_038,佐藤永翔,霓虹甜心,6,0.004428
chuang2021_038,佐藤永翔,高卿尘,6,0.004428
chuang2021_038,佐藤永翔,黄鲲,6,0.004428
chuang2021_038,佐藤永翔,boy,5,0.00369
chuang2021_038,佐藤永翔,radio,5,0.00369
chuang2021_038,佐藤永翔,一分钟入坑,5,0.00369
chuang2021_038,佐藤永翔,何屹繁,5,0.00369
chuang2021_038,佐藤永翔,何懿峻,5,0.00369
chuang2021_038,佐藤永翔,凌箫,5,0.00369
chuang2021_038,佐藤永翔,刘严冬季,5,0.00369
chuang2021_038,佐藤永翔,刘唐辉,5,0.00369
chuang2021_038,佐藤永翔,刘聪,5,0.00369
chuang2021_038,佐藤永翔,助你获得惊喜vlog拍摄机会,5,0.00369
chuang2021_038,佐藤永翔,叶皓然,5,0.00369
chuang2021_038,佐藤永翔,学员能量榜为你,5,0.00369
chuang2021_038,佐藤永翔,徐圣兹,5,0.00369
chuang2021_038,佐藤永翔,徐绍岚,5,0.00369
chuang2021_038,佐藤永翔,微博粉丝群,5,0.00369
chuang2021_038,佐藤永翔,怿涵,5,0.00369
chuang2021_038,佐藤永翔,想让更多人看到如此优秀的你,5,0.00369
chuang2021_038,佐藤永翔,曹左,5,0.00369
chuang2021_038,佐藤永翔,李家豪,5,0.00369
chuang2021_038,佐藤永翔,李政庭,5,0.00369
chuang2021_038,佐藤永翔,李沛洋,5,0.00369
chuang2021_038,佐藤永翔,李泰龙,5,0.00369
chuang2021_038,佐藤永翔,李泽坤,5,0.00369
chuang2021_038,佐藤永翔,林豆,5,0.00369
chuang2021_038,佐藤永翔,王泽浩,5,0.00369
chuang2021_038,佐藤永翔,罗言,5,0.00369
chuang2021_038,佐藤永翔,谷柳霖,5,0.00369
chuang2021_038,佐藤永翔,贵尚奇,5,0.00369
chuang2021_038,佐藤永翔,郑明鑫,5,0.00369
chuang2021_038,佐藤永翔,钱政宇,5,0.00369
chuang2021_038,佐藤永翔,长期招新,5,0.00369
chuang2021_038,佐藤永翔,门胁慎刚,5,0.00369
chuang2021_038,佐藤永翔,陆定昊,5,0.00369
chuang2021_038,佐藤永翔,陈俊洁,5,0.00369
chuang2021_038,佐藤永翔,陈瑞丰,5,0.00369
chuang2021_038,佐藤永翔,隅田隼平,5,0.00369
chuang2021_038,佐藤永翔,韦语节,5,0.00369
chuang2021_038,佐藤永翔,2021,4,0.002952
chuang2021_038,佐藤永翔,88,4,0.002952
chuang2021_038,佐藤永翔,butter,4,0.002952
chuang2021_038,佐藤永翔,fly,4,0.002952
chuang2021_038,佐藤永翔,lit,4,0.002952
chuang2021_038,佐藤永翔,lover,4,0.002952
chuang2021_038,佐藤永翔,me,4,0.002952
chuang2021_038,佐藤永翔,ready,4,0.002952
chuang2021_038,佐藤永翔,you,4,0.002952
chuang2021_038,佐藤永翔,yummy,4,0.002952
chuang2021_038,佐藤永翔,作为怪物,4,0.002952
chuang2021_038,佐藤永翔,创4排名,4,0.002952
chuang2021_038,佐藤永翔,女孩,4,0.002952
chuang2021_038,佐藤永翔,微博综艺的微博视频,4,0.002952
chuang2021_038,佐藤永翔,我们一起闯,4,0.002952
chuang2021_038,佐藤永翔,我住在这里的理由,4,0.002952
chuang2021_038,佐藤永翔,我欢喜喜欢你,4,0.002952
chuang2021_038,佐藤永翔,日常储蓄,4,0.002952
chuang2021_038,佐藤永翔,爱我ready,4,0.002952
chuang2021_038,佐藤永翔,田口馨也,4,0.002952
chuang2021_038,佐藤永翔,破茧,4,0.002952
chuang2021_038,佐藤永翔,肖力桓,4,0.002952
chuang2021_038,佐藤永翔,超级冠军,4,0.002952
chuang2021_038,佐藤永翔,醉拳,4,0.002952
chuang2021_038,佐藤永翔,阿克朱力,4,0.002952
chuang2021_038,佐藤永翔,10,3,0.002214
chuang2021_038,佐藤永翔,ak,3,0.002214
chuang2021_038,佐藤永翔,day,3,0.002214
chuang2021_038,佐藤永翔,day6,3,0.002214
chuang2021_038,佐藤永翔,为了家人,3,0.002214
chuang2021_038,佐藤永翔,他们更加的努力,3,0.002214
chuang2021_038,佐藤永翔,他们更有动力,3,0.002214
chuang2021_038,佐藤永翔,全日本最厉害的兄弟,3,0.002214
chuang2021_038,佐藤永翔,创造营排名,3,0.002214
chuang2021_038,佐藤永翔,弟弟回应,3,0.002214
chuang2021_038,佐藤永翔,我们一起走花路吧,3,0.002214
chuang2021_038,佐藤永翔,我住在这里的理由的微博视频,3,0.002214
chuang2021_038,佐藤永翔,打投招新,3,0.002214
chuang2021_038,佐藤永翔,最厉害的兄弟,3,0.002214
chuang2021_038,佐藤永翔,最厉害的兄弟就是每天都开开心心的兄弟,3,0.002214
chuang2021_038,佐藤永翔,有了家人,3,0.002214
chuang2021_038,佐藤永翔,未来可期,3,0.002214
chuang2021_038,佐藤永翔,聊起佐藤的事,3,0.002214
chuang2021_038,佐藤永翔,花絮4,3,0.002214
chuang2021_038,佐藤永翔,言语间都是骄傲,3,0.002214
chuang2021_038,佐藤永翔,采访佐藤永翔的妈妈和弟弟,3,0.002214
chuang2021_038,佐藤永翔,面对佐藤想成为,3,0.002214
chuang2021_038,佐藤永翔,00,2,0.001476
chuang2021_038,佐藤永翔,2020,2,0.001476
chuang2021_038,佐藤永翔,2021才听的到,2,0.001476
chuang2021_038,佐藤永翔,58,2,0.001476
chuang2021_038,佐藤永翔,day7,2,0.001476
chuang2021_038,佐藤永翔,ebidan,2,0.001476
chuang2021_038,佐藤永翔,eisho,2,0.001476
chuang2021_038,佐藤永翔,hayleychiang的微博视频,2,0.001476
chuang2021_038,佐藤永翔,lindow林豆豆超话,2,0.001476
chuang2021_038,佐藤永翔,new,2,0.001476
chuang2021_038,佐藤永翔,ztyx,2,0.001476
chuang2021_038,佐藤永翔,一公分组,2,0.001476
chuang2021_038,佐藤永翔,上集,2,0.001476
chuang2021_038,佐藤永翔,下集,2,0.001476
chuang2021_038,佐藤永翔,且一口流利东北话版的喊麦真只有在,2,0.001476
chuang2021_038,佐藤永翔,东京,2,0.001476
chuang2021_038,佐藤永翔,主题曲二创学员们颠覆改编,2,0.001476
chuang2021_038,佐藤永翔,主题曲舞台中心位诞生,2,0.001476
chuang2021_038,佐藤永翔,今晚下集有肉包子舞狮子,2,0.001476
chuang2021_038,佐藤永翔,佐藤弟弟,2,0.001476
chuang2021_038,佐藤永翔,佐藤永翔博客补完计划,2,0.001476
chuang2021_038,佐藤永翔,佐藤永翔春日舞狮少年,2,0.001476
chuang2021_038,佐藤永翔,作为一个东北喜剧人都没有听过,2,0.001476
chuang2021_038,佐藤永翔,你就知道这多难能可贵了,2,0.001476
chuang2021_038,佐藤永翔,创4一公分组,2,0.001476
chuang2021_038,佐藤永翔,创4主题曲有多难,2,0.001476
chuang2021_038,佐藤永翔,创造营2021纯甄创造营学员能量榜,2,0.001476
chuang2021_038,佐藤永翔,创造营闯人battle魂,2,0.001476
chuang2021_038,佐藤永翔,和兄弟们在一起,2,0.001476
chuang2021_038,佐藤永翔,在创造营2021的舞台上一步一步正在慢慢地实现,2,0.001476
chuang2021_038,佐藤永翔,大家,2,0.001476
chuang2021_038,佐藤永翔,小笨蛋,2,0.001476
chuang2021_038,佐藤永翔,希望有一天能够听到全世界的赞美,2,0.001476
chuang2021_038,佐藤永翔,弟弟加油,2,0.001476
chuang2021_038,佐藤永翔,恭喜弟弟,2,0.001476
chuang2021_038,佐藤永翔,想推荐的书,2,0.001476
chuang2021_038,佐藤永翔,所以,2,0.001476
chuang2021_038,佐藤永翔,把主题曲唱给你听,2,0.001476
chuang2021_038,佐藤永翔,新浪综艺的微博视频,2,0.001476
chuang2021_038,佐藤永翔,日本,2,0.001476
chuang2021_038,佐藤永翔,明星势力榜,2,0.001476
chuang2021_038,佐藤永翔,未来的日子一起闯吧,2,0.001476
chuang2021_038,佐藤永翔,欢迎围观呀,2,0.001476
chuang2021_038,佐藤永翔,毕竟,2,0.001476
chuang2021_038,佐藤永翔,温馨提示,2,0.001476
chuang2021_038,佐藤永翔,灭口,2,0.001476
chuang2021_038,佐藤永翔,牛哞哞,2,0.001476
chuang2021_038,佐藤永翔,现在这个梦,2,0.001476
chuang2021_038,佐藤永翔,的微博视频,2,0.001476
chuang2021_038,佐藤永翔,看创4记得撑腰么么哒,2,0.001476
chuang2021_038,佐藤永翔,真的听饿了啊,2,0.001476
chuang2021_038,佐藤永翔,第4期上,2,0.001476
chuang2021_038,佐藤永翔,第4期下,2,0.001476
chuang2021_038,佐藤永翔,红红不吃香菜的微博视频,2,0.001476
chuang2021_038,佐藤永翔,纯享,2,0.001476
chuang2021_038,佐藤永翔,羽生田拳武,2,0.001476
chuang2021_038,佐藤永翔,能够忍住不点锅包肉的,2,0.001476
chuang2021_038,佐藤永翔,腾讯视频,2,0.001476
chuang2021_038,佐藤永翔,这是佐藤永翔粉丝后援会,2,0.001476
chuang2021_038,佐藤永翔,这是我梦里到过的地方,2,0.001476
chuang2021_038,佐藤永翔,锅包肉,2,0.001476
chuang2021_039,叶皓然,叶皓然,122,0.071723
chuang2021_039,叶皓然,叶皓然超话,39,0.022928
chuang2021_039,叶皓然,收起,35,0.020576
chuang2021_039,叶皓然,陆定昊,23,0.013521
chuang2021_039,叶皓然,吴宇恒,20,0.011758
chuang2021_039,叶皓然,魏子越,20,0.011758
chuang2021_039,叶皓然,周柯宇,19,0.01117
chuang2021_039,叶皓然,谢兴阳,19,0.01117
chuang2021_039,叶皓然,叶皓然创造营2021,18,0.010582
chuang2021_039,叶皓然,张嘉元,18,0.010582
chuang2021_039,叶皓然,林墨,18,0.010582
chuang2021_039,叶皓然,任胤蓬,17,0.009994
chuang2021_039,叶皓然,伯远,17,0.009994
chuang2021_039,叶皓然,刘宇,17,0.009994
chuang2021_039,叶皓然,付思超,16,0.009406
chuang2021_039,叶皓然,创4全员主题曲舞台爷青回,16,0.009406
chuang2021_039,叶皓然,屈柏宇,16,0.009406
chuang2021_039,叶皓然,张腾,16,0.009406
chuang2021_039,叶皓然,甘望星,16,0.009406
chuang2021_039,叶皓然,胡烨韬,16,0.009406
chuang2021_039,叶皓然,一之濑飞鸟,15,0.008818
chuang2021_039,叶皓然,井胧,15,0.008818
chuang2021_039,叶皓然,何屹繁,15,0.008818
chuang2021_039,叶皓然,俞更寅,15,0.008818
chuang2021_039,叶皓然,创4漏网帅哥叶皓然,15,0.008818
chuang2021_039,叶皓然,吴海,15,0.008818
chuang2021_039,叶皓然,张欣尧,15,0.008818
chuang2021_039,叶皓然,诺言,15,0.008818
chuang2021_039,叶皓然,郑明鑫,15,0.008818
chuang2021_039,叶皓然,刘唐辉,14,0.00823
chuang2021_039,叶皓然,刘聪,14,0.00823
chuang2021_039,叶皓然,奥斯卡,14,0.00823
chuang2021_039,叶皓然,尹浩宇,14,0.00823
chuang2021_039,叶皓然,怿涵,14,0.00823
chuang2021_039,叶皓然,李政庭,14,0.00823
chuang2021_039,叶皓然,李沛洋,14,0.00823
chuang2021_039,叶皓然,荣耀,14,0.00823
chuang2021_039,叶皓然,邵明明,14,0.00823
chuang2021_039,叶皓然,门胁慎刚,14,0.00823
chuang2021_039,叶皓然,代少冬,13,0.007643
chuang2021_039,叶皓然,原部凌,13,0.007643
chuang2021_039,叶皓然,叶皓然撕漫男,13,0.007643
chuang2021_039,叶皓然,林豆,13,0.007643
chuang2021_039,叶皓然,陈俊洁,13,0.007643
chuang2021_039,叶皓然,韦语节,13,0.007643
chuang2021_039,叶皓然,刘彰,12,0.007055
chuang2021_039,叶皓然,张星特,12,0.007055
chuang2021_039,叶皓然,李泰龙,12,0.007055
chuang2021_039,叶皓然,米卡,12,0.007055
chuang2021_039,叶皓然,蒋敦豪,12,0.007055
chuang2021_039,叶皓然,赞多,12,0.007055
chuang2021_039,叶皓然,于洋,11,0.006467
chuang2021_039,叶皓然,创造营2021超话,11,0.006467
chuang2021_039,叶皓然,利路修,11,0.006467
chuang2021_039,叶皓然,力丸,11,0.006467
chuang2021_039,叶皓然,庆怜,11,0.006467
chuang2021_039,叶皓然,肖力桓,11,0.006467
chuang2021_039,叶皓然,韩佩泉,11,0.006467
chuang2021_039,叶皓然,上原一翔,10,0.005879
chuang2021_039,叶皓然,井汲大翔,10,0.005879
chuang2021_039,叶皓然,王孝辰,10,0.005879
chuang2021_039,叶皓然,罗言,10,0.005879
chuang2021_039,叶皓然,薛八一,10,0.005879
chuang2021_039,叶皓然,贵尚奇,10,0.005879
chuang2021_039,叶皓然,高卿尘,10,0.005879
chuang2021_039,叶皓然,佐藤永翔,9,0.005291
chuang2021_039,叶皓然,何圳煜,9,0.005291
chuang2021_039,叶皓然,何懿峻,9,0.005291
chuang2021_039,叶皓然,和马,9,0.005291
chuang2021_039,叶皓然,曾涵江,9,0.005291
chuang2021_039,叶皓然,李洛尔,9,0.005291
chuang2021_039,叶皓然,钱政宇,9,0.005291
chuang2021_039,叶皓然,黄鲲,9,0.005291
chuang2021_039,叶皓然,凌箫,8,0.004703
chuang2021_039,叶皓然,创造营排名,8,0.004703
chuang2021_039,叶皓然,大卫,8,0.004703
chuang2021_039,叶皓然,安迪,8,0.004703
chuang2021_039,叶皓然,张璋,8,0.004703
chuang2021_039,叶皓然,徐圣兹,8,0.004703
chuang2021_039,叶皓然,徐绍岚,8,0.004703
chuang2021_039,叶皓然,曹左,8,0.004703
chuang2021_039,叶皓然,李嘉祥,8,0.004703
chuang2021_039,叶皓然,李家豪,8,0.004703
chuang2021_039,叶皓然,李泽坤,8,0.004703
chuang2021_039,叶皓然,羽生田挙武,8,0.004703
chuang2021_039,叶皓然,范臻尔,8,0.004703
chuang2021_039,叶皓然,谷柳霖,8,0.004703
chuang2021_039,叶皓然,赖耀翔,8,0.004703
chuang2021_039,叶皓然,陈瑞丰,8,0.004703
chuang2021_039,叶皓然,me,7,0.004115
chuang2021_039,叶皓然,刘严冬季,7,0.004115
chuang2021_039,叶皓然,卢克,7,0.004115
chuang2021_039,叶皓然,喜内优心,7,0.004115
chuang2021_039,叶皓然,林煜修,7,0.004115
chuang2021_039,叶皓然,王泽浩,7,0.004115
chuang2021_039,叶皓然,都筑雄哉,7,0.004115
chuang2021_039,叶皓然,隅田隼平,7,0.004115
chuang2021_039,叶皓然,霓虹甜心,7,0.004115
chuang2021_039,叶皓然,88,6,0.003527
chuang2021_039,叶皓然,amu羽生田挙武,6,0.003527
chuang2021_039,叶皓然,boy,6,0.003527
chuang2021_039,叶皓然,butter,6,0.003527
chuang2021_039,叶皓然,fly,6,0.003527
chuang2021_039,叶皓然,lit,6,0.003527
chuang2021_039,叶皓然,lover,6,0.003527
chuang2021_039,叶皓然,radio,6,0.003527
chuang2021_039,叶皓然,ready,6,0.003527
chuang2021_039,叶皓然,you,6,0.003527
chuang2021_039,叶皓然,yummy,6,0.003527
chuang2021_039,叶皓然,作为怪物,6,0.003527
chuang2021_039,叶皓然,女孩,6,0.003527
chuang2021_039,叶皓然,我欢喜喜欢你,6,0.003527
chuang2021_039,叶皓然,爱我ready,6,0.003527
chuang2021_039,叶皓然,田口馨也,6,0.003527
chuang2021_039,叶皓然,破茧,6,0.003527
chuang2021_039,叶皓然,超级冠军,6,0.003527
chuang2021_039,叶皓然,醉拳,6,0.003527
chuang2021_039,叶皓然,阿克朱力,6,0.003527
chuang2021_039,叶皓然,yuu喜内优心,5,0.002939
chuang2021_039,叶皓然,叶皓然kento官方粉丝后援会的微博视频,5,0.002939
chuang2021_039,叶皓然,戴学霖,5,0.002939
chuang2021_039,叶皓然,阿克朱立,5,0.002939
chuang2021_039,叶皓然,2021,4,0.002352
chuang2021_039,叶皓然,ak,4,0.002352
chuang2021_039,叶皓然,关注,4,0.002352
chuang2021_039,叶皓然,内容,4,0.002352
chuang2021_039,叶皓然,创4一公分组,4,0.002352
chuang2021_039,叶皓然,明星势力榜,4,0.002352
chuang2021_039,叶皓然,15举行红毯秀,3,0.001764
chuang2021_039,叶皓然,6位导师,3,0.001764
chuang2021_039,叶皓然,amber刘逸云,3,0.001764
chuang2021_039,叶皓然,nene郑乃馨,3,0.001764
chuang2021_039,叶皓然,yhr,3,0.001764
chuang2021_039,叶皓然,一公分组,3,0.001764
chuang2021_039,叶皓然,全体学员,3,0.001764
chuang2021_039,叶皓然,加注能量啦,3,0.001764
chuang2021_039,叶皓然,助你获得惊喜vlog拍摄机会,3,0.001764
chuang2021_039,叶皓然,助教,3,0.001764
chuang2021_039,叶皓然,发起人都在,3,0.001764
chuang2021_039,叶皓然,叶皓然这孩子太中二了,3,0.001764
chuang2021_039,叶皓然,周深,3,0.001764
chuang2021_039,叶皓然,周震南,3,0.001764
chuang2021_039,叶皓然,学员,3,0.001764
chuang2021_039,叶皓然,学员能量榜为你,3,0.001764
chuang2021_039,叶皓然,宁静,3,0.001764
chuang2021_039,叶皓然,审核过短信通知,3,0.001764
chuang2021_039,叶皓然,导师,3,0.001764
chuang2021_039,叶皓然,想报的速私,3,0.001764
chuang2021_039,叶皓然,想让更多人看到如此优秀的你,3,0.001764
chuang2021_039,叶皓然,我在纯甄,3,0.001764
chuang2021_039,叶皓然,棒棒哒,3,0.001764
chuang2021_039,叶皓然,正规名额,3,0.001764
chuang2021_039,叶皓然,海南儋州,3,0.001764
chuang2021_039,叶皓然,糖果超甜给我整破防了,3,0.001764
chuang2021_039,叶皓然,邓超,3,0.001764
chuang2021_039,叶皓然,韩美娟,3,0.001764
chuang2021_039,叶皓然,20210226,2,0.001176
chuang2021_039,叶皓然,50,2,0.001176
chuang2021_039,叶皓然,5朵鲜花,2,0.001176
chuang2021_039,叶皓然,app每日0点更新昨日学员涨粉,2,0.001176
chuang2021_039,叶皓然,brittle,2,0.001176
chuang2021_039,叶皓然,funji,2,0.001176
chuang2021_039,叶皓然,lemon,2,0.001176
chuang2021_039,叶皓然,mia的微博视频,2,0.001176
chuang2021_039,叶皓然,一之濑,2,0.001176
chuang2021_039,叶皓然,不贵,2,0.001176
chuang2021_039,叶皓然,主题曲盲盒挑战,2,0.001176
chuang2021_039,叶皓然,会玩,2,0.001176
chuang2021_039,叶皓然,你是我今生唯一的执著哦,2,0.001176
chuang2021_039,叶皓然,傻人有傻福,2,0.001176
chuang2021_039,叶皓然,全部学员,2,0.001176
chuang2021_039,叶皓然,创4学员同学录,2,0.001176
chuang2021_039,叶皓然,创造营2021学员成长数据,2,0.001176
chuang2021_039,叶皓然,创造营2021学员签名,2,0.001176
chuang2021_039,叶皓然,加油,2,0.001176
chuang2021_039,叶皓然,叶皓然也好燃已收到1117朵花,2,0.001176
chuang2021_039,叶皓然,叶皓然加油,2,0.001176
chuang2021_039,叶皓然,叶皓然直拍好帅,2,0.001176
chuang2021_039,叶皓然,叶皓然真的挺努力的,2,0.001176
chuang2021_039,叶皓然,听说他很崇拜叶大哥了,2,0.001176
chuang2021_039,叶皓然,和funji一起见证他们的每一步成长和蜕变吧,2,0.001176
chuang2021_039,叶皓然,回复,2,0.001176
chuang2021_039,叶皓然,在线撒娇,2,0.001176
chuang2021_039,叶皓然,学员专组热议top5为,2,0.001176
chuang2021_039,叶皓然,学员专访,2,0.001176
chuang2021_039,叶皓然,学员娱乐组热议top5为,2,0.001176
chuang2021_039,叶皓然,学员微博涨粉top5为,2,0.001176
chuang2021_039,叶皓然,学员超话签到top5为,2,0.001176
chuang2021_039,叶皓然,希望以后可以越来越好,2,0.001176
chuang2021_039,叶皓然,希望创造营没有淘汰赛制,2,0.001176
chuang2021_039,叶皓然,希望陪你从开始到未来的每一个高光时刻,2,0.001176
chuang2021_039,叶皓然,快来康康,2,0.001176
chuang2021_039,叶皓然,我们一起拿下,2,0.001176
chuang2021_039,叶皓然,我们一起走花路吧,2,0.001176
chuang2021_039,叶皓然,我刚使用会员特权送给了,2,0.001176
chuang2021_039,叶皓然,我在,2,0.001176
chuang2021_039,叶皓然,我永远支持你,2,0.001176
chuang2021_039,叶皓然,我的帅弟弟佐藤永翔,2,0.001176
chuang2021_039,叶皓然,手幅,2,0.001176
chuang2021_039,叶皓然,打榜戳,2,0.001176
chuang2021_039,叶皓然,抽奖详情,2,0.001176
chuang2021_039,叶皓然,明星势力榜第193位,2,0.001176
chuang2021_039,叶皓然,最想剪掉的画面是,2,0.001176
chuang2021_039,叶皓然,毕业快乐,2,0.001176
chuang2021_039,叶皓然,的微博视频,2,0.001176
chuang2021_039,叶皓然,真实情况大还原,2,0.001176
chuang2021_039,叶皓然,第一名,2,0.001176
chuang2021_039,叶皓然,签到数据,2,0.001176
chuang2021_039,叶皓然,练习生榜,2,0.001176
chuang2021_039,叶皓然,练习生榜上为你加油啦,2,0.001176
chuang2021_039,叶皓然,腾讯视频,2,0.001176
chuang2021_039,叶皓然,萧萧萧萧萧纸,2,0.001176
chuang2021_039,叶皓然,评论配图,2,0.001176
chuang2021_039,叶皓然,迷妹专访,2,0.001176
chuang2021_039,叶皓然,需要的来,2,0.001176
chuang2021_039,叶皓然,黑人牙膏白酵素助力创造营叶皓然闪耀闯关,2,0.001176
chuang2021_040,韩佩泉,韩佩泉,82,0.030897
chuang2021_040,韩佩泉,收起,59,0.022231
chuang2021_040,韩佩泉,俞更寅,20,0.007536
chuang2021_040,韩佩泉,甘望星,16,0.006029
chuang2021_040,韩佩泉,谢兴阳,16,0.006029
chuang2021_040,韩佩泉,张欣尧,15,0.005652
chuang2021_040,韩佩泉,创造营2021超话,14,0.005275
chuang2021_040,韩佩泉,利路修,14,0.005275
chuang2021_040,韩佩泉,韩美娟被淘汰,14,0.005275
chuang2021_040,韩佩泉,刘宇,12,0.004521
chuang2021_040,韩佩泉,刘逸云amber,12,0.004521
chuang2021_040,韩佩泉,me,11,0.004145
chuang2021_040,韩佩泉,周深,11,0.004145
chuang2021_040,韩佩泉,屈柏宇,11,0.004145
chuang2021_040,韩佩泉,陆定昊,11,0.004145
chuang2021_040,韩佩泉,韩美娟,11,0.004145
chuang2021_040,韩佩泉,伯远,10,0.003768
chuang2021_040,韩佩泉,加油,10,0.003768
chuang2021_040,韩佩泉,周震南,10,0.003768
chuang2021_040,韩佩泉,尹浩宇,10,0.003768
chuang2021_040,韩佩泉,米卡,10,0.003768
chuang2021_040,韩佩泉,陈瑞丰,10,0.003768
chuang2021_040,韩佩泉,魏子越,10,0.003768
chuang2021_040,韩佩泉,创造营成团夜,9,0.003391
chuang2021_040,韩佩泉,创造营排名,9,0.003391
chuang2021_040,韩佩泉,卡布叻,9,0.003391
chuang2021_040,韩佩泉,未来,9,0.003391
chuang2021_040,韩佩泉,硬糖少女303,9,0.003391
chuang2021_040,韩佩泉,郑乃馨,9,0.003391
chuang2021_040,韩佩泉,高卿尘,9,0.003391
chuang2021_040,韩佩泉,is,8,0.003014
chuang2021_040,韩佩泉,r1se,8,0.003014
chuang2021_040,韩佩泉,this,8,0.003014
chuang2021_040,韩佩泉,一轮游,8,0.003014
chuang2021_040,韩佩泉,三大顶流,8,0.003014
chuang2021_040,韩佩泉,不再有,8,0.003014
chuang2021_040,韩佩泉,不过我应该也打破了你们对我刚开始所有的猜想,8,0.003014
chuang2021_040,韩佩泉,不过说实话,8,0.003014
chuang2021_040,韩佩泉,为什么还要来这,8,0.003014
chuang2021_040,韩佩泉,为师先走一步,8,0.003014
chuang2021_040,韩佩泉,也是很令人骄傲的一件事,8,0.003014
chuang2021_040,韩佩泉,也真的希望能跟您成为很好的朋友,8,0.003014
chuang2021_040,韩佩泉,二公训练的时候您让我们释放天性,8,0.003014
chuang2021_040,韩佩泉,二轮游,8,0.003014
chuang2021_040,韩佩泉,人生总是反复无常,8,0.003014
chuang2021_040,韩佩泉,从以前手机屏幕,8,0.003014
chuang2021_040,韩佩泉,仪式,8,0.003014
chuang2021_040,韩佩泉,会有成千上万像我这样的人爬上来,8,0.003014
chuang2021_040,韩佩泉,估计也就一轮游,8,0.003014
chuang2021_040,韩佩泉,但不论我们出身如何,8,0.003014
chuang2021_040,韩佩泉,但今天,8,0.003014
chuang2021_040,韩佩泉,但同时我又不想让任何人为我的梦想买单,8,0.003014
chuang2021_040,韩佩泉,但在营里,8,0.003014
chuang2021_040,韩佩泉,但您在这里帮了我好多,8,0.003014
chuang2021_040,韩佩泉,你们喜欢的居然还是我的,8,0.003014
chuang2021_040,韩佩泉,你就是大明星,8,0.003014
chuang2021_040,韩佩泉,你应该也能get到我的意思吧哈哈哈,8,0.003014
chuang2021_040,韩佩泉,你愿意跟我一起吗,8,0.003014
chuang2021_040,韩佩泉,你的态度我很喜欢,8,0.003014
chuang2021_040,韩佩泉,保护好你们,8,0.003014
chuang2021_040,韩佩泉,其实我们有一种奇妙的缘分,8,0.003014
chuang2021_040,韩佩泉,再努努力,8,0.003014
chuang2021_040,韩佩泉,初舞台的时候,8,0.003014
chuang2021_040,韩佩泉,到今天,8,0.003014
chuang2021_040,韩佩泉,到现在,8,0.003014
chuang2021_040,韩佩泉,刻板印象,8,0.003014
chuang2021_040,韩佩泉,可为什么只能这样才会被看见,8,0.003014
chuang2021_040,韩佩泉,可最怕的还是来了,8,0.003014
chuang2021_040,韩佩泉,号顶流,8,0.003014
chuang2021_040,韩佩泉,吃了这么多苦,8,0.003014
chuang2021_040,韩佩泉,各位创始人们,8,0.003014
chuang2021_040,韩佩泉,后面几局你俩打吧,8,0.003014
chuang2021_040,韩佩泉,吴宇恒,8,0.003014
chuang2021_040,韩佩泉,咱几个也别难过,8,0.003014
chuang2021_040,韩佩泉,哈哈哈哈哈哈哈这也是一种爱呀,8,0.003014
chuang2021_040,韩佩泉,喜欢,8,0.003014
chuang2021_040,韩佩泉,在上台前我们为了缓解紧张都在用,8,0.003014
chuang2021_040,韩佩泉,在我追梦的这10年来,8,0.003014
chuang2021_040,韩佩泉,在每一次我自己认为做的不好的时候静姐永远都会转移话题,8,0.003014
chuang2021_040,韩佩泉,在网络上行走了3年,8,0.003014
chuang2021_040,韩佩泉,在这个节目里,8,0.003014
chuang2021_040,韩佩泉,在这个行业,8,0.003014
chuang2021_040,韩佩泉,在这里还是要道歉,8,0.003014
chuang2021_040,韩佩泉,外貌如何,8,0.003014
chuang2021_040,韩佩泉,大喊一声,8,0.003014
chuang2021_040,韩佩泉,大胆走,8,0.003014
chuang2021_040,韩佩泉,奶奶,8,0.003014
chuang2021_040,韩佩泉,如果拿在这里得到的爱相比,8,0.003014
chuang2021_040,韩佩泉,姐太美了,8,0.003014
chuang2021_040,韩佩泉,娟化,8,0.003014
chuang2021_040,韩佩泉,娟门,8,0.003014
chuang2021_040,韩佩泉,孙子去,8,0.003014
chuang2021_040,韩佩泉,宁静,8,0.003014
chuang2021_040,韩佩泉,对不起,8,0.003014
chuang2021_040,韩佩泉,就像电影一样在我脑海闪过,8,0.003014
chuang2021_040,韩佩泉,就在那一瞬间走到了结局,8,0.003014
chuang2021_040,韩佩泉,就是因为已经过的很好了,8,0.003014
chuang2021_040,韩佩泉,工具人,8,0.003014
chuang2021_040,韩佩泉,已退出游戏,8,0.003014
chuang2021_040,韩佩泉,希望你们秉持着,8,0.003014
chuang2021_040,韩佩泉,带您走遍世界,8,0.003014
chuang2021_040,韩佩泉,带着刺的我可能扎到你了,8,0.003014
chuang2021_040,韩佩泉,庆怜,8,0.003014
chuang2021_040,韩佩泉,弟子,8,0.003014
chuang2021_040,韩佩泉,很值得,8,0.003014
chuang2021_040,韩佩泉,很可爱,8,0.003014
chuang2021_040,韩佩泉,得与失间接的陪我们到老,8,0.003014
chuang2021_040,韩佩泉,必须去,8,0.003014
chuang2021_040,韩佩泉,您很适合当一位家长,8,0.003014
chuang2021_040,韩佩泉,您总是那么的让我吃惊,8,0.003014
chuang2021_040,韩佩泉,您总是那么迷人,8,0.003014
chuang2021_040,韩佩泉,您的一句话,8,0.003014
chuang2021_040,韩佩泉,您辛苦了,8,0.003014
chuang2021_040,韩佩泉,您都愿意尝试,8,0.003014
chuang2021_040,韩佩泉,我一定会挣大钱,8,0.003014
chuang2021_040,韩佩泉,我不是,8,0.003014
chuang2021_040,韩佩泉,我也不敢想象我在创造营的路就到此为止了,8,0.003014
chuang2021_040,韩佩泉,我也不敢想象我已经开始新的生活了,8,0.003014
chuang2021_040,韩佩泉,我亲爱的周深哥哥,8,0.003014
chuang2021_040,韩佩泉,我们一起走了这么多路,8,0.003014
chuang2021_040,韩佩泉,我们创造营,8,0.003014
chuang2021_040,韩佩泉,我会把您的爱和鼓励放在心里,8,0.003014
chuang2021_040,韩佩泉,我会继续努力,8,0.003014
chuang2021_040,韩佩泉,我刚来这个节目时你们应该很诧异吧,8,0.003014
chuang2021_040,韩佩泉,我却天天想着这些人有没有给我撑腰啊,8,0.003014
chuang2021_040,韩佩泉,我回来了,8,0.003014
chuang2021_040,韩佩泉,我回答静姐说,8,0.003014
chuang2021_040,韩佩泉,我总能知道你想的是什么,8,0.003014
chuang2021_040,韩佩泉,我想用我所能做的任何事情,8,0.003014
chuang2021_040,韩佩泉,我是,8,0.003014
chuang2021_040,韩佩泉,我是又哭又笑,8,0.003014
chuang2021_040,韩佩泉,我是韩佩泉,8,0.003014
chuang2021_040,韩佩泉,我来这之前是真的想着用舞台魅力和嗓音颜值征服你们,8,0.003014
chuang2021_040,韩佩泉,我爱你,8,0.003014
chuang2021_040,韩佩泉,我的,8,0.003014
chuang2021_040,韩佩泉,我看中的人都不会差的,8,0.003014
chuang2021_040,韩佩泉,我跳的那么差您却鼓励我说,8,0.003014
chuang2021_040,韩佩泉,我还是没能把我的嘴留到最后,8,0.003014
chuang2021_040,韩佩泉,我还要走很远,8,0.003014
chuang2021_040,韩佩泉,我那天还跟周柯宇他们说,8,0.003014
chuang2021_040,韩佩泉,所以我很珍惜你们,8,0.003014
chuang2021_040,韩佩泉,所以才是真的来追梦呀,8,0.003014
chuang2021_040,韩佩泉,所有的创始人们,8,0.003014
chuang2021_040,韩佩泉,打消了我所有的顾虑,8,0.003014
chuang2021_040,韩佩泉,把您当做我的父亲一般,8,0.003014
chuang2021_040,韩佩泉,新的旅途开始了,8,0.003014
chuang2021_040,韩佩泉,无论是什么会让人尴尬的事情,8,0.003014
chuang2021_040,韩佩泉,明明可以像正常人一样,8,0.003014
chuang2021_040,韩佩泉,有没有关注我啊,8,0.003014
chuang2021_040,韩佩泉,有没有在外面搞事情啊,8,0.003014
chuang2021_040,韩佩泉,有没有按时签到啊,8,0.003014
chuang2021_040,韩佩泉,未来的路,8,0.003014
chuang2021_040,韩佩泉,未来走得好不好,8,0.003014
chuang2021_040,韩佩泉,来这个节目时我百般犹豫,8,0.003014
chuang2021_040,韩佩泉,林墨,8,0.003014
chuang2021_040,韩佩泉,横屏,8,0.003014
chuang2021_040,韩佩泉,每一个平凡人,8,0.003014
chuang2021_040,韩佩泉,每当想起19年那个夏天的我,8,0.003014
chuang2021_040,韩佩泉,每次我们两个人眼神碰撞时,8,0.003014
chuang2021_040,韩佩泉,比如我跳的很差,8,0.003014
chuang2021_040,韩佩泉,永不灭,8,0.003014
chuang2021_040,韩佩泉,爸爸,8,0.003014
chuang2021_040,韩佩泉,用我走过的路能引导你们,8,0.003014
chuang2021_040,韩佩泉,用最高冷的眼神说着最让人心动的话,8,0.003014
chuang2021_040,韩佩泉,用这份爱洒满人间,8,0.003014
chuang2021_040,韩佩泉,的态度和热血,8,0.003014
chuang2021_040,韩佩泉,的韩佩泉,8,0.003014
chuang2021_040,韩佩泉,竖屏,8,0.003014
chuang2021_040,韩佩泉,站在最高点告诉世人,8,0.003014
chuang2021_040,韩佩泉,等这样的想法你们应该都有过吧,8,0.003014
chuang2021_040,韩佩泉,组合,8,0.003014
chuang2021_040,韩佩泉,而且中文好好,8,0.003014
chuang2021_040,韩佩泉,能在您这样的家庭长大该有多幸福呀,8,0.003014
chuang2021_040,韩佩泉,能给你们留下快乐,8,0.003014
chuang2021_040,韩佩泉,能被人喜欢很难,8,0.003014
chuang2021_040,韩佩泉,虽然不知道会不会有人真的喜欢我,8,0.003014
chuang2021_040,韩佩泉,行动交给你们了,8,0.003014
chuang2021_040,韩佩泉,让全世界人都知道我有个多么牛的奶奶,8,0.003014
chuang2021_040,韩佩泉,让这个时代,8,0.003014
chuang2021_040,韩佩泉,记得一公时,8,0.003014
chuang2021_040,韩佩泉,记得刚录节目时姐问我在网络上已经过的那么好了,8,0.003014
chuang2021_040,韩佩泉,谢谢你的鼓励,8,0.003014
chuang2021_040,韩佩泉,赞多,8,0.003014
chuang2021_040,韩佩泉,超哥,8,0.003014
chuang2021_040,韩佩泉,运动会时真的有被您霸气到,8,0.003014
chuang2021_040,韩佩泉,还是要靠自己的,8,0.003014
chuang2021_040,韩佩泉,还记得录完节目你私下趴在我耳朵上说的那两个字吗,8,0.003014
chuang2021_040,韩佩泉,这不就是你的梦想吗,8,0.003014
chuang2021_040,韩佩泉,这个方法真的很好,8,0.003014
chuang2021_040,韩佩泉,这几个月来的点点滴滴,8,0.003014
chuang2021_040,韩佩泉,这才哪到哪啊,8,0.003014
chuang2021_040,韩佩泉,这是我的结局吗,8,0.003014
chuang2021_040,韩佩泉,这绝对不是,8,0.003014
chuang2021_040,韩佩泉,选秀只是我们出道的,8,0.003014
chuang2021_040,韩佩泉,邓超,8,0.003014
chuang2021_040,韩佩泉,那一刻,8,0.003014
chuang2021_040,韩佩泉,那一刻我感觉到我被看到了,8,0.003014
chuang2021_040,韩佩泉,都不应该放弃自己所想拥有的梦,8,0.003014
chuang2021_040,韩佩泉,都值得被爱,8,0.003014
chuang2021_040,韩佩泉,都熬过来了,8,0.003014
chuang2021_040,韩佩泉,都给我冲进总决赛,8,0.003014
chuang2021_040,韩佩泉,静姐一直说喜欢我,8,0.003014
chuang2021_040,韩佩泉,静姐却夸我肌肉不错,8,0.003014
chuang2021_040,韩佩泉,周柯宇,7,0.002638
chuang2021_040,韩佩泉,奥斯卡,7,0.002638
chuang2021_040,韩佩泉,张星特,7,0.002638
chuang2021_040,韩佩泉,韩佩泉超话,7,0.002638
chuang2021_040,韩佩泉,韩美娟vocal实力,7,0.002638
chuang2021_040,韩佩泉,韩美娟看王嘉尔的表情是我了,7,0.002638
chuang2021_040,韩佩泉,2021,6,0.002261
chuang2021_040,韩佩泉,dna,6,0.002261
chuang2021_040,韩佩泉,力丸,6,0.002261
chuang2021_040,韩佩泉,和马,6,0.002261
chuang2021_040,韩佩泉,张嘉元,6,0.002261
chuang2021_040,韩佩泉,网页链接,6,0.002261
chuang2021_040,韩佩泉,于洋,5,0.001884
chuang2021_040,韩佩泉,付思超,5,0.001884
chuang2021_040,韩佩泉,任胤蓬,5,0.001884
chuang2021_040,韩佩泉,哈哈哈,5,0.001884
chuang2021_040,韩佩泉,实现不了咱就回家,5,0.001884
chuang2021_040,韩佩泉,微博综艺的微博视频,5,0.001884
chuang2021_040,韩佩泉,王嘉尔,5,0.001884
chuang2021_040,韩佩泉,hpq,4,0.001507
chuang2021_040,韩佩泉,一起为他助力戳,4,0.001507
chuang2021_040,韩佩泉,不忘初心,4,0.001507
chuang2021_040,韩佩泉,互动碰拳,4,0.001507
chuang2021_040,韩佩泉,井胧,4,0.001507
chuang2021_040,韩佩泉,你一定能拿下,4,0.001507
chuang2021_040,韩佩泉,创造营2021榜,4,0.001507
chuang2021_040,韩佩泉,创造营2021榜好成绩,4,0.001507
chuang2021_040,韩佩泉,可太像站第一排看爱豆演出的我本人了,4,0.001507
chuang2021_040,韩佩泉,吴海,4,0.001507
chuang2021_040,韩佩泉,唱跳,4,0.001507
chuang2021_040,韩佩泉,大卫,4,0.001507
chuang2021_040,韩佩泉,女孩,4,0.001507
chuang2021_040,韩佩泉,学员,4,0.001507
chuang2021_040,韩佩泉,小九,4,0.001507
chuang2021_040,韩佩泉,就是不怕,4,0.001507
chuang2021_040,韩佩泉,张腾,4,0.001507
chuang2021_040,韩佩泉,新浪综艺的微博视频,4,0.001507
chuang2021_040,韩佩泉,方得始终,4,0.001507
chuang2021_040,韩佩泉,明年再来一把,4,0.001507
chuang2021_040,韩佩泉,明星势力榜,4,0.001507
chuang2021_040,韩佩泉,王嘉尔amber碰拳,4,0.001507
chuang2021_040,韩佩泉,现场还和好友,4,0.001507
chuang2021_040,韩佩泉,的reaction不要太抢眼,4,0.001507
chuang2021_040,韩佩泉,羽生田挙武,4,0.001507
chuang2021_040,韩佩泉,舞台下,4,0.001507
chuang2021_040,韩佩泉,舞台燃炸,4,0.001507
chuang2021_040,韩佩泉,蒋敦豪,4,0.001507
chuang2021_040,韩佩泉,那么大,4,0.001507
chuang2021_040,韩佩泉,邵明明,4,0.001507
chuang2021_040,韩佩泉,闯人的底气,4,0.001507
chuang2021_040,韩佩泉,一把子支持,3,0.00113
chuang2021_040,韩佩泉,上原一翔,3,0.00113
chuang2021_040,韩佩泉,今天在这里走的是韩佩泉,3,0.00113
chuang2021_040,韩佩泉,但不代表韩佩泉输了,3,0.00113
chuang2021_040,韩佩泉,但是,3,0.00113
chuang2021_040,韩佩泉,佐藤永翔,3,0.00113
chuang2021_040,韩佩泉,你别说还真是这样的微博视频,3,0.00113
chuang2021_040,韩佩泉,关系最好,3,0.00113
chuang2021_040,韩佩泉,刘彰,3,0.00113
chuang2021_040,韩佩泉,创造营二创,3,0.00113
chuang2021_040,韩佩泉,加注能量啦,3,0.00113
chuang2021_040,韩佩泉,助你获得惊喜vlog拍摄机会,3,0.00113
chuang2021_040,韩佩泉,喜内优心,3,0.00113
chuang2021_040,韩佩泉,在营里没有零食的时候,3,0.00113
chuang2021_040,韩佩泉,好到会当着谢兴阳的面卸妆,3,0.00113
chuang2021_040,韩佩泉,学员能量榜为你,3,0.00113
chuang2021_040,韩佩泉,想让更多人看到如此优秀的你,3,0.00113
chuang2021_040,韩佩泉,我在纯甄,3,0.00113
chuang2021_040,韩佩泉,撕假发片,3,0.00113
chuang2021_040,韩佩泉,更多的是他的感染力,3,0.00113
chuang2021_040,韩佩泉,曾涵江,3,0.00113
chuang2021_040,韩佩泉,李洛尔,3,0.00113
chuang2021_040,韩佩泉,永不失联的爱,3,0.00113
chuang2021_040,韩佩泉,甚至有时候谢兴阳还会帮忙撕假发片,3,0.00113
chuang2021_040,韩佩泉,神仙友谊也太暖人啦,3,0.00113
chuang2021_040,韩佩泉,笑死我了,3,0.00113
chuang2021_040,韩佩泉,糖果超甜,3,0.00113
chuang2021_040,韩佩泉,素颜,3,0.00113
chuang2021_040,韩佩泉,自己的不放弃和站出来一定会带来激励的力量,3,0.00113
chuang2021_040,韩佩泉,范臻尔,3,0.00113
chuang2021_040,韩佩泉,薛八一,3,0.00113
chuang2021_040,韩佩泉,说在营里和,3,0.00113
chuang2021_040,韩佩泉,诺言,3,0.00113
chuang2021_040,韩佩泉,谢兴阳也会偷偷往韩美娟枕头边放零食,3,0.00113
chuang2021_040,韩佩泉,谢兴阳帮韩美娟撕假发片,3,0.00113
chuang2021_040,韩佩泉,这是我噩梦开始的地方,3,0.00113
chuang2021_040,韩佩泉,醉拳,3,0.00113
chuang2021_040,韩佩泉,震撼到,3,0.00113
chuang2021_040,韩佩泉,韩美娟造型,3,0.00113
chuang2021_040,韩佩泉,韩老师在离开前提到自己认为的偶像的意义,3,0.00113
chuang2021_040,韩佩泉,黄鲲,3,0.00113
chuang2021_040,韩佩泉,2021的这些名场面,2,0.000754
chuang2021_040,韩佩泉,88,2,0.000754
chuang2021_040,韩佩泉,ak,2,0.000754
chuang2021_040,韩佩泉,boy,2,0.000754
chuang2021_040,韩佩泉,boys,2,0.000754
chuang2021_040,韩佩泉,butter,2,0.000754
chuang2021_040,韩佩泉,fly,2,0.000754
chuang2021_040,韩佩泉,handsome,2,0.000754
chuang2021_040,韩佩泉,joker,2,0.000754
chuang2021_040,韩佩泉,lover,2,0.000754
chuang2021_040,韩佩泉,loverboy88,2,0.000754
chuang2021_040,韩佩泉,out,2,0.000754
chuang2021_040,韩佩泉,radio,2,0.000754
chuang2021_040,韩佩泉,ready,2,0.000754
chuang2021_040,韩佩泉,yummy,2,0.000754
chuang2021_040,韩佩泉,一公,2,0.000754
chuang2021_040,韩佩泉,一段新的旅程才刚刚开始,2,0.000754
chuang2021_040,韩佩泉,一起守护最好的闯人吧,2,0.000754
chuang2021_040,韩佩泉,一闭眼,2,0.000754
chuang2021_040,韩佩泉,三个国家,2,0.000754
chuang2021_040,韩佩泉,三公,2,0.000754
chuang2021_040,韩佩泉,三公的合作舞台,2,0.000754
chuang2021_040,韩佩泉,不要不自信,2,0.000754
chuang2021_040,韩佩泉,不要在意太多,2,0.000754
chuang2021_040,韩佩泉,主题曲二创都是笑着看完的,2,0.000754
chuang2021_040,韩佩泉,也感谢你对我的肯定和鼓励,2,0.000754
chuang2021_040,韩佩泉,也没有什么变化啊,2,0.000754
chuang2021_040,韩佩泉,二公,2,0.000754
chuang2021_040,韩佩泉,五星好评,2,0.000754
chuang2021_040,韩佩泉,井汲大翔,2,0.000754
chuang2021_040,韩佩泉,今天开始有我为你撑腰,2,0.000754
chuang2021_040,韩佩泉,今天的顺位发表,2,0.000754
chuang2021_040,韩佩泉,今晚的泪奔现场来了,2,0.000754
chuang2021_040,韩佩泉,今晚返场学员重新演绎就像是宣告这几个月的青春告一段落了,2,0.000754
chuang2021_040,韩佩泉,从68到55到43到28,2,0.000754
chuang2021_040,韩佩泉,从你们身上学到很多经验,2,0.000754
chuang2021_040,韩佩泉,从无人问津到被世界看到,2,0.000754
chuang2021_040,韩佩泉,从第一次给你抠舞蹈动作的时候我就知道,2,0.000754
chuang2021_040,韩佩泉,他说偶像应该,2,0.000754
chuang2021_040,韩佩泉,代少冬,2,0.000754
chuang2021_040,韩佩泉,以后会有更多人不必躲躲藏藏地勇敢追梦,2,0.000754
chuang2021_040,韩佩泉,但今天我仍选择站上这个世界聚焦的舞台,2,0.000754
chuang2021_040,韩佩泉,但我是你们一次又一次选中的幸运儿,2,0.000754
chuang2021_040,韩佩泉,但我知道,2,0.000754
chuang2021_040,韩佩泉,但是我所有的眼泪都留给了我最好的兄弟们,2,0.000754
chuang2021_040,韩佩泉,但是自己现在来到节目的目的也达到了,2,0.000754
chuang2021_040,韩佩泉,但有了美娟这个人,2,0.000754
chuang2021_040,韩佩泉,但还是没能陪你走到最后一关,2,0.000754
chuang2021_040,韩佩泉,何屹繁,2,0.000754
chuang2021_040,韩佩泉,作为怪物,2,0.000754
chuang2021_040,韩佩泉,你一定会有发光的一天,2,0.000754
chuang2021_040,韩佩泉,你不断鼓励我,2,0.000754
chuang2021_040,韩佩泉,你们是我在营里的第一对外国知己,2,0.000754
chuang2021_040,韩佩泉,你们每一个人都是我在创造营不可缺少的一部分,2,0.000754
chuang2021_040,韩佩泉,你值得站在山巅上,2,0.000754
chuang2021_040,韩佩泉,你就是不能替代的大vocal,2,0.000754
chuang2021_040,韩佩泉,你就是黑马,2,0.000754
chuang2021_040,韩佩泉,你是天生的歌手,2,0.000754
chuang2021_040,韩佩泉,你的一句,2,0.000754
chuang2021_040,韩佩泉,你真的是可以永远做我队长的男人,2,0.000754
chuang2021_040,韩佩泉,你说我们俩很像,2,0.000754
chuang2021_040,韩佩泉,你说我已经向所有人证明了我的实力,2,0.000754
chuang2021_040,韩佩泉,你说我的表现完全不比力丸,2,0.000754
chuang2021_040,韩佩泉,八年前,2,0.000754
chuang2021_040,韩佩泉,其实,2,0.000754
chuang2021_040,韩佩泉,冒险计划,2,0.000754
chuang2021_040,韩佩泉,冲冲冲,2,0.000754
chuang2021_040,韩佩泉,几十城市,2,0.000754
chuang2021_040,韩佩泉,出来了海哥继续照顾你,2,0.000754
chuang2021_040,韩佩泉,创4名场面再现,2,0.000754
chuang2021_040,韩佩泉,创4排名,2,0.000754
chuang2021_040,韩佩泉,创始人,2,0.000754
chuang2021_040,韩佩泉,原部凌,2,0.000754
chuang2021_040,韩佩泉,命运让我们来到同一个舞台,2,0.000754
chuang2021_040,韩佩泉,回顾自己创造营的旅程,2,0.000754
chuang2021_040,韩佩泉,因为早已做好准备,2,0.000754
chuang2021_040,韩佩泉,在我心里你一直是有脑子的,2,0.000754
chuang2021_040,韩佩泉,在我迷茫的时候,2,0.000754
chuang2021_040,韩佩泉,大家记得注意歌词,2,0.000754
chuang2021_040,韩佩泉,太草了,2,0.000754
chuang2021_040,韩佩泉,安迪,2,0.000754
chuang2021_040,韩佩泉,对梦想的执着深深打动,2,0.000754
chuang2021_040,韩佩泉,导师,2,0.000754
chuang2021_040,韩佩泉,就是现在,2,0.000754
chuang2021_040,韩佩泉,希望还有机会和你一起合作,2,0.000754
chuang2021_040,韩佩泉,幸运不会辜负实力,2,0.000754
chuang2021_040,韩佩泉,广州,2,0.000754
chuang2021_040,韩佩泉,很开心你感受到了我的开心,2,0.000754
chuang2021_040,韩佩泉,很开心认识你们,2,0.000754
chuang2021_040,韩佩泉,总是把自己的脆弱保护的很好,2,0.000754
chuang2021_040,韩佩泉,感谢amber老师,2,0.000754
chuang2021_040,韩佩泉,感谢乃乃学姐和周震南学长,2,0.000754
chuang2021_040,韩佩泉,感谢你们一直以来的分享,2,0.000754
chuang2021_040,韩佩泉,感谢你们在这个春天和我一起做了一件最燃的事情,2,0.000754
chuang2021_040,韩佩泉,感谢你们让我化压力为动力,2,0.000754
chuang2021_040,韩佩泉,感谢你给我的加油和呐喊,2,0.000754
chuang2021_040,韩佩泉,感谢包老板,2,0.000754
chuang2021_040,韩佩泉,感谢周深老师,2,0.000754
chuang2021_040,韩佩泉,感谢孟美岐学姐,2,0.000754
chuang2021_040,韩佩泉,感谢我的公司,2,0.000754
chuang2021_040,韩佩泉,感谢所有兄弟一路以来的陪伴,2,0.000754
chuang2021_040,韩佩泉,感谢所有幕后的工作人员,2,0.000754
chuang2021_040,韩佩泉,感谢超哥无论在什么时候总是能给我力量,2,0.000754
chuang2021_040,韩佩泉,我一定会的,2,0.000754
chuang2021_040,韩佩泉,我不只是黑马,2,0.000754
chuang2021_040,韩佩泉,我从不会临阵磨枪,2,0.000754
chuang2021_040,韩佩泉,我从未害怕跌倒,2,0.000754
chuang2021_040,韩佩泉,我们是战友,2,0.000754
chuang2021_040,韩佩泉,我们还要一起hang,2,0.000754
chuang2021_040,韩佩泉,我会在台下为舞台上的你们撑腰,2,0.000754
chuang2021_040,韩佩泉,我几乎快要落泪了,2,0.000754
chuang2021_040,韩佩泉,我哭得有点丢人,2,0.000754
chuang2021_040,韩佩泉,我始终相信,2,0.000754
chuang2021_040,韩佩泉,我已经准备好了,2,0.000754
chuang2021_040,韩佩泉,我带了一千块钱来的,2,0.000754
chuang2021_040,韩佩泉,我想对你说不要害怕,2,0.000754
chuang2021_040,韩佩泉,我想用时间给所有曾怀有疑问的人一个答案,2,0.000754
chuang2021_040,韩佩泉,我感受到了来自前辈的鼓励,2,0.000754
chuang2021_040,韩佩泉,我擅长给自己找麻烦,2,0.000754
chuang2021_040,韩佩泉,我欢喜喜欢你,2,0.000754
chuang2021_040,韩佩泉,我爱你们,2,0.000754
chuang2021_040,韩佩泉,我知道我每一个决定都有你们做我的底气,2,0.000754
chuang2021_040,韩佩泉,我知道我每一滴汗水背后也都有你们的努力,2,0.000754
chuang2021_040,韩佩泉,我知道这一场奔赴我们都竭尽全力了,2,0.000754
chuang2021_040,韩佩泉,我等这句话等了太久了,2,0.000754
chuang2021_040,韩佩泉,或许有人说我与好运的关系是失之交臂,2,0.000754
chuang2021_040,韩佩泉,找不到方向的时候,2,0.000754
chuang2021_040,韩佩泉,抱歉,2,0.000754
chuang2021_040,韩佩泉,放开干,2,0.000754
chuang2021_040,韩佩泉,无数个日夜和伤痛,2,0.000754
chuang2021_040,韩佩泉,无论结果,2,0.000754
chuang2021_040,韩佩泉,早安,2,0.000754
chuang2021_040,韩佩泉,时间过的好快,2,0.000754
chuang2021_040,韩佩泉,是与所有的创始人们,2,0.000754
chuang2021_040,韩佩泉,是他能够带给人的一种信念,2,0.000754
chuang2021_040,韩佩泉,是你们让我知道做男团原来可以这么开心,2,0.000754
chuang2021_040,韩佩泉,是你给我了战斗下去的希望,2,0.000754
chuang2021_040,韩佩泉,更是一匹千里马,2,0.000754
chuang2021_040,韩佩泉,更是彼此最坚实的后盾,2,0.000754
chuang2021_040,韩佩泉,更要谢谢静姐,2,0.000754
chuang2021_040,韩佩泉,曾多次想放弃梦想,2,0.000754
chuang2021_040,韩佩泉,曾经看到,2,0.000754
chuang2021_040,韩佩泉,最后,2,0.000754
chuang2021_040,韩佩泉,最终还是没能站上总决赛的舞台,2,0.000754
chuang2021_040,韩佩泉,未来还有辽阔的世界等我们一起闯,2,0.000754
chuang2021_040,韩佩泉,李嘉祥,2,0.000754
chuang2021_040,韩佩泉,李家豪,2,0.000754
chuang2021_040,韩佩泉,来到创造营这个节目之后我已经不去考虑是否可以赚更多的钱了,2,0.000754
chuang2021_040,韩佩泉,林煜修,2,0.000754
chuang2021_040,韩佩泉,此行最幸运的邂逅,2,0.000754
chuang2021_040,韩佩泉,每一战都是背水一战,2,0.000754
chuang2021_040,韩佩泉,每年再来一把,2,0.000754
chuang2021_040,韩佩泉,每年都来一把,2,0.000754
chuang2021_040,韩佩泉,每次看到你都真的好安心,2,0.000754
chuang2021_040,韩佩泉,永远是我心中的最强的舞蹈组,2,0.000754
chuang2021_040,韩佩泉,没能有一鸣惊人的开始,2,0.000754
chuang2021_040,韩佩泉,深度浮潜体验,2,0.000754
chuang2021_040,韩佩泉,游进你的心里呀,2,0.000754
chuang2021_040,韩佩泉,热搜预定,2,0.000754
chuang2021_040,韩佩泉,爱我ready,2,0.000754
chuang2021_040,韩佩泉,特别谢谢韩佩泉,2,0.000754
chuang2021_040,韩佩泉,王孝辰,2,0.000754
chuang2021_040,韩佩泉,现在还是一千块钱,2,0.000754
chuang2021_040,韩佩泉,班主任曾质问我,2,0.000754
chuang2021_040,韩佩泉,甚至像自己一样被嘲笑,2,0.000754
chuang2021_040,韩佩泉,的文化人发言,2,0.000754
chuang2021_040,韩佩泉,相信你们每一个人一定都能找到梦里到过的地方,2,0.000754
chuang2021_040,韩佩泉,相信我,2,0.000754
chuang2021_040,韩佩泉,看到大家脚趾头彼此交响,2,0.000754
chuang2021_040,韩佩泉,真可谓是一次,2,0.000754
chuang2021_040,韩佩泉,真的是相见恨晚,2,0.000754
chuang2021_040,韩佩泉,知道我要离开后,2,0.000754
chuang2021_040,韩佩泉,破茧,2,0.000754
chuang2021_040,韩佩泉,离开后整整两天我都无法入睡,2,0.000754
chuang2021_040,韩佩泉,答应你重庆的大餐,2,0.000754
chuang2021_040,韩佩泉,组的兄弟们,2,0.000754
chuang2021_040,韩佩泉,给我最大的肯定,2,0.000754
chuang2021_040,韩佩泉,而你们就是我最好的佐证,2,0.000754
chuang2021_040,韩佩泉,胡烨韬,2,0.000754
chuang2021_040,韩佩泉,腾讯视频创造营2021,2,0.000754
chuang2021_040,韩佩泉,草草草太好笑了,2,0.000754
chuang2021_040,韩佩泉,荣耀,2,0.000754
chuang2021_040,韩佩泉,虽然止步于此,2,0.000754
chuang2021_040,韩佩泉,被你对家庭的责任感,2,0.000754
chuang2021_040,韩佩泉,让我受益颇多,2,0.000754
chuang2021_040,韩佩泉,让我可以自信的喊出,2,0.000754
chuang2021_040,韩佩泉,让我在最萎靡不振,2,0.000754
chuang2021_040,韩佩泉,让我学会面对各种不如意的结果,2,0.000754
chuang2021_040,韩佩泉,让我尝到了撑腰王的滋味,2,0.000754
chuang2021_040,韩佩泉,让我重新找回了自己,2,0.000754
chuang2021_040,韩佩泉,记得二公时,2,0.000754
chuang2021_040,韩佩泉,记得以后,2,0.000754
chuang2021_040,韩佩泉,记得收好辣酱和毛毛虫,2,0.000754
chuang2021_040,韩佩泉,说好了一起奔赴总决赛,2,0.000754
chuang2021_040,韩佩泉,谁是创造营成团夜意难平,2,0.000754
chuang2021_040,韩佩泉,赖耀翔,2,0.000754
chuang2021_040,韩佩泉,赞多两位世界级选手差的时候,2,0.000754
chuang2021_040,韩佩泉,走别人不敢想的路,2,0.000754
chuang2021_040,韩佩泉,超级冠军,2,0.000754
chuang2021_040,韩佩泉,跟你说过的话一定要记得,2,0.000754
chuang2021_040,韩佩泉,跳舞十年,2,0.000754
chuang2021_040,韩佩泉,还有你真的很爱哭,2,0.000754
chuang2021_040,韩佩泉,还有全世界的你们,2,0.000754
chuang2021_040,韩佩泉,还有美娟版,2,0.000754
chuang2021_040,韩佩泉,那一天,2,0.000754
chuang2021_040,韩佩泉,那些和你们一起经历的种种画面如倒放般不断涌现,2,0.000754
chuang2021_040,韩佩泉,都喜欢故作坚强,2,0.000754
chuang2021_040,韩佩泉,都希望你们知道,2,0.000754
chuang2021_040,韩佩泉,都是什么妖魔鬼怪的喜剧人啊哈哈哈哈哈哈哈哈哈哈哈哈,2,0.000754
chuang2021_040,韩佩泉,钱政宇,2,0.000754
chuang2021_040,韩佩泉,陪你们到最后,2,0.000754
chuang2021_040,韩佩泉,难道你想一辈子跳舞吗,2,0.000754
chuang2021_040,韩佩泉,霓虹甜心,2,0.000754
chuang2021_040,韩佩泉,韩佩泉未来可期,2,0.000754
chuang2021_040,韩佩泉,韩佩泉训练营出来的主题曲,2,0.000754
chuang2021_040,韩佩泉,韩佩泉训练营出来的主题曲太好笑了,2,0.000754
chuang2021_040,韩佩泉,韩美娟唇腭裂做了8次手术,2,0.000754
chuang2021_040,韩佩泉,韩美娟给俞更寅解放天性,2,0.000754
chuang2021_040,韩佩泉,韩美娟说世界上一定会有很多人是胆小自卑,2,0.000754
chuang2021_040,韩佩泉,韩老师的嘴真的不能留下吗,2,0.000754
chuang2021_040,韩佩泉,音乐推荐我在行的微博视频,2,0.000754
chuang2021_040,韩佩泉,首秀,2,0.000754
chuang2021_040,韩佩泉,高潮是一分钟左右,2,0.000754
chuang2021_040,韩佩泉,鹅能不能考虑考虑喜剧人101啊,2,0.000754
chuang2021_041,陆定昊,陆定昊,101,0.073884
chuang2021_041,陆定昊,收起,51,0.037308
chuang2021_041,陆定昊,陆定昊超话,36,0.026335
chuang2021_041,陆定昊,韩佩泉,24,0.017557
chuang2021_041,陆定昊,谢兴阳,21,0.015362
chuang2021_041,陆定昊,屈柏宇,17,0.012436
chuang2021_041,陆定昊,叶皓然,14,0.010241
chuang2021_041,陆定昊,陆定昊创造营2021,14,0.010241
chuang2021_041,陆定昊,刘唐辉,13,0.00951
chuang2021_041,陆定昊,魏子越,13,0.00951
chuang2021_041,陆定昊,me,12,0.008778
chuang2021_041,陆定昊,付思超,12,0.008778
chuang2021_041,陆定昊,俞更寅,12,0.008778
chuang2021_041,陆定昊,张欣尧,12,0.008778
chuang2021_041,陆定昊,邵明明,12,0.008778
chuang2021_041,陆定昊,刘宇,11,0.008047
chuang2021_041,陆定昊,吴宇恒,11,0.008047
chuang2021_041,陆定昊,甘望星,11,0.008047
chuang2021_041,陆定昊,井胧,10,0.007315
chuang2021_041,陆定昊,任胤蓬,10,0.007315
chuang2021_041,陆定昊,刘彰,10,0.007315
chuang2021_041,陆定昊,创造营2021超话,10,0.007315
chuang2021_041,陆定昊,周柯宇,10,0.007315
chuang2021_041,陆定昊,张嘉元,10,0.007315
chuang2021_041,陆定昊,林墨,10,0.007315
chuang2021_041,陆定昊,米卡,10,0.007315
chuang2021_041,陆定昊,胡烨韬,10,0.007315
chuang2021_041,陆定昊,一之濑飞鸟,9,0.006584
chuang2021_041,陆定昊,何屹繁,9,0.006584
chuang2021_041,陆定昊,力丸,9,0.006584
chuang2021_041,陆定昊,庆怜,9,0.006584
chuang2021_041,陆定昊,张腾,9,0.006584
chuang2021_041,陆定昊,诺言,9,0.006584
chuang2021_041,陆定昊,赞多,9,0.006584
chuang2021_041,陆定昊,高卿尘,9,0.006584
chuang2021_041,陆定昊,于洋,8,0.005852
chuang2021_041,陆定昊,井汲大翔,8,0.005852
chuang2021_041,陆定昊,代少冬,8,0.005852
chuang2021_041,陆定昊,和马,8,0.005852
chuang2021_041,陆定昊,张星特,8,0.005852
chuang2021_041,陆定昊,李沛洋,8,0.005852
chuang2021_041,陆定昊,荣耀,8,0.005852
chuang2021_041,陆定昊,陈瑞丰,8,0.005852
chuang2021_041,陆定昊,2021,7,0.005121
chuang2021_041,陆定昊,fix,7,0.005121
chuang2021_041,陆定昊,伯远,7,0.005121
chuang2021_041,陆定昊,作为怪物,7,0.005121
chuang2021_041,陆定昊,刘聪,7,0.005121
chuang2021_041,陆定昊,加油,7,0.005121
chuang2021_041,陆定昊,原部凌,7,0.005121
chuang2021_041,陆定昊,吴海,7,0.005121
chuang2021_041,陆定昊,奥斯卡,7,0.005121
chuang2021_041,陆定昊,尹浩宇,7,0.005121
chuang2021_041,陆定昊,怿涵,7,0.005121
chuang2021_041,陆定昊,李政庭,7,0.005121
chuang2021_041,陆定昊,李泰龙,7,0.005121
chuang2021_041,陆定昊,李洛尔,7,0.005121
chuang2021_041,陆定昊,林豆,7,0.005121
chuang2021_041,陆定昊,网页链接,7,0.005121
chuang2021_041,陆定昊,肖力桓,7,0.005121
chuang2021_041,陆定昊,范臻尔,7,0.005121
chuang2021_041,陆定昊,郑明鑫,7,0.005121
chuang2021_041,陆定昊,门胁慎刚,7,0.005121
chuang2021_041,陆定昊,陈俊洁,7,0.005121
chuang2021_041,陆定昊,韦语节,7,0.005121
chuang2021_041,陆定昊,黑人牙膏白酵素助力创造营陆定昊闪耀闯关,7,0.005121
chuang2021_041,陆定昊,ready,6,0.004389
chuang2021_041,陆定昊,you,6,0.004389
chuang2021_041,陆定昊,利路修,6,0.004389
chuang2021_041,陆定昊,加注能量啦,6,0.004389
chuang2021_041,陆定昊,我在纯甄,6,0.004389
chuang2021_041,陆定昊,曾涵江,6,0.004389
chuang2021_041,陆定昊,李嘉祥,6,0.004389
chuang2021_041,陆定昊,破茧,6,0.004389
chuang2021_041,陆定昊,腾讯视频创造营2021,6,0.004389
chuang2021_041,陆定昊,薛八一,6,0.004389
chuang2021_041,陆定昊,韩美娟,6,0.004389
chuang2021_041,陆定昊,00,5,0.003658
chuang2021_041,陆定昊,88,5,0.003658
chuang2021_041,陆定昊,boy,5,0.003658
chuang2021_041,陆定昊,butter,5,0.003658
chuang2021_041,陆定昊,fly,5,0.003658
chuang2021_041,陆定昊,lit,5,0.003658
chuang2021_041,陆定昊,lover,5,0.003658
chuang2021_041,陆定昊,radio,5,0.003658
chuang2021_041,陆定昊,yummy,5,0.003658
chuang2021_041,陆定昊,上原一翔,5,0.003658
chuang2021_041,陆定昊,佐藤永翔,5,0.003658
chuang2021_041,陆定昊,何圳煜,5,0.003658
chuang2021_041,陆定昊,何懿峻,5,0.003658
chuang2021_041,陆定昊,凌箫,5,0.003658
chuang2021_041,陆定昊,刘严冬季,5,0.003658
chuang2021_041,陆定昊,卢克,5,0.003658
chuang2021_041,陆定昊,喜内优心,5,0.003658
chuang2021_041,陆定昊,大卫,5,0.003658
chuang2021_041,陆定昊,女孩,5,0.003658
chuang2021_041,陆定昊,安迪,5,0.003658
chuang2021_041,陆定昊,张璋,5,0.003658
chuang2021_041,陆定昊,徐圣兹,5,0.003658
chuang2021_041,陆定昊,徐绍岚,5,0.003658
chuang2021_041,陆定昊,微博综艺的微博视频,5,0.003658
chuang2021_041,陆定昊,我欢喜喜欢你,5,0.003658
chuang2021_041,陆定昊,明星势力榜,5,0.003658
chuang2021_041,陆定昊,曹左,5,0.003658
chuang2021_041,陆定昊,李家豪,5,0.003658
chuang2021_041,陆定昊,李泽坤,5,0.003658
chuang2021_041,陆定昊,林煜修,5,0.003658
chuang2021_041,陆定昊,爱我ready,5,0.003658
chuang2021_041,陆定昊,王孝辰,5,0.003658
chuang2021_041,陆定昊,王泽浩,5,0.003658
chuang2021_041,陆定昊,田口馨也,5,0.003658
chuang2021_041,陆定昊,罗言,5,0.003658
chuang2021_041,陆定昊,羽生田挙武,5,0.003658
chuang2021_041,陆定昊,蒋敦豪,5,0.003658
chuang2021_041,陆定昊,谷柳霖,5,0.003658
chuang2021_041,陆定昊,贵尚奇,5,0.003658
chuang2021_041,陆定昊,赖耀翔,5,0.003658
chuang2021_041,陆定昊,超级冠军,5,0.003658
chuang2021_041,陆定昊,都筑雄哉,5,0.003658
chuang2021_041,陆定昊,醉拳,5,0.003658
chuang2021_041,陆定昊,钱政宇,5,0.003658
chuang2021_041,陆定昊,阿克朱力,5,0.003658
chuang2021_041,陆定昊,隅田隼平,5,0.003658
chuang2021_041,陆定昊,霓虹甜心,5,0.003658
chuang2021_041,陆定昊,黄鲲,5,0.003658
chuang2021_041,陆定昊,创4一公分组,4,0.002926
chuang2021_041,陆定昊,创造营2021纯甄创造营学员能量榜,4,0.002926
chuang2021_041,陆定昊,创造营排名,4,0.002926
chuang2021_041,陆定昊,助你获得惊喜vlog拍摄机会,4,0.002926
chuang2021_041,陆定昊,学员能量榜为你,4,0.002926
chuang2021_041,陆定昊,想让更多人看到如此优秀的你,4,0.002926
chuang2021_041,陆定昊,新浪综艺的微博视频,4,0.002926
chuang2021_041,陆定昊,陆定昊高音稳,4,0.002926
chuang2021_041,陆定昊,12,3,0.002195
chuang2021_041,陆定昊,404宿舍,3,0.002195
chuang2021_041,陆定昊,haru,3,0.002195
chuang2021_041,陆定昊,shineangel,3,0.002195
chuang2021_041,陆定昊,wink陆定昊网攻站的微博视频,3,0.002195
chuang2021_041,陆定昊,一公分组,3,0.002195
chuang2021_041,陆定昊,为梦想拼尽全力,3,0.002195
chuang2021_041,陆定昊,创4排名,3,0.002195
chuang2021_041,陆定昊,创造营2021榜上支持你啦,3,0.002195
chuang2021_041,陆定昊,学员,3,0.002195
chuang2021_041,陆定昊,小红花,3,0.002195
chuang2021_041,陆定昊,扬帆起航,3,0.002195
chuang2021_041,陆定昊,明星势力榜第1327位,3,0.002195
chuang2021_041,陆定昊,看创4记得撑腰么么哒,3,0.002195
chuang2021_041,陆定昊,米奇比心,3,0.002195
chuang2021_041,陆定昊,糖果超甜给我整破防了,3,0.002195
chuang2021_041,陆定昊,被404宿舍的友谊虐惨了,3,0.002195
chuang2021_041,陆定昊,跨海相聚,3,0.002195
chuang2021_041,陆定昊,邵明明说话时韩美娟的表情,3,0.002195
chuang2021_041,陆定昊,陆定昊和麋鹿,3,0.002195
chuang2021_041,陆定昊,陆定昊首站,3,0.002195
chuang2021_041,陆定昊,100w票离奇消失,2,0.001463
chuang2021_041,陆定昊,2021我向,2,0.001463
chuang2021_041,陆定昊,210417,2,0.001463
chuang2021_041,陆定昊,30,2,0.001463
chuang2021_041,陆定昊,amu羽生田挙武,2,0.001463
chuang2021_041,陆定昊,etwas陆定昊3d大片,2,0.001463
chuang2021_041,陆定昊,fixme原创歌曲超治愈,2,0.001463
chuang2021_041,陆定昊,yuu喜内优心,2,0.001463
chuang2021_041,陆定昊,一起为他助力戳,2,0.001463
chuang2021_041,陆定昊,上海,2,0.001463
chuang2021_041,陆定昊,上集,2,0.001463
chuang2021_041,陆定昊,下集,2,0.001463
chuang2021_041,陆定昊,不忘初心,2,0.001463
chuang2021_041,陆定昊,不愧是你,2,0.001463
chuang2021_041,陆定昊,不能再虐了,2,0.001463
chuang2021_041,陆定昊,主题曲二创学员们颠覆改编,2,0.001463
chuang2021_041,陆定昊,主题曲舞台中心位诞生,2,0.001463
chuang2021_041,陆定昊,么么哒,2,0.001463
chuang2021_041,陆定昊,二公原创唱作组,2,0.001463
chuang2021_041,陆定昊,今天的眼泪是给糖果超甜的,2,0.001463
chuang2021_041,陆定昊,今天着实被,2,0.001463
chuang2021_041,陆定昊,今晚的二创不为别的,2,0.001463
chuang2021_041,陆定昊,从二创相识,2,0.001463
chuang2021_041,陆定昊,从哪里跌倒就从哪里爬起来,2,0.001463
chuang2021_041,陆定昊,他不过是一个敬业的reaction达人罢了,2,0.001463
chuang2021_041,陆定昊,他们仿佛是度过了一个完整的大学生涯,2,0.001463
chuang2021_041,陆定昊,但是在这次的舞台上高音完美展示就是他最好的努力证明,2,0.001463
chuang2021_041,陆定昊,你一定能拿下,2,0.001463
chuang2021_041,陆定昊,你也快来为喜欢的学员助力吧,2,0.001463
chuang2021_041,陆定昊,全员妆容娟化去食堂,2,0.001463
chuang2021_041,陆定昊,再到离别时的不舍和打趣,2,0.001463
chuang2021_041,陆定昊,出道位top11,2,0.001463
chuang2021_041,陆定昊,创造营2021榜,2,0.001463
chuang2021_041,陆定昊,创造营2021榜好成绩,2,0.001463
chuang2021_041,陆定昊,创造营直播中,2,0.001463
chuang2021_041,陆定昊,创造营超话,2,0.001463
chuang2021_041,陆定昊,到难忘而播不了的小事之一,2,0.001463
chuang2021_041,陆定昊,刻意加黑吸粉亮点,2,0.001463
chuang2021_041,陆定昊,北京,2,0.001463
chuang2021_041,陆定昊,即使自己的内心还是有对初舞台首秀破音的阴影,2,0.001463
chuang2021_041,陆定昊,友谊地久天长,2,0.001463
chuang2021_041,陆定昊,和兄弟们在一起,2,0.001463
chuang2021_041,陆定昊,在创造营2021的舞台上一步一步正在慢慢地实现,2,0.001463
chuang2021_041,陆定昊,在说话时,2,0.001463
chuang2021_041,陆定昊,娟娟子有什么表情呢,2,0.001463
chuang2021_041,陆定昊,学员能量榜为,2,0.001463
chuang2021_041,陆定昊,就为了逗大家开心,2,0.001463
chuang2021_041,陆定昊,希望创造营没有淘汰赛制,2,0.001463
chuang2021_041,陆定昊,希望有一天能够听到全世界的赞美,2,0.001463
chuang2021_041,陆定昊,开局恶剪,2,0.001463
chuang2021_041,陆定昊,快来为你支持的学员加油助力吧,2,0.001463
chuang2021_041,陆定昊,快来康康,2,0.001463
chuang2021_041,陆定昊,恶畜操作,2,0.001463
chuang2021_041,陆定昊,感谢,2,0.001463
chuang2021_041,陆定昊,截至2月25日中午12,2,0.001463
chuang2021_041,陆定昊,戴学霖,2,0.001463
chuang2021_041,陆定昊,把主题曲唱给你听,2,0.001463
chuang2021_041,陆定昊,拂朝祈的微博视频,2,0.001463
chuang2021_041,陆定昊,方得始终,2,0.001463
chuang2021_041,陆定昊,日夜datou,2,0.001463
chuang2021_041,陆定昊,晚安,2,0.001463
chuang2021_041,陆定昊,期待,2,0.001463
chuang2021_041,陆定昊,期待一公舞台,2,0.001463
chuang2021_041,陆定昊,未来的日子一起闯吧,2,0.001463
chuang2021_041,陆定昊,正能量偶像陆定昊,2,0.001463
chuang2021_041,陆定昊,海岛日记,2,0.001463
chuang2021_041,陆定昊,现在这个梦,2,0.001463
chuang2021_041,陆定昊,的友谊虐惨了,2,0.001463
chuang2021_041,陆定昊,的表情开始不太对劲了,2,0.001463
chuang2021_041,陆定昊,眼泪直接就是在里面了,2,0.001463
chuang2021_041,陆定昊,第4期上,2,0.001463
chuang2021_041,陆定昊,第4期下,2,0.001463
chuang2021_041,陆定昊,糖果超甜,2,0.001463
chuang2021_041,陆定昊,终于用自己的实力证明了自己,2,0.001463
chuang2021_041,陆定昊,能为他争取到专属vlog拍摄机会,2,0.001463
chuang2021_041,陆定昊,说刚刚陆定昊吼那一嗓子,2,0.001463
chuang2021_041,陆定昊,请公平对待陆定昊,2,0.001463
chuang2021_041,陆定昊,请恶心鹅还陆定昊真正票数和正确排名,2,0.001463
chuang2021_041,陆定昊,调侃韩美娟,2,0.001463
chuang2021_041,陆定昊,赛前热门,2,0.001463
chuang2021_041,陆定昊,还有,2,0.001463
chuang2021_041,陆定昊,这回感染力好强,2,0.001463
chuang2021_041,陆定昊,这是我梦里到过的地方,2,0.001463
chuang2021_041,陆定昊,送出纯甄卡啦,2,0.001463
chuang2021_041,陆定昊,送给他们,2,0.001463
chuang2021_041,陆定昊,速速把,2,0.001463
chuang2021_041,陆定昊,镜头面前查无此昊,2,0.001463
chuang2021_041,陆定昊,阿克朱立,2,0.001463
chuang2021_041,陆定昊,随意践踏他人梦想,2,0.001463
chuang2021_041,陆定昊,高光时刻毫无镜头,2,0.001463
chuang2021_041,陆定昊,黑心节目,2,0.001463
chuang2021_042,邵明明,邵明明,122,0.072447
chuang2021_042,邵明明,黑人牙膏白酵素助力创造营邵明明闪耀闯关,30,0.017815
chuang2021_042,邵明明,收起,29,0.017221
chuang2021_042,邵明明,邵明明创造营2021,22,0.013064
chuang2021_042,邵明明,邵明明超话,19,0.011283
chuang2021_042,邵明明,了不起的艺能,16,0.009501
chuang2021_042,邵明明,我在这里显得大家更加的优秀,16,0.009501
chuang2021_042,邵明明,新浪综艺的微博视频,16,0.009501
chuang2021_042,邵明明,齐思钧,16,0.009501
chuang2021_042,邵明明,邵明明了不起的艺能,13,0.00772
chuang2021_042,邵明明,今天的明明不错子,12,0.007126
chuang2021_042,邵明明,刘宇,12,0.007126
chuang2021_042,邵明明,梦婷之星辰,12,0.007126
chuang2021_042,邵明明,明星势力榜,11,0.006532
chuang2021_042,邵明明,腾讯视频创造营2021,11,0.006532
chuang2021_042,邵明明,吴宇恒,10,0.005938
chuang2021_042,邵明明,伯远,9,0.005344
chuang2021_042,邵明明,俞更寅,9,0.005344
chuang2021_042,邵明明,去看了隔壁jojo不过小齐也解释是因为工作太忙,9,0.005344
chuang2021_042,邵明明,合理怀疑这是在吃醋小齐,9,0.005344
chuang2021_042,邵明明,提到自己家族的人没有来看公演,9,0.005344
chuang2021_042,邵明明,甘望星,9,0.005344
chuang2021_042,邵明明,那就好好弥补遗憾吧,9,0.005344
chuang2021_042,邵明明,里回忆岛上的遗憾,9,0.005344
chuang2021_042,邵明明,井胧,8,0.004751
chuang2021_042,邵明明,创造营2021纯甄创造营学员能量榜,8,0.004751
chuang2021_042,邵明明,石凯big,8,0.004751
chuang2021_042,邵明明,韦语节,8,0.004751
chuang2021_042,邵明明,高卿尘,8,0.004751
chuang2021_042,邵明明,2021,7,0.004157
chuang2021_042,邵明明,为什么要嘟嘴,7,0.004157
chuang2021_042,邵明明,李洛尔,7,0.004157
chuang2021_042,邵明明,油光太大,7,0.004157
chuang2021_042,邵明明,王孝辰,7,0.004157
chuang2021_042,邵明明,现场朋友,7,0.004157
chuang2021_042,邵明明,罗予彤,7,0.004157
chuang2021_042,邵明明,薛八一,7,0.004157
chuang2021_042,邵明明,让网友对于一个人的评价不要太片面,7,0.004157
chuang2021_042,邵明明,还开玩笑自己被宁静老师指出油光之后就用洗洁精洗脸了,7,0.004157
chuang2021_042,邵明明,这个幽默回复情商有点高,7,0.004157
chuang2021_042,邵明明,都暖心鼓励明明,7,0.004157
chuang2021_042,邵明明,里回应网友恶评,7,0.004157
chuang2021_042,邵明明,3分钟,6,0.003563
chuang2021_042,邵明明,一切比赛的基础,6,0.003563
chuang2021_042,邵明明,一直到最后的恶意压票,6,0.003563
chuang2021_042,邵明明,一起为他助力戳,6,0.003563
chuang2021_042,邵明明,不忘初心,6,0.003563
chuang2021_042,邵明明,不是免费的热度工具,6,0.003563
chuang2021_042,邵明明,不是工具人,6,0.003563
chuang2021_042,邵明明,不算散粉投票3286364票,6,0.003563
chuang2021_042,邵明明,不管是老粉,6,0.003563
chuang2021_042,邵明明,不配合的形象,6,0.003563
chuang2021_042,邵明明,乱发脾气的形象,6,0.003563
chuang2021_042,邵明明,从其他人的视频中也可以看到邵明明的好人缘,6,0.003563
chuang2021_042,邵明明,从古到今,6,0.003563
chuang2021_042,邵明明,从外到内,6,0.003563
chuang2021_042,邵明明,从第一期到现在,6,0.003563
chuang2021_042,邵明明,付思超,6,0.003563
chuang2021_042,邵明明,代少冬,6,0.003563
chuang2021_042,邵明明,但即使这样,6,0.003563
chuang2021_042,邵明明,但我们也不怕事,6,0.003563
chuang2021_042,邵明明,但是节目官方显示邵明明的撑腰值却2233856,6,0.003563
chuang2021_042,邵明明,但是节目组却没有剪辑邵明明的训练视频,6,0.003563
chuang2021_042,邵明明,何屹繁,6,0.003563
chuang2021_042,邵明明,你一定能拿下,6,0.003563
chuang2021_042,邵明明,傻子,6,0.003563
chuang2021_042,邵明明,全部镜头几乎只能在节目花絮和他人的视频中找到,6,0.003563
chuang2021_042,邵明明,公平公正是一切节目,6,0.003563
chuang2021_042,邵明明,公平对待,6,0.003563
chuang2021_042,邵明明,其他镜头平均时长仅为2,6,0.003563
chuang2021_042,邵明明,创造营2021压票,6,0.003563
chuang2021_042,邵明明,创造营2021榜,6,0.003563
chuang2021_042,邵明明,创造营2021榜好成绩,6,0.003563
chuang2021_042,邵明明,初舞台被恶剪,6,0.003563
chuang2021_042,邵明明,到底是资本在引导,6,0.003563
chuang2021_042,邵明明,加上散粉最后投票400多w,6,0.003563
chuang2021_042,邵明明,却一直未告诉其舞蹈动作有变,6,0.003563
chuang2021_042,邵明明,却一直被压正面评论,6,0.003563
chuang2021_042,邵明明,却被恶意防爆,6,0.003563
chuang2021_042,邵明明,参加节目后,6,0.003563
chuang2021_042,邵明明,及其粉丝,6,0.003563
chuang2021_042,邵明明,古筝有实力,6,0.003563
chuang2021_042,邵明明,名次不断下降,6,0.003563
chuang2021_042,邵明明,后援会公布投票320w,6,0.003563
chuang2021_042,邵明明,周柯宇,6,0.003563
chuang2021_042,邵明明,唯有公平才可以使节目长久,6,0.003563
chuang2021_042,邵明明,唱歌有单曲,6,0.003563
chuang2021_042,邵明明,如果不是恶意压票,6,0.003563
chuang2021_042,邵明明,宿舍日记,6,0.003563
chuang2021_042,邵明明,对邵明明自身的刻画几乎没有,6,0.003563
chuang2021_042,邵明明,将争吵恶剪放大,6,0.003563
chuang2021_042,邵明明,将导师鼓励的话剪辑成对邵明明的恶意,6,0.003563
chuang2021_042,邵明明,就一直被当做黑热度选手炒作,6,0.003563
chuang2021_042,邵明明,并且这是越做越熟练了,6,0.003563
chuang2021_042,邵明明,张嘉元,6,0.003563
chuang2021_042,邵明明,张欣尧,6,0.003563
chuang2021_042,邵明明,张腾,6,0.003563
chuang2021_042,邵明明,恶意消费邵明明,6,0.003563
chuang2021_042,邵明明,恶意营造恶心人设,6,0.003563
chuang2021_042,邵明明,我们不挑事,6,0.003563
chuang2021_042,邵明明,我们只求公平公正,6,0.003563
chuang2021_042,邵明明,我们所有的打投票数都有详细的记录和存档,6,0.003563
chuang2021_042,邵明明,截止到3月29日上午十点,6,0.003563
chuang2021_042,邵明明,所有选手都是站在同一起跑线的,6,0.003563
chuang2021_042,邵明明,拒绝压票,6,0.003563
chuang2021_042,邵明明,拒绝恶剪,6,0.003563
chuang2021_042,邵明明,拒绝黑幕,6,0.003563
chuang2021_042,邵明明,挡出道位的解释,6,0.003563
chuang2021_042,邵明明,散粉都在认真为邵明明打投,6,0.003563
chuang2021_042,邵明明,新粉,6,0.003563
chuang2021_042,邵明明,方得始终,6,0.003563
chuang2021_042,邵明明,是维护资本的解释,6,0.003563
chuang2021_042,邵明明,是胡编乱造,6,0.003563
chuang2021_042,邵明明,有自己的单曲,6,0.003563
chuang2021_042,邵明明,有自己的舞蹈,6,0.003563
chuang2021_042,邵明明,林墨,6,0.003563
chuang2021_042,邵明明,树立邵明明不尊重老师,6,0.003563
chuang2021_042,邵明明,正片,6,0.003563
chuang2021_042,邵明明,每天都有新粉加入,6,0.003563
chuang2021_042,邵明明,比赛有一个真正的好结果,6,0.003563
chuang2021_042,邵明明,然而邵明明的票数不增反降,6,0.003563
chuang2021_042,邵明明,的视频没有被放到正片中,6,0.003563
chuang2021_042,邵明明,短短几天,6,0.003563
chuang2021_042,邵明明,第一次顺位,6,0.003563
chuang2021_042,邵明明,第二轮官方打投,6,0.003563
chuang2021_042,邵明明,结果压在23位,6,0.003563
chuang2021_042,邵明明,结果节目显示2233856票,6,0.003563
chuang2021_042,邵明明,而恶剪为邵明明不负责,6,0.003563
chuang2021_042,邵明明,节目剪辑出的邵明明不配合队友显然是恶剪,6,0.003563
chuang2021_042,邵明明,节目没有任何解释,6,0.003563
chuang2021_042,邵明明,节目组一直说自己是维护选手权益的,6,0.003563
chuang2021_042,邵明明,荣耀,6,0.003563
chuang2021_042,邵明明,营造邵明明实力差的形象,6,0.003563
chuang2021_042,邵明明,衍生节目,6,0.003563
chuang2021_042,邵明明,被压票当做没事发生,6,0.003563
chuang2021_042,邵明明,被当做工具人,6,0.003563
chuang2021_042,邵明明,被当做节目热度的工具,6,0.003563
chuang2021_042,邵明明,训练室舞蹈动作改变却一直没有告知邵明明,6,0.003563
chuang2021_042,邵明明,训练室被恶剪,6,0.003563
chuang2021_042,邵明明,请创造营节目组给出合理回答,6,0.003563
chuang2021_042,邵明明,请节目组对于压票恶剪等事情尽快给出解释回答,6,0.003563
chuang2021_042,邵明明,请节目组给压票一个合理回答,6,0.003563
chuang2021_042,邵明明,请问这就是鹅的维护吗,6,0.003563
chuang2021_042,邵明明,诺言,6,0.003563
chuang2021_042,邵明明,还是其他家没有人投票的解释,6,0.003563
chuang2021_042,邵明明,还是挡了已经预订的出道位,6,0.003563
chuang2021_042,邵明明,这已经不是节目第一次干这种事情了,6,0.003563
chuang2021_042,邵明明,这样的压票已经不是第一次了,6,0.003563
chuang2021_042,邵明明,这次投票,6,0.003563
chuang2021_042,邵明明,那么创造营节目组想给出什么样的解释,6,0.003563
chuang2021_042,邵明明,邵明明仍然拿下组内第二的名次,6,0.003563
chuang2021_042,邵明明,邵明明仍然认真对待舞台,6,0.003563
chuang2021_042,邵明明,邵明明从节目开播以来,6,0.003563
chuang2021_042,邵明明,邵明明全体粉丝抵制一切不公平待遇,6,0.003563
chuang2021_042,邵明明,邵明明在未参加此节目之前,6,0.003563
chuang2021_042,邵明明,邵明明是正经参加比赛的选手,6,0.003563
chuang2021_042,邵明明,邵明明的打投值为3286364,6,0.003563
chuang2021_042,邵明明,邵明明练舞多天,6,0.003563
chuang2021_042,邵明明,邵明明除了被骂,6,0.003563
chuang2021_042,邵明明,2021我向,5,0.002969
chuang2021_042,邵明明,一之濑飞鸟,5,0.002969
chuang2021_042,邵明明,上原一翔,5,0.002969
chuang2021_042,邵明明,任胤蓬,5,0.002969
chuang2021_042,邵明明,加油,5,0.002969
chuang2021_042,邵明明,吴海,5,0.002969
chuang2021_042,邵明明,尹浩宇,5,0.002969
chuang2021_042,邵明明,屈柏宇,5,0.002969
chuang2021_042,邵明明,快来为你支持的学员加油助力吧,5,0.002969
chuang2021_042,邵明明,胡烨韬,5,0.002969
chuang2021_042,邵明明,蒋敦豪,5,0.002969
chuang2021_042,邵明明,送出纯甄卡啦,5,0.002969
chuang2021_042,邵明明,韩佩泉,5,0.002969
chuang2021_042,邵明明,井汲大翔,4,0.002375
chuang2021_042,邵明明,佐藤永翔,4,0.002375
chuang2021_042,邵明明,刘聪,4,0.002375
chuang2021_042,邵明明,创4排名,4,0.002375
chuang2021_042,邵明明,创造营2021榜上支持你啦,4,0.002375
chuang2021_042,邵明明,创造营2021超话,4,0.002375
chuang2021_042,邵明明,力丸,4,0.002375
chuang2021_042,邵明明,加注能量啦,4,0.002375
chuang2021_042,邵明明,原部凌,4,0.002375
chuang2021_042,邵明明,叶皓然,4,0.002375
chuang2021_042,邵明明,和马,4,0.002375
chuang2021_042,邵明明,大卫,4,0.002375
chuang2021_042,邵明明,奥斯卡,4,0.002375
chuang2021_042,邵明明,怿涵,4,0.002375
chuang2021_042,邵明明,我在纯甄,4,0.002375
chuang2021_042,邵明明,明星势力榜第897位,4,0.002375
chuang2021_042,邵明明,李政庭,4,0.002375
chuang2021_042,邵明明,李沛洋,4,0.002375
chuang2021_042,邵明明,李泰龙,4,0.002375
chuang2021_042,邵明明,林豆,4,0.002375
chuang2021_042,邵明明,欢迎回家,4,0.002375
chuang2021_042,邵明明,米卡,4,0.002375
chuang2021_042,邵明明,腾讯视频,4,0.002375
chuang2021_042,邵明明,范臻尔,4,0.002375
chuang2021_042,邵明明,谢兴阳,4,0.002375
chuang2021_042,邵明明,赞多,4,0.002375
chuang2021_042,邵明明,邵明明没有被淘汰,4,0.002375
chuang2021_042,邵明明,郑明鑫,4,0.002375
chuang2021_042,邵明明,门胁慎刚,4,0.002375
chuang2021_042,邵明明,陆定昊,4,0.002375
chuang2021_042,邵明明,陈俊洁,4,0.002375
chuang2021_042,邵明明,1002全员给我冲,3,0.001781
chuang2021_042,邵明明,elec创nic,3,0.001781
chuang2021_042,邵明明,me,3,0.001781
chuang2021_042,邵明明,为梦想拼尽全力,3,0.001781
chuang2021_042,邵明明,于洋,3,0.001781
chuang2021_042,邵明明,何懿峻,3,0.001781
chuang2021_042,邵明明,你也快来为喜欢的学员助力吧,3,0.001781
chuang2021_042,邵明明,全世界最好的邵明明,3,0.001781
chuang2021_042,邵明明,关注,3,0.001781
chuang2021_042,邵明明,刘彰,3,0.001781
chuang2021_042,邵明明,创4学员同学录,3,0.001781
chuang2021_042,邵明明,利路修,3,0.001781
chuang2021_042,邵明明,名侦探学院超话,3,0.001781
chuang2021_042,邵明明,喜内优心,3,0.001781
chuang2021_042,邵明明,学员能量榜为,3,0.001781
chuang2021_042,邵明明,安迪,3,0.001781
chuang2021_042,邵明明,庆怜,3,0.001781
chuang2021_042,邵明明,张星特,3,0.001781
chuang2021_042,邵明明,张璋,3,0.001781
chuang2021_042,邵明明,徐绍岚,3,0.001781
chuang2021_042,邵明明,扬帆起航,3,0.001781
chuang2021_042,邵明明,曾涵江,3,0.001781
chuang2021_042,邵明明,李嘉祥,3,0.001781
chuang2021_042,邵明明,李家豪,3,0.001781
chuang2021_042,邵明明,林煜修,3,0.001781
chuang2021_042,邵明明,欢迎明明回家,3,0.001781
chuang2021_042,邵明明,网页链接,3,0.001781
chuang2021_042,邵明明,罗言,3,0.001781
chuang2021_042,邵明明,羽生田挙武,3,0.001781
chuang2021_042,邵明明,肖力桓,3,0.001781
chuang2021_042,邵明明,能为他争取到专属vlog拍摄机会,3,0.001781
chuang2021_042,邵明明,赖耀翔,3,0.001781
chuang2021_042,邵明明,跨海相聚,3,0.001781
chuang2021_042,邵明明,迷妹专访,3,0.001781
chuang2021_042,邵明明,醉拳,3,0.001781
chuang2021_042,邵明明,钱政宇,3,0.001781
chuang2021_042,邵明明,魏子越,3,0.001781
chuang2021_042,邵明明,88,2,0.001188
chuang2021_042,邵明明,amu羽生田挙武,2,0.001188
chuang2021_042,邵明明,are,2,0.001188
chuang2021_042,邵明明,boy,2,0.001188
chuang2021_042,邵明明,butter,2,0.001188
chuang2021_042,邵明明,fly,2,0.001188
chuang2021_042,邵明明,lover,2,0.001188
chuang2021_042,邵明明,radio,2,0.001188
chuang2021_042,邵明明,ready,2,0.001188
chuang2021_042,邵明明,we,2,0.001188
chuang2021_042,邵明明,yummy,2,0.001188
chuang2021_042,邵明明,yuu喜内优心,2,0.001188
chuang2021_042,邵明明,世界那么大,2,0.001188
chuang2021_042,邵明明,主题词唱歌环节是谁,2,0.001188
chuang2021_042,邵明明,何圳煜,2,0.001188
chuang2021_042,邵明明,作为怪物,2,0.001188
chuang2021_042,邵明明,冲冲冲,2,0.001188
chuang2021_042,邵明明,凌箫,2,0.001188
chuang2021_042,邵明明,刘严冬季,2,0.001188
chuang2021_042,邵明明,刘唐辉,2,0.001188
chuang2021_042,邵明明,卢克,2,0.001188
chuang2021_042,邵明明,又是什么让,2,0.001188
chuang2021_042,邵明明,发出鹅叫般笑声,2,0.001188
chuang2021_042,邵明明,夹带私货,2,0.001188
chuang2021_042,邵明明,女孩,2,0.001188
chuang2021_042,邵明明,学员专访,2,0.001188
chuang2021_042,邵明明,徐圣兹,2,0.001188
chuang2021_042,邵明明,微博正文,2,0.001188
chuang2021_042,邵明明,恭喜,2,0.001188
chuang2021_042,邵明明,慢慢来,2,0.001188
chuang2021_042,邵明明,我们一起闯,2,0.001188
chuang2021_042,邵明明,我欢喜喜欢你,2,0.001188
chuang2021_042,邵明明,戴学霖,2,0.001188
chuang2021_042,邵明明,明明加油,2,0.001188
chuang2021_042,邵明明,明明欢迎回家,2,0.001188
chuang2021_042,邵明明,曹左,2,0.001188
chuang2021_042,邵明明,最大的愿望是,2,0.001188
chuang2021_042,邵明明,李泽坤,2,0.001188
chuang2021_042,邵明明,正片为你揭秘,2,0.001188
chuang2021_042,邵明明,爱我ready,2,0.001188
chuang2021_042,邵明明,王泽浩,2,0.001188
chuang2021_042,邵明明,看创4记得撑腰么么哒,2,0.001188
chuang2021_042,邵明明,破茧,2,0.001188
chuang2021_042,邵明明,老妈妈,2,0.001188
chuang2021_042,邵明明,被韩老师开发了什么新的能力,2,0.001188
chuang2021_042,邵明明,谷柳霖,2,0.001188
chuang2021_042,邵明明,贵尚奇,2,0.001188
chuang2021_042,邵明明,超级冠军,2,0.001188
chuang2021_042,邵明明,都筑雄哉,2,0.001188
chuang2021_042,邵明明,酒醉的蝴蝶,2,0.001188
chuang2021_042,邵明明,阿克朱力,2,0.001188
chuang2021_042,邵明明,阿克朱立,2,0.001188
chuang2021_042,邵明明,陈瑞丰,2,0.001188
chuang2021_042,邵明明,隅田隼平,2,0.001188
chuang2021_042,邵明明,霓虹甜心,2,0.001188
chuang2021_042,邵明明,黄鲲,2,0.001188
chuang2021_043,李洛尔,李洛尔,87,0.059103
chuang2021_043,李洛尔,收起,42,0.028533
chuang2021_043,李洛尔,刘宇,31,0.02106
chuang2021_043,李洛尔,李洛尔超话,31,0.02106
chuang2021_043,李洛尔,高卿尘,22,0.014946
chuang2021_043,李洛尔,吴宇恒,17,0.011549
chuang2021_043,李洛尔,王孝辰,17,0.011549
chuang2021_043,李洛尔,赞多,16,0.01087
chuang2021_043,李洛尔,米卡,15,0.01019
chuang2021_043,李洛尔,薛八一,15,0.01019
chuang2021_043,李洛尔,力丸,14,0.009511
chuang2021_043,李洛尔,吴海,14,0.009511
chuang2021_043,李洛尔,庆怜,14,0.009511
chuang2021_043,李洛尔,邵明明,14,0.009511
chuang2021_043,李洛尔,韦语节,14,0.009511
chuang2021_043,李洛尔,于洋,13,0.008832
chuang2021_043,李洛尔,付思超,13,0.008832
chuang2021_043,李洛尔,伯远,13,0.008832
chuang2021_043,李洛尔,俞更寅,13,0.008832
chuang2021_043,李洛尔,创造营2021超话,13,0.008832
chuang2021_043,李洛尔,利路修,13,0.008832
chuang2021_043,李洛尔,尹浩宇,13,0.008832
chuang2021_043,李洛尔,张星特,13,0.008832
chuang2021_043,李洛尔,荣耀,13,0.008832
chuang2021_043,李洛尔,和马,12,0.008152
chuang2021_043,李洛尔,奥斯卡,12,0.008152
chuang2021_043,李洛尔,曾涵江,12,0.008152
chuang2021_043,李洛尔,任胤蓬,11,0.007473
chuang2021_043,李洛尔,周柯宇,11,0.007473
chuang2021_043,李洛尔,张嘉元,11,0.007473
chuang2021_043,李洛尔,张欣尧,11,0.007473
chuang2021_043,李洛尔,林墨,11,0.007473
chuang2021_043,李洛尔,甘望星,11,0.007473
chuang2021_043,李洛尔,井汲大翔,10,0.006793
chuang2021_043,李洛尔,井胧,10,0.006793
chuang2021_043,李洛尔,佐藤永翔,10,0.006793
chuang2021_043,李洛尔,张腾,10,0.006793
chuang2021_043,李洛尔,罗言,10,0.006793
chuang2021_043,李洛尔,谢兴阳,10,0.006793
chuang2021_043,李洛尔,魏子越,10,0.006793
chuang2021_043,李洛尔,黄鲲,10,0.006793
chuang2021_043,李洛尔,上原一翔,9,0.006114
chuang2021_043,李洛尔,代少冬,9,0.006114
chuang2021_043,李洛尔,何屹繁,9,0.006114
chuang2021_043,李洛尔,刘彰,9,0.006114
chuang2021_043,李洛尔,原部凌,9,0.006114
chuang2021_043,李洛尔,大卫,9,0.006114
chuang2021_043,李洛尔,屈柏宇,9,0.006114
chuang2021_043,李洛尔,怿涵,9,0.006114
chuang2021_043,李洛尔,曹左,9,0.006114
chuang2021_043,李洛尔,李政庭,9,0.006114
chuang2021_043,李洛尔,李洛尔发言水平,9,0.006114
chuang2021_043,李洛尔,羽生田挙武,9,0.006114
chuang2021_043,李洛尔,胡烨韬,9,0.006114
chuang2021_043,李洛尔,蒋敦豪,9,0.006114
chuang2021_043,李洛尔,赖耀翔,9,0.006114
chuang2021_043,李洛尔,陆定昊,9,0.006114
chuang2021_043,李洛尔,韩佩泉,9,0.006114
chuang2021_043,李洛尔,boy,8,0.005435
chuang2021_043,李洛尔,何圳煜,8,0.005435
chuang2021_043,李洛尔,何懿峻,8,0.005435
chuang2021_043,李洛尔,刘唐辉,8,0.005435
chuang2021_043,李洛尔,刘聪,8,0.005435
chuang2021_043,李洛尔,叶皓然,8,0.005435
chuang2021_043,李洛尔,喜内优心,8,0.005435
chuang2021_043,李洛尔,张璋,8,0.005435
chuang2021_043,李洛尔,徐圣兹,8,0.005435
chuang2021_043,李洛尔,徐绍岚,8,0.005435
chuang2021_043,李洛尔,李嘉祥,8,0.005435
chuang2021_043,李洛尔,李家豪,8,0.005435
chuang2021_043,李洛尔,李沛洋,8,0.005435
chuang2021_043,李洛尔,李泽坤,8,0.005435
chuang2021_043,李洛尔,李洛尔编曲才华,8,0.005435
chuang2021_043,李洛尔,林煜修,8,0.005435
chuang2021_043,李洛尔,林豆,8,0.005435
chuang2021_043,李洛尔,范臻尔,8,0.005435
chuang2021_043,李洛尔,诺言,8,0.005435
chuang2021_043,李洛尔,谷柳霖,8,0.005435
chuang2021_043,李洛尔,贵尚奇,8,0.005435
chuang2021_043,李洛尔,郑明鑫,8,0.005435
chuang2021_043,李洛尔,钱政宇,8,0.005435
chuang2021_043,李洛尔,陈俊洁,8,0.005435
chuang2021_043,李洛尔,陈瑞丰,8,0.005435
chuang2021_043,李洛尔,88,7,0.004755
chuang2021_043,李洛尔,butter,7,0.004755
chuang2021_043,李洛尔,fly,7,0.004755
chuang2021_043,李洛尔,lit,7,0.004755
chuang2021_043,李洛尔,lover,7,0.004755
chuang2021_043,李洛尔,me,7,0.004755
chuang2021_043,李洛尔,radio,7,0.004755
chuang2021_043,李洛尔,you,7,0.004755
chuang2021_043,李洛尔,一之濑飞鸟,7,0.004755
chuang2021_043,李洛尔,凌箫,7,0.004755
chuang2021_043,李洛尔,刘严冬季,7,0.004755
chuang2021_043,李洛尔,卢克,7,0.004755
chuang2021_043,李洛尔,安迪,7,0.004755
chuang2021_043,李洛尔,李泰龙,7,0.004755
chuang2021_043,李洛尔,李洛尔选莲的原因,7,0.004755
chuang2021_043,李洛尔,王泽浩,7,0.004755
chuang2021_043,李洛尔,营间清醒,7,0.004755
chuang2021_043,李洛尔,都筑雄哉,7,0.004755
chuang2021_043,李洛尔,门胁慎刚,7,0.004755
chuang2021_043,李洛尔,阿克朱力,7,0.004755
chuang2021_043,李洛尔,隅田隼平,7,0.004755
chuang2021_043,李洛尔,ready,6,0.004076
chuang2021_043,李洛尔,yummy,6,0.004076
chuang2021_043,李洛尔,作为怪物,6,0.004076
chuang2021_043,李洛尔,创造营2021李洛尔,6,0.004076
chuang2021_043,李洛尔,加油,6,0.004076
chuang2021_043,李洛尔,女孩,6,0.004076
chuang2021_043,李洛尔,我欢喜喜欢你,6,0.004076
chuang2021_043,李洛尔,爱我ready,6,0.004076
chuang2021_043,李洛尔,田口馨也,6,0.004076
chuang2021_043,李洛尔,破茧,6,0.004076
chuang2021_043,李洛尔,肖力桓,6,0.004076
chuang2021_043,李洛尔,超级冠军,6,0.004076
chuang2021_043,李洛尔,醉拳,6,0.004076
chuang2021_043,李洛尔,霓虹甜心,6,0.004076
chuang2021_043,李洛尔,elec创nic,5,0.003397
chuang2021_043,李洛尔,创4电子国风版主题曲,5,0.003397
chuang2021_043,李洛尔,我们素未谋面却息息相关,5,0.003397
chuang2021_043,李洛尔,黑人牙膏白酵素助力创造营李洛尔闪耀闯关,5,0.003397
chuang2021_043,李洛尔,ig,4,0.002717
chuang2021_043,李洛尔,zoksound,4,0.002717
chuang2021_043,李洛尔,从零开始就像飞蛾扑火,4,0.002717
chuang2021_043,李洛尔,创4一公分组,4,0.002717
chuang2021_043,李洛尔,创造营排名,4,0.002717
chuang2021_043,李洛尔,微博爱豆的微博视频,4,0.002717
chuang2021_043,李洛尔,更新一则,4,0.002717
chuang2021_043,李洛尔,李洛尔写给刘宇的信,4,0.002717
chuang2021_043,李洛尔,腾讯视频,4,0.002717
chuang2021_043,李洛尔,05,3,0.002038
chuang2021_043,李洛尔,2020,3,0.002038
chuang2021_043,李洛尔,2021,3,0.002038
chuang2021_043,李洛尔,21,3,0.002038
chuang2021_043,李洛尔,一公分组,3,0.002038
chuang2021_043,李洛尔,中国传统的五声音阶,3,0.002038
chuang2021_043,李洛尔,但是,3,0.002038
chuang2021_043,李洛尔,刘宇超话,3,0.002038
chuang2021_043,李洛尔,创造营成团夜,3,0.002038
chuang2021_043,李洛尔,实力,3,0.002038
chuang2021_043,李洛尔,想念演出,3,0.002038
chuang2021_043,李洛尔,我应该用我的努力避免他们的失望,3,0.002038
chuang2021_043,李洛尔,李洛尔ins搬运,3,0.002038
chuang2021_043,李洛尔,的微博视频,3,0.002038
chuang2021_043,李洛尔,考古,3,0.002038
chuang2021_043,李洛尔,而不是通过选别的歌来避免这种失望,3,0.002038
chuang2021_043,李洛尔,跟着李洛尔学英语,3,0.002038
chuang2021_043,李洛尔,黑人牙膏白酵素助力创造营刘宇闪耀闯关,3,0.002038
chuang2021_043,李洛尔,04,2,0.001359
chuang2021_043,李洛尔,10,2,0.001359
chuang2021_043,李洛尔,20210226,2,0.001359
chuang2021_043,李洛尔,20210313,2,0.001359
chuang2021_043,李洛尔,ak,2,0.001359
chuang2021_043,李洛尔,amu,2,0.001359
chuang2021_043,李洛尔,ly,2,0.001359
chuang2021_043,李洛尔,一公舞台选,2,0.001359
chuang2021_043,李洛尔,下班,2,0.001359
chuang2021_043,李洛尔,不早不晚,2,0.001359
chuang2021_043,李洛尔,中国传统乐器和,2,0.001359
chuang2021_043,李洛尔,中国传统的五声音阶结合在一起,2,0.001359
chuang2021_043,李洛尔,也是一次大挑战,2,0.001359
chuang2021_043,李洛尔,二创的舞台上,2,0.001359
chuang2021_043,李洛尔,今日打卡,2,0.001359
chuang2021_043,李洛尔,他将呼麦,2,0.001359
chuang2021_043,李洛尔,你值得,2,0.001359
chuang2021_043,李洛尔,你知道dj吗,2,0.001359
chuang2021_043,李洛尔,全能唱作人,2,0.001359
chuang2021_043,李洛尔,冲呀,2,0.001359
chuang2021_043,李洛尔,刘宇第一,2,0.001359
chuang2021_043,李洛尔,创造营2021首次顺位排名宣布之后,2,0.001359
chuang2021_043,李洛尔,又很愿意融入其他学员,2,0.001359
chuang2021_043,李洛尔,可可爱爱,2,0.001359
chuang2021_043,李洛尔,和谐而又悦耳,2,0.001359
chuang2021_043,李洛尔,喜欢你,2,0.001359
chuang2021_043,李洛尔,国风跟电子结合是一件很难但又很酷的事情,2,0.001359
chuang2021_043,李洛尔,头脑,2,0.001359
chuang2021_043,李洛尔,宫商角徵羽,2,0.001359
chuang2021_043,李洛尔,小九,2,0.001359
chuang2021_043,李洛尔,弟弟考虑出个语录吧,2,0.001359
chuang2021_043,李洛尔,往前冲,2,0.001359
chuang2021_043,李洛尔,快来康康,2,0.001359
chuang2021_043,李洛尔,成功用全新编曲颠覆你的想象,2,0.001359
chuang2021_043,李洛尔,成功融合到了电音之中,2,0.001359
chuang2021_043,李洛尔,我们素未谋面,2,0.001359
chuang2021_043,李洛尔,我会把这个第一名坐到底,2,0.001359
chuang2021_043,李洛尔,我想给自己一个这样的挑战,2,0.001359
chuang2021_043,李洛尔,敲敲,2,0.001359
chuang2021_043,李洛尔,新浪综艺的微博视频,2,0.001359
chuang2021_043,李洛尔,明星势力榜的微博视频,2,0.001359
chuang2021_043,李洛尔,期待表现,2,0.001359
chuang2021_043,李洛尔,未来可期,2,0.001359
chuang2021_043,李洛尔,李洛尔zok,2,0.001359
chuang2021_043,李洛尔,李洛尔温柔,2,0.001359
chuang2021_043,李洛尔,果然是全营上下纷纷争抢的编曲能力者,2,0.001359
chuang2021_043,李洛尔,每日学习打卡汇总贴,2,0.001359
chuang2021_043,李洛尔,电子音乐高级玩家,2,0.001359
chuang2021_043,李洛尔,电音还能和国风融合,2,0.001359
chuang2021_043,李洛尔,看似有自己的世界,2,0.001359
chuang2021_043,李洛尔,真的是营间清醒,2,0.001359
chuang2021_043,李洛尔,表达更是绝绝子,2,0.001359
chuang2021_043,李洛尔,请大家在此贴打卡评论今日份英文单词学习,2,0.001359
chuang2021_043,李洛尔,跟着李洛尔学单词,2,0.001359
chuang2021_043,李洛尔,输出的观点都很有想法,2,0.001359
chuang2021_043,李洛尔,还参考了,2,0.001359
chuang2021_043,李洛尔,逻辑清晰,2,0.001359
chuang2021_043,李洛尔,音乐天才入股不亏,2,0.001359
chuang2021_044,于洋,于洋,83,0.055593
chuang2021_044,于洋,收起,69,0.046216
chuang2021_044,于洋,赞多,67,0.044876
chuang2021_044,于洋,力丸,28,0.018754
chuang2021_044,于洋,米卡,23,0.015405
chuang2021_044,于洋,刘宇,21,0.014066
chuang2021_044,于洋,刘彰,20,0.013396
chuang2021_044,于洋,庆怜,20,0.013396
chuang2021_044,于洋,奥斯卡,18,0.012056
chuang2021_044,于洋,尹浩宇,18,0.012056
chuang2021_044,于洋,赞多跳舞用了于洋的歌,18,0.012056
chuang2021_044,于洋,伯远,17,0.011386
chuang2021_044,于洋,周柯宇,16,0.010717
chuang2021_044,于洋,林墨,16,0.010717
chuang2021_044,于洋,赞多因为于洋学习了温柔的中文,16,0.010717
chuang2021_044,于洋,和马,15,0.010047
chuang2021_044,于洋,俞更寅,14,0.009377
chuang2021_044,于洋,吴宇恒,14,0.009377
chuang2021_044,于洋,创造营2021超话,13,0.008707
chuang2021_044,于洋,于洋yueayon超话,12,0.008038
chuang2021_044,于洋,张星特,12,0.008038
chuang2021_044,于洋,甘望星,12,0.008038
chuang2021_044,于洋,井胧,11,0.007368
chuang2021_044,于洋,微博综艺的微博视频,11,0.007368
chuang2021_044,于洋,胡烨韬,11,0.007368
chuang2021_044,于洋,付思超,10,0.006698
chuang2021_044,于洋,利路修,10,0.006698
chuang2021_044,于洋,张嘉元,10,0.006698
chuang2021_044,于洋,me,9,0.006028
chuang2021_044,于洋,井汲大翔,9,0.006028
chuang2021_044,于洋,创造营2021于洋,9,0.006028
chuang2021_044,于洋,韩佩泉,9,0.006028
chuang2021_044,于洋,高卿尘,9,0.006028
chuang2021_044,于洋,上原一翔,8,0.005358
chuang2021_044,于洋,代少冬,8,0.005358
chuang2021_044,于洋,任胤蓬,8,0.005358
chuang2021_044,于洋,原部凌,8,0.005358
chuang2021_044,于洋,吴海,8,0.005358
chuang2021_044,于洋,蒋敦豪,8,0.005358
chuang2021_044,于洋,薛八一,8,0.005358
chuang2021_044,于洋,ak,7,0.004689
chuang2021_044,于洋,一年后,7,0.004689
chuang2021_044,于洋,佐藤永翔,7,0.004689
chuang2021_044,于洋,刘严冬季,7,0.004689
chuang2021_044,于洋,十年后,7,0.004689
chuang2021_044,于洋,喜内优心,7,0.004689
chuang2021_044,于洋,大卫,7,0.004689
chuang2021_044,于洋,张欣尧,7,0.004689
chuang2021_044,于洋,张腾,7,0.004689
chuang2021_044,于洋,明星势力榜,7,0.004689
chuang2021_044,于洋,曾涵江,7,0.004689
chuang2021_044,于洋,王孝辰,7,0.004689
chuang2021_044,于洋,破茧,7,0.004689
chuang2021_044,于洋,荣耀,7,0.004689
chuang2021_044,于洋,诺言,7,0.004689
chuang2021_044,于洋,谢兴阳,7,0.004689
chuang2021_044,于洋,赖耀翔,7,0.004689
chuang2021_044,于洋,魏子越,7,0.004689
chuang2021_044,于洋,2021,6,0.004019
chuang2021_044,于洋,88,6,0.004019
chuang2021_044,于洋,boy,6,0.004019
chuang2021_044,于洋,lover,6,0.004019
chuang2021_044,于洋,radio,6,0.004019
chuang2021_044,于洋,ready,6,0.004019
chuang2021_044,于洋,santa赞多超话,6,0.004019
chuang2021_044,于洋,you,6,0.004019
chuang2021_044,于洋,yummy,6,0.004019
chuang2021_044,于洋,何圳煜,6,0.004019
chuang2021_044,于洋,作为怪物,6,0.004019
chuang2021_044,于洋,刘唐辉,6,0.004019
chuang2021_044,于洋,只要你来中国,6,0.004019
chuang2021_044,于洋,女孩,6,0.004019
chuang2021_044,于洋,安迪,6,0.004019
chuang2021_044,于洋,屈柏宇,6,0.004019
chuang2021_044,于洋,张璋,6,0.004019
chuang2021_044,于洋,徐圣兹,6,0.004019
chuang2021_044,于洋,我用温柔这个中文的时候我的脑子只会想到于洋,6,0.004019
chuang2021_044,于洋,所以不管是一个月后,6,0.004019
chuang2021_044,于洋,曹左,6,0.004019
chuang2021_044,于洋,李嘉祥,6,0.004019
chuang2021_044,于洋,林煜修,6,0.004019
chuang2021_044,于洋,羽生田挙武,6,0.004019
chuang2021_044,于洋,肖力桓,6,0.004019
chuang2021_044,于洋,范臻尔,6,0.004019
chuang2021_044,于洋,谷柳霖,6,0.004019
chuang2021_044,于洋,超级冠军,6,0.004019
chuang2021_044,于洋,邵明明,6,0.004019
chuang2021_044,于洋,醉拳,6,0.004019
chuang2021_044,于洋,门胁慎刚,6,0.004019
chuang2021_044,于洋,陆定昊,6,0.004019
chuang2021_044,于洋,隅田隼平,6,0.004019
chuang2021_044,于洋,霓虹甜心,6,0.004019
chuang2021_044,于洋,黄鲲,6,0.004019
chuang2021_044,于洋,butter,5,0.003349
chuang2021_044,于洋,fly,5,0.003349
chuang2021_044,于洋,yy,5,0.003349
chuang2021_044,于洋,一之濑飞鸟,5,0.003349
chuang2021_044,于洋,不管多远都会去迎接你,5,0.003349
chuang2021_044,于洋,何屹繁,5,0.003349
chuang2021_044,于洋,何懿峻,5,0.003349
chuang2021_044,于洋,做第一个迎接你的人,5,0.003349
chuang2021_044,于洋,凌箫,5,0.003349
chuang2021_044,于洋,刘聪,5,0.003349
chuang2021_044,于洋,卢克,5,0.003349
chuang2021_044,于洋,叶皓然,5,0.003349
chuang2021_044,于洋,因为他去学习了温柔的中文,5,0.003349
chuang2021_044,于洋,徐绍岚,5,0.003349
chuang2021_044,于洋,怿涵,5,0.003349
chuang2021_044,于洋,我欢喜喜欢你,5,0.003349
chuang2021_044,于洋,新浪综艺的微博视频,5,0.003349
chuang2021_044,于洋,李家豪,5,0.003349
chuang2021_044,于洋,李政庭,5,0.003349
chuang2021_044,于洋,李泰龙,5,0.003349
chuang2021_044,于洋,李泽坤,5,0.003349
chuang2021_044,于洋,李洛尔,5,0.003349
chuang2021_044,于洋,林豆,5,0.003349
chuang2021_044,于洋,爱我ready,5,0.003349
chuang2021_044,于洋,王泽浩,5,0.003349
chuang2021_044,于洋,田口馨也,5,0.003349
chuang2021_044,于洋,罗言,5,0.003349
chuang2021_044,于洋,贵尚奇,5,0.003349
chuang2021_044,于洋,这是我在创造营2021跟你的约定,5,0.003349
chuang2021_044,于洋,郑明鑫,5,0.003349
chuang2021_044,于洋,都筑雄哉,5,0.003349
chuang2021_044,于洋,钱政宇,5,0.003349
chuang2021_044,于洋,阿克朱力,5,0.003349
chuang2021_044,于洋,陈俊洁,5,0.003349
chuang2021_044,于洋,陈瑞丰,5,0.003349
chuang2021_044,于洋,韦语节,5,0.003349
chuang2021_044,于洋,lit,4,0.002679
chuang2021_044,于洋,你是我今生唯一的执著哦,4,0.002679
chuang2021_044,于洋,我在,4,0.002679
chuang2021_044,于洋,明星势力榜第233位,4,0.002679
chuang2021_044,于洋,李沛洋,4,0.002679
chuang2021_044,于洋,棒棒哒,4,0.002679
chuang2021_044,于洋,温柔,4,0.002679
chuang2021_044,于洋,离刻,4,0.002679
chuang2021_044,于洋,练习生榜上为你加油啦,4,0.002679
chuang2021_044,于洋,赞多第二,4,0.002679
chuang2021_044,于洋,14,3,0.002009
chuang2021_044,于洋,ps,3,0.002009
chuang2021_044,于洋,the,3,0.002009
chuang2021_044,于洋,vocal,3,0.002009
chuang2021_044,于洋,于洋battle赢ak,3,0.002009
chuang2021_044,于洋,于洋从淘汰位置跑去拥抱赞多,3,0.002009
chuang2021_044,于洋,于洋在发表感言时也说,3,0.002009
chuang2021_044,于洋,其中温柔一词是给,3,0.002009
chuang2021_044,于洋,创4排名,3,0.002009
chuang2021_044,于洋,创造营2021第二次顺位发布的时候,3,0.002009
chuang2021_044,于洋,创造营成团夜,3,0.002009
chuang2021_044,于洋,创造营排名,3,0.002009
chuang2021_044,于洋,创造营闯人battle魂,3,0.002009
chuang2021_044,于洋,力丸帅,3,0.002009
chuang2021_044,于洋,发表感言说在创造营2021我学会了三个关键词,3,0.002009
chuang2021_044,于洋,吉祥弟弟,3,0.002009
chuang2021_044,于洋,周震南,3,0.002009
chuang2021_044,于洋,在力丸给,3,0.002009
chuang2021_044,于洋,很擅长编舞,3,0.002009
chuang2021_044,于洋,得到,3,0.002009
chuang2021_044,于洋,排名不分先后,3,0.002009
chuang2021_044,于洋,的成绩,3,0.002009
chuang2021_044,于洋,赞多埋在于洋肩膀上痛哭的时候真的让人泪目,3,0.002009
chuang2021_044,于洋,赞就丸了,3,0.002009
chuang2021_044,于洋,这两人的感情也太好哭了,3,0.002009
chuang2021_044,于洋,黑人牙膏白酵素助力创造营于洋闪耀闯关,3,0.002009
chuang2021_044,于洋,黑人牙膏白酵素助力创造营赞多闪耀闯关,3,0.002009
chuang2021_044,于洋,11,2,0.00134
chuang2021_044,于洋,13,2,0.00134
chuang2021_044,于洋,ak输得也光荣啦,2,0.00134
chuang2021_044,于洋,battle是共同进步,2,0.00134
chuang2021_044,于洋,by,2,0.00134
chuang2021_044,于洋,dancer,2,0.00134
chuang2021_044,于洋,fix,2,0.00134
chuang2021_044,于洋,love,2,0.00134
chuang2021_044,于洋,myself,2,0.00134
chuang2021_044,于洋,r1se,2,0.00134
chuang2021_044,于洋,rapper,2,0.00134
chuang2021_044,于洋,vs鸭鸭的,2,0.00134
chuang2021_044,于洋,yuu,2,0.00134
chuang2021_044,于洋,一公分组,2,0.00134
chuang2021_044,于洋,一起为他助力戳,2,0.00134
chuang2021_044,于洋,不忘初心,2,0.00134
chuang2021_044,于洋,不想做赞多妹夫,2,0.00134
chuang2021_044,于洋,为405拉票,2,0.00134
chuang2021_044,于洋,之间的battle,2,0.00134
chuang2021_044,于洋,也恭喜于洋用实力守住a班席位,2,0.00134
chuang2021_044,于洋,于洋原创杀手锏,2,0.00134
chuang2021_044,于洋,于洋直播,2,0.00134
chuang2021_044,于洋,于洋直播赞多相关,2,0.00134
chuang2021_044,于洋,你一定能拿下,2,0.00134
chuang2021_044,于洋,创4一公分组,2,0.00134
chuang2021_044,于洋,创造营2021榜,2,0.00134
chuang2021_044,于洋,创造营2021榜好成绩,2,0.00134
chuang2021_044,于洋,创造营大岛日记,2,0.00134
chuang2021_044,于洋,加油,2,0.00134
chuang2021_044,于洋,加注能量啦,2,0.00134
chuang2021_044,于洋,助你获得惊喜vlog拍摄机会,2,0.00134
chuang2021_044,于洋,发起人团成员,2,0.00134
chuang2021_044,于洋,哪里还有,2,0.00134
chuang2021_044,于洋,唱跳俱佳,2,0.00134
chuang2021_044,于洋,因为于洋,2,0.00134
chuang2021_044,于洋,在friends组二创主题曲时,2,0.00134
chuang2021_044,于洋,学员能量榜为你,2,0.00134
chuang2021_044,于洋,宝贝,2,0.00134
chuang2021_044,于洋,小九,2,0.00134
chuang2021_044,于洋,希望弟弟们都在battle中一起成长,2,0.00134
chuang2021_044,于洋,庆怜超话,2,0.00134
chuang2021_044,于洋,很愿意送衣服给他,2,0.00134
chuang2021_044,于洋,心炼,2,0.00134
chuang2021_044,于洋,总决赛回岛和赞多有秘密,2,0.00134
chuang2021_044,于洋,想做多妹的哥哥,2,0.00134
chuang2021_044,于洋,想到南南学长说的battle是一种对对手的尊重了,2,0.00134
chuang2021_044,于洋,想让更多人看到如此优秀的你,2,0.00134
chuang2021_044,于洋,成团是他们梦寐以求,2,0.00134
chuang2021_044,于洋,我在纯甄,2,0.00134
chuang2021_044,于洋,所以自己和力丸合作的时候会很放心很踏实,2,0.00134
chuang2021_044,于洋,掰头环节,2,0.00134
chuang2021_044,于洋,提拉海明的微博视频,2,0.00134
chuang2021_044,于洋,收获满满,2,0.00134
chuang2021_044,于洋,方得始终,2,0.00134
chuang2021_044,于洋,正经示范动作时,2,0.00134
chuang2021_044,于洋,永不失联的爱,2,0.00134
chuang2021_044,于洋,沸羊羊,2,0.00134
chuang2021_044,于洋,爱你,2,0.00134
chuang2021_044,于洋,爸爸,2,0.00134
chuang2021_044,于洋,真正的掰头不是厮杀,2,0.00134
chuang2021_044,于洋,网页链接,2,0.00134
chuang2021_044,于洋,而是好朋友之间通过battle互相进步,2,0.00134
chuang2021_044,于洋,腾讯视频,2,0.00134
chuang2021_044,于洋,表示特别欣赏,2,0.00134
chuang2021_044,于洋,请问,2,0.00134
chuang2021_044,于洋,赖耀祥,2,0.00134
chuang2021_044,于洋,赞多为力丸捧哏,2,0.00134
chuang2021_044,于洋,赞多又像小朋友一样在旁边一直捧哏说,2,0.00134
chuang2021_044,于洋,赞多睡觉不打呼,2,0.00134
chuang2021_044,于洋,赞多衣服太少,2,0.00134
chuang2021_044,于洋,赞多表示,2,0.00134
chuang2021_044,于洋,赞多通宵学中文,2,0.00134
chuang2021_044,于洋,跟赞多同桌会做什么,2,0.00134
chuang2021_044,于洋,这个小朋友是有点可爱,2,0.00134
chuang2021_044,于洋,这样的神仙朋友请来一打,2,0.00134
chuang2021_045,王孝辰,王孝辰,111,0.065603
chuang2021_045,王孝辰,王孝辰超话,35,0.020686
chuang2021_045,王孝辰,收起,30,0.01773
chuang2021_045,王孝辰,刘宇,29,0.017139
chuang2021_045,王孝辰,创造营2021王孝辰,27,0.015957
chuang2021_045,王孝辰,利路修,26,0.015366
chuang2021_045,王孝辰,李洛尔,22,0.013002
chuang2021_045,王孝辰,高卿尘,22,0.013002
chuang2021_045,王孝辰,薛八一,21,0.012411
chuang2021_045,王孝辰,明星势力榜,20,0.01182
chuang2021_045,王孝辰,韦语节,19,0.011229
chuang2021_045,王孝辰,邵明明,18,0.010638
chuang2021_045,王孝辰,荣耀,17,0.010047
chuang2021_045,王孝辰,吴宇恒,16,0.009456
chuang2021_045,王孝辰,谢兴阳,16,0.009456
chuang2021_045,王孝辰,赞多,16,0.009456
chuang2021_045,王孝辰,井汲大翔,15,0.008865
chuang2021_045,王孝辰,井胧,15,0.008865
chuang2021_045,王孝辰,伯远,15,0.008865
chuang2021_045,王孝辰,俞更寅,15,0.008865
chuang2021_045,王孝辰,吴海,15,0.008865
chuang2021_045,王孝辰,奥斯卡,15,0.008865
chuang2021_045,王孝辰,米卡,15,0.008865
chuang2021_045,王孝辰,付思超,14,0.008274
chuang2021_045,王孝辰,尹浩宇,14,0.008274
chuang2021_045,王孝辰,庆怜,14,0.008274
chuang2021_045,王孝辰,张欣尧,14,0.008274
chuang2021_045,王孝辰,林墨,14,0.008274
chuang2021_045,王孝辰,甘望星,14,0.008274
chuang2021_045,王孝辰,魏子越,14,0.008274
chuang2021_045,王孝辰,上原一翔,13,0.007683
chuang2021_045,王孝辰,于洋,13,0.007683
chuang2021_045,王孝辰,代少冬,13,0.007683
chuang2021_045,王孝辰,任胤蓬,13,0.007683
chuang2021_045,王孝辰,力丸,13,0.007683
chuang2021_045,王孝辰,周柯宇,13,0.007683
chuang2021_045,王孝辰,张嘉元,13,0.007683
chuang2021_045,王孝辰,张星特,13,0.007683
chuang2021_045,王孝辰,张腾,13,0.007683
chuang2021_045,王孝辰,胡烨韬,13,0.007683
chuang2021_045,王孝辰,佐藤永翔,12,0.007092
chuang2021_045,王孝辰,屈柏宇,12,0.007092
chuang2021_045,王孝辰,罗言,12,0.007092
chuang2021_045,王孝辰,蒋敦豪,12,0.007092
chuang2021_045,王孝辰,何圳煜,11,0.006501
chuang2021_045,王孝辰,何屹繁,11,0.006501
chuang2021_045,王孝辰,叶皓然,11,0.006501
chuang2021_045,王孝辰,和马,11,0.006501
chuang2021_045,王孝辰,张璋,11,0.006501
chuang2021_045,王孝辰,曾涵江,11,0.006501
chuang2021_045,王孝辰,李政庭,11,0.006501
chuang2021_045,王孝辰,羽生田挙武,11,0.006501
chuang2021_045,王孝辰,诺言,11,0.006501
chuang2021_045,王孝辰,陆定昊,11,0.006501
chuang2021_045,王孝辰,韩佩泉,11,0.006501
chuang2021_045,王孝辰,一之濑飞鸟,10,0.00591
chuang2021_045,王孝辰,何懿峻,10,0.00591
chuang2021_045,王孝辰,刘彰,10,0.00591
chuang2021_045,王孝辰,加油,10,0.00591
chuang2021_045,王孝辰,大卫,10,0.00591
chuang2021_045,王孝辰,安迪,10,0.00591
chuang2021_045,王孝辰,明星势力榜第103位,10,0.00591
chuang2021_045,王孝辰,范臻尔,10,0.00591
chuang2021_045,王孝辰,贵尚奇,10,0.00591
chuang2021_045,王孝辰,赖耀翔,10,0.00591
chuang2021_045,王孝辰,黄鲲,10,0.00591
chuang2021_045,王孝辰,刘唐辉,9,0.005319
chuang2021_045,王孝辰,刘聪,9,0.005319
chuang2021_045,王孝辰,原部凌,9,0.005319
chuang2021_045,王孝辰,喜内优心,9,0.005319
chuang2021_045,王孝辰,徐圣兹,9,0.005319
chuang2021_045,王孝辰,徐绍岚,9,0.005319
chuang2021_045,王孝辰,怿涵,9,0.005319
chuang2021_045,王孝辰,曹左,9,0.005319
chuang2021_045,王孝辰,李沛洋,9,0.005319
chuang2021_045,王孝辰,李泽坤,9,0.005319
chuang2021_045,王孝辰,林煜修,9,0.005319
chuang2021_045,王孝辰,郑明鑫,9,0.005319
chuang2021_045,王孝辰,陈俊洁,9,0.005319
chuang2021_045,王孝辰,陈瑞丰,9,0.005319
chuang2021_045,王孝辰,me,8,0.004728
chuang2021_045,王孝辰,为梦想拼尽全力,8,0.004728
chuang2021_045,王孝辰,创造营2021榜上支持你啦,8,0.004728
chuang2021_045,王孝辰,创造营2021超话,8,0.004728
chuang2021_045,王孝辰,利路修lelush超话,8,0.004728
chuang2021_045,王孝辰,扬帆起航,8,0.004728
chuang2021_045,王孝辰,李嘉祥,8,0.004728
chuang2021_045,王孝辰,李家豪,8,0.004728
chuang2021_045,王孝辰,林豆,8,0.004728
chuang2021_045,王孝辰,爱我ready,8,0.004728
chuang2021_045,王孝辰,腾讯视频,8,0.004728
chuang2021_045,王孝辰,谷柳霖,8,0.004728
chuang2021_045,王孝辰,跨海相聚,8,0.004728
chuang2021_045,王孝辰,钱政宇,8,0.004728
chuang2021_045,王孝辰,门胁慎刚,8,0.004728
chuang2021_045,王孝辰,隅田隼平,8,0.004728
chuang2021_045,王孝辰,elec创nic,7,0.004137
chuang2021_045,王孝辰,ready,7,0.004137
chuang2021_045,王孝辰,一起为他助力戳,7,0.004137
chuang2021_045,王孝辰,不忘初心,7,0.004137
chuang2021_045,王孝辰,你一定能拿下,7,0.004137
chuang2021_045,王孝辰,凌箫,7,0.004137
chuang2021_045,王孝辰,刘严冬季,7,0.004137
chuang2021_045,王孝辰,创造营2021榜,7,0.004137
chuang2021_045,王孝辰,创造营2021榜好成绩,7,0.004137
chuang2021_045,王孝辰,卢克,7,0.004137
chuang2021_045,王孝辰,女孩,7,0.004137
chuang2021_045,王孝辰,我欢喜喜欢你,7,0.004137
chuang2021_045,王孝辰,方得始终,7,0.004137
chuang2021_045,王孝辰,李泰龙,7,0.004137
chuang2021_045,王孝辰,王泽浩,7,0.004137
chuang2021_045,王孝辰,都筑雄哉,7,0.004137
chuang2021_045,王孝辰,阿克朱力,7,0.004137
chuang2021_045,王孝辰,88,6,0.003546
chuang2021_045,王孝辰,boy,6,0.003546
chuang2021_045,王孝辰,butter,6,0.003546
chuang2021_045,王孝辰,fly,6,0.003546
chuang2021_045,王孝辰,lit,6,0.003546
chuang2021_045,王孝辰,lover,6,0.003546
chuang2021_045,王孝辰,radio,6,0.003546
chuang2021_045,王孝辰,wxc,6,0.003546
chuang2021_045,王孝辰,you,6,0.003546
chuang2021_045,王孝辰,yummy,6,0.003546
chuang2021_045,王孝辰,作为怪物,6,0.003546
chuang2021_045,王孝辰,田口馨也,6,0.003546
chuang2021_045,王孝辰,破茧,6,0.003546
chuang2021_045,王孝辰,肖力桓,6,0.003546
chuang2021_045,王孝辰,超级冠军,6,0.003546
chuang2021_045,王孝辰,醉拳,6,0.003546
chuang2021_045,王孝辰,霓虹甜心,6,0.003546
chuang2021_045,王孝辰,利路修为王孝辰哭了,5,0.002955
chuang2021_045,王孝辰,加注能量啦,5,0.002955
chuang2021_045,王孝辰,我在纯甄,5,0.002955
chuang2021_045,王孝辰,创4一公分组,4,0.002364
chuang2021_045,王孝辰,大鱼,4,0.002364
chuang2021_045,王孝辰,网页链接,4,0.002364
chuang2021_045,王孝辰,ak刘彰,3,0.001773
chuang2021_045,王孝辰,ps,3,0.001773
chuang2021_045,王孝辰,一公分组,3,0.001773
chuang2021_045,王孝辰,你也快来为喜欢的学员助力吧,3,0.001773
chuang2021_045,王孝辰,创造营2021纯甄创造营学员能量榜,3,0.001773
chuang2021_045,王孝辰,学员能量榜为,3,0.001773
chuang2021_045,王孝辰,微博正文,3,0.001773
chuang2021_045,王孝辰,我们一起拿下,3,0.001773
chuang2021_045,王孝辰,我永远支持你,3,0.001773
chuang2021_045,王孝辰,打榜戳,3,0.001773
chuang2021_045,王孝辰,王孝辰粉丝后援会,3,0.001773
chuang2021_045,王孝辰,第一名,3,0.001773
chuang2021_045,王孝辰,练习生榜,3,0.001773
chuang2021_045,王孝辰,能为他争取到专属vlog拍摄机会,3,0.001773
chuang2021_045,王孝辰,谢谢,3,0.001773
chuang2021_045,王孝辰,210424,2,0.001182
chuang2021_045,王孝辰,am,2,0.001182
chuang2021_045,王孝辰,amu,2,0.001182
chuang2021_045,王孝辰,amu羽生田挙武,2,0.001182
chuang2021_045,王孝辰,believer,2,0.001182
chuang2021_045,王孝辰,fix,2,0.001182
chuang2021_045,王孝辰,joker,2,0.001182
chuang2021_045,王孝辰,lemon,2,0.001182
chuang2021_045,王孝辰,therefore,2,0.001182
chuang2021_045,王孝辰,你就不要想起我,2,0.001182
chuang2021_045,王孝辰,你是我今生唯一的执著哦,2,0.001182
chuang2021_045,王孝辰,刘宇王孝辰,2,0.001182
chuang2021_045,王孝辰,创4排名,2,0.001182
chuang2021_045,王孝辰,创造营2021二公分组,2,0.001182
chuang2021_045,王孝辰,创造营排名,2,0.001182
chuang2021_045,王孝辰,利路修哭了,2,0.001182
chuang2021_045,王孝辰,助你获得惊喜vlog拍摄机会,2,0.001182
chuang2021_045,王孝辰,化身孤岛的鲸,2,0.001182
chuang2021_045,王孝辰,原创专业,2,0.001182
chuang2021_045,王孝辰,周深,2,0.001182
chuang2021_045,王孝辰,唱腔with王孝辰,2,0.001182
chuang2021_045,王孝辰,声乐专业,2,0.001182
chuang2021_045,王孝辰,大爷的最新专访视频在碰星上线啦,2,0.001182
chuang2021_045,王孝辰,学员能量榜为你,2,0.001182
chuang2021_045,王孝辰,峰顶,2,0.001182
chuang2021_045,王孝辰,快来康康,2,0.001182
chuang2021_045,王孝辰,惊喜嘉宾,2,0.001182
chuang2021_045,王孝辰,想让更多人看到如此优秀的你,2,0.001182
chuang2021_045,王孝辰,我在,2,0.001182
chuang2021_045,王孝辰,我管你,2,0.001182
chuang2021_045,王孝辰,新鲜大爷,2,0.001182
chuang2021_045,王孝辰,期待期待,2,0.001182
chuang2021_045,王孝辰,柿星辰呀的微博视频,2,0.001182
chuang2021_045,王孝辰,棒棒哒,2,0.001182
chuang2021_045,王孝辰,爱情鸟,2,0.001182
chuang2021_045,王孝辰,王孝辰创造营2021,2,0.001182
chuang2021_045,王孝辰,看望组员,2,0.001182
chuang2021_045,王孝辰,笛娃,2,0.001182
chuang2021_045,王孝辰,练习生榜上为你加油啦,2,0.001182
chuang2021_045,王孝辰,腾讯视频创造营2021,2,0.001182
chuang2021_045,王孝辰,舞蹈专业,2,0.001182
chuang2021_045,王孝辰,被螃蟹钳了一下下,2,0.001182
chuang2021_045,王孝辰,青春纪念册,2,0.001182
chuang2021_045,王孝辰,韩美娟,2,0.001182
chuang2021_046,屈柏宇,屈柏宇,132,0.061395
chuang2021_046,屈柏宇,收起,44,0.020465
chuang2021_046,屈柏宇,屈柏宇超话,31,0.014419
chuang2021_046,屈柏宇,陆定昊,27,0.012558
chuang2021_046,屈柏宇,付思超,24,0.011163
chuang2021_046,屈柏宇,俞更寅,24,0.011163
chuang2021_046,屈柏宇,荣耀,24,0.011163
chuang2021_046,屈柏宇,伯远,22,0.010233
chuang2021_046,屈柏宇,刘宇,22,0.010233
chuang2021_046,屈柏宇,吴海,22,0.010233
chuang2021_046,屈柏宇,周柯宇,22,0.010233
chuang2021_046,屈柏宇,张嘉元,22,0.010233
chuang2021_046,屈柏宇,张腾,22,0.010233
chuang2021_046,屈柏宇,谢兴阳,21,0.009767
chuang2021_046,屈柏宇,韩佩泉,21,0.009767
chuang2021_046,屈柏宇,屈柏宇真能吃已收到1346朵花,20,0.009302
chuang2021_046,屈柏宇,希望陪你从开始到未来的每一个高光时刻,20,0.009302
chuang2021_046,屈柏宇,我们一起走花路吧,20,0.009302
chuang2021_046,屈柏宇,我刚使用会员特权送给了,20,0.009302
chuang2021_046,屈柏宇,创造营2021屈柏宇,19,0.008837
chuang2021_046,屈柏宇,张欣尧,19,0.008837
chuang2021_046,屈柏宇,林墨,19,0.008837
chuang2021_046,屈柏宇,魏子越,19,0.008837
chuang2021_046,屈柏宇,任胤蓬,18,0.008372
chuang2021_046,屈柏宇,佐藤永翔,18,0.008372
chuang2021_046,屈柏宇,吴宇恒,18,0.008372
chuang2021_046,屈柏宇,甘望星,17,0.007907
chuang2021_046,屈柏宇,胡烨韬,17,0.007907
chuang2021_046,屈柏宇,井胧,16,0.007442
chuang2021_046,屈柏宇,刘聪,16,0.007442
chuang2021_046,屈柏宇,米卡,16,0.007442
chuang2021_046,屈柏宇,诺言,16,0.007442
chuang2021_046,屈柏宇,代少冬,15,0.006977
chuang2021_046,屈柏宇,何屹繁,15,0.006977
chuang2021_046,屈柏宇,叶皓然,15,0.006977
chuang2021_046,屈柏宇,怿涵,15,0.006977
chuang2021_046,屈柏宇,薛八一,15,0.006977
chuang2021_046,屈柏宇,邵明明,15,0.006977
chuang2021_046,屈柏宇,一之濑飞鸟,14,0.006512
chuang2021_046,屈柏宇,奥斯卡,14,0.006512
chuang2021_046,屈柏宇,李政庭,14,0.006512
chuang2021_046,屈柏宇,李沛洋,14,0.006512
chuang2021_046,屈柏宇,郑明鑫,14,0.006512
chuang2021_046,屈柏宇,陈俊洁,14,0.006512
chuang2021_046,屈柏宇,韦语节,14,0.006512
chuang2021_046,屈柏宇,原部凌,13,0.006047
chuang2021_046,屈柏宇,林豆,13,0.006047
chuang2021_046,屈柏宇,陈瑞丰,13,0.006047
chuang2021_046,屈柏宇,3朵鲜花,12,0.005581
chuang2021_046,屈柏宇,于洋,12,0.005581
chuang2021_046,屈柏宇,井汲大翔,12,0.005581
chuang2021_046,屈柏宇,力丸,12,0.005581
chuang2021_046,屈柏宇,张星特,12,0.005581
chuang2021_046,屈柏宇,李泰龙,12,0.005581
chuang2021_046,屈柏宇,赞多,12,0.005581
chuang2021_046,屈柏宇,门胁慎刚,12,0.005581
chuang2021_046,屈柏宇,高卿尘,12,0.005581
chuang2021_046,屈柏宇,2021,11,0.005116
chuang2021_046,屈柏宇,刘彰,11,0.005116
chuang2021_046,屈柏宇,创造营2021纯甄创造营学员能量榜,11,0.005116
chuang2021_046,屈柏宇,利路修,11,0.005116
chuang2021_046,屈柏宇,和马,11,0.005116
chuang2021_046,屈柏宇,尹浩宇,11,0.005116
chuang2021_046,屈柏宇,庆怜,11,0.005116
chuang2021_046,屈柏宇,张璋,11,0.005116
chuang2021_046,屈柏宇,曾涵江,11,0.005116
chuang2021_046,屈柏宇,王孝辰,11,0.005116
chuang2021_046,屈柏宇,肖力桓,11,0.005116
chuang2021_046,屈柏宇,蒋敦豪,11,0.005116
chuang2021_046,屈柏宇,butter,10,0.004651
chuang2021_046,屈柏宇,fly,10,0.004651
chuang2021_046,屈柏宇,上原一翔,10,0.004651
chuang2021_046,屈柏宇,加注能量啦,10,0.004651
chuang2021_046,屈柏宇,大卫,10,0.004651
chuang2021_046,屈柏宇,我在纯甄,10,0.004651
chuang2021_046,屈柏宇,李洛尔,10,0.004651
chuang2021_046,屈柏宇,罗言,10,0.004651
chuang2021_046,屈柏宇,羽生田挙武,10,0.004651
chuang2021_046,屈柏宇,黄鲲,10,0.004651
chuang2021_046,屈柏宇,何圳煜,9,0.004186
chuang2021_046,屈柏宇,何懿峻,9,0.004186
chuang2021_046,屈柏宇,刘唐辉,9,0.004186
chuang2021_046,屈柏宇,创造营2021超话,9,0.004186
chuang2021_046,屈柏宇,李泽坤,9,0.004186
chuang2021_046,屈柏宇,林煜修,9,0.004186
chuang2021_046,屈柏宇,腾讯视频创造营2021的微博视频,9,0.004186
chuang2021_046,屈柏宇,范臻尔,9,0.004186
chuang2021_046,屈柏宇,贵尚奇,9,0.004186
chuang2021_046,屈柏宇,赖耀翔,9,0.004186
chuang2021_046,屈柏宇,钱政宇,9,0.004186
chuang2021_046,屈柏宇,喜内优心,8,0.003721
chuang2021_046,屈柏宇,安迪,8,0.003721
chuang2021_046,屈柏宇,徐圣兹,8,0.003721
chuang2021_046,屈柏宇,徐绍岚,8,0.003721
chuang2021_046,屈柏宇,曹左,8,0.003721
chuang2021_046,屈柏宇,李嘉祥,8,0.003721
chuang2021_046,屈柏宇,李家豪,8,0.003721
chuang2021_046,屈柏宇,谷柳霖,8,0.003721
chuang2021_046,屈柏宇,5朵鲜花,7,0.003256
chuang2021_046,屈柏宇,me,7,0.003256
chuang2021_046,屈柏宇,凌箫,7,0.003256
chuang2021_046,屈柏宇,刘严冬季,7,0.003256
chuang2021_046,屈柏宇,卢克,7,0.003256
chuang2021_046,屈柏宇,学员,7,0.003256
chuang2021_046,屈柏宇,我们一起闯,7,0.003256
chuang2021_046,屈柏宇,王泽浩,7,0.003256
chuang2021_046,屈柏宇,都筑雄哉,7,0.003256
chuang2021_046,屈柏宇,隅田隼平,7,0.003256
chuang2021_046,屈柏宇,88,6,0.002791
chuang2021_046,屈柏宇,amu羽生田挙武,6,0.002791
chuang2021_046,屈柏宇,are,6,0.002791
chuang2021_046,屈柏宇,boy,6,0.002791
chuang2021_046,屈柏宇,lit,6,0.002791
chuang2021_046,屈柏宇,lover,6,0.002791
chuang2021_046,屈柏宇,radio,6,0.002791
chuang2021_046,屈柏宇,ready,6,0.002791
chuang2021_046,屈柏宇,team,6,0.002791
chuang2021_046,屈柏宇,we,6,0.002791
chuang2021_046,屈柏宇,you,6,0.002791
chuang2021_046,屈柏宇,yummy,6,0.002791
chuang2021_046,屈柏宇,世界那么大,6,0.002791
chuang2021_046,屈柏宇,作为怪物,6,0.002791
chuang2021_046,屈柏宇,你也快来为喜欢的学员助力吧,6,0.002791
chuang2021_046,屈柏宇,创4全员主题曲舞台爷青回,6,0.002791
chuang2021_046,屈柏宇,创4恐怖特辑,6,0.002791
chuang2021_046,屈柏宇,向世界大声喊出我们的声音,6,0.002791
chuang2021_046,屈柏宇,女孩,6,0.002791
chuang2021_046,屈柏宇,学员能量榜为,6,0.002791
chuang2021_046,屈柏宇,微博综艺的微博视频,6,0.002791
chuang2021_046,屈柏宇,我们并肩作战,6,0.002791
chuang2021_046,屈柏宇,我欢喜喜欢你,6,0.002791
chuang2021_046,屈柏宇,爱我ready,6,0.002791
chuang2021_046,屈柏宇,田口馨也,6,0.002791
chuang2021_046,屈柏宇,破茧,6,0.002791
chuang2021_046,屈柏宇,网页链接,6,0.002791
chuang2021_046,屈柏宇,腾讯视频创造营2021,6,0.002791
chuang2021_046,屈柏宇,超级冠军,6,0.002791
chuang2021_046,屈柏宇,醉拳,6,0.002791
chuang2021_046,屈柏宇,阿克朱力,6,0.002791
chuang2021_046,屈柏宇,霓虹甜心,6,0.002791
chuang2021_046,屈柏宇,yuu喜内优心,5,0.002326
chuang2021_046,屈柏宇,今日值班学员,5,0.002326
chuang2021_046,屈柏宇,加油,5,0.002326
chuang2021_046,屈柏宇,化身孤岛的鲸,5,0.002326
chuang2021_046,屈柏宇,快起床啦,5,0.002326
chuang2021_046,屈柏宇,戴学霖,5,0.002326
chuang2021_046,屈柏宇,拒绝忙匆匆,5,0.002326
chuang2021_046,屈柏宇,早起五分钟,5,0.002326
chuang2021_046,屈柏宇,阿克朱立,5,0.002326
chuang2021_046,屈柏宇,2021我向,4,0.00186
chuang2021_046,屈柏宇,不过卡子哥,4,0.00186
chuang2021_046,屈柏宇,两位弟弟真的都没有输,4,0.00186
chuang2021_046,屈柏宇,伯远的这首神曲引起全场共鸣,4,0.00186
chuang2021_046,屈柏宇,你唱的真的是中文么,4,0.00186
chuang2021_046,屈柏宇,创4一公分组,4,0.00186
chuang2021_046,屈柏宇,十点就睡觉,4,0.00186
chuang2021_046,屈柏宇,在这场掰头里,4,0.00186
chuang2021_046,屈柏宇,头发不会掉,4,0.00186
chuang2021_046,屈柏宇,学员能量榜为你,4,0.00186
chuang2021_046,屈柏宇,对阵,4,0.00186
chuang2021_046,屈柏宇,快去睡觉吧,4,0.00186
chuang2021_046,屈柏宇,快来为你支持的学员加油助力吧,4,0.00186
chuang2021_046,屈柏宇,怪天气,4,0.00186
chuang2021_046,屈柏宇,想让更多人看到如此优秀的你,4,0.00186
chuang2021_046,屈柏宇,日文歌,4,0.00186
chuang2021_046,屈柏宇,最后的排名就是证据,4,0.00186
chuang2021_046,屈柏宇,爱上哪儿闯上哪儿闯,4,0.00186
chuang2021_046,屈柏宇,甜辣初恋屈柏宇,4,0.00186
chuang2021_046,屈柏宇,的中文歌,4,0.00186
chuang2021_046,屈柏宇,的话,4,0.00186
chuang2021_046,屈柏宇,米卡唱中文歌输给伯远,4,0.00186
chuang2021_046,屈柏宇,米卡第一,4,0.00186
chuang2021_046,屈柏宇,米卡这首歌把学员们带到了海边,4,0.00186
chuang2021_046,屈柏宇,能为他争取到专属vlog拍摄机会,4,0.00186
chuang2021_046,屈柏宇,被404宿舍的友谊虐惨了,4,0.00186
chuang2021_046,屈柏宇,说听完有种岁月静好的感jio,4,0.00186
chuang2021_046,屈柏宇,送出纯甄卡啦,4,0.00186
chuang2021_046,屈柏宇,都是赢家,4,0.00186
chuang2021_046,屈柏宇,15举行红毯秀,3,0.001395
chuang2021_046,屈柏宇,2021每天都想向寂寞午夜说拜拜的,3,0.001395
chuang2021_046,屈柏宇,2021热血battle继续,3,0.001395
chuang2021_046,屈柏宇,404宿舍,3,0.001395
chuang2021_046,屈柏宇,6位导师,3,0.001395
chuang2021_046,屈柏宇,amber刘逸云,3,0.001395
chuang2021_046,屈柏宇,nene郑乃馨,3,0.001395
chuang2021_046,屈柏宇,一公分组,3,0.001395
chuang2021_046,屈柏宇,一起跟闯人们进入神秘异次元吧,3,0.001395
chuang2021_046,屈柏宇,全体学员,3,0.001395
chuang2021_046,屈柏宇,全员妆容娟化去食堂,3,0.001395
chuang2021_046,屈柏宇,再到离别时的不舍和打趣,3,0.001395
chuang2021_046,屈柏宇,创造营排名,3,0.001395
chuang2021_046,屈柏宇,助教,3,0.001395
chuang2021_046,屈柏宇,发起人都在,3,0.001395
chuang2021_046,屈柏宇,周深,3,0.001395
chuang2021_046,屈柏宇,周震南,3,0.001395
chuang2021_046,屈柏宇,坚信什么都是天长地久只是随便说说的,3,0.001395
chuang2021_046,屈柏宇,坚强地像石头一样的笨小孩,3,0.001395
chuang2021_046,屈柏宇,夏天悄悄过去留下粉红色回忆的,3,0.001395
chuang2021_046,屈柏宇,宁静,3,0.001395
chuang2021_046,屈柏宇,审核过短信通知,3,0.001395
chuang2021_046,屈柏宇,导师,3,0.001395
chuang2021_046,屈柏宇,总说风雨中灯芯绒算什么的,3,0.001395
chuang2021_046,屈柏宇,想报的速私,3,0.001395
chuang2021_046,屈柏宇,散发魅力让汗水尽情飘散的,3,0.001395
chuang2021_046,屈柏宇,新浪综艺的微博视频,3,0.001395
chuang2021_046,屈柏宇,春风秋雨飘飘落落只为寂寞的,3,0.001395
chuang2021_046,屈柏宇,正规名额,3,0.001395
chuang2021_046,屈柏宇,海南儋州,3,0.001395
chuang2021_046,屈柏宇,的友谊虐惨了,3,0.001395
chuang2021_046,屈柏宇,穿格子可以天天月月年年到永远的,3,0.001395
chuang2021_046,屈柏宇,纯享,3,0.001395
chuang2021_046,屈柏宇,腾讯视频,3,0.001395
chuang2021_046,屈柏宇,谁才是真正的胆大王者,3,0.001395
chuang2021_046,屈柏宇,速度七十迈心情是自由自在的,3,0.001395
chuang2021_046,屈柏宇,逢人就问你你你你要跳舞吗的,3,0.001395
chuang2021_046,屈柏宇,邓超,3,0.001395
chuang2021_046,屈柏宇,面对恐怖影院,3,0.001395
chuang2021_046,屈柏宇,2021主题曲二创,2,0.00093
chuang2021_046,屈柏宇,ak刘彰,2,0.00093
chuang2021_046,屈柏宇,上下班,2,0.00093
chuang2021_046,屈柏宇,不能再虐了,2,0.00093
chuang2021_046,屈柏宇,不贵,2,0.00093
chuang2021_046,屈柏宇,为梦想拼尽全力,2,0.00093
chuang2021_046,屈柏宇,今天着实被,2,0.00093
chuang2021_046,屈柏宇,从二创相识,2,0.00093
chuang2021_046,屈柏宇,从组队宣言开始,2,0.00093
chuang2021_046,屈柏宇,他们仿佛是度过了一个完整的大学生涯,2,0.00093
chuang2021_046,屈柏宇,你可以的,2,0.00093
chuang2021_046,屈柏宇,全部学员,2,0.00093
chuang2021_046,屈柏宇,出来十个韩美娟,2,0.00093
chuang2021_046,屈柏宇,创4学员好多面,2,0.00093
chuang2021_046,屈柏宇,创造营2021学员签名,2,0.00093
chuang2021_046,屈柏宇,创造营2021榜上支持你啦,2,0.00093
chuang2021_046,屈柏宇,到难忘而播不了的小事之一,2,0.00093
chuang2021_046,屈柏宇,加油呀,2,0.00093
chuang2021_046,屈柏宇,助你获得惊喜vlog拍摄机会,2,0.00093
chuang2021_046,屈柏宇,助你获得惊喜曝光资源,2,0.00093
chuang2021_046,屈柏宇,友谊地久天长,2,0.00093
chuang2021_046,屈柏宇,好像都没什么关系的样子,2,0.00093
chuang2021_046,屈柏宇,屈柏宇后援会官博,2,0.00093
chuang2021_046,屈柏宇,微博视频,2,0.00093
chuang2021_046,屈柏宇,快来康康,2,0.00093
chuang2021_046,屈柏宇,扬帆起航,2,0.00093
chuang2021_046,屈柏宇,整个组的画风就已经彻底被带跑了,2,0.00093
chuang2021_046,屈柏宇,明星势力榜,2,0.00093
chuang2021_046,屈柏宇,明星势力榜第12位,2,0.00093
chuang2021_046,屈柏宇,柏樹隧道,2,0.00093
chuang2021_046,屈柏宇,深刻理解了什么叫,2,0.00093
chuang2021_046,屈柏宇,热搜预定组合一出场,2,0.00093
chuang2021_046,屈柏宇,看创4记得撑腰么么哒,2,0.00093
chuang2021_046,屈柏宇,看完,2,0.00093
chuang2021_046,屈柏宇,能为他争取到惊喜曝光资源哦,2,0.00093
chuang2021_046,屈柏宇,花絮,2,0.00093
chuang2021_046,屈柏宇,营人进入异次元会变成笨蛋吗,2,0.00093
chuang2021_046,屈柏宇,跨海相聚,2,0.00093
chuang2021_046,屈柏宇,还不来热搜说得过去吗,2,0.00093
chuang2021_046,屈柏宇,进去一个韩美娟,2,0.00093
chuang2021_046,屈柏宇,送给他们,2,0.00093
chuang2021_046,屈柏宇,速速把,2,0.00093
chuang2021_046,屈柏宇,需要的来,2,0.00093
chuang2021_046,屈柏宇,霸总or暖男,2,0.00093
chuang2021_046,屈柏宇,韩美娟,2,0.00093
chuang2021_046,屈柏宇,韩美娟培训基地,2,0.00093
chuang2021_047,蒋敦豪,蒋敦豪,135,0.089463
chuang2021_047,蒋敦豪,蒋敦豪终于从舞蹈学院毕业了,24,0.015905
chuang2021_047,蒋敦豪,蒋敦豪淘汰,22,0.014579
chuang2021_047,蒋敦豪,收起,21,0.013917
chuang2021_047,蒋敦豪,蒋敦豪卡位56名,18,0.011928
chuang2021_047,蒋敦豪,蒋敦豪卡位凡尔赛发言,18,0.011928
chuang2021_047,蒋敦豪,蒋敦豪混编四届创主题曲绝了,18,0.011928
chuang2021_047,蒋敦豪,蒋敦豪超话,18,0.011928
chuang2021_047,蒋敦豪,刘宇,16,0.010603
chuang2021_047,蒋敦豪,吴宇恒,15,0.00994
chuang2021_047,蒋敦豪,尹浩宇,15,0.00994
chuang2021_047,蒋敦豪,井胧,14,0.009278
chuang2021_047,蒋敦豪,伯远,14,0.009278
chuang2021_047,蒋敦豪,俞更寅,14,0.009278
chuang2021_047,蒋敦豪,庆怜,14,0.009278
chuang2021_047,蒋敦豪,张星特,14,0.009278
chuang2021_047,蒋敦豪,林墨,14,0.009278
chuang2021_047,蒋敦豪,韩佩泉,14,0.009278
chuang2021_047,蒋敦豪,高卿尘,13,0.008615
chuang2021_047,蒋敦豪,黄鲲,13,0.008615
chuang2021_047,蒋敦豪,何屹繁,12,0.007952
chuang2021_047,蒋敦豪,安迪,12,0.007952
chuang2021_047,蒋敦豪,荣耀,12,0.007952
chuang2021_047,蒋敦豪,任胤蓬,11,0.00729
chuang2021_047,蒋敦豪,周柯宇,11,0.00729
chuang2021_047,蒋敦豪,jdh,10,0.006627
chuang2021_047,蒋敦豪,力丸,10,0.006627
chuang2021_047,蒋敦豪,周深飞奔拥抱蒋敦豪,10,0.006627
chuang2021_047,蒋敦豪,奥斯卡,10,0.006627
chuang2021_047,蒋敦豪,张嘉元,10,0.006627
chuang2021_047,蒋敦豪,新浪综艺的微博视频,10,0.006627
chuang2021_047,蒋敦豪,米卡,10,0.006627
chuang2021_047,蒋敦豪,范臻尔,10,0.006627
chuang2021_047,蒋敦豪,谢兴阳,10,0.006627
chuang2021_047,蒋敦豪,赞多,10,0.006627
chuang2021_047,蒋敦豪,邵明明,10,0.006627
chuang2021_047,蒋敦豪,emm虽然看起来像在做四肢康复运动但真的很努力了哈哈哈哈,9,0.005964
chuang2021_047,蒋敦豪,上原一翔,9,0.005964
chuang2021_047,蒋敦豪,于洋,9,0.005964
chuang2021_047,蒋敦豪,付思超,9,0.005964
chuang2021_047,蒋敦豪,佐藤永翔,9,0.005964
chuang2021_047,蒋敦豪,刘彰,9,0.005964
chuang2021_047,蒋敦豪,创4排名,9,0.005964
chuang2021_047,蒋敦豪,利路修,9,0.005964
chuang2021_047,蒋敦豪,和马,9,0.005964
chuang2021_047,蒋敦豪,大卫,9,0.005964
chuang2021_047,蒋敦豪,张欣尧,9,0.005964
chuang2021_047,蒋敦豪,张腾,9,0.005964
chuang2021_047,蒋敦豪,李嘉祥,9,0.005964
chuang2021_047,蒋敦豪,林煜修,9,0.005964
chuang2021_047,蒋敦豪,甘望星,9,0.005964
chuang2021_047,蒋敦豪,说好的不跳舞这次直播又安排上了不仅再跳创4舞蹈表情管理堪称变脸,9,0.005964
chuang2021_047,蒋敦豪,诺言,9,0.005964
chuang2021_047,蒋敦豪,还学起了青3的主题曲舞蹈,9,0.005964
chuang2021_047,蒋敦豪,井汲大翔,8,0.005302
chuang2021_047,蒋敦豪,代少冬,8,0.005302
chuang2021_047,蒋敦豪,何懿峻,8,0.005302
chuang2021_047,蒋敦豪,吴海,8,0.005302
chuang2021_047,蒋敦豪,喜内优心,8,0.005302
chuang2021_047,蒋敦豪,屈柏宇,8,0.005302
chuang2021_047,蒋敦豪,明星势力榜,8,0.005302
chuang2021_047,蒋敦豪,曹左,8,0.005302
chuang2021_047,蒋敦豪,曾涵江,8,0.005302
chuang2021_047,蒋敦豪,李家豪,8,0.005302
chuang2021_047,蒋敦豪,李洛尔,8,0.005302
chuang2021_047,蒋敦豪,王孝辰,8,0.005302
chuang2021_047,蒋敦豪,羽生田挙武,8,0.005302
chuang2021_047,蒋敦豪,胡烨韬,8,0.005302
chuang2021_047,蒋敦豪,薛八一,8,0.005302
chuang2021_047,蒋敦豪,赖耀翔,8,0.005302
chuang2021_047,蒋敦豪,钱政宇,8,0.005302
chuang2021_047,蒋敦豪,陈瑞丰,8,0.005302
chuang2021_047,蒋敦豪,魏子越,8,0.005302
chuang2021_047,蒋敦豪,88,7,0.004639
chuang2021_047,蒋敦豪,boy,7,0.004639
chuang2021_047,蒋敦豪,butter,7,0.004639
chuang2021_047,蒋敦豪,fly,7,0.004639
chuang2021_047,蒋敦豪,lover,7,0.004639
chuang2021_047,蒋敦豪,me,7,0.004639
chuang2021_047,蒋敦豪,radio,7,0.004639
chuang2021_047,蒋敦豪,ready,7,0.004639
chuang2021_047,蒋敦豪,yummy,7,0.004639
chuang2021_047,蒋敦豪,一之濑飞鸟,7,0.004639
chuang2021_047,蒋敦豪,何圳煜,7,0.004639
chuang2021_047,蒋敦豪,作为怪物,7,0.004639
chuang2021_047,蒋敦豪,凌箫,7,0.004639
chuang2021_047,蒋敦豪,刘严冬季,7,0.004639
chuang2021_047,蒋敦豪,刘唐辉,7,0.004639
chuang2021_047,蒋敦豪,刘聪,7,0.004639
chuang2021_047,蒋敦豪,卢克,7,0.004639
chuang2021_047,蒋敦豪,原部凌,7,0.004639
chuang2021_047,蒋敦豪,叶皓然,7,0.004639
chuang2021_047,蒋敦豪,女孩,7,0.004639
chuang2021_047,蒋敦豪,张璋,7,0.004639
chuang2021_047,蒋敦豪,徐圣兹,7,0.004639
chuang2021_047,蒋敦豪,徐绍岚,7,0.004639
chuang2021_047,蒋敦豪,怿涵,7,0.004639
chuang2021_047,蒋敦豪,我欢喜喜欢你,7,0.004639
chuang2021_047,蒋敦豪,李政庭,7,0.004639
chuang2021_047,蒋敦豪,李沛洋,7,0.004639
chuang2021_047,蒋敦豪,李泰龙,7,0.004639
chuang2021_047,蒋敦豪,李泽坤,7,0.004639
chuang2021_047,蒋敦豪,林豆,7,0.004639
chuang2021_047,蒋敦豪,爱我ready,7,0.004639
chuang2021_047,蒋敦豪,王泽浩,7,0.004639
chuang2021_047,蒋敦豪,破茧,7,0.004639
chuang2021_047,蒋敦豪,罗言,7,0.004639
chuang2021_047,蒋敦豪,谷柳霖,7,0.004639
chuang2021_047,蒋敦豪,贵尚奇,7,0.004639
chuang2021_047,蒋敦豪,超级冠军,7,0.004639
chuang2021_047,蒋敦豪,郑明鑫,7,0.004639
chuang2021_047,蒋敦豪,都筑雄哉,7,0.004639
chuang2021_047,蒋敦豪,醉拳,7,0.004639
chuang2021_047,蒋敦豪,门胁慎刚,7,0.004639
chuang2021_047,蒋敦豪,陆定昊,7,0.004639
chuang2021_047,蒋敦豪,陈俊洁,7,0.004639
chuang2021_047,蒋敦豪,隅田隼平,7,0.004639
chuang2021_047,蒋敦豪,霓虹甜心,7,0.004639
chuang2021_047,蒋敦豪,韦语节,7,0.004639
chuang2021_047,蒋敦豪,lit,6,0.003976
chuang2021_047,蒋敦豪,you,6,0.003976
chuang2021_047,蒋敦豪,创造营2021超话,6,0.003976
chuang2021_047,蒋敦豪,田口馨也,6,0.003976
chuang2021_047,蒋敦豪,肖力桓,6,0.003976
chuang2021_047,蒋敦豪,阿克朱力,6,0.003976
chuang2021_047,蒋敦豪,加油,5,0.003313
chuang2021_047,蒋敦豪,livemusicbb机,4,0.002651
chuang2021_047,蒋敦豪,livemusic现场的微博视频,4,0.002651
chuang2021_047,蒋敦豪,上流君,4,0.002651
chuang2021_047,蒋敦豪,上流君的微博视频,4,0.002651
chuang2021_047,蒋敦豪,下周三我们一起约起来,4,0.002651
chuang2021_047,蒋敦豪,下岛后,4,0.002651
chuang2021_047,蒋敦豪,不让我跳舞会生气,4,0.002651
chuang2021_047,蒋敦豪,中国新歌声,4,0.002651
chuang2021_047,蒋敦豪,为什么这个时候才发,4,0.002651
chuang2021_047,蒋敦豪,他居然说自己现在不跳舞就会生气,4,0.002651
chuang2021_047,蒋敦豪,出品,4,0.002651
chuang2021_047,蒋敦豪,创4一公分组,4,0.002651
chuang2021_047,蒋敦豪,创造营2021vocal图鉴,4,0.002651
chuang2021_047,蒋敦豪,因为懒,4,0.002651
chuang2021_047,蒋敦豪,图鉴包含米卡,4,0.002651
chuang2021_047,蒋敦豪,大胆不一样,4,0.002651
chuang2021_047,蒋敦豪,敦敦从,4,0.002651
chuang2021_047,蒋敦豪,明天就是决战创造营2021之巅了,4,0.002651
chuang2021_047,蒋敦豪,潮流和偶像,4,0.002651
chuang2021_047,蒋敦豪,特邀和马,4,0.002651
chuang2021_047,蒋敦豪,第一次解说配音作品,4,0.002651
chuang2021_047,蒋敦豪,腾讯视频创造营2021,4,0.002651
chuang2021_047,蒋敦豪,蒋敦豪创造营生活片段加载中,4,0.002651
chuang2021_047,蒋敦豪,蒋敦豪解密大岛生活,4,0.002651
chuang2021_047,蒋敦豪,请父老乡亲们多多担待,4,0.002651
chuang2021_047,蒋敦豪,谁是创造营2021大vocal,4,0.002651
chuang2021_047,蒋敦豪,超级星声,4,0.002651
chuang2021_047,蒋敦豪,采访即将上线,4,0.002651
chuang2021_047,蒋敦豪,锁定,4,0.002651
chuang2021_047,蒋敦豪,首次采访即将揭秘,4,0.002651
chuang2021_047,蒋敦豪,一公分组,3,0.001988
chuang2021_047,蒋敦豪,一起为他助力戳,3,0.001988
chuang2021_047,蒋敦豪,不忘初心,3,0.001988
chuang2021_047,蒋敦豪,中国好声音,3,0.001988
chuang2021_047,蒋敦豪,以后,3,0.001988
chuang2021_047,蒋敦豪,你一定能拿下,3,0.001988
chuang2021_047,蒋敦豪,冠军蒋敦豪,3,0.001988
chuang2021_047,蒋敦豪,创造营2021榜,3,0.001988
chuang2021_047,蒋敦豪,创造营2021榜好成绩,3,0.001988
chuang2021_047,蒋敦豪,参加创造营2021获得47名,3,0.001988
chuang2021_047,蒋敦豪,方得始终,3,0.001988
chuang2021_047,蒋敦豪,明星势力榜第31位,3,0.001988
chuang2021_047,蒋敦豪,未能进入前33名被淘汰,3,0.001988
chuang2021_047,蒋敦豪,祝蒋敦豪0521生日快乐,3,0.001988
chuang2021_047,蒋敦豪,网页链接,3,0.001988
chuang2021_047,蒋敦豪,音乐人先锋榜,3,0.001988
chuang2021_047,蒋敦豪,wuli,2,0.001325
chuang2021_047,蒋敦豪,上打榜,2,0.001325
chuang2021_047,蒋敦豪,为梦想拼尽全力,2,0.001325
chuang2021_047,蒋敦豪,今晚没有被淘汰,2,0.001325
chuang2021_047,蒋敦豪,冲冲冲,2,0.001325
chuang2021_047,蒋敦豪,创造营2021榜上支持你啦,2,0.001325
chuang2021_047,蒋敦豪,利路修是做代购的,2,0.001325
chuang2021_047,蒋敦豪,太好听了,2,0.001325
chuang2021_047,蒋敦豪,快来康康,2,0.001325
chuang2021_047,蒋敦豪,我们一起拿下,2,0.001325
chuang2021_047,蒋敦豪,我永远支持你,2,0.001325
chuang2021_047,蒋敦豪,我要用尽洪荒之力为ta在,2,0.001325
chuang2021_047,蒋敦豪,打榜戳,2,0.001325
chuang2021_047,蒋敦豪,扬帆起航,2,0.001325
chuang2021_047,蒋敦豪,最好的我们,2,0.001325
chuang2021_047,蒋敦豪,棒棒哒,2,0.001325
chuang2021_047,蒋敦豪,永远的第一名,2,0.001325
chuang2021_047,蒋敦豪,的歌,2,0.001325
chuang2021_047,蒋敦豪,第一名,2,0.001325
chuang2021_047,蒋敦豪,练习生榜,2,0.001325
chuang2021_047,蒋敦豪,蒋敦豪想要体验挫折,2,0.001325
chuang2021_047,蒋敦豪,蒋敦豪继续加油啊,2,0.001325
chuang2021_047,蒋敦豪,蒋敦豪说自己是老东西,2,0.001325
chuang2021_047,蒋敦豪,超级有才华的男孩子,2,0.001325
chuang2021_047,蒋敦豪,跨海相聚,2,0.001325
chuang2021_047,蒋敦豪,鹅的歌,2,0.001325
chuang2021_048,代少冬,代少冬,130,0.096368
chuang2021_048,代少冬,代少冬超话,59,0.043736
chuang2021_048,代少冬,收起,33,0.024463
chuang2021_048,代少冬,代少冬黑马回归,21,0.015567
chuang2021_048,代少冬,代少冬敲甜的,16,0.011861
chuang2021_048,代少冬,俞更寅,15,0.011119
chuang2021_048,代少冬,周柯宇,15,0.011119
chuang2021_048,代少冬,伯远,13,0.009637
chuang2021_048,代少冬,刘宇,13,0.009637
chuang2021_048,代少冬,吴宇恒,13,0.009637
chuang2021_048,代少冬,吴海,13,0.009637
chuang2021_048,代少冬,张星特,13,0.009637
chuang2021_048,代少冬,张欣尧,13,0.009637
chuang2021_048,代少冬,创造营2021超话,12,0.008895
chuang2021_048,代少冬,加注能量啦,12,0.008895
chuang2021_048,代少冬,尹浩宇,12,0.008895
chuang2021_048,代少冬,我在纯甄,12,0.008895
chuang2021_048,代少冬,林墨,12,0.008895
chuang2021_048,代少冬,甘望星,12,0.008895
chuang2021_048,代少冬,胡烨韬,12,0.008895
chuang2021_048,代少冬,于洋,11,0.008154
chuang2021_048,代少冬,井胧,11,0.008154
chuang2021_048,代少冬,代少冬创造营2021,11,0.008154
chuang2021_048,代少冬,创造营2021纯甄创造营学员能量榜,11,0.008154
chuang2021_048,代少冬,奥斯卡,11,0.008154
chuang2021_048,代少冬,张嘉元,11,0.008154
chuang2021_048,代少冬,付思超,10,0.007413
chuang2021_048,代少冬,张腾,10,0.007413
chuang2021_048,代少冬,王孝辰,10,0.007413
chuang2021_048,代少冬,赞多,10,0.007413
chuang2021_048,代少冬,韩佩泉,10,0.007413
chuang2021_048,代少冬,任胤蓬,9,0.006672
chuang2021_048,代少冬,刘彰,9,0.006672
chuang2021_048,代少冬,力丸,9,0.006672
chuang2021_048,代少冬,屈柏宇,9,0.006672
chuang2021_048,代少冬,庆怜,9,0.006672
chuang2021_048,代少冬,林豆,9,0.006672
chuang2021_048,代少冬,米卡,9,0.006672
chuang2021_048,代少冬,腾讯视频创造营2021,9,0.006672
chuang2021_048,代少冬,荣耀,9,0.006672
chuang2021_048,代少冬,邵明明,9,0.006672
chuang2021_048,代少冬,2021,8,0.00593
chuang2021_048,代少冬,一之濑飞鸟,8,0.00593
chuang2021_048,代少冬,井汲大翔,8,0.00593
chuang2021_048,代少冬,佐藤永翔,8,0.00593
chuang2021_048,代少冬,何屹繁,8,0.00593
chuang2021_048,代少冬,原部凌,8,0.00593
chuang2021_048,代少冬,想让更多人看到如此优秀的你,8,0.00593
chuang2021_048,代少冬,诺言,8,0.00593
chuang2021_048,代少冬,谢兴阳,8,0.00593
chuang2021_048,代少冬,门胁慎刚,8,0.00593
chuang2021_048,代少冬,高卿尘,8,0.00593
chuang2021_048,代少冬,2021我向,7,0.005189
chuang2021_048,代少冬,上原一翔,7,0.005189
chuang2021_048,代少冬,何懿峻,7,0.005189
chuang2021_048,代少冬,刘聪,7,0.005189
chuang2021_048,代少冬,叶皓然,7,0.005189
chuang2021_048,代少冬,和马,7,0.005189
chuang2021_048,代少冬,学员能量榜为你,7,0.005189
chuang2021_048,代少冬,快来为你支持的学员加油助力吧,7,0.005189
chuang2021_048,代少冬,怿涵,7,0.005189
chuang2021_048,代少冬,曾涵江,7,0.005189
chuang2021_048,代少冬,李政庭,7,0.005189
chuang2021_048,代少冬,李沛洋,7,0.005189
chuang2021_048,代少冬,李泰龙,7,0.005189
chuang2021_048,代少冬,李洛尔,7,0.005189
chuang2021_048,代少冬,羽生田挙武,7,0.005189
chuang2021_048,代少冬,蒋敦豪,7,0.005189
chuang2021_048,代少冬,赖耀翔,7,0.005189
chuang2021_048,代少冬,送出纯甄卡啦,7,0.005189
chuang2021_048,代少冬,郑明鑫,7,0.005189
chuang2021_048,代少冬,陆定昊,7,0.005189
chuang2021_048,代少冬,陈俊洁,7,0.005189
chuang2021_048,代少冬,韦语节,7,0.005189
chuang2021_048,代少冬,魏子越,7,0.005189
chuang2021_048,代少冬,代少冬哭了,6,0.004448
chuang2021_048,代少冬,何圳煜,6,0.004448
chuang2021_048,代少冬,刘严冬季,6,0.004448
chuang2021_048,代少冬,利路修,6,0.004448
chuang2021_048,代少冬,喜内优心,6,0.004448
chuang2021_048,代少冬,大卫,6,0.004448
chuang2021_048,代少冬,安迪,6,0.004448
chuang2021_048,代少冬,徐圣兹,6,0.004448
chuang2021_048,代少冬,徐绍岚,6,0.004448
chuang2021_048,代少冬,曹左,6,0.004448
chuang2021_048,代少冬,林煜修,6,0.004448
chuang2021_048,代少冬,网页链接,6,0.004448
chuang2021_048,代少冬,罗言,6,0.004448
chuang2021_048,代少冬,肖力桓,6,0.004448
chuang2021_048,代少冬,范臻尔,6,0.004448
chuang2021_048,代少冬,薛八一,6,0.004448
chuang2021_048,代少冬,谷柳霖,6,0.004448
chuang2021_048,代少冬,隅田隼平,6,0.004448
chuang2021_048,代少冬,黄鲲,6,0.004448
chuang2021_048,代少冬,day,5,0.003706
chuang2021_048,代少冬,代少冬淘汰,5,0.003706
chuang2021_048,代少冬,凌箫,5,0.003706
chuang2021_048,代少冬,刘唐辉,5,0.003706
chuang2021_048,代少冬,加油,5,0.003706
chuang2021_048,代少冬,卢克,5,0.003706
chuang2021_048,代少冬,女孩,5,0.003706
chuang2021_048,代少冬,张璋,5,0.003706
chuang2021_048,代少冬,李嘉祥,5,0.003706
chuang2021_048,代少冬,李家豪,5,0.003706
chuang2021_048,代少冬,李泽坤,5,0.003706
chuang2021_048,代少冬,王泽浩,5,0.003706
chuang2021_048,代少冬,贵尚奇,5,0.003706
chuang2021_048,代少冬,都筑雄哉,5,0.003706
chuang2021_048,代少冬,钱政宇,5,0.003706
chuang2021_048,代少冬,陈瑞丰,5,0.003706
chuang2021_048,代少冬,210416微博直播part,4,0.002965
chuang2021_048,代少冬,88,4,0.002965
chuang2021_048,代少冬,boy,4,0.002965
chuang2021_048,代少冬,butter,4,0.002965
chuang2021_048,代少冬,fly,4,0.002965
chuang2021_048,代少冬,lit,4,0.002965
chuang2021_048,代少冬,lover,4,0.002965
chuang2021_048,代少冬,me,4,0.002965
chuang2021_048,代少冬,radio,4,0.002965
chuang2021_048,代少冬,ready,4,0.002965
chuang2021_048,代少冬,you,4,0.002965
chuang2021_048,代少冬,yummy,4,0.002965
chuang2021_048,代少冬,作为怪物,4,0.002965
chuang2021_048,代少冬,你也快来为喜欢的学员助力吧,4,0.002965
chuang2021_048,代少冬,助你获得惊喜vlog拍摄机会,4,0.002965
chuang2021_048,代少冬,学员能量榜为,4,0.002965
chuang2021_048,代少冬,我欢喜喜欢你,4,0.002965
chuang2021_048,代少冬,明星势力榜,4,0.002965
chuang2021_048,代少冬,海胆一号哔哔哔的微博视频,4,0.002965
chuang2021_048,代少冬,爱我ready,4,0.002965
chuang2021_048,代少冬,田口馨也,4,0.002965
chuang2021_048,代少冬,破茧,4,0.002965
chuang2021_048,代少冬,超级冠军,4,0.002965
chuang2021_048,代少冬,醉拳,4,0.002965
chuang2021_048,代少冬,阿克朱力,4,0.002965
chuang2021_048,代少冬,霓虹甜心,4,0.002965
chuang2021_048,代少冬,00,3,0.002224
chuang2021_048,代少冬,pick,3,0.002224
chuang2021_048,代少冬,今晚19,3,0.002224
chuang2021_048,代少冬,代少冬说不想在黑暗里跳舞,3,0.002224
chuang2021_048,代少冬,关注,3,0.002224
chuang2021_048,代少冬,助你获得惊喜曝光资源,3,0.002224
chuang2021_048,代少冬,干就完了,3,0.002224
chuang2021_048,代少冬,能为他争取到惊喜曝光资源哦,3,0.002224
chuang2021_048,代少冬,黑马少年,3,0.002224
chuang2021_048,代少冬,23,2,0.001483
chuang2021_048,代少冬,ak,2,0.001483
chuang2021_048,代少冬,amu,2,0.001483
chuang2021_048,代少冬,amu羽生田挙武,2,0.001483
chuang2021_048,代少冬,my,2,0.001483
chuang2021_048,代少冬,yuu喜内优心,2,0.001483
chuang2021_048,代少冬,一公分组,2,0.001483
chuang2021_048,代少冬,一起为他助力戳,2,0.001483
chuang2021_048,代少冬,不忘初心,2,0.001483
chuang2021_048,代少冬,不想在黑暗里跳舞了,2,0.001483
chuang2021_048,代少冬,为我撑腰么么哒,2,0.001483
chuang2021_048,代少冬,今天有点伤感,2,0.001483
chuang2021_048,代少冬,今晚6,2,0.001483
chuang2021_048,代少冬,代少冬呀的微博视频,2,0.001483
chuang2021_048,代少冬,代少冬真的很棒,2,0.001483
chuang2021_048,代少冬,你一定能拿下,2,0.001483
chuang2021_048,代少冬,公主抱韩老师还要高喊,2,0.001483
chuang2021_048,代少冬,冲冲冲,2,0.001483
chuang2021_048,代少冬,创4一公分组,2,0.001483
chuang2021_048,代少冬,创4学员同学录,2,0.001483
chuang2021_048,代少冬,创4排名,2,0.001483
chuang2021_048,代少冬,创造营2021代少冬,2,0.001483
chuang2021_048,代少冬,创造营2021榜,2,0.001483
chuang2021_048,代少冬,创造营2021榜好成绩,2,0.001483
chuang2021_048,代少冬,创造营排名,2,0.001483
chuang2021_048,代少冬,勇闯世界,2,0.001483
chuang2021_048,代少冬,周深,2,0.001483
chuang2021_048,代少冬,周震南,2,0.001483
chuang2021_048,代少冬,哈哈哈,2,0.001483
chuang2021_048,代少冬,婉拒前十五,2,0.001483
chuang2021_048,代少冬,学员,2,0.001483
chuang2021_048,代少冬,宁静,2,0.001483
chuang2021_048,代少冬,小板凳搬好啦,2,0.001483
chuang2021_048,代少冬,小桌球高玩认证,2,0.001483
chuang2021_048,代少冬,已换张星特,2,0.001483
chuang2021_048,代少冬,开播吧秀人,2,0.001483
chuang2021_048,代少冬,当着韩老师本尊模仿,2,0.001483
chuang2021_048,代少冬,微博直播,2,0.001483
chuang2021_048,代少冬,微博视频,2,0.001483
chuang2021_048,代少冬,我要飞,2,0.001483
chuang2021_048,代少冬,戴学霖,2,0.001483
chuang2021_048,代少冬,新浪综艺的微博视频,2,0.001483
chuang2021_048,代少冬,方得始终,2,0.001483
chuang2021_048,代少冬,明星势力榜第80位,2,0.001483
chuang2021_048,代少冬,李鑫一rex,2,0.001483
chuang2021_048,代少冬,游戏小惩罚脑洞大开,2,0.001483
chuang2021_048,代少冬,百因必有果,2,0.001483
chuang2021_048,代少冬,神秘嘉宾会是谁呢,2,0.001483
chuang2021_048,代少冬,老可爱了,2,0.001483
chuang2021_048,代少冬,腾讯v换米卡,2,0.001483
chuang2021_048,代少冬,获现场指导,2,0.001483
chuang2021_048,代少冬,说不想在黑暗里跳舞,2,0.001483
chuang2021_048,代少冬,还有五个名额,2,0.001483
chuang2021_048,代少冬,迷妹专访,2,0.001483
chuang2021_048,代少冬,迷妹专访x创4学员,2,0.001483
chuang2021_048,代少冬,邓超,2,0.001483
chuang2021_048,代少冬,阿克朱立,2,0.001483
chuang2021_048,代少冬,隔空跟你表白一下,2,0.001483
chuang2021_048,代少冬,韬魔仙,2,0.001483
chuang2021_049,黄鲲,黄鲲,124,0.067908
chuang2021_049,黄鲲,收起,43,0.023549
chuang2021_049,黄鲲,黄鲲超话,35,0.019168
chuang2021_049,黄鲲,创造营2021黄鲲,33,0.018072
chuang2021_049,黄鲲,林墨,26,0.014239
chuang2021_049,黄鲲,上原一翔,22,0.012048
chuang2021_049,黄鲲,张星特,22,0.012048
chuang2021_049,黄鲲,庆怜,21,0.011501
chuang2021_049,黄鲲,张腾,21,0.011501
chuang2021_049,黄鲲,张嘉元,20,0.010953
chuang2021_049,黄鲲,蒋敦豪,20,0.010953
chuang2021_049,黄鲲,刘宇,19,0.010405
chuang2021_049,黄鲲,付思超,18,0.009858
chuang2021_049,黄鲲,刘彰,18,0.009858
chuang2021_049,黄鲲,伯远,17,0.00931
chuang2021_049,黄鲲,何屹繁,17,0.00931
chuang2021_049,黄鲲,吴宇恒,17,0.00931
chuang2021_049,黄鲲,米卡,17,0.00931
chuang2021_049,黄鲲,韩佩泉,17,0.00931
chuang2021_049,黄鲲,高卿尘,17,0.00931
chuang2021_049,黄鲲,井胧,16,0.008762
chuang2021_049,黄鲲,何圳煜,16,0.008762
chuang2021_049,黄鲲,俞更寅,16,0.008762
chuang2021_049,黄鲲,尹浩宇,16,0.008762
chuang2021_049,黄鲲,荣耀,15,0.008215
chuang2021_049,黄鲲,力丸,14,0.007667
chuang2021_049,黄鲲,周柯宇,14,0.007667
chuang2021_049,黄鲲,赞多,14,0.007667
chuang2021_049,黄鲲,吴海,13,0.007119
chuang2021_049,黄鲲,李洛尔,13,0.007119
chuang2021_049,黄鲲,范臻尔,13,0.007119
chuang2021_049,黄鲲,于洋,12,0.006572
chuang2021_049,黄鲲,加油,12,0.006572
chuang2021_049,黄鲲,安迪,12,0.006572
chuang2021_049,黄鲲,明星势力榜,12,0.006572
chuang2021_049,黄鲲,陆定昊,12,0.006572
chuang2021_049,黄鲲,井汲大翔,11,0.006024
chuang2021_049,黄鲲,任胤蓬,11,0.006024
chuang2021_049,黄鲲,佐藤永翔,11,0.006024
chuang2021_049,黄鲲,何懿峻,11,0.006024
chuang2021_049,黄鲲,创造营2021超话,11,0.006024
chuang2021_049,黄鲲,利路修,11,0.006024
chuang2021_049,黄鲲,叶皓然,11,0.006024
chuang2021_049,黄鲲,和马,11,0.006024
chuang2021_049,黄鲲,奥斯卡,11,0.006024
chuang2021_049,黄鲲,屈柏宇,11,0.006024
chuang2021_049,黄鲲,张欣尧,11,0.006024
chuang2021_049,黄鲲,曾涵江,11,0.006024
chuang2021_049,黄鲲,王孝辰,11,0.006024
chuang2021_049,黄鲲,甘望星,11,0.006024
chuang2021_049,黄鲲,罗言,11,0.006024
chuang2021_049,黄鲲,胡烨韬,11,0.006024
chuang2021_049,黄鲲,薛八一,11,0.006024
chuang2021_049,黄鲲,邵明明,11,0.006024
chuang2021_049,黄鲲,魏子越,11,0.006024
chuang2021_049,黄鲲,刘唐辉,10,0.005476
chuang2021_049,黄鲲,原部凌,10,0.005476
chuang2021_049,黄鲲,李嘉祥,10,0.005476
chuang2021_049,黄鲲,羽生田挙武,10,0.005476
chuang2021_049,黄鲲,诺言,10,0.005476
chuang2021_049,黄鲲,谢兴阳,10,0.005476
chuang2021_049,黄鲲,贵尚奇,10,0.005476
chuang2021_049,黄鲲,赖耀翔,10,0.005476
chuang2021_049,黄鲲,韦语节,10,0.005476
chuang2021_049,黄鲲,2021,9,0.004929
chuang2021_049,黄鲲,刘聪,9,0.004929
chuang2021_049,黄鲲,张璋,9,0.004929
chuang2021_049,黄鲲,徐圣兹,9,0.004929
chuang2021_049,黄鲲,曹左,9,0.004929
chuang2021_049,黄鲲,李家豪,9,0.004929
chuang2021_049,黄鲲,李政庭,9,0.004929
chuang2021_049,黄鲲,李沛洋,9,0.004929
chuang2021_049,黄鲲,李泽坤,9,0.004929
chuang2021_049,黄鲲,林煜修,9,0.004929
chuang2021_049,黄鲲,林豆,9,0.004929
chuang2021_049,黄鲲,谷柳霖,9,0.004929
chuang2021_049,黄鲲,郑明鑫,9,0.004929
chuang2021_049,黄鲲,钱政宇,9,0.004929
chuang2021_049,黄鲲,陈俊洁,9,0.004929
chuang2021_049,黄鲲,陈瑞丰,9,0.004929
chuang2021_049,黄鲲,一之濑飞鸟,8,0.004381
chuang2021_049,黄鲲,代少冬,8,0.004381
chuang2021_049,黄鲲,凌箫,8,0.004381
chuang2021_049,黄鲲,创造营2021纯甄创造营学员能量榜,8,0.004381
chuang2021_049,黄鲲,加注能量啦,8,0.004381
chuang2021_049,黄鲲,大卫,8,0.004381
chuang2021_049,黄鲲,徐绍岚,8,0.004381
chuang2021_049,黄鲲,怿涵,8,0.004381
chuang2021_049,黄鲲,我在纯甄,8,0.004381
chuang2021_049,黄鲲,李泰龙,8,0.004381
chuang2021_049,黄鲲,王泽浩,8,0.004381
chuang2021_049,黄鲲,88,7,0.003834
chuang2021_049,黄鲲,ak,7,0.003834
chuang2021_049,黄鲲,boy,7,0.003834
chuang2021_049,黄鲲,butter,7,0.003834
chuang2021_049,黄鲲,fly,7,0.003834
chuang2021_049,黄鲲,lover,7,0.003834
chuang2021_049,黄鲲,me,7,0.003834
chuang2021_049,黄鲲,radio,7,0.003834
chuang2021_049,黄鲲,为梦想拼尽全力,7,0.003834
chuang2021_049,黄鲲,你也快来为喜欢的学员助力吧,7,0.003834
chuang2021_049,黄鲲,刘严冬季,7,0.003834
chuang2021_049,黄鲲,创造营2021榜上支持你啦,7,0.003834
chuang2021_049,黄鲲,卢克,7,0.003834
chuang2021_049,黄鲲,喜内优心,7,0.003834
chuang2021_049,黄鲲,学员能量榜为,7,0.003834
chuang2021_049,黄鲲,扬帆起航,7,0.003834
chuang2021_049,黄鲲,明星势力榜第37位,7,0.003834
chuang2021_049,黄鲲,田口馨也,7,0.003834
chuang2021_049,黄鲲,网页链接,7,0.003834
chuang2021_049,黄鲲,能为他争取到专属vlog拍摄机会,7,0.003834
chuang2021_049,黄鲲,跨海相聚,7,0.003834
chuang2021_049,黄鲲,都筑雄哉,7,0.003834
chuang2021_049,黄鲲,门胁慎刚,7,0.003834
chuang2021_049,黄鲲,阿克朱力,7,0.003834
chuang2021_049,黄鲲,隅田隼平,7,0.003834
chuang2021_049,黄鲲,lit,6,0.003286
chuang2021_049,黄鲲,ready,6,0.003286
chuang2021_049,黄鲲,you,6,0.003286
chuang2021_049,黄鲲,yummy,6,0.003286
chuang2021_049,黄鲲,作为怪物,6,0.003286
chuang2021_049,黄鲲,女孩,6,0.003286
chuang2021_049,黄鲲,我欢喜喜欢你,6,0.003286
chuang2021_049,黄鲲,爱我ready,6,0.003286
chuang2021_049,黄鲲,破茧,6,0.003286
chuang2021_049,黄鲲,肖力桓,6,0.003286
chuang2021_049,黄鲲,超级冠军,6,0.003286
chuang2021_049,黄鲲,这是我梦里到过的地方,6,0.003286
chuang2021_049,黄鲲,醉拳,6,0.003286
chuang2021_049,黄鲲,霓虹甜心,6,0.003286
chuang2021_049,黄鲲,黄鲲可爱,6,0.003286
chuang2021_049,黄鲲,一起为他助力戳,5,0.002738
chuang2021_049,黄鲲,不忘初心,5,0.002738
chuang2021_049,黄鲲,你一定能拿下,5,0.002738
chuang2021_049,黄鲲,创造营2021榜,5,0.002738
chuang2021_049,黄鲲,创造营2021榜好成绩,5,0.002738
chuang2021_049,黄鲲,方得始终,5,0.002738
chuang2021_049,黄鲲,鲲鲲,5,0.002738
chuang2021_049,黄鲲,1203星球备忘录的微博视频,4,0.002191
chuang2021_049,黄鲲,30天安利黄鲲计划,4,0.002191
chuang2021_049,黄鲲,livemusicbb机,4,0.002191
chuang2021_049,黄鲲,livemusic现场的微博视频,4,0.002191
chuang2021_049,黄鲲,story,4,0.002191
chuang2021_049,黄鲲,为什么这个时候才发,4,0.002191
chuang2021_049,黄鲲,出品,4,0.002191
chuang2021_049,黄鲲,创4一公分组,4,0.002191
chuang2021_049,黄鲲,创造营2021vocal图鉴,4,0.002191
chuang2021_049,黄鲲,因为懒,4,0.002191
chuang2021_049,黄鲲,图鉴包含米卡,4,0.002191
chuang2021_049,黄鲲,明天就是决战创造营2021之巅了,4,0.002191
chuang2021_049,黄鲲,特邀和马,4,0.002191
chuang2021_049,黄鲲,第一次解说配音作品,4,0.002191
chuang2021_049,黄鲲,腾讯视频创造营2021,4,0.002191
chuang2021_049,黄鲲,请父老乡亲们多多担待,4,0.002191
chuang2021_049,黄鲲,谁是创造营2021大vocal,4,0.002191
chuang2021_049,黄鲲,210423,3,0.001643
chuang2021_049,黄鲲,instagram,3,0.001643
chuang2021_049,黄鲲,一公分组,3,0.001643
chuang2021_049,黄鲲,一翔,3,0.001643
chuang2021_049,黄鲲,上原一翔超话,3,0.001643
chuang2021_049,黄鲲,世界那么大,3,0.001643
chuang2021_049,黄鲲,创4学员同学录,3,0.001643
chuang2021_049,黄鲲,小猫世世的微博视频,3,0.001643
chuang2021_049,黄鲲,微博视频,3,0.001643
chuang2021_049,黄鲲,我们一起闯,3,0.001643
chuang2021_049,黄鲲,我得了一种病叫鱼,3,0.001643
chuang2021_049,黄鲲,评论配图,3,0.001643
chuang2021_049,黄鲲,迷妹专访,3,0.001643
chuang2021_049,黄鲲,ak刘彰,2,0.001095
chuang2021_049,黄鲲,are,2,0.001095
chuang2021_049,黄鲲,cr,2,0.001095
chuang2021_049,黄鲲,cue大家轮流摸,2,0.001095
chuang2021_049,黄鲲,day10,2,0.001095
chuang2021_049,黄鲲,day4,2,0.001095
chuang2021_049,黄鲲,day8,2,0.001095
chuang2021_049,黄鲲,day9,2,0.001095
chuang2021_049,黄鲲,logo,2,0.001095
chuang2021_049,黄鲲,team,2,0.001095
chuang2021_049,黄鲲,we,2,0.001095
chuang2021_049,黄鲲,一緒,2,0.001095
chuang2021_049,黄鲲,上下班,2,0.001095
chuang2021_049,黄鲲,与你不见不散,2,0.001095
chuang2021_049,黄鲲,主题曲二创环节太棒了,2,0.001095
chuang2021_049,黄鲲,人人都不想普通无名地过一生吧,2,0.001095
chuang2021_049,黄鲲,你一定会成为最棒的音乐制作人的,2,0.001095
chuang2021_049,黄鲲,你一定会给你爸妈买带电梯的房子,2,0.001095
chuang2021_049,黄鲲,你不需要变得很成熟,2,0.001095
chuang2021_049,黄鲲,你唱歌真的超级好听哇,2,0.001095
chuang2021_049,黄鲲,全程过于精彩,2,0.001095
chuang2021_049,黄鲲,关注,2,0.001095
chuang2021_049,黄鲲,刘璋,2,0.001095
chuang2021_049,黄鲲,则要,2,0.001095
chuang2021_049,黄鲲,创4乐队版主题曲太戳人了,2,0.001095
chuang2021_049,黄鲲,创4全员主题曲舞台爷青回,2,0.001095
chuang2021_049,黄鲲,创4选手路透,2,0.001095
chuang2021_049,黄鲲,创造营二创,2,0.001095
chuang2021_049,黄鲲,加油呀,2,0.001095
chuang2021_049,黄鲲,加油哇,2,0.001095
chuang2021_049,黄鲲,向世界大声喊出我们的声音,2,0.001095
chuang2021_049,黄鲲,大侄子,2,0.001095
chuang2021_049,黄鲲,学员专访上线啦,2,0.001095
chuang2021_049,黄鲲,对着米卡撒娇,2,0.001095
chuang2021_049,黄鲲,对着镜头啾咪,2,0.001095
chuang2021_049,黄鲲,小桌球游戏环节惩罚太有意思,2,0.001095
chuang2021_049,黄鲲,少年人就是少年人,2,0.001095
chuang2021_049,黄鲲,微博综艺的微博视频,2,0.001095
chuang2021_049,黄鲲,快来一起为鲲鲲撑腰吧,2,0.001095
chuang2021_049,黄鲲,快来康康,2,0.001095
chuang2021_049,黄鲲,感動,2,0.001095
chuang2021_049,黄鲲,我们并肩作战,2,0.001095
chuang2021_049,黄鲲,我们的一些想法会随着时间发生很多的改变,2,0.001095
chuang2021_049,黄鲲,我好爱这首歌,2,0.001095
chuang2021_049,黄鲲,我有些明白你了,2,0.001095
chuang2021_049,黄鲲,最后,2,0.001095
chuang2021_049,黄鲲,最喜欢的穿搭,2,0.001095
chuang2021_049,黄鲲,求求了,2,0.001095
chuang2021_049,黄鲲,游戏惩罚环节太好笑了,2,0.001095
chuang2021_049,黄鲲,爱情鸟,2,0.001095
chuang2021_049,黄鲲,画面太美,2,0.001095
chuang2021_049,黄鲲,的头,2,0.001095
chuang2021_049,黄鲲,真的好好听,2,0.001095
chuang2021_049,黄鲲,真的对你改观了,2,0.001095
chuang2021_049,黄鲲,纯享,2,0.001095
chuang2021_049,黄鲲,给他吃冰淇淋吧,2,0.001095
chuang2021_049,黄鲲,腾讯视频,2,0.001095
chuang2021_049,黄鲲,要求,2,0.001095
chuang2021_049,黄鲲,这一组的选手都要加油呀,2,0.001095
chuang2021_049,黄鲲,迷妹专访x创4学员,2,0.001095
chuang2021_049,黄鲲,阿鲲,2,0.001095
chuang2021_049,黄鲲,黄鲲原创淡水鱼,2,0.001095
chuang2021_050,一之濑飞鸟,一之濑飞鸟,121,0.057455
chuang2021_050,一之濑飞鸟,收起,48,0.022792
chuang2021_050,一之濑飞鸟,井汲大翔,39,0.018519
chuang2021_050,一之濑飞鸟,俞更寅,28,0.013295
chuang2021_050,一之濑飞鸟,一之濑asuka超话,27,0.012821
chuang2021_050,一之濑飞鸟,任胤蓬,26,0.012346
chuang2021_050,一之濑飞鸟,赞多,23,0.010921
chuang2021_050,一之濑飞鸟,何屹繁,22,0.010446
chuang2021_050,一之濑飞鸟,周柯宇,22,0.010446
chuang2021_050,一之濑飞鸟,张嘉元,22,0.010446
chuang2021_050,一之濑飞鸟,张欣尧,22,0.010446
chuang2021_050,一之濑飞鸟,张腾,22,0.010446
chuang2021_050,一之濑飞鸟,甘望星,22,0.010446
chuang2021_050,一之濑飞鸟,邵明明,22,0.010446
chuang2021_050,一之濑飞鸟,陆定昊,22,0.010446
chuang2021_050,一之濑飞鸟,付思超,21,0.009972
chuang2021_050,一之濑飞鸟,刘宇,21,0.009972
chuang2021_050,一之濑飞鸟,吴宇恒,21,0.009972
chuang2021_050,一之濑飞鸟,尹浩宇,21,0.009972
chuang2021_050,一之濑飞鸟,林墨,21,0.009972
chuang2021_050,一之濑飞鸟,一之濑创造营2021,20,0.009497
chuang2021_050,一之濑飞鸟,米卡,20,0.009497
chuang2021_050,一之濑飞鸟,诺言,20,0.009497
chuang2021_050,一之濑飞鸟,井胧,19,0.009022
chuang2021_050,一之濑飞鸟,佐藤永翔,19,0.009022
chuang2021_050,一之濑飞鸟,力丸,19,0.009022
chuang2021_050,一之濑飞鸟,张星特,19,0.009022
chuang2021_050,一之濑飞鸟,韩佩泉,19,0.009022
chuang2021_050,一之濑飞鸟,高卿尘,19,0.009022
chuang2021_050,一之濑飞鸟,一之濑给井汲大翔的信,18,0.008547
chuang2021_050,一之濑飞鸟,上原一翔,18,0.008547
chuang2021_050,一之濑飞鸟,奥斯卡,18,0.008547
chuang2021_050,一之濑飞鸟,庆怜,18,0.008547
chuang2021_050,一之濑飞鸟,范臻尔,17,0.008072
chuang2021_050,一之濑飞鸟,伯远,16,0.007597
chuang2021_050,一之濑飞鸟,怿涵,16,0.007597
chuang2021_050,一之濑飞鸟,谢兴阳,16,0.007597
chuang2021_050,一之濑飞鸟,魏子越,16,0.007597
chuang2021_050,一之濑飞鸟,叶皓然,15,0.007123
chuang2021_050,一之濑飞鸟,吴海,15,0.007123
chuang2021_050,一之濑飞鸟,和马,15,0.007123
chuang2021_050,一之濑飞鸟,徐绍岚,15,0.007123
chuang2021_050,一之濑飞鸟,曾涵江,15,0.007123
chuang2021_050,一之濑飞鸟,李洛尔,15,0.007123
chuang2021_050,一之濑飞鸟,胡烨韬,15,0.007123
chuang2021_050,一之濑飞鸟,荣耀,15,0.007123
chuang2021_050,一之濑飞鸟,代少冬,14,0.006648
chuang2021_050,一之濑飞鸟,刘彰,14,0.006648
chuang2021_050,一之濑飞鸟,王孝辰,14,0.006648
chuang2021_050,一之濑飞鸟,罗言,14,0.006648
chuang2021_050,一之濑飞鸟,于洋,13,0.006173
chuang2021_050,一之濑飞鸟,创造营2021超话,13,0.006173
chuang2021_050,一之濑飞鸟,加注能量啦,13,0.006173
chuang2021_050,一之濑飞鸟,原部凌,13,0.006173
chuang2021_050,一之濑飞鸟,屈柏宇,13,0.006173
chuang2021_050,一之濑飞鸟,张璋,13,0.006173
chuang2021_050,一之濑飞鸟,我在纯甄,13,0.006173
chuang2021_050,一之濑飞鸟,薛八一,13,0.006173
chuang2021_050,一之濑飞鸟,刘聪,12,0.005698
chuang2021_050,一之濑飞鸟,利路修,12,0.005698
chuang2021_050,一之濑飞鸟,林煜修,12,0.005698
chuang2021_050,一之濑飞鸟,羽生田挙武,12,0.005698
chuang2021_050,一之濑飞鸟,30,11,0.005223
chuang2021_050,一之濑飞鸟,何懿峻,11,0.005223
chuang2021_050,一之濑飞鸟,学员能量榜为你,11,0.005223
chuang2021_050,一之濑飞鸟,想让更多人看到如此优秀的你,11,0.005223
chuang2021_050,一之濑飞鸟,李政庭,11,0.005223
chuang2021_050,一之濑飞鸟,蒋敦豪,11,0.005223
chuang2021_050,一之濑飞鸟,贵尚奇,11,0.005223
chuang2021_050,一之濑飞鸟,黄鲲,11,0.005223
chuang2021_050,一之濑飞鸟,何圳煜,10,0.004748
chuang2021_050,一之濑飞鸟,喜内优心,10,0.004748
chuang2021_050,一之濑飞鸟,微博正文,10,0.004748
chuang2021_050,一之濑飞鸟,李沛洋,10,0.004748
chuang2021_050,一之濑飞鸟,林豆,10,0.004748
chuang2021_050,一之濑飞鸟,郑明鑫,10,0.004748
chuang2021_050,一之濑飞鸟,陈俊洁,10,0.004748
chuang2021_050,一之濑飞鸟,韦语节,10,0.004748
chuang2021_050,一之濑飞鸟,今天是,9,0.004274
chuang2021_050,一之濑飞鸟,再签一次哦,9,0.004274
chuang2021_050,一之濑飞鸟,刘唐辉,9,0.004274
chuang2021_050,一之濑飞鸟,小可濑萌一定一定一定要记得每天签到,9,0.004274
chuang2021_050,一之濑飞鸟,小可濑萌晚安啦,9,0.004274
chuang2021_050,一之濑飞鸟,截止时间为11,9,0.004274
chuang2021_050,一之濑飞鸟,更不要忘了切换,9,0.004274
chuang2021_050,一之濑飞鸟,李家豪,9,0.004274
chuang2021_050,一之濑飞鸟,李泰龙,9,0.004274
chuang2021_050,一之濑飞鸟,濑濑新发布的微博请踊跃转赞评,9,0.004274
chuang2021_050,一之濑飞鸟,签到数,9,0.004274
chuang2021_050,一之濑飞鸟,记得在评论区回复话题并转发,9,0.004274
chuang2021_050,一之濑飞鸟,谢谢大家的支持,9,0.004274
chuang2021_050,一之濑飞鸟,都筑雄哉,9,0.004274
chuang2021_050,一之濑飞鸟,重要信息一览,9,0.004274
chuang2021_050,一之濑飞鸟,门胁慎刚,9,0.004274
chuang2021_050,一之濑飞鸟,青少年模式,9,0.004274
chuang2021_050,一之濑飞鸟,卢克,8,0.003799
chuang2021_050,一之濑飞鸟,大卫,8,0.003799
chuang2021_050,一之濑飞鸟,安迪,8,0.003799
chuang2021_050,一之濑飞鸟,李嘉祥,8,0.003799
chuang2021_050,一之濑飞鸟,李泽坤,8,0.003799
chuang2021_050,一之濑飞鸟,王泽浩,8,0.003799
chuang2021_050,一之濑飞鸟,肖力桓,8,0.003799
chuang2021_050,一之濑飞鸟,腾讯视频打榜一条龙教程看这里,8,0.003799
chuang2021_050,一之濑飞鸟,赖耀翔,8,0.003799
chuang2021_050,一之濑飞鸟,超级冠军,8,0.003799
chuang2021_050,一之濑飞鸟,陈瑞丰,8,0.003799
chuang2021_050,一之濑飞鸟,me,7,0.003324
chuang2021_050,一之濑飞鸟,凌箫,7,0.003324
chuang2021_050,一之濑飞鸟,刘严冬季,7,0.003324
chuang2021_050,一之濑飞鸟,徐圣兹,7,0.003324
chuang2021_050,一之濑飞鸟,我们明天见,7,0.003324
chuang2021_050,一之濑飞鸟,曹左,7,0.003324
chuang2021_050,一之濑飞鸟,网页链接,7,0.003324
chuang2021_050,一之濑飞鸟,谷柳霖,7,0.003324
chuang2021_050,一之濑飞鸟,钱政宇,7,0.003324
chuang2021_050,一之濑飞鸟,隅田隼平,7,0.003324
chuang2021_050,一之濑飞鸟,2021,6,0.002849
chuang2021_050,一之濑飞鸟,88,6,0.002849
chuang2021_050,一之濑飞鸟,boy,6,0.002849
chuang2021_050,一之濑飞鸟,butter,6,0.002849
chuang2021_050,一之濑飞鸟,fly,6,0.002849
chuang2021_050,一之濑飞鸟,lit,6,0.002849
chuang2021_050,一之濑飞鸟,lover,6,0.002849
chuang2021_050,一之濑飞鸟,radio,6,0.002849
chuang2021_050,一之濑飞鸟,ready,6,0.002849
chuang2021_050,一之濑飞鸟,you,6,0.002849
chuang2021_050,一之濑飞鸟,yummy,6,0.002849
chuang2021_050,一之濑飞鸟,作为怪物,6,0.002849
chuang2021_050,一之濑飞鸟,助你获得惊喜曝光资源,6,0.002849
chuang2021_050,一之濑飞鸟,女孩,6,0.002849
chuang2021_050,一之濑飞鸟,我欢喜喜欢你,6,0.002849
chuang2021_050,一之濑飞鸟,爱我ready,6,0.002849
chuang2021_050,一之濑飞鸟,田口馨也,6,0.002849
chuang2021_050,一之濑飞鸟,破茧,6,0.002849
chuang2021_050,一之濑飞鸟,醉拳,6,0.002849
chuang2021_050,一之濑飞鸟,阿克朱力,6,0.002849
chuang2021_050,一之濑飞鸟,霓虹甜心,6,0.002849
chuang2021_050,一之濑飞鸟,创4排名,5,0.002374
chuang2021_050,一之濑飞鸟,助你获得惊喜vlog拍摄机会,5,0.002374
chuang2021_050,一之濑飞鸟,没签到的宝快快,5,0.002374
chuang2021_050,一之濑飞鸟,vs,4,0.001899
chuang2021_050,一之濑飞鸟,今天的总签到数下降了,4,0.001899
chuang2021_050,一之濑飞鸟,你最看好谁,4,0.001899
chuang2021_050,一之濑飞鸟,创4一公分组,4,0.001899
chuang2021_050,一之濑飞鸟,创4学员学长风造型,4,0.001899
chuang2021_050,一之濑飞鸟,自行车安利博的微博视频,4,0.001899
chuang2021_050,一之濑飞鸟,退赛,4,0.001899
chuang2021_050,一之濑飞鸟,ak刘彰,3,0.001425
chuang2021_050,一之濑飞鸟,amu羽生田挙武,3,0.001425
chuang2021_050,一之濑飞鸟,battle大战好激烈,3,0.001425
chuang2021_050,一之濑飞鸟,一公分组,3,0.001425
chuang2021_050,一之濑飞鸟,乐队主唱一之濑超话,3,0.001425
chuang2021_050,一之濑飞鸟,今天的总签到数上升了,3,0.001425
chuang2021_050,一之濑飞鸟,你是井汲大翔,3,0.001425
chuang2021_050,一之濑飞鸟,你是你自己,3,0.001425
chuang2021_050,一之濑飞鸟,创造营2021纯甄创造营学员能量榜,3,0.001425
chuang2021_050,一之濑飞鸟,发电榜,3,0.001425
chuang2021_050,一之濑飞鸟,吉祥弟弟,3,0.001425
chuang2021_050,一之濑飞鸟,向场上投去,3,0.001425
chuang2021_050,一之濑飞鸟,失去游戏资格场外吃瓜,3,0.001425
chuang2021_050,一之濑飞鸟,小可濑萌也不要忘了在,3,0.001425
chuang2021_050,一之濑飞鸟,支持濑濑哦,3,0.001425
chuang2021_050,一之濑飞鸟,无差别扫射,3,0.001425
chuang2021_050,一之濑飞鸟,星期五,3,0.001425
chuang2021_050,一之濑飞鸟,最后的1v1,3,0.001425
chuang2021_050,一之濑飞鸟,正面输出,3,0.001425
chuang2021_050,一之濑飞鸟,的眼神,3,0.001425
chuang2021_050,一之濑飞鸟,第一轮的撑腰已经结束,3,0.001425
chuang2021_050,一之濑飞鸟,羡慕,3,0.001425
chuang2021_050,一之濑飞鸟,距离创造营2021撑腰通道目前的排名曝光,3,0.001425
chuang2021_050,一之濑飞鸟,重要的事情说三遍,3,0.001425
chuang2021_050,一之濑飞鸟,00,2,0.00095
chuang2021_050,一之濑飞鸟,12,2,0.00095
chuang2021_050,一之濑飞鸟,doki开箱挑战,2,0.00095
chuang2021_050,一之濑飞鸟,hack,2,0.00095
chuang2021_050,一之濑飞鸟,lemon,2,0.00095
chuang2021_050,一之濑飞鸟,therefore,2,0.00095
chuang2021_050,一之濑飞鸟,yuu喜内优心,2,0.00095
chuang2021_050,一之濑飞鸟,一之濑asuka,2,0.00095
chuang2021_050,一之濑飞鸟,一起为他助力戳,2,0.00095
chuang2021_050,一之濑飞鸟,上海,2,0.00095
chuang2021_050,一之濑飞鸟,不忘初心,2,0.00095
chuang2021_050,一之濑飞鸟,不知谁将会获得最后,2,0.00095
chuang2021_050,一之濑飞鸟,井汲大翔一定会出道的,2,0.00095
chuang2021_050,一之濑飞鸟,井汲大翔冲啊,2,0.00095
chuang2021_050,一之濑飞鸟,佐藤永翔超话,2,0.00095
chuang2021_050,一之濑飞鸟,你一定能拿下,2,0.00095
chuang2021_050,一之濑飞鸟,你一定要出道啊,2,0.00095
chuang2021_050,一之濑飞鸟,你也快来为喜欢的学员助力吧,2,0.00095
chuang2021_050,一之濑飞鸟,你就不要想起我,2,0.00095
chuang2021_050,一之濑飞鸟,关注,2,0.00095
chuang2021_050,一之濑飞鸟,出道位top11,2,0.00095
chuang2021_050,一之濑飞鸟,出道夜要加油,2,0.00095
chuang2021_050,一之濑飞鸟,创4一公,2,0.00095
chuang2021_050,一之濑飞鸟,创造营2021榜,2,0.00095
chuang2021_050,一之濑飞鸟,创造营2021榜好成绩,2,0.00095
chuang2021_050,一之濑飞鸟,创造营4,2,0.00095
chuang2021_050,一之濑飞鸟,创造营排名,2,0.00095
chuang2021_050,一之濑飞鸟,化身孤岛的鲸,2,0.00095
chuang2021_050,一之濑飞鸟,可爱的日系风格,2,0.00095
chuang2021_050,一之濑飞鸟,周深,2,0.00095
chuang2021_050,一之濑飞鸟,周震南,2,0.00095
chuang2021_050,一之濑飞鸟,在本条微博评论下猜猜我们的,2,0.00095
chuang2021_050,一之濑飞鸟,大阪猛男要出道,2,0.00095
chuang2021_050,一之濑飞鸟,学员,2,0.00095
chuang2021_050,一之濑飞鸟,学员能量榜为,2,0.00095
chuang2021_050,一之濑飞鸟,宁静,2,0.00095
chuang2021_050,一之濑飞鸟,小可濑萌加油呀,2,0.00095
chuang2021_050,一之濑飞鸟,快来康康,2,0.00095
chuang2021_050,一之濑飞鸟,我管你,2,0.00095
chuang2021_050,一之濑飞鸟,截至2月25日中午12,2,0.00095
chuang2021_050,一之濑飞鸟,戴学霖,2,0.00095
chuang2021_050,一之濑飞鸟,方得始终,2,0.00095
chuang2021_050,一之濑飞鸟,日本男团登场,2,0.00095
chuang2021_050,一之濑飞鸟,明星势力榜,2,0.00095
chuang2021_050,一之濑飞鸟,星悦小美女pku,2,0.00095
chuang2021_050,一之濑飞鸟,星期三,2,0.00095
chuang2021_050,一之濑飞鸟,星期四,2,0.00095
chuang2021_050,一之濑飞鸟,每天签到每天签到每天签到,2,0.00095
chuang2021_050,一之濑飞鸟,没信心了我们一起创造信心,2,0.00095
chuang2021_050,一之濑飞鸟,没信心了我们就一起创造信心,2,0.00095
chuang2021_050,一之濑飞鸟,没奇迹了我们一起创造奇迹,2,0.00095
chuang2021_050,一之濑飞鸟,没奇迹了我们就一起创造奇迹,2,0.00095
chuang2021_050,一之濑飞鸟,没时间了我们一起创造时间,2,0.00095
chuang2021_050,一之濑飞鸟,爱情鸟,2,0.00095
chuang2021_050,一之濑飞鸟,牛年大吉,2,0.00095
chuang2021_050,一之濑飞鸟,猜猜乐,2,0.00095
chuang2021_050,一之濑飞鸟,留下,2,0.00095
chuang2021_050,一之濑飞鸟,看了一之濑飞鸟为井汲大翔发文打call着实破防了,2,0.00095
chuang2021_050,一之濑飞鸟,能为他争取到惊喜曝光资源哦,2,0.00095
chuang2021_050,一之濑飞鸟,腾讯视频创造营2021,2,0.00095
chuang2021_050,一之濑飞鸟,营人进入异次元会变成笨蛋吗,2,0.00095
chuang2021_050,一之濑飞鸟,被恐怖箱支配的创4学员,2,0.00095
chuang2021_050,一之濑飞鸟,谢谢濑濑,2,0.00095
chuang2021_050,一之濑飞鸟,这一刻你不再是任何人的,2,0.00095
chuang2021_050,一之濑飞鸟,追选秀的真香定律,2,0.00095
chuang2021_050,一之濑飞鸟,邓超,2,0.00095
chuang2021_050,一之濑飞鸟,阿克朱立,2,0.00095
chuang2021_050,一之濑飞鸟,非正式会谈录制,2,0.00095
chuang2021_050,一之濑飞鸟,黑人牙膏白酵素助力创造营一之濑飞鸟闪耀闯关,2,0.00095
chuang2021_051,何圳煜,何圳煜,102,0.05913
chuang2021_051,何圳煜,创造营2021何圳煜,75,0.043478
chuang2021_051,何圳煜,何圳煜超话,60,0.034783
chuang2021_051,何圳煜,收起,35,0.02029
chuang2021_051,何圳煜,hzy,34,0.01971
chuang2021_051,何圳煜,herzy,26,0.015072
chuang2021_051,何圳煜,每天都在为你撑腰,25,0.014493
chuang2021_051,何圳煜,张星特,19,0.011014
chuang2021_051,何圳煜,甘望星,19,0.011014
chuang2021_051,何圳煜,井胧,18,0.010435
chuang2021_051,何圳煜,林墨,18,0.010435
chuang2021_051,何圳煜,俞更寅,17,0.009855
chuang2021_051,何圳煜,刘宇,17,0.009855
chuang2021_051,何圳煜,吴宇恒,17,0.009855
chuang2021_051,何圳煜,庆怜,17,0.009855
chuang2021_051,何圳煜,胡烨韬,17,0.009855
chuang2021_051,何圳煜,蒋敦豪,17,0.009855
chuang2021_051,何圳煜,伯远,16,0.009275
chuang2021_051,何圳煜,奥斯卡,16,0.009275
chuang2021_051,何圳煜,尹浩宇,16,0.009275
chuang2021_051,何圳煜,屈柏宇,16,0.009275
chuang2021_051,何圳煜,罗言,16,0.009275
chuang2021_051,何圳煜,黄鲲,16,0.009275
chuang2021_051,何圳煜,代少冬,15,0.008696
chuang2021_051,何圳煜,任胤蓬,15,0.008696
chuang2021_051,何圳煜,何屹繁,15,0.008696
chuang2021_051,何圳煜,何懿峻,15,0.008696
chuang2021_051,何圳煜,利路修,15,0.008696
chuang2021_051,何圳煜,叶皓然,15,0.008696
chuang2021_051,何圳煜,张腾,15,0.008696
chuang2021_051,何圳煜,米卡,15,0.008696
chuang2021_051,何圳煜,谢兴阳,15,0.008696
chuang2021_051,何圳煜,贵尚奇,15,0.008696
chuang2021_051,何圳煜,高卿尘,15,0.008696
chuang2021_051,何圳煜,井汲大翔,14,0.008116
chuang2021_051,何圳煜,付思超,14,0.008116
chuang2021_051,何圳煜,刘彰,14,0.008116
chuang2021_051,何圳煜,张嘉元,14,0.008116
chuang2021_051,何圳煜,张欣尧,14,0.008116
chuang2021_051,何圳煜,王孝辰,14,0.008116
chuang2021_051,何圳煜,韩佩泉,14,0.008116
chuang2021_051,何圳煜,于洋,13,0.007536
chuang2021_051,何圳煜,力丸,13,0.007536
chuang2021_051,何圳煜,吴海,13,0.007536
chuang2021_051,何圳煜,周柯宇,13,0.007536
chuang2021_051,何圳煜,诺言,13,0.007536
chuang2021_051,何圳煜,陆定昊,13,0.007536
chuang2021_051,何圳煜,魏子越,13,0.007536
chuang2021_051,何圳煜,和马,12,0.006957
chuang2021_051,何圳煜,李沛洋,12,0.006957
chuang2021_051,何圳煜,李洛尔,12,0.006957
chuang2021_051,何圳煜,薛八一,12,0.006957
chuang2021_051,何圳煜,赞多,12,0.006957
chuang2021_051,何圳煜,上原一翔,11,0.006377
chuang2021_051,何圳煜,佐藤永翔,11,0.006377
chuang2021_051,何圳煜,刘聪,11,0.006377
chuang2021_051,何圳煜,创造营2021超话,11,0.006377
chuang2021_051,何圳煜,张璋,11,0.006377
chuang2021_051,何圳煜,曾涵江,11,0.006377
chuang2021_051,何圳煜,李泽坤,11,0.006377
chuang2021_051,何圳煜,羽生田挙武,11,0.006377
chuang2021_051,何圳煜,范臻尔,11,0.006377
chuang2021_051,何圳煜,荣耀,11,0.006377
chuang2021_051,何圳煜,邵明明,11,0.006377
chuang2021_051,何圳煜,郑明鑫,11,0.006377
chuang2021_051,何圳煜,原部凌,10,0.005797
chuang2021_051,何圳煜,大卫,10,0.005797
chuang2021_051,何圳煜,徐圣兹,10,0.005797
chuang2021_051,何圳煜,曹左,10,0.005797
chuang2021_051,何圳煜,李嘉祥,10,0.005797
chuang2021_051,何圳煜,李家豪,10,0.005797
chuang2021_051,何圳煜,李泰龙,10,0.005797
chuang2021_051,何圳煜,黑人牙膏白酵素助力创造营何圳煜闪耀闯关,10,0.005797
chuang2021_051,何圳煜,一之濑飞鸟,9,0.005217
chuang2021_051,何圳煜,刘唐辉,9,0.005217
chuang2021_051,何圳煜,加注能量啦,9,0.005217
chuang2021_051,何圳煜,徐绍岚,9,0.005217
chuang2021_051,何圳煜,我在纯甄,9,0.005217
chuang2021_051,何圳煜,李政庭,9,0.005217
chuang2021_051,何圳煜,林豆,9,0.005217
chuang2021_051,何圳煜,谷柳霖,9,0.005217
chuang2021_051,何圳煜,赖耀翔,9,0.005217
chuang2021_051,何圳煜,钱政宇,9,0.005217
chuang2021_051,何圳煜,陈俊洁,9,0.005217
chuang2021_051,何圳煜,陈瑞丰,9,0.005217
chuang2021_051,何圳煜,韦语节,9,0.005217
chuang2021_051,何圳煜,助你获得惊喜vlog拍摄机会,8,0.004638
chuang2021_051,何圳煜,学员能量榜为你,8,0.004638
chuang2021_051,何圳煜,安迪,8,0.004638
chuang2021_051,何圳煜,怿涵,8,0.004638
chuang2021_051,何圳煜,想让更多人看到如此优秀的你,8,0.004638
chuang2021_051,何圳煜,林煜修,8,0.004638
chuang2021_051,何圳煜,门胁慎刚,8,0.004638
chuang2021_051,何圳煜,隅田隼平,8,0.004638
chuang2021_051,何圳煜,me,7,0.004058
chuang2021_051,何圳煜,凌箫,7,0.004058
chuang2021_051,何圳煜,刘严冬季,7,0.004058
chuang2021_051,何圳煜,卢克,7,0.004058
chuang2021_051,何圳煜,喜内优心,7,0.004058
chuang2021_051,何圳煜,王泽浩,7,0.004058
chuang2021_051,何圳煜,田口馨也,7,0.004058
chuang2021_051,何圳煜,都筑雄哉,7,0.004058
chuang2021_051,何圳煜,阿克朱力,7,0.004058
chuang2021_051,何圳煜,88,6,0.003478
chuang2021_051,何圳煜,boy,6,0.003478
chuang2021_051,何圳煜,butter,6,0.003478
chuang2021_051,何圳煜,cr,6,0.003478
chuang2021_051,何圳煜,fly,6,0.003478
chuang2021_051,何圳煜,lit,6,0.003478
chuang2021_051,何圳煜,lover,6,0.003478
chuang2021_051,何圳煜,radio,6,0.003478
chuang2021_051,何圳煜,ready,6,0.003478
chuang2021_051,何圳煜,you,6,0.003478
chuang2021_051,何圳煜,yummy,6,0.003478
chuang2021_051,何圳煜,作为怪物,6,0.003478
chuang2021_051,何圳煜,女孩,6,0.003478
chuang2021_051,何圳煜,我欢喜喜欢你,6,0.003478
chuang2021_051,何圳煜,爱我ready,6,0.003478
chuang2021_051,何圳煜,破茧,6,0.003478
chuang2021_051,何圳煜,肖力桓,6,0.003478
chuang2021_051,何圳煜,超级冠军,6,0.003478
chuang2021_051,何圳煜,醉拳,6,0.003478
chuang2021_051,何圳煜,霓虹甜心,6,0.003478
chuang2021_051,何圳煜,logo,5,0.002899
chuang2021_051,何圳煜,上下班,5,0.002899
chuang2021_051,何圳煜,创4一公分组,4,0.002319
chuang2021_051,何圳煜,创4选手路透,4,0.002319
chuang2021_051,何圳煜,加油,4,0.002319
chuang2021_051,何圳煜,一公分组,3,0.001739
chuang2021_051,何圳煜,网页链接,3,0.001739
chuang2021_051,何圳煜,1203星球备忘录的微博视频,2,0.001159
chuang2021_051,何圳煜,20210224,2,0.001159
chuang2021_051,何圳煜,ak,2,0.001159
chuang2021_051,何圳煜,ak刘彰,2,0.001159
chuang2021_051,何圳煜,lemon,2,0.001159
chuang2021_051,何圳煜,therefore,2,0.001159
chuang2021_051,何圳煜,vr,2,0.001159
chuang2021_051,何圳煜,一起等待星星,2,0.001159
chuang2021_051,何圳煜,下次画胧妈和星星,2,0.001159
chuang2021_051,何圳煜,不得不说一句好帅,2,0.001159
chuang2021_051,何圳煜,不管怎么样,2,0.001159
chuang2021_051,何圳煜,不要放弃,2,0.001159
chuang2021_051,何圳煜,井胧yyds,2,0.001159
chuang2021_051,何圳煜,今天是运动boy,2,0.001159
chuang2021_051,何圳煜,会越来越好的,2,0.001159
chuang2021_051,何圳煜,何圳煜可塑性,2,0.001159
chuang2021_051,何圳煜,何圳煜集團越做越大,2,0.001159
chuang2021_051,何圳煜,你就不要想起我,2,0.001159
chuang2021_051,何圳煜,你真的很棒,2,0.001159
chuang2021_051,何圳煜,再说一遍,2,0.001159
chuang2021_051,何圳煜,决赛吧,2,0.001159
chuang2021_051,何圳煜,创4排名,2,0.001159
chuang2021_051,何圳煜,创造营的学员们都好棒啊,2,0.001159
chuang2021_051,何圳煜,化身孤岛的鲸,2,0.001159
chuang2021_051,何圳煜,在我心目中无人能及,2,0.001159
chuang2021_051,何圳煜,宝贝加油,2,0.001159
chuang2021_051,何圳煜,开播吧秀人,2,0.001159
chuang2021_051,何圳煜,张星特超话,2,0.001159
chuang2021_051,何圳煜,快来康康,2,0.001159
chuang2021_051,何圳煜,感情杠杠滴,2,0.001159
chuang2021_051,何圳煜,我管你,2,0.001159
chuang2021_051,何圳煜,打羽毛球了,2,0.001159
chuang2021_051,何圳煜,欣欣的微博视频,2,0.001159
chuang2021_051,何圳煜,爱情鸟,2,0.001159
chuang2021_051,何圳煜,甘望星超话,2,0.001159
chuang2021_051,何圳煜,生意興隆,2,0.001159
chuang2021_051,何圳煜,的微博视频,2,0.001159
chuang2021_051,何圳煜,祝超话生日快乐,2,0.001159
chuang2021_051,何圳煜,超话生日快乐,2,0.001159
chuang2021_052,徐绍岚,徐绍岚,97,0.050181
chuang2021_052,徐绍岚,徐绍岚超话,46,0.023797
chuang2021_052,徐绍岚,力丸,44,0.022763
chuang2021_052,徐绍岚,收起,36,0.018624
chuang2021_052,徐绍岚,刘宇,29,0.015003
chuang2021_052,徐绍岚,任胤蓬,27,0.013968
chuang2021_052,徐绍岚,罗言,24,0.012416
chuang2021_052,徐绍岚,李洛尔,20,0.010347
chuang2021_052,徐绍岚,力丸听徐绍岚发言泪流满面,19,0.009829
chuang2021_052,徐绍岚,吴海,19,0.009829
chuang2021_052,徐绍岚,徐绍岚0415生日快乐,19,0.009829
chuang2021_052,徐绍岚,吴宇恒,18,0.009312
chuang2021_052,徐绍岚,井汲大翔,17,0.008795
chuang2021_052,徐绍岚,付思超,17,0.008795
chuang2021_052,徐绍岚,周柯宇,17,0.008795
chuang2021_052,徐绍岚,甘望星,17,0.008795
chuang2021_052,徐绍岚,米卡,17,0.008795
chuang2021_052,徐绍岚,胡烨韬,17,0.008795
chuang2021_052,徐绍岚,于洋,16,0.008277
chuang2021_052,徐绍岚,利路修,16,0.008277
chuang2021_052,徐绍岚,庆怜,16,0.008277
chuang2021_052,徐绍岚,邵明明,16,0.008277
chuang2021_052,徐绍岚,高卿尘,16,0.008277
chuang2021_052,徐绍岚,奥斯卡,15,0.00776
chuang2021_052,徐绍岚,尹浩宇,15,0.00776
chuang2021_052,徐绍岚,张嘉元,15,0.00776
chuang2021_052,徐绍岚,怿涵,15,0.00776
chuang2021_052,徐绍岚,赞多,15,0.00776
chuang2021_052,徐绍岚,一之濑飞鸟,14,0.007243
chuang2021_052,徐绍岚,上原一翔,14,0.007243
chuang2021_052,徐绍岚,何屹繁,14,0.007243
chuang2021_052,徐绍岚,何懿峻,14,0.007243
chuang2021_052,徐绍岚,张星特,14,0.007243
chuang2021_052,徐绍岚,张璋,14,0.007243
chuang2021_052,徐绍岚,诺言,14,0.007243
chuang2021_052,徐绍岚,韩佩泉,14,0.007243
chuang2021_052,徐绍岚,2021,13,0.006725
chuang2021_052,徐绍岚,伯远,13,0.006725
chuang2021_052,徐绍岚,何圳煜,13,0.006725
chuang2021_052,徐绍岚,俞更寅,13,0.006725
chuang2021_052,徐绍岚,屈柏宇,13,0.006725
chuang2021_052,徐绍岚,张欣尧,13,0.006725
chuang2021_052,徐绍岚,张腾,13,0.006725
chuang2021_052,徐绍岚,曾涵江,13,0.006725
chuang2021_052,徐绍岚,王孝辰,13,0.006725
chuang2021_052,徐绍岚,范臻尔,13,0.006725
chuang2021_052,徐绍岚,荣耀,13,0.006725
chuang2021_052,徐绍岚,蒋敦豪,13,0.006725
chuang2021_052,徐绍岚,薛八一,13,0.006725
chuang2021_052,徐绍岚,谢兴阳,13,0.006725
chuang2021_052,徐绍岚,贵尚奇,13,0.006725
chuang2021_052,徐绍岚,陆定昊,13,0.006725
chuang2021_052,徐绍岚,魏子越,13,0.006725
chuang2021_052,徐绍岚,黄鲲,12,0.006208
chuang2021_052,徐绍岚,lit,11,0.005691
chuang2021_052,徐绍岚,林墨,11,0.005691
chuang2021_052,徐绍岚,代少冬,10,0.005173
chuang2021_052,徐绍岚,和马,10,0.005173
chuang2021_052,徐绍岚,王泽浩,10,0.005173
chuang2021_052,徐绍岚,羽生田挙武,10,0.005173
chuang2021_052,徐绍岚,井胧,9,0.004656
chuang2021_052,徐绍岚,佐藤永翔,9,0.004656
chuang2021_052,徐绍岚,凌箫,9,0.004656
chuang2021_052,徐绍岚,刘彰,9,0.004656
chuang2021_052,徐绍岚,叶皓然,9,0.004656
chuang2021_052,徐绍岚,网页链接,9,0.004656
chuang2021_052,徐绍岚,me,7,0.003621
chuang2021_052,徐绍岚,you,7,0.003621
chuang2021_052,徐绍岚,刘严冬季,7,0.003621
chuang2021_052,徐绍岚,刘唐辉,7,0.003621
chuang2021_052,徐绍岚,刘聪,7,0.003621
chuang2021_052,徐绍岚,创造营2021超话,7,0.003621
chuang2021_052,徐绍岚,卢克,7,0.003621
chuang2021_052,徐绍岚,原部凌,7,0.003621
chuang2021_052,徐绍岚,喜内优心,7,0.003621
chuang2021_052,徐绍岚,大卫,7,0.003621
chuang2021_052,徐绍岚,安迪,7,0.003621
chuang2021_052,徐绍岚,徐圣兹,7,0.003621
chuang2021_052,徐绍岚,曹左,7,0.003621
chuang2021_052,徐绍岚,李嘉祥,7,0.003621
chuang2021_052,徐绍岚,李家豪,7,0.003621
chuang2021_052,徐绍岚,李政庭,7,0.003621
chuang2021_052,徐绍岚,李沛洋,7,0.003621
chuang2021_052,徐绍岚,李泰龙,7,0.003621
chuang2021_052,徐绍岚,李泽坤,7,0.003621
chuang2021_052,徐绍岚,林煜修,7,0.003621
chuang2021_052,徐绍岚,林豆,7,0.003621
chuang2021_052,徐绍岚,谷柳霖,7,0.003621
chuang2021_052,徐绍岚,赖耀翔,7,0.003621
chuang2021_052,徐绍岚,郑明鑫,7,0.003621
chuang2021_052,徐绍岚,都筑雄哉,7,0.003621
chuang2021_052,徐绍岚,钱政宇,7,0.003621
chuang2021_052,徐绍岚,门胁慎刚,7,0.003621
chuang2021_052,徐绍岚,陈俊洁,7,0.003621
chuang2021_052,徐绍岚,陈瑞丰,7,0.003621
chuang2021_052,徐绍岚,隅田隼平,7,0.003621
chuang2021_052,徐绍岚,韦语节,7,0.003621
chuang2021_052,徐绍岚,88,6,0.003104
chuang2021_052,徐绍岚,boy,6,0.003104
chuang2021_052,徐绍岚,butter,6,0.003104
chuang2021_052,徐绍岚,fly,6,0.003104
chuang2021_052,徐绍岚,lover,6,0.003104
chuang2021_052,徐绍岚,radio,6,0.003104
chuang2021_052,徐绍岚,ready,6,0.003104
chuang2021_052,徐绍岚,therefore,6,0.003104
chuang2021_052,徐绍岚,yummy,6,0.003104
chuang2021_052,徐绍岚,作为怪物,6,0.003104
chuang2021_052,徐绍岚,你就不要想起我,6,0.003104
chuang2021_052,徐绍岚,化身孤岛的鲸,6,0.003104
chuang2021_052,徐绍岚,女孩,6,0.003104
chuang2021_052,徐绍岚,小布丁gemini的微博视频,6,0.003104
chuang2021_052,徐绍岚,我欢喜喜欢你,6,0.003104
chuang2021_052,徐绍岚,我管你,6,0.003104
chuang2021_052,徐绍岚,爱情鸟,6,0.003104
chuang2021_052,徐绍岚,爱我ready,6,0.003104
chuang2021_052,徐绍岚,田口馨也,6,0.003104
chuang2021_052,徐绍岚,破茧,6,0.003104
chuang2021_052,徐绍岚,肖力桓,6,0.003104
chuang2021_052,徐绍岚,超级冠军,6,0.003104
chuang2021_052,徐绍岚,醉拳,6,0.003104
chuang2021_052,徐绍岚,阿克朱力,6,0.003104
chuang2021_052,徐绍岚,霓虹甜心,6,0.003104
chuang2021_052,徐绍岚,ak,5,0.002587
chuang2021_052,徐绍岚,an,5,0.002587
chuang2021_052,徐绍岚,beliver,5,0.002587
chuang2021_052,徐绍岚,dance,5,0.002587
chuang2021_052,徐绍岚,emon,5,0.002587
chuang2021_052,徐绍岚,vocal,5,0.002587
chuang2021_052,徐绍岚,任豪教创4学员镜头感,5,0.002587
chuang2021_052,徐绍岚,佐藤永祥,5,0.002587
chuang2021_052,徐绍岚,创造营2021二公分组,5,0.002587
chuang2021_052,徐绍岚,原创,5,0.002587
chuang2021_052,徐绍岚,螃蟹舞,5,0.002587
chuang2021_052,徐绍岚,黄琨,5,0.002587
chuang2021_052,徐绍岚,dance赞多,4,0.002069
chuang2021_052,徐绍岚,r1se,4,0.002069
chuang2021_052,徐绍岚,rap林墨,4,0.002069
chuang2021_052,徐绍岚,voca,4,0.002069
chuang2021_052,徐绍岚,主题曲镜头感小课,4,0.002069
chuang2021_052,徐绍岚,井胧c,4,0.002069
chuang2021_052,徐绍岚,亲自示范动作的任豪学长帅拉了,4,0.002069
chuang2021_052,徐绍岚,今日份课程超级干货get,4,0.002069
chuang2021_052,徐绍岚,代少冬c,4,0.002069
chuang2021_052,徐绍岚,任豪,4,0.002069
chuang2021_052,徐绍岚,创4一公分组,4,0.002069
chuang2021_052,徐绍岚,前来蹭课的闯人是成倍增加,4,0.002069
chuang2021_052,徐绍岚,叶皓然c,4,0.002069
chuang2021_052,徐绍岚,徐绍岚创造营2021,4,0.002069
chuang2021_052,徐绍岚,徐绍岚表情管理,4,0.002069
chuang2021_052,徐绍岚,手把手指导,4,0.002069
chuang2021_052,徐绍岚,来自学长,4,0.002069
chuang2021_052,徐绍岚,生日快乐,4,0.002069
chuang2021_052,徐绍岚,羡慕弟弟们有这样认真负责的小老师,4,0.002069
chuang2021_052,徐绍岚,腾讯视频,4,0.002069
chuang2021_052,徐绍岚,还给,4,0.002069
chuang2021_052,徐绍岚,酷狗首唱会,4,0.002069
chuang2021_052,徐绍岚,come,3,0.001552
chuang2021_052,徐绍岚,ecat,3,0.001552
chuang2021_052,徐绍岚,ecat翼少年超话,3,0.001552
chuang2021_052,徐绍岚,idol宠爱计划,3,0.001552
chuang2021_052,徐绍岚,joker,3,0.001552
chuang2021_052,徐绍岚,man,3,0.001552
chuang2021_052,徐绍岚,on,3,0.001552
chuang2021_052,徐绍岚,一公分组,3,0.001552
chuang2021_052,徐绍岚,一起冲吧,3,0.001552
chuang2021_052,徐绍岚,主题曲镜头感,3,0.001552
chuang2021_052,徐绍岚,亦师亦友这段情谊也太感人了,3,0.001552
chuang2021_052,徐绍岚,今夜我泪洒太平洋,3,0.001552
chuang2021_052,徐绍岚,今晚,3,0.001552
chuang2021_052,徐绍岚,何楷成,3,0.001552
chuang2021_052,徐绍岚,你们也一定要做到和我一样,3,0.001552
chuang2021_052,徐绍岚,你们的心意,3,0.001552
chuang2021_052,徐绍岚,做我想做的事,3,0.001552
chuang2021_052,徐绍岚,八组兔区鲜报的微博视频,3,0.001552
chuang2021_052,徐绍岚,冯俊岚,3,0.001552
chuang2021_052,徐绍岚,创造101,3,0.001552
chuang2021_052,徐绍岚,力丸二十多年没哭二十次今晚依然泪哗哗的,3,0.001552
chuang2021_052,徐绍岚,可以堂堂正正跟你们做个男人的约定,3,0.001552
chuang2021_052,徐绍岚,和在直播间参加我成人礼的小伙伴们,3,0.001552
chuang2021_052,徐绍岚,徐绍岚成人啦,3,0.001552
chuang2021_052,徐绍岚,徐绍岚的表情管理很在线啊,3,0.001552
chuang2021_052,徐绍岚,感谢所有来到现场,3,0.001552
chuang2021_052,徐绍岚,我会成为我想成为的人,3,0.001552
chuang2021_052,徐绍岚,我愿全速奔向你,3,0.001552
chuang2021_052,徐绍岚,我现在成年啦,3,0.001552
chuang2021_052,徐绍岚,我都收到了,3,0.001552
chuang2021_052,徐绍岚,所以,3,0.001552
chuang2021_052,徐绍岚,接下来的路,3,0.001552
chuang2021_052,徐绍岚,整堂课干货满满,3,0.001552
chuang2021_052,徐绍岚,明星势力榜,3,0.001552
chuang2021_052,徐绍岚,是可以开课的程度了,3,0.001552
chuang2021_052,徐绍岚,是谁都想拥有这样学长吧,3,0.001552
chuang2021_052,徐绍岚,未来可期,3,0.001552
chuang2021_052,徐绍岚,李岳林,3,0.001552
chuang2021_052,徐绍岚,来创造营之后每一次哭都是因为被真挚的感情所打动,3,0.001552
chuang2021_052,徐绍岚,真是暖心又负责感,3,0.001552
chuang2021_052,徐绍岚,祝愿力丸和小徐弟弟以后一起顶峰相见,3,0.001552
chuang2021_052,徐绍岚,给刘宇和徐绍岚用心示范镜头感的动作,3,0.001552
chuang2021_052,徐绍岚,舞台上全能学长任豪到创4亲自教学员,3,0.001552
chuang2021_052,徐绍岚,要比我做得更好,3,0.001552
chuang2021_052,徐绍岚,还手把手指导黄鲲,3,0.001552
chuang2021_052,徐绍岚,钟沐泽,3,0.001552
chuang2021_052,徐绍岚,00让我们一起见证少年成人之旅的开启,2,0.001035
chuang2021_052,徐绍岚,18,2,0.001035
chuang2021_052,徐绍岚,2021的,2,0.001035
chuang2021_052,徐绍岚,ecat翼少年,2,0.001035
chuang2021_052,徐绍岚,ps,2,0.001035
chuang2021_052,徐绍岚,中得到的磨练与成长,2,0.001035
chuang2021_052,徐绍岚,也展望在全新旅程间扎实沉淀,2,0.001035
chuang2021_052,徐绍岚,亲爱的旅客朋友们,2,0.001035
chuang2021_052,徐绍岚,们共赏,2,0.001035
chuang2021_052,徐绍岚,你期待吗,2,0.001035
chuang2021_052,徐绍岚,创4学员好多面,2,0.001035
chuang2021_052,徐绍岚,创造营2021徐绍岚,2,0.001035
chuang2021_052,徐绍岚,创造营大岛日记,2,0.001035
chuang2021_052,徐绍岚,前排围观送上你的生日祝福吧,2,0.001035
chuang2021_052,徐绍岚,力丸rikimaru超话,2,0.001035
chuang2021_052,徐绍岚,加油,2,0.001035
chuang2021_052,徐绍岚,取经,2,0.001035
chuang2021_052,徐绍岚,回忆了在,2,0.001035
chuang2021_052,徐绍岚,因为,2,0.001035
chuang2021_052,徐绍岚,在五四青年节到来之际,2,0.001035
chuang2021_052,徐绍岚,在舞蹈cover中展现利落律动,2,0.001035
chuang2021_052,徐绍岚,场景拍照仿佛身临其境,2,0.001035
chuang2021_052,徐绍岚,大岛日记,2,0.001035
chuang2021_052,徐绍岚,奋发向上,2,0.001035
chuang2021_052,徐绍岚,娱圈大boss的微博视频,2,0.001035
chuang2021_052,徐绍岚,学员,2,0.001035
chuang2021_052,徐绍岚,宿舍日记,2,0.001035
chuang2021_052,徐绍岚,少年初长成,2,0.001035
chuang2021_052,徐绍岚,少年的光芒与能量,2,0.001035
chuang2021_052,徐绍岚,山风,2,0.001035
chuang2021_052,徐绍岚,山风为你撑腰,2,0.001035
chuang2021_052,徐绍岚,已解锁,2,0.001035
chuang2021_052,徐绍岚,广东电视台娱乐周刊,2,0.001035
chuang2021_052,徐绍岚,广电官媒,2,0.001035
chuang2021_052,徐绍岚,徐绍岚cut,2,0.001035
chuang2021_052,徐绍岚,徐绍岚接受本刊独家专访,2,0.001035
chuang2021_052,徐绍岚,循着舞台光影渐次追逐,2,0.001035
chuang2021_052,徐绍岚,微博综艺的微博视频,2,0.001035
chuang2021_052,徐绍岚,快来康康,2,0.001035
chuang2021_052,徐绍岚,感受光,2,0.001035
chuang2021_052,徐绍岚,成为光,2,0.001035
chuang2021_052,徐绍岚,成功晋级,2,0.001035
chuang2021_052,徐绍岚,成年快乐,2,0.001035
chuang2021_052,徐绍岚,我们一起拿下,2,0.001035
chuang2021_052,徐绍岚,我最最最重要,2,0.001035
chuang2021_052,徐绍岚,我永远支持你,2,0.001035
chuang2021_052,徐绍岚,戳评论,2,0.001035
chuang2021_052,徐绍岚,打榜戳,2,0.001035
chuang2021_052,徐绍岚,探索未知,2,0.001035
chuang2021_052,徐绍岚,摘星录,2,0.001035
chuang2021_052,徐绍岚,散发光,2,0.001035
chuang2021_052,徐绍岚,无师自通,2,0.001035
chuang2021_052,徐绍岚,春日少年,2,0.001035
chuang2021_052,徐绍岚,是学姐们看了也会赞不绝口的程度啦,2,0.001035
chuang2021_052,徐绍岚,期待光,2,0.001035
chuang2021_052,徐绍岚,未来诚可期,2,0.001035
chuang2021_052,徐绍岚,本来是和,2,0.001035
chuang2021_052,徐绍岚,欢迎来到徐绍岚,2,0.001035
chuang2021_052,徐绍岚,正书写一页蓬勃的奋斗篇章,2,0.001035
chuang2021_052,徐绍岚,温暖光,2,0.001035
chuang2021_052,徐绍岚,热爱光,2,0.001035
chuang2021_052,徐绍岚,的十八岁,2,0.001035
chuang2021_052,徐绍岚,看蓬蓬跳,2,0.001035
chuang2021_052,徐绍岚,真挚演唱新歌,2,0.001035
chuang2021_052,徐绍岚,第一名,2,0.001035
chuang2021_052,徐绍岚,纯享,2,0.001035
chuang2021_052,徐绍岚,纯粹澄澈,2,0.001035
chuang2021_052,徐绍岚,练习生榜,2,0.001035
chuang2021_052,徐绍岚,结果做起wave动作嗨到,2,0.001035
chuang2021_052,徐绍岚,继续冲,2,0.001035
chuang2021_052,徐绍岚,羽生田拳武,2,0.001035
chuang2021_052,徐绍岚,表现力太可,2,0.001035
chuang2021_052,徐绍岚,要学习女团舞来,2,0.001035
chuang2021_052,徐绍岚,解放天性,2,0.001035
chuang2021_052,徐绍岚,跨过成年这一重要节点,2,0.001035
chuang2021_052,徐绍岚,这位新生代偶像创造了许多独属于他的高光时刻,2,0.001035
chuang2021_052,徐绍岚,这妖娆的身姿,2,0.001035
chuang2021_052,徐绍岚,追梦不停,2,0.001035
chuang2021_052,徐绍岚,追随光,2,0.001035
chuang2021_052,徐绍岚,逐光而舞,2,0.001035
chuang2021_052,徐绍岚,酷狗首唱会的微博视频,2,0.001035
chuang2021_052,徐绍岚,靠近光,2,0.001035
chuang2021_053,何懿峻,何懿峻,103,0.05202
chuang2021_053,何懿峻,周柯宇,36,0.018182
chuang2021_053,何懿峻,徐圣兹,29,0.014646
chuang2021_053,何懿峻,钱政宇,29,0.014646
chuang2021_053,何懿峻,收起,28,0.014141
chuang2021_053,何懿峻,刘宇,27,0.013636
chuang2021_053,何懿峻,庆怜,27,0.013636
chuang2021_053,何懿峻,甘望星,27,0.013636
chuang2021_053,何懿峻,何懿峻超话,25,0.012626
chuang2021_053,何懿峻,吴宇恒,25,0.012626
chuang2021_053,何懿峻,林墨,25,0.012626
chuang2021_053,何懿峻,米卡,25,0.012626
chuang2021_053,何懿峻,利路修,24,0.012121
chuang2021_053,何懿峻,力丸,23,0.011616
chuang2021_053,何懿峻,蒋敦豪,23,0.011616
chuang2021_053,何懿峻,赞多,22,0.011111
chuang2021_053,何懿峻,黄鲲,21,0.010606
chuang2021_053,何懿峻,何圳煜,20,0.010101
chuang2021_053,何懿峻,创造营2021超话,20,0.010101
chuang2021_053,何懿峻,罗言,20,0.010101
chuang2021_053,何懿峻,韩佩泉,20,0.010101
chuang2021_053,何懿峻,井胧,19,0.009596
chuang2021_053,何懿峻,何屹繁,19,0.009596
chuang2021_053,何懿峻,胡烨韬,19,0.009596
chuang2021_053,何懿峻,贵尚奇,19,0.009596
chuang2021_053,何懿峻,屈柏宇,18,0.009091
chuang2021_053,何懿峻,范臻尔,18,0.009091
chuang2021_053,何懿峻,诺言,18,0.009091
chuang2021_053,何懿峻,代少冬,17,0.008586
chuang2021_053,何懿峻,任胤蓬,17,0.008586
chuang2021_053,何懿峻,张星特,17,0.008586
chuang2021_053,何懿峻,高卿尘,17,0.008586
chuang2021_053,何懿峻,井汲大翔,16,0.008081
chuang2021_053,何懿峻,付思超,16,0.008081
chuang2021_053,何懿峻,伯远,16,0.008081
chuang2021_053,何懿峻,创造营2021何懿峻,16,0.008081
chuang2021_053,何懿峻,叶皓然,16,0.008081
chuang2021_053,何懿峻,奥斯卡,16,0.008081
chuang2021_053,何懿峻,尹浩宇,16,0.008081
chuang2021_053,何懿峻,张嘉元,16,0.008081
chuang2021_053,何懿峻,张璋,16,0.008081
chuang2021_053,何懿峻,邵明明,16,0.008081
chuang2021_053,何懿峻,一之濑飞鸟,15,0.007576
chuang2021_053,何懿峻,俞更寅,15,0.007576
chuang2021_053,何懿峻,刘彰,15,0.007576
chuang2021_053,何懿峻,吴海,15,0.007576
chuang2021_053,何懿峻,张腾,15,0.007576
chuang2021_053,何懿峻,李洛尔,15,0.007576
chuang2021_053,何懿峻,王孝辰,15,0.007576
chuang2021_053,何懿峻,谢兴阳,15,0.007576
chuang2021_053,何懿峻,陆定昊,15,0.007576
chuang2021_053,何懿峻,魏子越,15,0.007576
chuang2021_053,何懿峻,荣耀,14,0.007071
chuang2021_053,何懿峻,薛八一,14,0.007071
chuang2021_053,何懿峻,上原一翔,13,0.006566
chuang2021_053,何懿峻,于洋,13,0.006566
chuang2021_053,何懿峻,佐藤永翔,13,0.006566
chuang2021_053,何懿峻,刘聪,13,0.006566
chuang2021_053,何懿峻,大卫,13,0.006566
chuang2021_053,何懿峻,张欣尧,13,0.006566
chuang2021_053,何懿峻,曾涵江,13,0.006566
chuang2021_053,何懿峻,和马,12,0.006061
chuang2021_053,何懿峻,徐绍岚,12,0.006061
chuang2021_053,何懿峻,李沛洋,12,0.006061
chuang2021_053,何懿峻,李泽坤,12,0.006061
chuang2021_053,何懿峻,郑明鑫,12,0.006061
chuang2021_053,何懿峻,刘唐辉,11,0.005556
chuang2021_053,何懿峻,原部凌,11,0.005556
chuang2021_053,何懿峻,李家豪,11,0.005556
chuang2021_053,何懿峻,李政庭,11,0.005556
chuang2021_053,何懿峻,李泰龙,11,0.005556
chuang2021_053,何懿峻,林煜修,11,0.005556
chuang2021_053,何懿峻,ak刘彰,10,0.005051
chuang2021_053,何懿峻,曹左,10,0.005051
chuang2021_053,何懿峻,李嘉祥,10,0.005051
chuang2021_053,何懿峻,林豆,10,0.005051
chuang2021_053,何懿峻,谷柳霖,10,0.005051
chuang2021_053,何懿峻,阿克朱力,10,0.005051
chuang2021_053,何懿峻,陈俊洁,10,0.005051
chuang2021_053,何懿峻,陈瑞丰,10,0.005051
chuang2021_053,何懿峻,韦语节,10,0.005051
chuang2021_053,何懿峻,加注能量啦,9,0.004545
chuang2021_053,何懿峻,喜内优心,9,0.004545
chuang2021_053,何懿峻,怿涵,9,0.004545
chuang2021_053,何懿峻,我在纯甄,9,0.004545
chuang2021_053,何懿峻,羽生田挙武,9,0.004545
chuang2021_053,何懿峻,赖耀翔,9,0.004545
chuang2021_053,何懿峻,me,8,0.00404
chuang2021_053,何懿峻,凌箫,8,0.00404
chuang2021_053,何懿峻,刘严冬季,8,0.00404
chuang2021_053,何懿峻,创造营2021纯甄创造营学员能量榜,8,0.00404
chuang2021_053,何懿峻,卢克,8,0.00404
chuang2021_053,何懿峻,安迪,8,0.00404
chuang2021_053,何懿峻,爱情鸟,8,0.00404
chuang2021_053,何懿峻,王泽浩,8,0.00404
chuang2021_053,何懿峻,田口馨也,8,0.00404
chuang2021_053,何懿峻,羽生田拳武,8,0.00404
chuang2021_053,何懿峻,都筑雄哉,8,0.00404
chuang2021_053,何懿峻,醉拳,8,0.00404
chuang2021_053,何懿峻,门胁慎刚,8,0.00404
chuang2021_053,何懿峻,隅田隼平,8,0.00404
chuang2021_053,何懿峻,创造营2021学员,7,0.003535
chuang2021_053,何懿峻,签名照,7,0.003535
chuang2021_053,何懿峻,纯享,7,0.003535
chuang2021_053,何懿峻,肖力桓,7,0.003535
chuang2021_053,何懿峻,霓虹甜心,7,0.003535
chuang2021_053,何懿峻,88,6,0.00303
chuang2021_053,何懿峻,boy,6,0.00303
chuang2021_053,何懿峻,butter,6,0.00303
chuang2021_053,何懿峻,fly,6,0.00303
chuang2021_053,何懿峻,lit,6,0.00303
chuang2021_053,何懿峻,lover,6,0.00303
chuang2021_053,何懿峻,radio,6,0.00303
chuang2021_053,何懿峻,ready,6,0.00303
chuang2021_053,何懿峻,you,6,0.00303
chuang2021_053,何懿峻,yummy,6,0.00303
chuang2021_053,何懿峻,作为怪物,6,0.00303
chuang2021_053,何懿峻,女孩,6,0.00303
chuang2021_053,何懿峻,我欢喜喜欢你,6,0.00303
chuang2021_053,何懿峻,爱我ready,6,0.00303
chuang2021_053,何懿峻,破茧,6,0.00303
chuang2021_053,何懿峻,腾讯视频,6,0.00303
chuang2021_053,何懿峻,腾讯视频创造营2021,6,0.00303
chuang2021_053,何懿峻,超级冠军,6,0.00303
chuang2021_053,何懿峻,cr,5,0.002525
chuang2021_053,何懿峻,你也快来为喜欢的学员助力吧,5,0.002525
chuang2021_053,何懿峻,学员能量榜为,5,0.002525
chuang2021_053,何懿峻,明星势力榜,5,0.002525
chuang2021_053,何懿峻,logo,4,0.00202
chuang2021_053,何懿峻,上下班,4,0.00202
chuang2021_053,何懿峻,创4一公分组,4,0.00202
chuang2021_053,何懿峻,创4选手路透,4,0.00202
chuang2021_053,何懿峻,助你获得惊喜曝光资源,4,0.00202
chuang2021_053,何懿峻,学员能量榜为你,4,0.00202
chuang2021_053,何懿峻,想让更多人看到如此优秀的你,4,0.00202
chuang2021_053,何懿峻,2021,3,0.001515
chuang2021_053,何懿峻,2021我向,3,0.001515
chuang2021_053,何懿峻,therefore,3,0.001515
chuang2021_053,何懿峻,一公分组,3,0.001515
chuang2021_053,何懿峻,为梦想拼尽全力,3,0.001515
chuang2021_053,何懿峻,你就不要想起我,3,0.001515
chuang2021_053,何懿峻,创4返场学员发文撑腰,3,0.001515
chuang2021_053,何懿峻,创造营2021榜上支持你啦,3,0.001515
chuang2021_053,何懿峻,加油,3,0.001515
chuang2021_053,何懿峻,化身孤岛的鲸,3,0.001515
chuang2021_053,何懿峻,回复,3,0.001515
chuang2021_053,何懿峻,在梅边,3,0.001515
chuang2021_053,何懿峻,快来为你支持的学员加油助力吧,3,0.001515
chuang2021_053,何懿峻,我管你,3,0.001515
chuang2021_053,何懿峻,扬帆起航,3,0.001515
chuang2021_053,何懿峻,明星势力榜第286位,3,0.001515
chuang2021_053,何懿峻,票务超话,3,0.001515
chuang2021_053,何懿峻,能为他争取到惊喜曝光资源哦,3,0.001515
chuang2021_053,何懿峻,自行车安利博的微博视频,3,0.001515
chuang2021_053,何懿峻,跨海相聚,3,0.001515
chuang2021_053,何懿峻,送出纯甄卡啦,3,0.001515
chuang2021_053,何懿峻,20,2,0.00101
chuang2021_053,何懿峻,20210224,2,0.00101
chuang2021_053,何懿峻,2021临近成团夜,2,0.00101
chuang2021_053,何懿峻,am,2,0.00101
chuang2021_053,何懿峻,amu羽生田挙武,2,0.00101
chuang2021_053,何懿峻,a嘉新生超话,2,0.00101
chuang2021_053,何懿峻,believer,2,0.00101
chuang2021_053,何懿峻,doki开箱挑战,2,0.00101
chuang2021_053,何懿峻,fix,2,0.00101
chuang2021_053,何懿峻,joker,2,0.00101
chuang2021_053,何懿峻,lemon,2,0.00101
chuang2021_053,何懿峻,一起为他助力戳,2,0.00101
chuang2021_053,何懿峻,不得不说一句好帅,2,0.00101
chuang2021_053,何懿峻,不忘初心,2,0.00101
chuang2021_053,何懿峻,也走了,2,0.00101
chuang2021_053,何懿峻,二公你同队的c位也作为创造营2019的回锅肉你刚熟悉的,2,0.00101
chuang2021_053,何懿峻,二公你说为了挑战自己,2,0.00101
chuang2021_053,何懿峻,今天是运动boy,2,0.00101
chuang2021_053,何懿峻,代少冬也走了,2,0.00101
chuang2021_053,何懿峻,但是依旧蝉联撑腰王,2,0.00101
chuang2021_053,何懿峻,你一定能拿下,2,0.00101
chuang2021_053,何懿峻,创造营2021二公分组,2,0.00101
chuang2021_053,何懿峻,创造营2021榜,2,0.00101
chuang2021_053,何懿峻,创造营2021榜好成绩,2,0.00101
chuang2021_053,何懿峻,创造营排名,2,0.00101
chuang2021_053,何懿峻,初舞台的首,2,0.00101
chuang2021_053,何懿峻,到后来的一公你说不想再输了,2,0.00101
chuang2021_053,何懿峻,原创专业,2,0.00101
chuang2021_053,何懿峻,周柯宇说真的不想再输了,2,0.00101
chuang2021_053,何懿峻,周柯宇超话,2,0.00101
chuang2021_053,何懿峻,嘉行新悦,2,0.00101
chuang2021_053,何懿峻,嘉行新悦的微博视频,2,0.00101
chuang2021_053,何懿峻,声乐专业,2,0.00101
chuang2021_053,何懿峻,学员,2,0.00101
chuang2021_053,何懿峻,峰顶,2,0.00101
chuang2021_053,何懿峻,希望在场弟弟在4月24日成团夜拥有更好的成绩,2,0.00101
chuang2021_053,何懿峻,庆怜签名照,2,0.00101
chuang2021_053,何懿峻,开播吧秀人,2,0.00101
chuang2021_053,何懿峻,快来康康,2,0.00101
chuang2021_053,何懿峻,手绘折扇,2,0.00101
chuang2021_053,何懿峻,打羽毛球了,2,0.00101
chuang2021_053,何懿峻,换票,2,0.00101
chuang2021_053,何懿峻,方得始终,2,0.00101
chuang2021_053,何懿峻,热牛奶西瓜的微博视频,2,0.00101
chuang2021_053,何懿峻,看得出来你很伤心,2,0.00101
chuang2021_053,何懿峻,等返场学员上岛之际,2,0.00101
chuang2021_053,何懿峻,纷纷为正在准备的弟弟们发博撑腰,2,0.00101
chuang2021_053,何懿峻,网页链接,2,0.00101
chuang2021_053,何懿峻,能为他争取到专属vlog拍摄机会,2,0.00101
chuang2021_053,何懿峻,腾讯视频wetv的微博视频,2,0.00101
chuang2021_053,何懿峻,舞蹈专业,2,0.00101
chuang2021_053,何懿峻,虽然不是c位,2,0.00101
chuang2021_053,何懿峻,被螃蟹钳了一下下,2,0.00101
chuang2021_053,何懿峻,这届闯人感情太真了,2,0.00101
chuang2021_053,何懿峻,进入第二赛段你同公司的唯一一个队友,2,0.00101
chuang2021_053,何懿峻,闯人的底气,2,0.00101
chuang2021_053,何懿峻,预售,2,0.00101
chuang2021_053,何懿峻,鲜花掌声狂风骤雨我照单全收,2,0.00101
chuang2021_053,何懿峻,黑人牙膏白酵素助力创造营周柯宇闪耀闯关,2,0.00101
chuang2021_054,张璋,张璋,126,0.056376
chuang2021_054,张璋,收起,43,0.019239
chuang2021_054,张璋,张璋超话,36,0.016107
chuang2021_054,张璋,刘宇,31,0.01387
chuang2021_054,张璋,伯远,25,0.011186
chuang2021_054,张璋,明星势力榜,24,0.010738
chuang2021_054,张璋,付思超,23,0.010291
chuang2021_054,张璋,奥斯卡,21,0.009396
chuang2021_054,张璋,井汲大翔,20,0.008949
chuang2021_054,张璋,吴海,20,0.008949
chuang2021_054,张璋,薛八一,20,0.008949
chuang2021_054,张璋,一之濑飞鸟,19,0.008501
chuang2021_054,张璋,屈柏宇,19,0.008501
chuang2021_054,张璋,蒋敦豪,19,0.008501
chuang2021_054,张璋,谢兴阳,19,0.008501
chuang2021_054,张璋,诺言,18,0.008054
chuang2021_054,张璋,邵明明,18,0.008054
chuang2021_054,张璋,韩佩泉,18,0.008054
chuang2021_054,张璋,何懿峻,17,0.007606
chuang2021_054,张璋,吴宇恒,17,0.007606
chuang2021_054,张璋,尹浩宇,17,0.007606
chuang2021_054,张璋,徐绍岚,17,0.007606
chuang2021_054,张璋,甘望星,17,0.007606
chuang2021_054,张璋,米卡,17,0.007606
chuang2021_054,张璋,韦语节,17,0.007606
chuang2021_054,张璋,上原一翔,16,0.007159
chuang2021_054,张璋,于洋,16,0.007159
chuang2021_054,张璋,任胤蓬,16,0.007159
chuang2021_054,张璋,利路修,16,0.007159
chuang2021_054,张璋,周柯宇,16,0.007159
chuang2021_054,张璋,大卫,16,0.007159
chuang2021_054,张璋,庆怜,16,0.007159
chuang2021_054,张璋,张嘉元,16,0.007159
chuang2021_054,张璋,罗言,16,0.007159
chuang2021_054,张璋,荣耀,16,0.007159
chuang2021_054,张璋,门胁慎刚,16,0.007159
chuang2021_054,张璋,高卿尘,16,0.007159
chuang2021_054,张璋,何圳煜,15,0.006711
chuang2021_054,张璋,力丸,15,0.006711
chuang2021_054,张璋,张星特,15,0.006711
chuang2021_054,张璋,李嘉祥,15,0.006711
chuang2021_054,张璋,王孝辰,15,0.006711
chuang2021_054,张璋,网页链接,15,0.006711
chuang2021_054,张璋,范臻尔,15,0.006711
chuang2021_054,张璋,赞多,15,0.006711
chuang2021_054,张璋,butter,14,0.006264
chuang2021_054,张璋,fly,14,0.006264
chuang2021_054,张璋,佐藤永翔,14,0.006264
chuang2021_054,张璋,何屹繁,14,0.006264
chuang2021_054,张璋,俞更寅,14,0.006264
chuang2021_054,张璋,喜内优心,14,0.006264
chuang2021_054,张璋,张欣尧,14,0.006264
chuang2021_054,张璋,张腾,14,0.006264
chuang2021_054,张璋,曾涵江,14,0.006264
chuang2021_054,张璋,李洛尔,14,0.006264
chuang2021_054,张璋,胡烨韬,14,0.006264
chuang2021_054,张璋,贵尚奇,14,0.006264
chuang2021_054,张璋,陆定昊,14,0.006264
chuang2021_054,张璋,魏子越,14,0.006264
chuang2021_054,张璋,2021,13,0.005817
chuang2021_054,张璋,刘严冬季,12,0.005369
chuang2021_054,张璋,化身孤岛的鲸,12,0.005369
chuang2021_054,张璋,原部凌,12,0.005369
chuang2021_054,张璋,林墨,12,0.005369
chuang2021_054,张璋,羽生田挙武,12,0.005369
chuang2021_054,张璋,井胧,11,0.004922
chuang2021_054,张璋,刘彰,11,0.004922
chuang2021_054,张璋,创造营2021超话,11,0.004922
chuang2021_054,张璋,宝藏男孩张璋,11,0.004922
chuang2021_054,张璋,张璋创造营2021,11,0.004922
chuang2021_054,张璋,曹左,11,0.004922
chuang2021_054,张璋,赖耀翔,11,0.004922
chuang2021_054,张璋,都筑雄哉,11,0.004922
chuang2021_054,张璋,代少冬,10,0.004474
chuang2021_054,张璋,叶皓然,10,0.004474
chuang2021_054,张璋,和马,10,0.004474
chuang2021_054,张璋,陈瑞丰,10,0.004474
chuang2021_054,张璋,一起为他助力戳,9,0.004027
chuang2021_054,张璋,不忘初心,9,0.004027
chuang2021_054,张璋,你一定能拿下,9,0.004027
chuang2021_054,张璋,凌箫,9,0.004027
chuang2021_054,张璋,刘唐辉,9,0.004027
chuang2021_054,张璋,刘聪,9,0.004027
chuang2021_054,张璋,创造营2021榜,9,0.004027
chuang2021_054,张璋,创造营2021榜好成绩,9,0.004027
chuang2021_054,张璋,卢克,9,0.004027
chuang2021_054,张璋,安迪,9,0.004027
chuang2021_054,张璋,徐圣兹,9,0.004027
chuang2021_054,张璋,怿涵,9,0.004027
chuang2021_054,张璋,方得始终,9,0.004027
chuang2021_054,张璋,李家豪,9,0.004027
chuang2021_054,张璋,李政庭,9,0.004027
chuang2021_054,张璋,李泰龙,9,0.004027
chuang2021_054,张璋,李泽坤,9,0.004027
chuang2021_054,张璋,林煜修,9,0.004027
chuang2021_054,张璋,林豆,9,0.004027
chuang2021_054,张璋,王泽浩,9,0.004027
chuang2021_054,张璋,肖力桓,9,0.004027
chuang2021_054,张璋,谷柳霖,9,0.004027
chuang2021_054,张璋,郑明鑫,9,0.004027
chuang2021_054,张璋,钱政宇,9,0.004027
chuang2021_054,张璋,阿克朱力,9,0.004027
chuang2021_054,张璋,陈俊洁,9,0.004027
chuang2021_054,张璋,隅田隼平,9,0.004027
chuang2021_054,张璋,黄鲲,9,0.004027
chuang2021_054,张璋,我们一起拿下,8,0.003579
chuang2021_054,张璋,我永远支持你,8,0.003579
chuang2021_054,张璋,打榜戳,8,0.003579
chuang2021_054,张璋,田口馨也,8,0.003579
chuang2021_054,张璋,第一名,8,0.003579
chuang2021_054,张璋,练习生榜,8,0.003579
chuang2021_054,张璋,you,7,0.003132
chuang2021_054,张璋,学员,7,0.003132
chuang2021_054,张璋,我的姐姐,7,0.003132
chuang2021_054,张璋,李沛洋,7,0.003132
chuang2021_054,张璋,纯享,7,0.003132
chuang2021_054,张璋,黑人牙膏白酵素助力创造营张璋闪耀闯关,7,0.003132
chuang2021_054,张璋,88,6,0.002685
chuang2021_054,张璋,boy,6,0.002685
chuang2021_054,张璋,lit,6,0.002685
chuang2021_054,张璋,lover,6,0.002685
chuang2021_054,张璋,me,6,0.002685
chuang2021_054,张璋,radio,6,0.002685
chuang2021_054,张璋,ready,6,0.002685
chuang2021_054,张璋,yummy,6,0.002685
chuang2021_054,张璋,作为怪物,6,0.002685
chuang2021_054,张璋,出营后看的第一部电影,6,0.002685
chuang2021_054,张璋,女孩,6,0.002685
chuang2021_054,张璋,微博正文,6,0.002685
chuang2021_054,张璋,我和爱豆约电影,6,0.002685
chuang2021_054,张璋,我欢喜喜欢你,6,0.002685
chuang2021_054,张璋,明星势力榜第101位,6,0.002685
chuang2021_054,张璋,期待下次能有机会再和大家见面,6,0.002685
chuang2021_054,张璋,爱情鸟,6,0.002685
chuang2021_054,张璋,爱我ready,6,0.002685
chuang2021_054,张璋,瞬间有了回归人间的实感,6,0.002685
chuang2021_054,张璋,破茧,6,0.002685
chuang2021_054,张璋,腾讯视频,6,0.002685
chuang2021_054,张璋,超级冠军,6,0.002685
chuang2021_054,张璋,醉拳,6,0.002685
chuang2021_054,张璋,霓虹甜心,6,0.002685
chuang2021_054,张璋,ak,5,0.002237
chuang2021_054,张璋,an,5,0.002237
chuang2021_054,张璋,beliver,5,0.002237
chuang2021_054,张璋,cn,5,0.002237
chuang2021_054,张璋,dance,5,0.002237
chuang2021_054,张璋,emon,5,0.002237
chuang2021_054,张璋,http,5,0.002237
chuang2021_054,张璋,rqfcuwh,5,0.002237
chuang2021_054,张璋,therefore,5,0.002237
chuang2021_054,张璋,vocal,5,0.002237
chuang2021_054,张璋,佐藤永祥,5,0.002237
chuang2021_054,张璋,你就不要想起我,5,0.002237
chuang2021_054,张璋,你是我今生唯一的执著哦,5,0.002237
chuang2021_054,张璋,创4一公副本直播,5,0.002237
chuang2021_054,张璋,创4足疗永不失联的爱,5,0.002237
chuang2021_054,张璋,原创,5,0.002237
chuang2021_054,张璋,我在,5,0.002237
chuang2021_054,张璋,我管你,5,0.002237
chuang2021_054,张璋,棒棒哒,5,0.002237
chuang2021_054,张璋,永不失联的爱,5,0.002237
chuang2021_054,张璋,练习生榜上为你加油啦,5,0.002237
chuang2021_054,张璋,螃蟹舞,5,0.002237
chuang2021_054,张璋,边唱歌边按摩说不清是在享受还是痛苦围绕哈哈,5,0.002237
chuang2021_054,张璋,颤抖的音扭曲的脸部表情一绝,5,0.002237
chuang2021_054,张璋,黄琨,5,0.002237
chuang2021_054,张璋,00,4,0.00179
chuang2021_054,张璋,1002宿舍超话,4,0.00179
chuang2021_054,张璋,dance赞多,4,0.00179
chuang2021_054,张璋,rap林墨,4,0.00179
chuang2021_054,张璋,voca,4,0.00179
chuang2021_054,张璋,井胧c,4,0.00179
chuang2021_054,张璋,今晚19,4,0.00179
chuang2021_054,张璋,代少冬c,4,0.00179
chuang2021_054,张璋,创4一公分组,4,0.00179
chuang2021_054,张璋,创造营2021二公分组,4,0.00179
chuang2021_054,张璋,叶皓然c,4,0.00179
chuang2021_054,张璋,回复,4,0.00179
chuang2021_054,张璋,早安,4,0.00179
chuang2021_054,张璋,超喜欢,4,0.00179
chuang2021_054,张璋,一公分组,3,0.001342
chuang2021_054,张璋,入群规则详见群简介,3,0.001342
chuang2021_054,张璋,创4返场学员发文撑腰,3,0.001342
chuang2021_054,张璋,加油,3,0.001342
chuang2021_054,张璋,官方粉丝群欢迎你们,3,0.001342
chuang2021_054,张璋,群聊,3,0.001342
chuang2021_054,张璋,腾讯视频创造营2021,3,0.001342
chuang2021_054,张璋,谢谢张璋,3,0.001342
chuang2021_054,张璋,超话规则,3,0.001342
chuang2021_054,张璋,锁定,3,0.001342
chuang2021_054,张璋,黑人牙膏白酵素助力创造营刘宇闪耀闯关,3,0.001342
chuang2021_054,张璋,15名是,2,0.000895
chuang2021_054,张璋,20,2,0.000895
chuang2021_054,张璋,2021临近成团夜,2,0.000895
chuang2021_054,张璋,3名是,2,0.000895
chuang2021_054,张璋,9名是,2,0.000895
chuang2021_054,张璋,amber刘逸云,2,0.000895
chuang2021_054,张璋,app每日0点更新昨日学员涨粉,2,0.000895
chuang2021_054,张璋,funji,2,0.000895
chuang2021_054,张璋,nene郑乃馨,2,0.000895
chuang2021_054,张璋,vr,2,0.000895
chuang2021_054,张璋,一之濑给井汲大翔的信,2,0.000895
chuang2021_054,张璋,一公舞台会选择哪首歌曲呢,2,0.000895
chuang2021_054,张璋,一起为他们加油吧,2,0.000895
chuang2021_054,张璋,一起为张璋,2,0.000895
chuang2021_054,张璋,一起敬请期待专访正片吧,2,0.000895
chuang2021_054,张璋,不知道张璋,2,0.000895
chuang2021_054,张璋,且歌且行且从容,2,0.000895
chuang2021_054,张璋,他说有句诗歌送给创始人们也送给自己,2,0.000895
chuang2021_054,张璋,伯远教学紫禁之巅,2,0.000895
chuang2021_054,张璋,你期待吗,2,0.000895
chuang2021_054,张璋,全世界最好的1002宿舍,2,0.000895
chuang2021_054,张璋,全日语好牛啊,2,0.000895
chuang2021_054,张璋,刘宇超话,2,0.000895
chuang2021_054,张璋,创4一公,2,0.000895
chuang2021_054,张璋,创4排名,2,0.000895
chuang2021_054,张璋,创二公有正规名额,2,0.000895
chuang2021_054,张璋,创造营2021学员成长数据,2,0.000895
chuang2021_054,张璋,创造营2021成团之夜,2,0.000895
chuang2021_054,张璋,创造营2021榜单合集,2,0.000895
chuang2021_054,张璋,创造营4,2,0.000895
chuang2021_054,张璋,创造营x黑人牙膏白酵素助力闪耀闯关,2,0.000895
chuang2021_054,张璋,创造营一公歌单,2,0.000895
chuang2021_054,张璋,创造营闯人battle魂,2,0.000895
chuang2021_054,张璋,前些日子我们采访了大眼哥哥,2,0.000895
chuang2021_054,张璋,助教,2,0.000895
chuang2021_054,张璋,努力发电吧,2,0.000895
chuang2021_054,张璋,原黑人,2,0.000895
chuang2021_054,张璋,周深,2,0.000895
chuang2021_054,张璋,周震南,2,0.000895
chuang2021_054,张璋,和funji一起见证他们的每一步成长和蜕变吧,2,0.000895
chuang2021_054,张璋,好来,2,0.000895
chuang2021_054,张璋,姜姜第二次舞台靠大家,2,0.000895
chuang2021_054,张璋,娱乐,2,0.000895
chuang2021_054,张璋,学员们以另一种身份回到了海花岛,2,0.000895
chuang2021_054,张璋,学员微博涨粉排名第一的是门胁慎刚,2,0.000895
chuang2021_054,张璋,学员超话签到数排名第一的是刘宇,2,0.000895
chuang2021_054,张璋,宁静,2,0.000895
chuang2021_054,张璋,导师,2,0.000895
chuang2021_054,张璋,小伙伴们快来一起给他汇聚星光,2,0.000895
chuang2021_054,张璋,希望在场弟弟在4月24日成团夜拥有更好的成绩,2,0.000895
chuang2021_054,张璋,干饭人,2,0.000895
chuang2021_054,张璋,张璋kitto官方后援会,2,0.000895
chuang2021_054,张璋,张璋kitto官方后援会的微博视频,2,0.000895
chuang2021_054,张璋,张璋开心第一名,2,0.000895
chuang2021_054,张璋,张璋笑说想到旅行的画面就很有趣,2,0.000895
chuang2021_054,张璋,快来康康,2,0.000895
chuang2021_054,张璋,成员们一起旅行,2,0.000895
chuang2021_054,张璋,招募打投人手中,2,0.000895
chuang2021_054,张璋,救命,2,0.000895
chuang2021_054,张璋,昨日,2,0.000895
chuang2021_054,张璋,曾经姜姜哥哥给我们鼓励和温暖,2,0.000895
chuang2021_054,张璋,有兴趣的小可爱请私信数据组或是后援会,2,0.000895
chuang2021_054,张璋,期待今晚的成团之夜,2,0.000895
chuang2021_054,张璋,李洛尔李沛洋,2,0.000895
chuang2021_054,张璋,来看视频,2,0.000895
chuang2021_054,张璋,海南儋州,2,0.000895
chuang2021_054,张璋,现在我们每个人出一点力让他发光,2,0.000895
chuang2021_054,张璋,白鹿推荐白酵素牙膏焕白去黄去牙渍烟渍亮白2支240g,2,0.000895
chuang2021_054,张璋,第10,2,0.000895
chuang2021_054,张璋,第2,2,0.000895
chuang2021_054,张璋,第4,2,0.000895
chuang2021_054,张璋,第二次公演,2,0.000895
chuang2021_054,张璋,等返场学员上岛之际,2,0.000895
chuang2021_054,张璋,签到数据,2,0.000895
chuang2021_054,张璋,纷纷为正在准备的弟弟们发博撑腰,2,0.000895
chuang2021_054,张璋,群演,2,0.000895
chuang2021_054,张璋,羽生田学武,2,0.000895
chuang2021_054,张璋,羽生田拳武,2,0.000895
chuang2021_054,张璋,而聊起如果能和,2,0.000895
chuang2021_054,张璋,被恐怖箱支配的创4学员,2,0.000895
chuang2021_054,张璋,要的来,2,0.000895
chuang2021_054,张璋,让我们怀揣希望去努力,2,0.000895
chuang2021_054,张璋,这个为了梦想挥洒汗水与快乐相处的地方,2,0.000895
chuang2021_054,张璋,这届闯人感情太真了,2,0.000895
chuang2021_054,张璋,邓超,2,0.000895
chuang2021_054,张璋,闯人的底气,2,0.000895
chuang2021_054,张璋,闯人花式挑战主题曲,2,0.000895
chuang2021_054,张璋,需审核,2,0.000895
chuang2021_054,张璋,静候美好的出现,2,0.000895
chuang2021_054,张璋,鲜衣怒马少年时,2,0.000895
chuang2021_054,张璋,黑人牙膏白酵素助力创造营井汲大翔闪耀闯关,2,0.000895
chuang2021_054,张璋,黑人牙膏白酵素助力创造营佐藤永翔闪耀闯关,2,0.000895
chuang2021_054,张璋,黑人牙膏白酵素助力创造营屈柏宇闪耀闯关,2,0.000895
chuang2021_054,张璋,黑人牙膏白酵素助力创造营薛八一闪耀闯关,2,0.000895
chuang2021_055,范臻尔,范臻尔,115,0.040708
chuang2021_055,范臻尔,收起,55,0.019469
chuang2021_055,范臻尔,创造营2021范臻尔,47,0.016637
chuang2021_055,范臻尔,范臻尔超话,45,0.015929
chuang2021_055,范臻尔,米卡,34,0.012035
chuang2021_055,范臻尔,刘宇,31,0.010973
chuang2021_055,范臻尔,甘望星,31,0.010973
chuang2021_055,范臻尔,力丸,30,0.010619
chuang2021_055,范臻尔,庆怜,30,0.010619
chuang2021_055,范臻尔,林墨,30,0.010619
chuang2021_055,范臻尔,2021,29,0.010265
chuang2021_055,范臻尔,周柯宇,29,0.010265
chuang2021_055,范臻尔,赞多,29,0.010265
chuang2021_055,范臻尔,刘彰,27,0.009558
chuang2021_055,范臻尔,奥斯卡,27,0.009558
chuang2021_055,范臻尔,井胧,26,0.009204
chuang2021_055,范臻尔,伯远,25,0.00885
chuang2021_055,范臻尔,付思超,24,0.008496
chuang2021_055,范臻尔,吴宇恒,24,0.008496
chuang2021_055,范臻尔,蒋敦豪,24,0.008496
chuang2021_055,范臻尔,高卿尘,24,0.008496
chuang2021_055,范臻尔,何屹繁,23,0.008142
chuang2021_055,范臻尔,利路修,23,0.008142
chuang2021_055,范臻尔,张嘉元,23,0.008142
chuang2021_055,范臻尔,张欣尧,23,0.008142
chuang2021_055,范臻尔,井汲大翔,22,0.007788
chuang2021_055,范臻尔,尹浩宇,22,0.007788
chuang2021_055,范臻尔,邵明明,22,0.007788
chuang2021_055,范臻尔,韩佩泉,22,0.007788
chuang2021_055,范臻尔,张腾,21,0.007434
chuang2021_055,范臻尔,任胤蓬,20,0.00708
chuang2021_055,范臻尔,俞更寅,20,0.00708
chuang2021_055,范臻尔,张星特,20,0.00708
chuang2021_055,范臻尔,陆定昊,20,0.00708
chuang2021_055,范臻尔,黄鲲,20,0.00708
chuang2021_055,范臻尔,何懿峻,19,0.006726
chuang2021_055,范臻尔,我们一起闯,19,0.006726
chuang2021_055,范臻尔,李洛尔,19,0.006726
chuang2021_055,范臻尔,诺言,19,0.006726
chuang2021_055,范臻尔,are,18,0.006372
chuang2021_055,范臻尔,team,18,0.006372
chuang2021_055,范臻尔,we,18,0.006372
chuang2021_055,范臻尔,世界那么大,18,0.006372
chuang2021_055,范臻尔,创4全员主题曲舞台爷青回,18,0.006372
chuang2021_055,范臻尔,向世界大声喊出我们的声音,18,0.006372
chuang2021_055,范臻尔,我们并肩作战,18,0.006372
chuang2021_055,范臻尔,一之濑飞鸟,17,0.006018
chuang2021_055,范臻尔,和马,17,0.006018
chuang2021_055,范臻尔,代少冬,16,0.005664
chuang2021_055,范臻尔,创造营2021超话,16,0.005664
chuang2021_055,范臻尔,胡烨韬,16,0.005664
chuang2021_055,范臻尔,上原一翔,15,0.00531
chuang2021_055,范臻尔,罗言,15,0.00531
chuang2021_055,范臻尔,薛八一,15,0.00531
chuang2021_055,范臻尔,于洋,14,0.004956
chuang2021_055,范臻尔,何圳煜,14,0.004956
chuang2021_055,范臻尔,曾涵江,14,0.004956
chuang2021_055,范臻尔,王孝辰,14,0.004956
chuang2021_055,范臻尔,谢兴阳,14,0.004956
chuang2021_055,范臻尔,贵尚奇,14,0.004956
chuang2021_055,范臻尔,屈柏宇,13,0.004602
chuang2021_055,范臻尔,范臻尔后援会官博,13,0.004602
chuang2021_055,范臻尔,荣耀,13,0.004602
chuang2021_055,范臻尔,魏子越,13,0.004602
chuang2021_055,范臻尔,00,12,0.004248
chuang2021_055,范臻尔,叶皓然,12,0.004248
chuang2021_055,范臻尔,吴海,11,0.003894
chuang2021_055,范臻尔,张璋,11,0.003894
chuang2021_055,范臻尔,徐绍岚,11,0.003894
chuang2021_055,范臻尔,网页链接,11,0.003894
chuang2021_055,范臻尔,佐藤永翔,10,0.00354
chuang2021_055,范臻尔,塌房,10,0.00354
chuang2021_055,范臻尔,局中人,10,0.00354
chuang2021_055,范臻尔,羽生田挙武,10,0.00354
chuang2021_055,范臻尔,me,9,0.003186
chuang2021_055,范臻尔,大卫,9,0.003186
chuang2021_055,范臻尔,李嘉祥,9,0.003186
chuang2021_055,范臻尔,爱情鸟,9,0.003186
chuang2021_055,范臻尔,赖耀翔,9,0.003186
chuang2021_055,范臻尔,yummy,8,0.002832
chuang2021_055,范臻尔,卢克,8,0.002832
chuang2021_055,范臻尔,喜内优心,8,0.002832
chuang2021_055,范臻尔,安迪,8,0.002832
chuang2021_055,范臻尔,李家豪,8,0.002832
chuang2021_055,范臻尔,李沛洋,8,0.002832
chuang2021_055,范臻尔,林煜修,8,0.002832
chuang2021_055,范臻尔,林豆,8,0.002832
chuang2021_055,范臻尔,郑明鑫,8,0.002832
chuang2021_055,范臻尔,都筑雄哉,8,0.002832
chuang2021_055,范臻尔,钱政宇,8,0.002832
chuang2021_055,范臻尔,门胁慎刚,8,0.002832
chuang2021_055,范臻尔,陈瑞丰,8,0.002832
chuang2021_055,范臻尔,88,7,0.002478
chuang2021_055,范臻尔,boy,7,0.002478
chuang2021_055,范臻尔,butter,7,0.002478
chuang2021_055,范臻尔,fly,7,0.002478
chuang2021_055,范臻尔,lover,7,0.002478
chuang2021_055,范臻尔,radio,7,0.002478
chuang2021_055,范臻尔,ready,7,0.002478
chuang2021_055,范臻尔,作为怪物,7,0.002478
chuang2021_055,范臻尔,凌箫,7,0.002478
chuang2021_055,范臻尔,刘严冬季,7,0.002478
chuang2021_055,范臻尔,刘唐辉,7,0.002478
chuang2021_055,范臻尔,刘聪,7,0.002478
chuang2021_055,范臻尔,原部凌,7,0.002478
chuang2021_055,范臻尔,女孩,7,0.002478
chuang2021_055,范臻尔,对吃瓜群众的尊重,7,0.002478
chuang2021_055,范臻尔,徐圣兹,7,0.002478
chuang2021_055,范臻尔,怿涵,7,0.002478
chuang2021_055,范臻尔,我欢喜喜欢你,7,0.002478
chuang2021_055,范臻尔,晒出体检报告,7,0.002478
chuang2021_055,范臻尔,曹左,7,0.002478
chuang2021_055,范臻尔,李政庭,7,0.002478
chuang2021_055,范臻尔,李泰龙,7,0.002478
chuang2021_055,范臻尔,李泽坤,7,0.002478
chuang2021_055,范臻尔,爱我ready,7,0.002478
chuang2021_055,范臻尔,狐厂,7,0.002478
chuang2021_055,范臻尔,王泽浩,7,0.002478
chuang2021_055,范臻尔,破茧,7,0.002478
chuang2021_055,范臻尔,肖力桓,7,0.002478
chuang2021_055,范臻尔,认为,7,0.002478
chuang2021_055,范臻尔,谷柳霖,7,0.002478
chuang2021_055,范臻尔,超级冠军,7,0.002478
chuang2021_055,范臻尔,醉拳,7,0.002478
chuang2021_055,范臻尔,银行流水则是出于,7,0.002478
chuang2021_055,范臻尔,陈俊洁,7,0.002478
chuang2021_055,范臻尔,隅田隼平,7,0.002478
chuang2021_055,范臻尔,霓虹甜心,7,0.002478
chuang2021_055,范臻尔,韦语节,7,0.002478
chuang2021_055,范臻尔,lit,6,0.002124
chuang2021_055,范臻尔,you,6,0.002124
chuang2021_055,范臻尔,人糊言轻,6,0.002124
chuang2021_055,范臻尔,偶像有义务保护粉丝的幻想,6,0.002124
chuang2021_055,范臻尔,创4排名,6,0.002124
chuang2021_055,范臻尔,创造营2021学员成长数据,6,0.002124
chuang2021_055,范臻尔,学员专组热议top5为,6,0.002124
chuang2021_055,范臻尔,学员娱乐组热议top5为,6,0.002124
chuang2021_055,范臻尔,学员微博涨粉top5为,6,0.002124
chuang2021_055,范臻尔,学员超话签到top5为,6,0.002124
chuang2021_055,范臻尔,微博正文,6,0.002124
chuang2021_055,范臻尔,怀着雄心壮志去的节目组,6,0.002124
chuang2021_055,范臻尔,狐厂大拷问的微博视频,6,0.002124
chuang2021_055,范臻尔,田口馨也,6,0.002124
chuang2021_055,范臻尔,阿克朱力,6,0.002124
chuang2021_055,范臻尔,2021年2月17日00,5,0.00177
chuang2021_055,范臻尔,2021年3月14日10,5,0.00177
chuang2021_055,范臻尔,ak刘彰,5,0.00177
chuang2021_055,范臻尔,doki教程,5,0.00177
chuang2021_055,范臻尔,doki每日电力值,5,0.00177
chuang2021_055,范臻尔,不要送出,5,0.00177
chuang2021_055,范臻尔,为了小范更好的舞台冲冲冲,5,0.00177
chuang2021_055,范臻尔,任务,5,0.00177
chuang2021_055,范臻尔,做好数据维护,5,0.00177
chuang2021_055,范臻尔,其他数据任务,5,0.00177
chuang2021_055,范臻尔,创造营排名投票,5,0.00177
chuang2021_055,范臻尔,发帖格式,5,0.00177
chuang2021_055,范臻尔,后可来评论下方进行今日打卡哦,5,0.00177
chuang2021_055,范臻尔,完成,5,0.00177
chuang2021_055,范臻尔,宝贝们坚持做任务啊,5,0.00177
chuang2021_055,范臻尔,年费会员5朵,5,0.00177
chuang2021_055,范臻尔,微博会员每月送,5,0.00177
chuang2021_055,范臻尔,我的鲜花,5,0.00177
chuang2021_055,范臻尔,日常转评,5,0.00177
chuang2021_055,范臻尔,普通会员3朵,5,0.00177
chuang2021_055,范臻尔,最新微博日常转评,5,0.00177
chuang2021_055,范臻尔,点击去送花,5,0.00177
chuang2021_055,范臻尔,百度搜索,5,0.00177
chuang2021_055,范臻尔,直达,5,0.00177
chuang2021_055,范臻尔,科普,5,0.00177
chuang2021_055,范臻尔,第一阶段撑腰活动时间为,5,0.00177
chuang2021_055,范臻尔,纯甄小程序投票教程,5,0.00177
chuang2021_055,范臻尔,纯甄海岛冒险补给站,5,0.00177
chuang2021_055,范臻尔,给小范满满安全感,5,0.00177
chuang2021_055,范臻尔,腾讯视频,5,0.00177
chuang2021_055,范臻尔,腾讯视频doki积攒心跳,5,0.00177
chuang2021_055,范臻尔,腾讯视频投票教程,5,0.00177
chuang2021_055,范臻尔,臻果每日甜份任务,5,0.00177
chuang2021_055,范臻尔,范臻尔回应偶像塌房,5,0.00177
chuang2021_055,范臻尔,赠送教程,5,0.00177
chuang2021_055,范臻尔,赠送范臻尔,5,0.00177
chuang2021_055,范臻尔,超话签到,5,0.00177
chuang2021_055,范臻尔,进入页面后点击右上角,5,0.00177
chuang2021_055,范臻尔,链接,5,0.00177
chuang2021_055,范臻尔,领取鲜花,5,0.00177
chuang2021_055,范臻尔,他表示回应长文基本出自自己之手,4,0.001416
chuang2021_055,范臻尔,你就不要想起我,4,0.001416
chuang2021_055,范臻尔,你最看好谁,4,0.001416
chuang2021_055,范臻尔,做公关不是我的梦想,4,0.001416
chuang2021_055,范臻尔,创4一公分组,4,0.001416
chuang2021_055,范臻尔,回应了日前mmaql掀起的,4,0.001416
chuang2021_055,范臻尔,团队帮忙润色,4,0.001416
chuang2021_055,范臻尔,并透露长文回应背后的细节,4,0.001416
chuang2021_055,范臻尔,接受,4,0.001416
chuang2021_055,范臻尔,此外他对,4,0.001416
chuang2021_055,范臻尔,的观点提出了自己的见解,4,0.001416
chuang2021_055,范臻尔,纯享,4,0.001416
chuang2021_055,范臻尔,范臻尔用青岛话让利路修营业,4,0.001416
chuang2021_055,范臻尔,谈恋爱等于塌房,4,0.001416
chuang2021_055,范臻尔,退赛,4,0.001416
chuang2021_055,范臻尔,采访时,4,0.001416
chuang2021_055,范臻尔,风波,4,0.001416
chuang2021_055,范臻尔,24,3,0.001062
chuang2021_055,范臻尔,app每日0点更新昨日学员涨粉,3,0.001062
chuang2021_055,范臻尔,funji,3,0.001062
chuang2021_055,范臻尔,funji种瓜基地,3,0.001062
chuang2021_055,范臻尔,therefore,3,0.001062
chuang2021_055,范臻尔,一公分组,3,0.001062
chuang2021_055,范臻尔,一定程度也需要做一些回报,3,0.001062
chuang2021_055,范臻尔,不嫌我年龄大就好,3,0.001062
chuang2021_055,范臻尔,不怕你骄傲,3,0.001062
chuang2021_055,范臻尔,二轮游,3,0.001062
chuang2021_055,范臻尔,今晚,3,0.001062
chuang2021_055,范臻尔,他也不讳言,3,0.001062
chuang2021_055,范臻尔,他也坦诚表示,3,0.001062
chuang2021_055,范臻尔,他认可偶像不应该,3,0.001062
chuang2021_055,范臻尔,他说,3,0.001062
chuang2021_055,范臻尔,但糊人也有说出事实的权利,3,0.001062
chuang2021_055,范臻尔,偶像是需要粉丝通过大量金钱支撑出来的,3,0.001062
chuang2021_055,范臻尔,冲冲冲,3,0.001062
chuang2021_055,范臻尔,创4学员同学录,3,0.001062
chuang2021_055,范臻尔,化身孤岛的鲸,3,0.001062
chuang2021_055,范臻尔,十年,3,0.001062
chuang2021_055,范臻尔,又签了新公司,3,0.001062
chuang2021_055,范臻尔,后来范臻尔本人发布澄清长文,3,0.001062
chuang2021_055,范臻尔,和funji一起见证他们的每一步成长和蜕变吧,3,0.001062
chuang2021_055,范臻尔,回应不久前因为网友mmaql,3,0.001062
chuang2021_055,范臻尔,回锅肉,3,0.001062
chuang2021_055,范臻尔,团队只是帮忙润色,3,0.001062
chuang2021_055,范臻尔,大家就会说你拿出证据来,3,0.001062
chuang2021_055,范臻尔,完整版正片戳,3,0.001062
chuang2021_055,范臻尔,对自己影响很大,3,0.001062
chuang2021_055,范臻尔,就像考高考,3,0.001062
chuang2021_055,范臻尔,微博互动数还没有我上节目之前多,3,0.001062
chuang2021_055,范臻尔,微博电视的微博视频,3,0.001062
chuang2021_055,范臻尔,必须满分,3,0.001062
chuang2021_055,范臻尔,快来转发这只臻尔牌海星鹅,3,0.001062
chuang2021_055,范臻尔,想下一次考得更好,3,0.001062
chuang2021_055,范臻尔,我刚淘汰的时候,3,0.001062
chuang2021_055,范臻尔,我刚解约,3,0.001062
chuang2021_055,范臻尔,我塌房,3,0.001062
chuang2021_055,范臻尔,我第一次没有考好,3,0.001062
chuang2021_055,范臻尔,我管你,3,0.001062
chuang2021_055,范臻尔,指控而发表的长文,3,0.001062
chuang2021_055,范臻尔,敬请关注,3,0.001062
chuang2021_055,范臻尔,数源,3,0.001062
chuang2021_055,范臻尔,无人伤亡,3,0.001062
chuang2021_055,范臻尔,日前,3,0.001062
chuang2021_055,范臻尔,是多想回到那个夏天的微博视频,3,0.001062
chuang2021_055,范臻尔,最近范臻尔对话了搜狐娱乐,3,0.001062
chuang2021_055,范臻尔,有机会还会去,3,0.001062
chuang2021_055,范臻尔,有没有粉丝一眼就能看得出来,3,0.001062
chuang2021_055,范臻尔,未来他不介意做,3,0.001062
chuang2021_055,范臻尔,没办法,3,0.001062
chuang2021_055,范臻尔,然后事实情况就很惨烈,3,0.001062
chuang2021_055,范臻尔,然后事实情况很惨烈,3,0.001062
chuang2021_055,范臻尔,狐厂大拷问,3,0.001062
chuang2021_055,范臻尔,的感悟,3,0.001062
chuang2021_055,范臻尔,的现状,3,0.001062
chuang2021_055,范臻尔,确实是一个很有想法的爱豆了,3,0.001062
chuang2021_055,范臻尔,空口无凭,3,0.001062
chuang2021_055,范臻尔,站内视频请戳,3,0.001062
chuang2021_055,范臻尔,签到数据,3,0.001062
chuang2021_055,范臻尔,而立,3,0.001062
chuang2021_055,范臻尔,范臻尔专访即将上线,3,0.001062
chuang2021_055,范臻尔,范臻尔接受,3,0.001062
chuang2021_055,范臻尔,范臻尔提到三年前读过的张艺兴自传,3,0.001062
chuang2021_055,范臻尔,表示文案基本出自自己之手,3,0.001062
chuang2021_055,范臻尔,解释晒出体检报告等隐私内容的原因,3,0.001062
chuang2021_055,范臻尔,话题,3,0.001062
chuang2021_055,范臻尔,谈及练习生涯,3,0.001062
chuang2021_055,范臻尔,距离创造营2021撑腰通道目前的排名曝光,3,0.001062
chuang2021_055,范臻尔,近日,3,0.001062
chuang2021_055,范臻尔,还首度详细回顾了5年来的练习生经历和参加,3,0.001062
chuang2021_055,范臻尔,这个事我没法不承认,3,0.001062
chuang2021_055,范臻尔,这本书给我的答案就是努力和坚持,3,0.001062
chuang2021_055,范臻尔,迷妹专访,3,0.001062
chuang2021_055,范臻尔,选手范臻尔被网友mmaql爆出曾,3,0.001062
chuang2021_055,范臻尔,选秀,3,0.001062
chuang2021_055,范臻尔,采访,3,0.001062
chuang2021_055,范臻尔,采访正片来了,3,0.001062
chuang2021_055,范臻尔,采访预告片来啦,3,0.001062
chuang2021_055,范臻尔,面对,3,0.001062
chuang2021_055,范臻尔,03月17日funji创造营2021学员日总榜,2,0.000708
chuang2021_055,范臻尔,03月18日funji创造营2021学员日总榜,2,0.000708
chuang2021_055,范臻尔,03月19日funji创造营2021学员日总榜,2,0.000708
chuang2021_055,范臻尔,12,2,0.000708
chuang2021_055,范臻尔,30,2,0.000708
chuang2021_055,范臻尔,4月4日18,2,0.000708
chuang2021_055,范臻尔,am,2,0.000708
chuang2021_055,范臻尔,amu羽生田挙武,2,0.000708
chuang2021_055,范臻尔,believer,2,0.000708
chuang2021_055,范臻尔,best周柯宇,2,0.000708
chuang2021_055,范臻尔,cue大家轮流摸,2,0.000708
chuang2021_055,范臻尔,doki开箱挑战,2,0.000708
chuang2021_055,范臻尔,fix,2,0.000708
chuang2021_055,范臻尔,joker,2,0.000708
chuang2021_055,范臻尔,lemon,2,0.000708
chuang2021_055,范臻尔,qq音乐,2,0.000708
chuang2021_055,范臻尔,一之濑asuka,2,0.000708
chuang2021_055,范臻尔,一起来看,2,0.000708
chuang2021_055,范臻尔,不仅魔性演绎了青岛方言版创4主题曲,2,0.000708
chuang2021_055,范臻尔,二公结束,2,0.000708
chuang2021_055,范臻尔,以后也要多多跟大家见面吖,2,0.000708
chuang2021_055,范臻尔,伴随着我们更加坚定的走下去,2,0.000708
chuang2021_055,范臻尔,但是今天,2,0.000708
chuang2021_055,范臻尔,全程过于精彩,2,0.000708
chuang2021_055,范臻尔,关注,2,0.000708
chuang2021_055,范臻尔,出道位top11,2,0.000708
chuang2021_055,范臻尔,分享专辑,2,0.000708
chuang2021_055,范臻尔,则要,2,0.000708
chuang2021_055,范臻尔,创4学员二创涂鸦海星鹅,2,0.000708
chuang2021_055,范臻尔,创意满分的学员们给海星鹅送上了五十五款风格各异的新衣服,2,0.000708
chuang2021_055,范臻尔,创造营2021二公分组,2,0.000708
chuang2021_055,范臻尔,创造营2021学员,2,0.000708
chuang2021_055,范臻尔,创造营排名,2,0.000708
chuang2021_055,范臻尔,加油,2,0.000708
chuang2021_055,范臻尔,加油加油,2,0.000708
chuang2021_055,范臻尔,即日起至,2,0.000708
chuang2021_055,范臻尔,原创专业,2,0.000708
chuang2021_055,范臻尔,原本以为别的小朋友有新衣服穿,2,0.000708
chuang2021_055,范臻尔,各位创始人们又想给海星鹅设计一件什么样的衣服呢,2,0.000708
chuang2021_055,范臻尔,同时,2,0.000708
chuang2021_055,范臻尔,和学员们一起,2,0.000708
chuang2021_055,范臻尔,喜剧人的灵魂算是藏不住了hhh,2,0.000708
chuang2021_055,范臻尔,声乐专业,2,0.000708
chuang2021_055,范臻尔,大赛的前三名每人将有机会获得海星鹅送上的,2,0.000708
chuang2021_055,范臻尔,学员专组热议top5,2,0.000708
chuang2021_055,范臻尔,学员专访上线啦,2,0.000708
chuang2021_055,范臻尔,学员娱乐组热议top5,2,0.000708
chuang2021_055,范臻尔,学员微博涨粉top5,2,0.000708
chuang2021_055,范臻尔,学员签名照一张,2,0.000708
chuang2021_055,范臻尔,学员签名照一张哦,2,0.000708
chuang2021_055,范臻尔,学员超话签到top5,2,0.000708
chuang2021_055,范臻尔,对着米卡撒娇,2,0.000708
chuang2021_055,范臻尔,对着镜头啾咪,2,0.000708
chuang2021_055,范臻尔,小桌球游戏环节惩罚太有意思,2,0.000708
chuang2021_055,范臻尔,峰顶,2,0.000708
chuang2021_055,范臻尔,带双话题,2,0.000708
chuang2021_055,范臻尔,并用自己的家乡话青岛方言喊话,2,0.000708
chuang2021_055,范臻尔,幽默技能点也拉满了,2,0.000708
chuang2021_055,范臻尔,开播吧秀人,2,0.000708
chuang2021_055,范臻尔,开播啦,2,0.000708
chuang2021_055,范臻尔,微博直播,2,0.000708
chuang2021_055,范臻尔,快来康康,2,0.000708
chuang2021_055,范臻尔,我们多才多艺,2,0.000708
chuang2021_055,范臻尔,截至2月25日中午12,2,0.000708
chuang2021_055,范臻尔,抽奖详情,2,0.000708
chuang2021_055,范臻尔,指定,2,0.000708
chuang2021_055,范臻尔,摆好小板凳坐等今日直播,2,0.000708
chuang2021_055,范臻尔,是不是每个青岛人都有一颗喜剧灵魂,2,0.000708
chuang2021_055,范臻尔,是要变身拳击手了吗,2,0.000708
chuang2021_055,范臻尔,期待,2,0.000708
chuang2021_055,范臻尔,期待更好的舞台,2,0.000708
chuang2021_055,范臻尔,期待臻儿接下来的精彩表现,2,0.000708
chuang2021_055,范臻尔,李洛尔zok,2,0.000708
chuang2021_055,范臻尔,来给海星鹅穿件衣服吧,2,0.000708
chuang2021_055,范臻尔,每一滴汗与泪,2,0.000708
chuang2021_055,范臻尔,永远做你坚强的后盾,2,0.000708
chuang2021_055,范臻尔,没想到小哥哥不仅逻辑输出强悍,2,0.000708
chuang2021_055,范臻尔,海星鹅只能抱紧自己白白的羽毛,2,0.000708
chuang2021_055,范臻尔,海星鹅还会抽取三位创始人每人,2,0.000708
chuang2021_055,范臻尔,游戏惩罚环节太好笑了,2,0.000708
chuang2021_055,范臻尔,用利老师的口吻表示舞台才是自己的梦想,2,0.000708
chuang2021_055,范臻尔,画面太美,2,0.000708
chuang2021_055,范臻尔,的头,2,0.000708
chuang2021_055,范臻尔,盲盒挑战成功,2,0.000708
chuang2021_055,范臻尔,直发微博秀出你们的创意,2,0.000708
chuang2021_055,范臻尔,第七张的臻儿同学,2,0.000708
chuang2021_055,范臻尔,第六期,2,0.000708
chuang2021_055,范臻尔,米奇比心,2,0.000708
chuang2021_055,范臻尔,纯享版,2,0.000708
chuang2021_055,范臻尔,臻儿的宿舍趣事吧,2,0.000708
chuang2021_055,范臻尔,臻尔来啦,2,0.000708
chuang2021_055,范臻尔,舞蹈专业,2,0.000708
chuang2021_055,范臻尔,范臻尔加油,2,0.000708
chuang2021_055,范臻尔,范臻尔回应塌房,2,0.000708
chuang2021_055,范臻尔,被大家提及有公关天赋时,2,0.000708
chuang2021_055,范臻尔,被螃蟹钳了一下下,2,0.000708
chuang2021_055,范臻尔,要求,2,0.000708
chuang2021_055,范臻尔,让利老师加油上班,2,0.000708
chuang2021_055,范臻尔,转发本条微博,2,0.000708
chuang2021_055,范臻尔,还用青岛话隔空喊话利路修,2,0.000708
chuang2021_055,范臻尔,迷妹专访x创4学员,2,0.000708
chuang2021_055,范臻尔,都会化作前进的动力,2,0.000708
chuang2021_055,范臻尔,随机,2,0.000708
chuang2021_056,大卫,大卫,71,0.075212
chuang2021_056,大卫,收起,39,0.041314
chuang2021_056,大卫,俄罗斯大卫超话,22,0.023305
chuang2021_056,大卫,利路修,16,0.016949
chuang2021_056,大卫,和马,14,0.014831
chuang2021_056,大卫,米卡,12,0.012712
chuang2021_056,大卫,韩佩泉,12,0.012712
chuang2021_056,大卫,2021,11,0.011653
chuang2021_056,大卫,刘宇,11,0.011653
chuang2021_056,大卫,韩美娟造型,11,0.011653
chuang2021_056,大卫,尹浩宇,10,0.010593
chuang2021_056,大卫,高卿尘,10,0.010593
chuang2021_056,大卫,伯远,9,0.009534
chuang2021_056,大卫,大卫创造营2021,9,0.009534
chuang2021_056,大卫,林墨,9,0.009534
chuang2021_056,大卫,甘望星,9,0.009534
chuang2021_056,大卫,力丸,8,0.008475
chuang2021_056,大卫,吴宇恒,8,0.008475
chuang2021_056,大卫,周柯宇,8,0.008475
chuang2021_056,大卫,张嘉元,8,0.008475
chuang2021_056,大卫,网页链接,8,0.008475
chuang2021_056,大卫,上原一翔,7,0.007415
chuang2021_056,大卫,奥斯卡,7,0.007415
chuang2021_056,大卫,赞多,7,0.007415
chuang2021_056,大卫,于洋,6,0.006356
chuang2021_056,大卫,井汲大翔,6,0.006356
chuang2021_056,大卫,井胧,6,0.006356
chuang2021_056,大卫,付思超,6,0.006356
chuang2021_056,大卫,刘唐辉,6,0.006356
chuang2021_056,大卫,刘彰,6,0.006356
chuang2021_056,大卫,创4少年之时舞台,6,0.006356
chuang2021_056,大卫,安迪,6,0.006356
chuang2021_056,大卫,庆怜,6,0.006356
chuang2021_056,大卫,张腾,6,0.006356
chuang2021_056,大卫,我们一起闯,6,0.006356
chuang2021_056,大卫,救救我的耳朵,6,0.006356
chuang2021_056,大卫,薛八一,6,0.006356
chuang2021_056,大卫,诺言,6,0.006356
chuang2021_056,大卫,谢兴阳,6,0.006356
chuang2021_056,大卫,韩美娟大卫创4红毯主持,6,0.006356
chuang2021_056,大卫,魏子越,6,0.006356
chuang2021_056,大卫,are,5,0.005297
chuang2021_056,大卫,team,5,0.005297
chuang2021_056,大卫,we,5,0.005297
chuang2021_056,大卫,一之濑飞鸟,5,0.005297
chuang2021_056,大卫,世界那么大,5,0.005297
chuang2021_056,大卫,任胤蓬,5,0.005297
chuang2021_056,大卫,佐藤永翔,5,0.005297
chuang2021_056,大卫,何屹繁,5,0.005297
chuang2021_056,大卫,俞更寅,5,0.005297
chuang2021_056,大卫,创4全员主题曲舞台爷青回,5,0.005297
chuang2021_056,大卫,创造营2021超话,5,0.005297
chuang2021_056,大卫,卢克,5,0.005297
chuang2021_056,大卫,原部凌,5,0.005297
chuang2021_056,大卫,向世界大声喊出我们的声音,5,0.005297
chuang2021_056,大卫,吴海,5,0.005297
chuang2021_056,大卫,大卫还是好好当翻译吧,5,0.005297
chuang2021_056,大卫,张欣尧,5,0.005297
chuang2021_056,大卫,我们并肩作战,5,0.005297
chuang2021_056,大卫,曾涵江,5,0.005297
chuang2021_056,大卫,李政庭,5,0.005297
chuang2021_056,大卫,李洛尔,5,0.005297
chuang2021_056,大卫,王孝辰,5,0.005297
chuang2021_056,大卫,胡烨韬,5,0.005297
chuang2021_056,大卫,范臻尔,5,0.005297
chuang2021_056,大卫,荣耀,5,0.005297
chuang2021_056,大卫,蒋敦豪,5,0.005297
chuang2021_056,大卫,评论配图,5,0.005297
chuang2021_056,大卫,赖耀翔,5,0.005297
chuang2021_056,大卫,邵明明,5,0.005297
chuang2021_056,大卫,钱政宇,5,0.005297
chuang2021_056,大卫,88,4,0.004237
chuang2021_056,大卫,boy,4,0.004237
chuang2021_056,大卫,lit,4,0.004237
chuang2021_056,大卫,lover,4,0.004237
chuang2021_056,大卫,me,4,0.004237
chuang2021_056,大卫,代少冬,4,0.004237
chuang2021_056,大卫,俄罗斯大卫,4,0.004237
chuang2021_056,大卫,刘聪,4,0.004237
chuang2021_056,大卫,创4排名,4,0.004237
chuang2021_056,大卫,创造营2021总决赛,4,0.004237
chuang2021_056,大卫,创造营排名,4,0.004237
chuang2021_056,大卫,喜内优心,4,0.004237
chuang2021_056,大卫,大卫一起主持了,4,0.004237
chuang2021_056,大卫,大卫卡位淘汰,4,0.004237
chuang2021_056,大卫,娱乐女神会馆的微博视频,4,0.004237
chuang2021_056,大卫,屈柏宇,4,0.004237
chuang2021_056,大卫,张星特,4,0.004237
chuang2021_056,大卫,怿涵,4,0.004237
chuang2021_056,大卫,我欢喜喜欢你,4,0.004237
chuang2021_056,大卫,林煜修,4,0.004237
chuang2021_056,大卫,罗言,4,0.004237
chuang2021_056,大卫,羽生田挙武,4,0.004237
chuang2021_056,大卫,解放天性后的娟子和大卫也太会了,4,0.004237
chuang2021_056,大卫,谷柳霖,4,0.004237
chuang2021_056,大卫,这是什么圆梦现场,4,0.004237
chuang2021_056,大卫,郑明鑫,4,0.004237
chuang2021_056,大卫,都筑雄哉,4,0.004237
chuang2021_056,大卫,门胁慎刚,4,0.004237
chuang2021_056,大卫,阿克朱力,4,0.004237
chuang2021_056,大卫,陆定昊,4,0.004237
chuang2021_056,大卫,韩美娟,4,0.004237
chuang2021_056,大卫,butter,3,0.003178
chuang2021_056,大卫,fly,3,0.003178
chuang2021_056,大卫,mitchell和马超话,3,0.003178
chuang2021_056,大卫,radio,3,0.003178
chuang2021_056,大卫,ready,3,0.003178
chuang2021_056,大卫,yummy,3,0.003178
chuang2021_056,大卫,一起来为美娟,3,0.003178
chuang2021_056,大卫,何圳煜,3,0.003178
chuang2021_056,大卫,何懿峻,3,0.003178
chuang2021_056,大卫,作为怪物,3,0.003178
chuang2021_056,大卫,凌箫,3,0.003178
chuang2021_056,大卫,刘严冬季,3,0.003178
chuang2021_056,大卫,创造营2021成团之夜,3,0.003178
chuang2021_056,大卫,利路修lelush超话,3,0.003178
chuang2021_056,大卫,加油吧,3,0.003178
chuang2021_056,大卫,化了,3,0.003178
chuang2021_056,大卫,卡布叻,3,0.003178
chuang2021_056,大卫,叶皓然,3,0.003178
chuang2021_056,大卫,周深,3,0.003178
chuang2021_056,大卫,女孩,3,0.003178
chuang2021_056,大卫,完了完了,3,0.003178
chuang2021_056,大卫,已经全员逐渐,3,0.003178
chuang2021_056,大卫,张璋,3,0.003178
chuang2021_056,大卫,徐圣兹,3,0.003178
chuang2021_056,大卫,徐绍岚,3,0.003178
chuang2021_056,大卫,快手的微博视频,3,0.003178
chuang2021_056,大卫,曹左,3,0.003178
chuang2021_056,大卫,李嘉祥,3,0.003178
chuang2021_056,大卫,李家豪,3,0.003178
chuang2021_056,大卫,李沛洋,3,0.003178
chuang2021_056,大卫,李泰龙,3,0.003178
chuang2021_056,大卫,李泽坤,3,0.003178
chuang2021_056,大卫,林豆,3,0.003178
chuang2021_056,大卫,爱我ready,3,0.003178
chuang2021_056,大卫,王泽浩,3,0.003178
chuang2021_056,大卫,田口馨也,3,0.003178
chuang2021_056,大卫,破茧,3,0.003178
chuang2021_056,大卫,美娟,3,0.003178
chuang2021_056,大卫,肖力桓,3,0.003178
chuang2021_056,大卫,贵尚奇,3,0.003178
chuang2021_056,大卫,超级冠军,3,0.003178
chuang2021_056,大卫,醉拳,3,0.003178
chuang2021_056,大卫,陈俊洁,3,0.003178
chuang2021_056,大卫,陈瑞丰,3,0.003178
chuang2021_056,大卫,隅田隼平,3,0.003178
chuang2021_056,大卫,霓虹甜心,3,0.003178
chuang2021_056,大卫,韦语节,3,0.003178
chuang2021_056,大卫,黄鲲,3,0.003178
chuang2021_056,大卫,ak刘彰,2,0.002119
chuang2021_056,大卫,bgm,2,0.002119
chuang2021_056,大卫,day1,2,0.002119
chuang2021_056,大卫,you,2,0.002119
chuang2021_056,大卫,不要碰我,2,0.002119
chuang2021_056,大卫,不论如何,2,0.002119
chuang2021_056,大卫,伯远xevier超话,2,0.002119
chuang2021_056,大卫,你居然是个这样的人,2,0.002119
chuang2021_056,大卫,俄罗斯大卫粉丝后援会,2,0.002119
chuang2021_056,大卫,创4翻译工资给大卫结一下,2,0.002119
chuang2021_056,大卫,创造营成团夜,2,0.002119
chuang2021_056,大卫,创造营红毯,2,0.002119
chuang2021_056,大卫,力丸表示他们俩对于自己来说都像弟弟一样,2,0.002119
chuang2021_056,大卫,周深卖萌让全场失控,2,0.002119
chuang2021_056,大卫,周深笑到满地乱爬,2,0.002119
chuang2021_056,大卫,和马mitchell0515生日快乐,2,0.002119
chuang2021_056,大卫,喜内忧心,2,0.002119
chuang2021_056,大卫,多么寂寞,2,0.002119
chuang2021_056,大卫,少年之时,2,0.002119
chuang2021_056,大卫,引发热议,2,0.002119
chuang2021_056,大卫,微博正文,2,0.002119
chuang2021_056,大卫,微博综艺的微博视频,2,0.002119
chuang2021_056,大卫,怿涵和任胤蓬并列第一拿到撑腰王后,2,0.002119
chuang2021_056,大卫,我看错人了,2,0.002119
chuang2021_056,大卫,无敌是多么,2,0.002119
chuang2021_056,大卫,明日之子,2,0.002119
chuang2021_056,大卫,昨晚播出的,2,0.002119
chuang2021_056,大卫,未来可期,2,0.002119
chuang2021_056,大卫,深眸海,2,0.002119
chuang2021_056,大卫,牛哞哞,2,0.002119
chuang2021_056,大卫,甜甜蜜蜜小白粥,2,0.002119
chuang2021_056,大卫,的粉丝量差不多的,2,0.002119
chuang2021_056,大卫,看到他们成为撑腰王感觉像父母一般开心,2,0.002119
chuang2021_056,大卫,看来原际画和,2,0.002119
chuang2021_056,大卫,舞台又燃又炸,2,0.002119
chuang2021_056,大卫,芒果影视台的微博视频,2,0.002119
chuang2021_056,大卫,薇薇加油,2,0.002119
chuang2021_056,大卫,补档,2,0.002119
chuang2021_056,大卫,资深秀人伯远很懂地跟大卫说,2,0.002119
chuang2021_056,大卫,这个世界再也不单纯了,2,0.002119
chuang2021_056,大卫,邓超,2,0.002119
chuang2021_056,大卫,闯人的底气,2,0.002119
chuang2021_056,大卫,露西亚小熊的30天人间旅行,2,0.002119
chuang2021_056,大卫,黑人牙膏白酵素助力创造营伯远闪耀闯关,2,0.002119
chuang2021_057,李泽坤,李泽坤,100,0.05277
chuang2021_057,李泽坤,收起,27,0.014248
chuang2021_057,李泽坤,郑明鑫,21,0.011082
chuang2021_057,李泽坤,2021,20,0.010554
chuang2021_057,李泽坤,利路修,19,0.010026
chuang2021_057,李泽坤,谢兴阳,19,0.010026
chuang2021_057,李泽坤,are,18,0.009499
chuang2021_057,李泽坤,team,18,0.009499
chuang2021_057,李泽坤,we,18,0.009499
chuang2021_057,李泽坤,世界那么大,18,0.009499
chuang2021_057,李泽坤,任胤蓬,18,0.009499
chuang2021_057,李泽坤,刘唐辉,18,0.009499
chuang2021_057,李泽坤,创4全员主题曲舞台爷青回,18,0.009499
chuang2021_057,李泽坤,向世界大声喊出我们的声音,18,0.009499
chuang2021_057,李泽坤,我们一起闯,18,0.009499
chuang2021_057,李泽坤,我们并肩作战,18,0.009499
chuang2021_057,李泽坤,林墨,18,0.009499
chuang2021_057,李泽坤,刘聪,17,0.008971
chuang2021_057,李泽坤,张嘉元,17,0.008971
chuang2021_057,李泽坤,李沛洋,17,0.008971
chuang2021_057,李泽坤,李泽坤tyler超话,17,0.008971
chuang2021_057,李泽坤,王孝辰,17,0.008971
chuang2021_057,李泽坤,尹浩宇,16,0.008443
chuang2021_057,李泽坤,屈柏宇,16,0.008443
chuang2021_057,李泽坤,张星特,16,0.008443
chuang2021_057,李泽坤,张腾,16,0.008443
chuang2021_057,李泽坤,李嘉祥,16,0.008443
chuang2021_057,李泽坤,李泰龙,16,0.008443
chuang2021_057,李泽坤,陆定昊,16,0.008443
chuang2021_057,李泽坤,创造营2021超话,15,0.007916
chuang2021_057,李泽坤,吴宇恒,15,0.007916
chuang2021_057,李泽坤,周柯宇,15,0.007916
chuang2021_057,李泽坤,和马,15,0.007916
chuang2021_057,李泽坤,大卫,15,0.007916
chuang2021_057,李泽坤,罗言,15,0.007916
chuang2021_057,李泽坤,贵尚奇,15,0.007916
chuang2021_057,李泽坤,赞多,15,0.007916
chuang2021_057,李泽坤,陈俊洁,15,0.007916
chuang2021_057,李泽坤,付思超,14,0.007388
chuang2021_057,李泽坤,何圳煜,14,0.007388
chuang2021_057,李泽坤,刘宇,14,0.007388
chuang2021_057,李泽坤,叶皓然,14,0.007388
chuang2021_057,李泽坤,庆怜,14,0.007388
chuang2021_057,李泽坤,曹左,14,0.007388
chuang2021_057,李泽坤,李家豪,14,0.007388
chuang2021_057,李泽坤,李政庭,14,0.007388
chuang2021_057,李泽坤,蒋敦豪,14,0.007388
chuang2021_057,李泽坤,钱政宇,14,0.007388
chuang2021_057,李泽坤,黄鲲,14,0.007388
chuang2021_057,李泽坤,井胧,13,0.00686
chuang2021_057,李泽坤,佐藤永翔,13,0.00686
chuang2021_057,李泽坤,何屹繁,13,0.00686
chuang2021_057,李泽坤,何懿峻,13,0.00686
chuang2021_057,李泽坤,俞更寅,13,0.00686
chuang2021_057,李泽坤,徐圣兹,13,0.00686
chuang2021_057,李泽坤,怿涵,13,0.00686
chuang2021_057,李泽坤,甘望星,13,0.00686
chuang2021_057,李泽坤,米卡,13,0.00686
chuang2021_057,李泽坤,胡烨韬,13,0.00686
chuang2021_057,李泽坤,陈瑞丰,13,0.00686
chuang2021_057,李泽坤,韦语节,13,0.00686
chuang2021_057,李泽坤,井汲大翔,12,0.006332
chuang2021_057,李泽坤,刘彰,12,0.006332
chuang2021_057,李泽坤,张璋,12,0.006332
chuang2021_057,李泽坤,曾涵江,12,0.006332
chuang2021_057,李泽坤,林煜修,12,0.006332
chuang2021_057,李泽坤,林豆,12,0.006332
chuang2021_057,李泽坤,薛八一,12,0.006332
chuang2021_057,李泽坤,邵明明,12,0.006332
chuang2021_057,李泽坤,高卿尘,12,0.006332
chuang2021_057,李泽坤,魏子越,12,0.006332
chuang2021_057,李泽坤,于洋,11,0.005805
chuang2021_057,李泽坤,代少冬,11,0.005805
chuang2021_057,李泽坤,伯远,11,0.005805
chuang2021_057,李泽坤,刘严冬季,11,0.005805
chuang2021_057,李泽坤,力丸,11,0.005805
chuang2021_057,李泽坤,卢克,11,0.005805
chuang2021_057,李泽坤,原部凌,11,0.005805
chuang2021_057,李泽坤,吴海,11,0.005805
chuang2021_057,李泽坤,奥斯卡,11,0.005805
chuang2021_057,李泽坤,张欣尧,11,0.005805
chuang2021_057,李泽坤,羽生田挙武,11,0.005805
chuang2021_057,李泽坤,荣耀,11,0.005805
chuang2021_057,李泽坤,诺言,11,0.005805
chuang2021_057,李泽坤,谷柳霖,11,0.005805
chuang2021_057,李泽坤,韩佩泉,11,0.005805
chuang2021_057,李泽坤,上原一翔,10,0.005277
chuang2021_057,李泽坤,创造营2021李泽坤,10,0.005277
chuang2021_057,李泽坤,喜内优心,10,0.005277
chuang2021_057,李泽坤,安迪,10,0.005277
chuang2021_057,李泽坤,希望陪你从开始到未来的每一个高光时刻,10,0.005277
chuang2021_057,李泽坤,徐绍岚,10,0.005277
chuang2021_057,李泽坤,我们一起走花路吧,10,0.005277
chuang2021_057,李泽坤,我刚使用会员特权送给了,10,0.005277
chuang2021_057,李泽坤,李洛尔,10,0.005277
chuang2021_057,李泽坤,王泽浩,10,0.005277
chuang2021_057,李泽坤,田口馨也,10,0.005277
chuang2021_057,李泽坤,肖力桓,10,0.005277
chuang2021_057,李泽坤,赖耀翔,10,0.005277
chuang2021_057,李泽坤,都筑雄哉,10,0.005277
chuang2021_057,李泽坤,门胁慎刚,10,0.005277
chuang2021_057,李泽坤,阿克朱力,10,0.005277
chuang2021_057,李泽坤,阿斯卡拉k李泽坤已收到1806朵花,10,0.005277
chuang2021_057,李泽坤,隅田隼平,10,0.005277
chuang2021_057,李泽坤,ready,9,0.004749
chuang2021_057,李泽坤,yummy,9,0.004749
chuang2021_057,李泽坤,一之濑飞鸟,9,0.004749
chuang2021_057,李泽坤,凌箫,9,0.004749
chuang2021_057,李泽坤,爱我ready,9,0.004749
chuang2021_057,李泽坤,网页链接,9,0.004749
chuang2021_057,李泽坤,范臻尔,9,0.004749
chuang2021_057,李泽坤,you,8,0.004222
chuang2021_057,李泽坤,明星势力榜,8,0.004222
chuang2021_057,李泽坤,88,6,0.003166
chuang2021_057,李泽坤,boy,6,0.003166
chuang2021_057,李泽坤,butter,6,0.003166
chuang2021_057,李泽坤,cr,6,0.003166
chuang2021_057,李泽坤,fly,6,0.003166
chuang2021_057,李泽坤,lit,6,0.003166
chuang2021_057,李泽坤,lover,6,0.003166
chuang2021_057,李泽坤,me,6,0.003166
chuang2021_057,李泽坤,radio,6,0.003166
chuang2021_057,李泽坤,作为怪物,6,0.003166
chuang2021_057,李泽坤,女孩,6,0.003166
chuang2021_057,李泽坤,我欢喜喜欢你,6,0.003166
chuang2021_057,李泽坤,破茧,6,0.003166
chuang2021_057,李泽坤,超级冠军,6,0.003166
chuang2021_057,李泽坤,醉拳,6,0.003166
chuang2021_057,李泽坤,霓虹甜心,6,0.003166
chuang2021_057,李泽坤,logo,5,0.002639
chuang2021_057,李泽坤,上下班,5,0.002639
chuang2021_057,李泽坤,5朵鲜花,4,0.002111
chuang2021_057,李泽坤,创4一公分组,4,0.002111
chuang2021_057,李泽坤,创4选手路透,4,0.002111
chuang2021_057,李泽坤,加油李泽坤,4,0.002111
chuang2021_057,李泽坤,微博视频,4,0.002111
chuang2021_057,李泽坤,李泽坤官方后援会,4,0.002111
chuang2021_057,李泽坤,阿斯卡拉k,4,0.002111
chuang2021_057,李泽坤,3朵鲜花,3,0.001583
chuang2021_057,李泽坤,ak刘彰,3,0.001583
chuang2021_057,李泽坤,doki签到守护,3,0.001583
chuang2021_057,李泽坤,k星球能量补给站,3,0.001583
chuang2021_057,李泽坤,一公分组,3,0.001583
chuang2021_057,李泽坤,下班,3,0.001583
chuang2021_057,李泽坤,关注李泽坤官方账号,3,0.001583
chuang2021_057,李泽坤,关注转发点赞评论,3,0.001583
chuang2021_057,李泽坤,冲鸭,3,0.001583
chuang2021_057,李泽坤,和沸羊羊,3,0.001583
chuang2021_057,李泽坤,微博正文,3,0.001583
chuang2021_057,李泽坤,我有,3,0.001583
chuang2021_057,李泽坤,控评图,3,0.001583
chuang2021_057,李泽坤,撑腰,3,0.001583
chuang2021_057,李泽坤,李泽坤k星人,3,0.001583
chuang2021_057,李泽坤,李泽坤反黑站,3,0.001583
chuang2021_057,李泽坤,李泽坤数据组,3,0.001583
chuang2021_057,李泽坤,李泽坤最新微博,3,0.001583
chuang2021_057,李泽坤,每日任务,3,0.001583
chuang2021_057,李泽坤,纯甄冒险岛,3,0.001583
chuang2021_057,李泽坤,纯甄金句瓶,3,0.001583
chuang2021_057,李泽坤,腾讯发电站,3,0.001583
chuang2021_057,李泽坤,腾讯视频,3,0.001583
chuang2021_057,李泽坤,自行车安利博的微博视频,3,0.001583
chuang2021_057,李泽坤,超级话题签到,3,0.001583
chuang2021_057,李泽坤,闯人花式挑战主题曲,3,0.001583
chuang2021_057,李泽坤,黑人牙膏白酵素助力创造营李泽坤闪耀闯关,3,0.001583
chuang2021_057,李泽坤,10,2,0.001055
chuang2021_057,李泽坤,1朵鲜花,2,0.001055
chuang2021_057,李泽坤,20210224,2,0.001055
chuang2021_057,李泽坤,qq音乐助力,2,0.001055
chuang2021_057,李泽坤,一之濑,2,0.001055
chuang2021_057,李泽坤,一次为和,2,0.001055
chuang2021_057,李泽坤,一次为在,2,0.001055
chuang2021_057,李泽坤,一次为自己首曝光的形象可能会让父母糟心而道歉,2,0.001055
chuang2021_057,李泽坤,一直支持你,2,0.001055
chuang2021_057,李泽坤,一起为他助力戳,2,0.001055
chuang2021_057,李泽坤,一起闯,2,0.001055
chuang2021_057,李泽坤,三次鞠躬说对不起,2,0.001055
chuang2021_057,李泽坤,上班,2,0.001055
chuang2021_057,李泽坤,不得不说一句好帅,2,0.001055
chuang2021_057,李泽坤,不忘初心,2,0.001055
chuang2021_057,李泽坤,主题曲盲盒挑战,2,0.001055
chuang2021_057,李泽坤,之前,2,0.001055
chuang2021_057,李泽坤,今天是运动boy,2,0.001055
chuang2021_057,李泽坤,以平民身份carry全场,2,0.001055
chuang2021_057,李泽坤,住同一寝室时没注意到,2,0.001055
chuang2021_057,李泽坤,你一定能拿下,2,0.001055
chuang2021_057,李泽坤,你是最帅的,2,0.001055
chuang2021_057,李泽坤,凌萧,2,0.001055
chuang2021_057,李泽坤,创4学员默契通关全记录,2,0.001055
chuang2021_057,李泽坤,创造营2021榜,2,0.001055
chuang2021_057,李泽坤,创造营2021榜好成绩,2,0.001055
chuang2021_057,李泽坤,周柯宇最强平民点三狼,2,0.001055
chuang2021_057,李泽坤,和李嘉祥拥抱时全哭了,2,0.001055
chuang2021_057,李泽坤,在告别,2,0.001055
chuang2021_057,李泽坤,在最后离开时,2,0.001055
chuang2021_057,李泽坤,在衍生狼人杀中,2,0.001055
chuang2021_057,李泽坤,太好看了,2,0.001055
chuang2021_057,李泽坤,开局裸点三狼,2,0.001055
chuang2021_057,李泽坤,弟弟们都不哭,2,0.001055
chuang2021_057,李泽坤,弟弟细微的观察力和超强的逻辑真的瑞思拜了,2,0.001055
chuang2021_057,李泽坤,微博综艺的微博视频,2,0.001055
chuang2021_057,李泽坤,快来康康,2,0.001055
chuang2021_057,李泽坤,打羽毛球了,2,0.001055
chuang2021_057,李泽坤,新浪综艺的微博视频,2,0.001055
chuang2021_057,李泽坤,方得始终,2,0.001055
chuang2021_057,李泽坤,李嘉祥三次鞠躬说对不起,2,0.001055
chuang2021_057,李泽坤,李泽坤好帅,2,0.001055
chuang2021_057,李泽坤,的感受,2,0.001055
chuang2021_057,李泽坤,第四期,2,0.001055
chuang2021_057,李泽坤,组的思考不周全而道歉,2,0.001055
chuang2021_058,林煜修,林煜修,114,0.065217
chuang2021_058,林煜修,林煜修超话,58,0.033181
chuang2021_058,林煜修,收起,38,0.021739
chuang2021_058,林煜修,lyx,32,0.018307
chuang2021_058,林煜修,青春有你3,31,0.017735
chuang2021_058,林煜修,创造营2021林煜修,28,0.016018
chuang2021_058,林煜修,林煜修未来可期,25,0.014302
chuang2021_058,林煜修,黑人牙膏白酵素助力创造营林煜修闪耀闯关,20,0.011442
chuang2021_058,林煜修,周柯宇,19,0.01087
chuang2021_058,林煜修,钟骏一,19,0.01087
chuang2021_058,林煜修,不用别人的成功折磨自己,13,0.007437
chuang2021_058,林煜修,不用别人的智慧贬低自己,13,0.007437
chuang2021_058,林煜修,不用别人的错误娱乐自己,13,0.007437
chuang2021_058,林煜修,孟美岐,13,0.007437
chuang2021_058,林煜修,时装lofficiel的微博视频,13,0.007437
chuang2021_058,林煜修,用别人的成功激励自己,13,0.007437
chuang2021_058,林煜修,用别人的智慧充实自己,13,0.007437
chuang2021_058,林煜修,用别人的错误提醒自己,13,0.007437
chuang2021_058,林煜修,醉拳,12,0.006865
chuang2021_058,林煜修,甘望星,11,0.006293
chuang2021_058,林煜修,balance代言人孟美岐,10,0.005721
chuang2021_058,林煜修,new,10,0.005721
chuang2021_058,林煜修,唐九洲,10,0.005721
chuang2021_058,林煜修,李钦,10,0.005721
chuang2021_058,林煜修,上原一翔,9,0.005149
chuang2021_058,林煜修,井汲大翔,9,0.005149
chuang2021_058,林煜修,付思超,9,0.005149
chuang2021_058,林煜修,任胤蓬,9,0.005149
chuang2021_058,林煜修,伯远,9,0.005149
chuang2021_058,林煜修,佐藤永翔,9,0.005149
chuang2021_058,林煜修,俞更寅,9,0.005149
chuang2021_058,林煜修,刘宇,9,0.005149
chuang2021_058,林煜修,利路修,9,0.005149
chuang2021_058,林煜修,力丸,9,0.005149
chuang2021_058,林煜修,吴宇恒,9,0.005149
chuang2021_058,林煜修,吴海,9,0.005149
chuang2021_058,林煜修,和马,9,0.005149
chuang2021_058,林煜修,大卫,9,0.005149
chuang2021_058,林煜修,奥斯卡,9,0.005149
chuang2021_058,林煜修,尹浩宇,9,0.005149
chuang2021_058,林煜修,屈柏宇,9,0.005149
chuang2021_058,林煜修,张嘉元,9,0.005149
chuang2021_058,林煜修,张星特,9,0.005149
chuang2021_058,林煜修,张欣尧,9,0.005149
chuang2021_058,林煜修,张腾,9,0.005149
chuang2021_058,林煜修,怿涵,9,0.005149
chuang2021_058,林煜修,曾涵江,9,0.005149
chuang2021_058,林煜修,林墨,9,0.005149
chuang2021_058,林煜修,王孝辰,9,0.005149
chuang2021_058,林煜修,米卡,9,0.005149
chuang2021_058,林煜修,羽生田挙武,9,0.005149
chuang2021_058,林煜修,胡烨韬,9,0.005149
chuang2021_058,林煜修,荣耀,9,0.005149
chuang2021_058,林煜修,薛八一,9,0.005149
chuang2021_058,林煜修,诺言,9,0.005149
chuang2021_058,林煜修,谢兴阳,9,0.005149
chuang2021_058,林煜修,赞多,9,0.005149
chuang2021_058,林煜修,高卿尘,9,0.005149
chuang2021_058,林煜修,魏子越,9,0.005149
chuang2021_058,林煜修,一之濑飞鸟,8,0.004577
chuang2021_058,林煜修,于洋,8,0.004577
chuang2021_058,林煜修,井胧,8,0.004577
chuang2021_058,林煜修,代少冬,8,0.004577
chuang2021_058,林煜修,何屹繁,8,0.004577
chuang2021_058,林煜修,刘唐辉,8,0.004577
chuang2021_058,林煜修,刘彰,8,0.004577
chuang2021_058,林煜修,刘聪,8,0.004577
chuang2021_058,林煜修,喜内优心,8,0.004577
chuang2021_058,林煜修,庆怜,8,0.004577
chuang2021_058,林煜修,李政庭,8,0.004577
chuang2021_058,林煜修,李沛洋,8,0.004577
chuang2021_058,林煜修,李泽坤,8,0.004577
chuang2021_058,林煜修,李洛尔,8,0.004577
chuang2021_058,林煜修,欢迎回家,8,0.004577
chuang2021_058,林煜修,罗言,8,0.004577
chuang2021_058,林煜修,范臻尔,8,0.004577
chuang2021_058,林煜修,蒋敦豪,8,0.004577
chuang2021_058,林煜修,赖耀翔,8,0.004577
chuang2021_058,林煜修,邵明明,8,0.004577
chuang2021_058,林煜修,郑明鑫,8,0.004577
chuang2021_058,林煜修,钱政宇,8,0.004577
chuang2021_058,林煜修,陆定昊,8,0.004577
chuang2021_058,林煜修,陈俊洁,8,0.004577
chuang2021_058,林煜修,陈瑞丰,8,0.004577
chuang2021_058,林煜修,韦语节,8,0.004577
chuang2021_058,林煜修,韩佩泉,8,0.004577
chuang2021_058,林煜修,boo,7,0.004005
chuang2021_058,林煜修,my,7,0.004005
chuang2021_058,林煜修,何圳煜,7,0.004005
chuang2021_058,林煜修,何懿峻,7,0.004005
chuang2021_058,林煜修,凌箫,7,0.004005
chuang2021_058,林煜修,刘严冬季,7,0.004005
chuang2021_058,林煜修,创造营2021纯甄创造营学员能量榜,7,0.004005
chuang2021_058,林煜修,加注能量啦,7,0.004005
chuang2021_058,林煜修,卢克,7,0.004005
chuang2021_058,林煜修,原部凌,7,0.004005
chuang2021_058,林煜修,叶皓然,7,0.004005
chuang2021_058,林煜修,安迪,7,0.004005
chuang2021_058,林煜修,张璋,7,0.004005
chuang2021_058,林煜修,徐圣兹,7,0.004005
chuang2021_058,林煜修,徐绍岚,7,0.004005
chuang2021_058,林煜修,我在纯甄,7,0.004005
chuang2021_058,林煜修,曹左,7,0.004005
chuang2021_058,林煜修,李嘉祥,7,0.004005
chuang2021_058,林煜修,李家豪,7,0.004005
chuang2021_058,林煜修,李泰龙,7,0.004005
chuang2021_058,林煜修,林煜修官方粉丝后援会,7,0.004005
chuang2021_058,林煜修,林豆,7,0.004005
chuang2021_058,林煜修,王泽浩,7,0.004005
chuang2021_058,林煜修,谷柳霖,7,0.004005
chuang2021_058,林煜修,贵尚奇,7,0.004005
chuang2021_058,林煜修,都筑雄哉,7,0.004005
chuang2021_058,林煜修,门胁慎刚,7,0.004005
chuang2021_058,林煜修,隅田隼平,7,0.004005
chuang2021_058,林煜修,黄鲲,7,0.004005
chuang2021_058,林煜修,88,6,0.003432
chuang2021_058,林煜修,amber老师,6,0.003432
chuang2021_058,林煜修,boy,6,0.003432
chuang2021_058,林煜修,butter,6,0.003432
chuang2021_058,林煜修,fly,6,0.003432
chuang2021_058,林煜修,lit,6,0.003432
chuang2021_058,林煜修,lover,6,0.003432
chuang2021_058,林煜修,me,6,0.003432
chuang2021_058,林煜修,radio,6,0.003432
chuang2021_058,林煜修,ready,6,0.003432
chuang2021_058,林煜修,you,6,0.003432
chuang2021_058,林煜修,yummy,6,0.003432
chuang2021_058,林煜修,不会让现在喜欢我的你们这么辛苦,6,0.003432
chuang2021_058,林煜修,但未来我一定更加努力,6,0.003432
chuang2021_058,林煜修,作为怪物,6,0.003432
chuang2021_058,林煜修,你也快来为喜欢的学员助力吧,6,0.003432
chuang2021_058,林煜修,周深老师,6,0.003432
chuang2021_058,林煜修,周震南学长和nene学姐,6,0.003432
chuang2021_058,林煜修,大家好,6,0.003432
chuang2021_058,林煜修,女孩,6,0.003432
chuang2021_058,林煜修,学员能量榜为,6,0.003432
chuang2021_058,林煜修,宁静老师,6,0.003432
chuang2021_058,林煜修,很开心能来参加创造营,6,0.003432
chuang2021_058,林煜修,我是林煜修,6,0.003432
chuang2021_058,林煜修,我欢喜喜欢你,6,0.003432
chuang2021_058,林煜修,未来我也想能照顾你们,6,0.003432
chuang2021_058,林煜修,爱我ready,6,0.003432
chuang2021_058,林煜修,田口馨也,6,0.003432
chuang2021_058,林煜修,的兄弟们很幸运和你们合作舞台,6,0.003432
chuang2021_058,林煜修,破茧,6,0.003432
chuang2021_058,林煜修,网页链接,6,0.003432
chuang2021_058,林煜修,肖力桓,6,0.003432
chuang2021_058,林煜修,虽然这次表现得没有很好,6,0.003432
chuang2021_058,林煜修,谢谢你们,6,0.003432
chuang2021_058,林煜修,谢谢我的公司龙韬娱乐,6,0.003432
chuang2021_058,林煜修,谢谢这三个月对我的照顾,6,0.003432
chuang2021_058,林煜修,谢谢邓超老师,6,0.003432
chuang2021_058,林煜修,谢谢韬哥,6,0.003432
chuang2021_058,林煜修,超级冠军,6,0.003432
chuang2021_058,林煜修,辛苦了,6,0.003432
chuang2021_058,林煜修,这次经验我真的学到了很多,6,0.003432
chuang2021_058,林煜修,阿克朱力,6,0.003432
chuang2021_058,林煜修,霓虹甜心,6,0.003432
chuang2021_058,林煜修,龙韬娱乐的微博视频,6,0.003432
chuang2021_058,林煜修,00,4,0.002288
chuang2021_058,林煜修,创4一公分组,4,0.002288
chuang2021_058,林煜修,加油,4,0.002288
chuang2021_058,林煜修,工具人,4,0.002288
chuang2021_058,林煜修,高位出道,4,0.002288
chuang2021_058,林煜修,21,3,0.001716
chuang2021_058,林煜修,battle,3,0.001716
chuang2021_058,林煜修,dy更新,3,0.001716
chuang2021_058,林煜修,一公分组,3,0.001716
chuang2021_058,林煜修,修修,3,0.001716
chuang2021_058,林煜修,创造营2021超话,3,0.001716
chuang2021_058,林煜修,妆发一条龙服务,3,0.001716
chuang2021_058,林煜修,孟美岐出道五周年快乐,3,0.001716
chuang2021_058,林煜修,小林弟弟应该很高兴拥有此舍友吧,3,0.001716
chuang2021_058,林煜修,工作趣事啦,3,0.001716
chuang2021_058,林煜修,按摩,3,0.001716
chuang2021_058,林煜修,林煜修给我冲,3,0.001716
chuang2021_058,林煜修,田鸿杰,3,0.001716
chuang2021_058,林煜修,能为他争取到专属vlog拍摄机会,3,0.001716
chuang2021_058,林煜修,能为他争取到惊喜曝光资源哦,3,0.001716
chuang2021_058,林煜修,龙韬tony钟还有啥不会,3,0.001716
chuang2021_058,林煜修,龙韬vlog又更新,3,0.001716
chuang2021_058,林煜修,20,2,0.001144
chuang2021_058,林煜修,2021,2,0.001144
chuang2021_058,林煜修,24,2,0.001144
chuang2021_058,林煜修,salute,2,0.001144
chuang2021_058,林煜修,trend,2,0.001144
chuang2021_058,林煜修,一起来看呀,2,0.001144
chuang2021_058,林煜修,万禹辰,2,0.001144
chuang2021_058,林煜修,上限50人,2,0.001144
chuang2021_058,林煜修,上集,2,0.001144
chuang2021_058,林煜修,下集,2,0.001144
chuang2021_058,林煜修,下集有主持人,2,0.001144
chuang2021_058,林煜修,不然就被嘲死了,2,0.001144
chuang2021_058,林煜修,世界那么大,2,0.001144
chuang2021_058,林煜修,主题曲二创学员们颠覆改编,2,0.001144
chuang2021_058,林煜修,主题曲舞台中心位诞生,2,0.001144
chuang2021_058,林煜修,主题曲舞台回归,2,0.001144
chuang2021_058,林煜修,今晚七点腾讯视频,2,0.001144
chuang2021_058,林煜修,创造营排名,2,0.001144
chuang2021_058,林煜修,另外附加备战填上拔得哪个,2,0.001144
chuang2021_058,林煜修,和兄弟们在一起,2,0.001144
chuang2021_058,林煜修,回复,2,0.001144
chuang2021_058,林煜修,在创造营2021的舞台上一步一步正在慢慢地实现,2,0.001144
chuang2021_058,林煜修,对象,2,0.001144
chuang2021_058,林煜修,小钟弟弟,2,0.001144
chuang2021_058,林煜修,就拔旗,2,0.001144
chuang2021_058,林煜修,希望有一天能够听到全世界的赞美,2,0.001144
chuang2021_058,林煜修,希望陪你从开始到未来的每一个高光时刻,2,0.001144
chuang2021_058,林煜修,并截图带水印发在超话艾特我,2,0.001144
chuang2021_058,林煜修,开启做造型和化妆,2,0.001144
chuang2021_058,林煜修,微博正文,2,0.001144
chuang2021_058,林煜修,快来康康,2,0.001144
chuang2021_058,林煜修,我们一起走花路吧,2,0.001144
chuang2021_058,林煜修,我们陪你一起闯,2,0.001144
chuang2021_058,林煜修,我刚使用会员特权送给了,2,0.001144
chuang2021_058,林煜修,我来插个人头,2,0.001144
chuang2021_058,林煜修,把主题曲唱给你听,2,0.001144
chuang2021_058,林煜修,抓捕,2,0.001144
chuang2021_058,林煜修,数额5元,2,0.001144
chuang2021_058,林煜修,无门槛群,2,0.001144
chuang2021_058,林煜修,明星势力榜,2,0.001144
chuang2021_058,林煜修,明星势力榜第59位,2,0.001144
chuang2021_058,林煜修,春季运动会,2,0.001144
chuang2021_058,林煜修,晚上battle一开始截止六点半,2,0.001144
chuang2021_058,林煜修,晚上battle想看到我们赢,2,0.001144
chuang2021_058,林煜修,服务,2,0.001144
chuang2021_058,林煜修,未来的日子一起闯吧,2,0.001144
chuang2021_058,林煜修,林煜修官方粉丝后援会的微博视频,2,0.001144
chuang2021_058,林煜修,爱豆福利go,2,0.001144
chuang2021_058,林煜修,独角秀星闻,2,0.001144
chuang2021_058,林煜修,现在这个梦,2,0.001144
chuang2021_058,林煜修,看创4记得撑腰么么哒,2,0.001144
chuang2021_058,林煜修,第4期上,2,0.001144
chuang2021_058,林煜修,第4期下,2,0.001144
chuang2021_058,林煜修,群聊,2,0.001144
chuang2021_058,林煜修,腾讯视频创造营2021,2,0.001144
chuang2021_058,林煜修,还没有加群的宝贝快速度加群,2,0.001144
chuang2021_058,林煜修,这是我梦里到过的地方,2,0.001144
chuang2021_058,林煜修,这里是林煜修已收到148朵花,2,0.001144
chuang2021_058,林煜修,钟骏一超话,2,0.001144
chuang2021_058,林煜修,限时,2,0.001144
chuang2021_058,林煜修,青3创4我来啦,2,0.001144
chuang2021_058,林煜修,龙韬,2,0.001144
chuang2021_058,林煜修,龙韬娱乐,2,0.001144
chuang2021_058,林煜修,龙韬娱乐超话,2,0.001144
chuang2021_059,李家豪,李家豪,120,0.055122
chuang2021_059,李家豪,李家豪jeremiah超话,36,0.016537
chuang2021_059,李家豪,收起,33,0.015158
chuang2021_059,李家豪,刘聪,27,0.012402
chuang2021_059,李家豪,贵尚奇,24,0.011024
chuang2021_059,李家豪,韦语节,23,0.010565
chuang2021_059,李家豪,任胤蓬,22,0.010106
chuang2021_059,李家豪,刘严冬季,22,0.010106
chuang2021_059,李家豪,李嘉祥,22,0.010106
chuang2021_059,李家豪,李泽坤,22,0.010106
chuang2021_059,李家豪,郑明鑫,22,0.010106
chuang2021_059,李家豪,怿涵,21,0.009646
chuang2021_059,李家豪,门胁慎刚,21,0.009646
chuang2021_059,李家豪,陈俊洁,21,0.009646
chuang2021_059,李家豪,何屹繁,20,0.009187
chuang2021_059,李家豪,大卫,20,0.009187
chuang2021_059,李家豪,李沛洋,20,0.009187
chuang2021_059,李家豪,喜内优心,19,0.008728
chuang2021_059,李家豪,屈柏宇,19,0.008728
chuang2021_059,李家豪,李泰龙,19,0.008728
chuang2021_059,李家豪,林墨,19,0.008728
chuang2021_059,李家豪,曹左,18,0.008268
chuang2021_059,李家豪,李政庭,18,0.008268
chuang2021_059,李家豪,蒋敦豪,18,0.008268
chuang2021_059,李家豪,钱政宇,18,0.008268
chuang2021_059,李家豪,刘宇,17,0.007809
chuang2021_059,李家豪,创造营2021超话,17,0.007809
chuang2021_059,李家豪,徐圣兹,17,0.007809
chuang2021_059,李家豪,林豆,17,0.007809
chuang2021_059,李家豪,甘望星,17,0.007809
chuang2021_059,李家豪,陈瑞丰,17,0.007809
chuang2021_059,李家豪,韩佩泉,17,0.007809
chuang2021_059,李家豪,井胧,16,0.00735
chuang2021_059,李家豪,俞更寅,16,0.00735
chuang2021_059,李家豪,卢克,16,0.00735
chuang2021_059,李家豪,原部凌,16,0.00735
chuang2021_059,李家豪,吴宇恒,16,0.00735
chuang2021_059,李家豪,安迪,16,0.00735
chuang2021_059,李家豪,尹浩宇,16,0.00735
chuang2021_059,李家豪,庆怜,16,0.00735
chuang2021_059,李家豪,张嘉元,16,0.00735
chuang2021_059,李家豪,张璋,16,0.00735
chuang2021_059,李家豪,张腾,16,0.00735
chuang2021_059,李家豪,王泽浩,16,0.00735
chuang2021_059,李家豪,罗言,16,0.00735
chuang2021_059,李家豪,谷柳霖,16,0.00735
chuang2021_059,李家豪,赖耀翔,16,0.00735
chuang2021_059,李家豪,都筑雄哉,16,0.00735
chuang2021_059,李家豪,隅田隼平,16,0.00735
chuang2021_059,李家豪,代少冬,15,0.00689
chuang2021_059,李家豪,何圳煜,15,0.00689
chuang2021_059,李家豪,凌箫,15,0.00689
chuang2021_059,李家豪,刘唐辉,15,0.00689
chuang2021_059,李家豪,叶皓然,15,0.00689
chuang2021_059,李家豪,张星特,15,0.00689
chuang2021_059,李家豪,田口馨也,15,0.00689
chuang2021_059,李家豪,肖力桓,15,0.00689
chuang2021_059,李家豪,谢兴阳,15,0.00689
chuang2021_059,李家豪,赞多,15,0.00689
chuang2021_059,李家豪,阿克朱力,15,0.00689
chuang2021_059,李家豪,黄鲲,15,0.00689
chuang2021_059,李家豪,一之濑飞鸟,14,0.006431
chuang2021_059,李家豪,付思超,14,0.006431
chuang2021_059,李家豪,伯远,14,0.006431
chuang2021_059,李家豪,佐藤永翔,14,0.006431
chuang2021_059,李家豪,何懿峻,14,0.006431
chuang2021_059,李家豪,利路修,14,0.006431
chuang2021_059,李家豪,力丸,14,0.006431
chuang2021_059,李家豪,和马,14,0.006431
chuang2021_059,李家豪,奥斯卡,14,0.006431
chuang2021_059,李家豪,张欣尧,14,0.006431
chuang2021_059,李家豪,米卡,14,0.006431
chuang2021_059,李家豪,胡烨韬,14,0.006431
chuang2021_059,李家豪,诺言,14,0.006431
chuang2021_059,李家豪,邵明明,14,0.006431
chuang2021_059,李家豪,高卿尘,14,0.006431
chuang2021_059,李家豪,上原一翔,13,0.005972
chuang2021_059,李家豪,于洋,13,0.005972
chuang2021_059,李家豪,吴海,13,0.005972
chuang2021_059,李家豪,徐绍岚,13,0.005972
chuang2021_059,李家豪,王孝辰,13,0.005972
chuang2021_059,李家豪,范臻尔,13,0.005972
chuang2021_059,李家豪,陆定昊,13,0.005972
chuang2021_059,李家豪,井汲大翔,12,0.005512
chuang2021_059,李家豪,刘彰,12,0.005512
chuang2021_059,李家豪,创造营2021李家豪,12,0.005512
chuang2021_059,李家豪,周柯宇,12,0.005512
chuang2021_059,李家豪,荣耀,12,0.005512
chuang2021_059,李家豪,薛八一,12,0.005512
chuang2021_059,李家豪,魏子越,12,0.005512
chuang2021_059,李家豪,曾涵江,11,0.005053
chuang2021_059,李家豪,林煜修,11,0.005053
chuang2021_059,李家豪,羽生田挙武,11,0.005053
chuang2021_059,李家豪,超级冠军,11,0.005053
chuang2021_059,李家豪,2021,10,0.004593
chuang2021_059,李家豪,哈哈哈哈哈哈哈哈,10,0.004593
chuang2021_059,李家豪,李洛尔,10,0.004593
chuang2021_059,李家豪,回复,9,0.004134
chuang2021_059,李家豪,好乖,9,0.004134
chuang2021_059,李家豪,真想捏死你,9,0.004134
chuang2021_059,李家豪,网页链接,9,0.004134
chuang2021_059,李家豪,女孩,8,0.003675
chuang2021_059,李家豪,88,7,0.003215
chuang2021_059,李家豪,boy,7,0.003215
chuang2021_059,李家豪,butter,7,0.003215
chuang2021_059,李家豪,fly,7,0.003215
chuang2021_059,李家豪,lit,7,0.003215
chuang2021_059,李家豪,lover,7,0.003215
chuang2021_059,李家豪,me,7,0.003215
chuang2021_059,李家豪,radio,7,0.003215
chuang2021_059,李家豪,ready,7,0.003215
chuang2021_059,李家豪,yummy,7,0.003215
chuang2021_059,李家豪,世界那么大,7,0.003215
chuang2021_059,李家豪,作为怪物,7,0.003215
chuang2021_059,李家豪,希望陪你从开始到未来的每一个高光时刻,7,0.003215
chuang2021_059,李家豪,我们一起走花路吧,7,0.003215
chuang2021_059,李家豪,我们一起闯,7,0.003215
chuang2021_059,李家豪,我刚使用会员特权送给了,7,0.003215
chuang2021_059,李家豪,我欢喜喜欢你,7,0.003215
chuang2021_059,李家豪,李家豪jeremiah已收到576朵花,7,0.003215
chuang2021_059,李家豪,爱我ready,7,0.003215
chuang2021_059,李家豪,破茧,7,0.003215
chuang2021_059,李家豪,醉拳,7,0.003215
chuang2021_059,李家豪,霓虹甜心,7,0.003215
chuang2021_059,李家豪,you,6,0.002756
chuang2021_059,李家豪,are,5,0.002297
chuang2021_059,李家豪,team,5,0.002297
chuang2021_059,李家豪,we,5,0.002297
chuang2021_059,李家豪,创4全员主题曲舞台爷青回,5,0.002297
chuang2021_059,李家豪,创4离岛学员发布告别感言,5,0.002297
chuang2021_059,李家豪,向世界大声喊出我们的声音,5,0.002297
chuang2021_059,李家豪,学员,5,0.002297
chuang2021_059,李家豪,我们并肩作战,5,0.002297
chuang2021_059,李家豪,创4一公分组,4,0.001837
chuang2021_059,李家豪,赖耀祥,4,0.001837
chuang2021_059,李家豪,20,3,0.001378
chuang2021_059,李家豪,5朵鲜花,3,0.001378
chuang2021_059,李家豪,ak刘彰,3,0.001378
chuang2021_059,李家豪,cr,3,0.001378
chuang2021_059,李家豪,logo,3,0.001378
chuang2021_059,李家豪,vr,3,0.001378
chuang2021_059,李家豪,一公分组,3,0.001378
chuang2021_059,李家豪,上下班,3,0.001378
chuang2021_059,李家豪,创4一公,3,0.001378
chuang2021_059,李家豪,创4选手路透,3,0.001378
chuang2021_059,李家豪,创造营4,3,0.001378
chuang2021_059,李家豪,学到就是赚到,3,0.001378
chuang2021_059,李家豪,导师,3,0.001378
chuang2021_059,李家豪,希望挺过第一关,3,0.001378
chuang2021_059,李家豪,第4期下,3,0.001378
chuang2021_059,李家豪,腾讯视频创造营2021,3,0.001378
chuang2021_059,李家豪,黑人牙膏白酵素助力创造营李家豪闪耀闯关,3,0.001378
chuang2021_059,李家豪,20210224,2,0.000919
chuang2021_059,李家豪,3朵鲜花,2,0.000919
chuang2021_059,李家豪,amber刘逸云,2,0.000919
chuang2021_059,李家豪,best周柯宇,2,0.000919
chuang2021_059,李家豪,dale1220,2,0.000919
chuang2021_059,李家豪,ecat,2,0.000919
chuang2021_059,李家豪,feat,2,0.000919
chuang2021_059,李家豪,nene郑乃馨,2,0.000919
chuang2021_059,李家豪,qq音乐,2,0.000919
chuang2021_059,李家豪,r1se,2,0.000919
chuang2021_059,李家豪,一之濑asuka,2,0.000919
chuang2021_059,李家豪,一公,2,0.000919
chuang2021_059,李家豪,不得不说一句好帅,2,0.000919
chuang2021_059,李家豪,不管是冬天还是春天,2,0.000919
chuang2021_059,李家豪,为何给豪哥穿的这么厚,2,0.000919
chuang2021_059,李家豪,主题曲二创学员们颠覆改编,2,0.000919
chuang2021_059,李家豪,主题曲舞台中心位诞生,2,0.000919
chuang2021_059,李家豪,二公,2,0.000919
chuang2021_059,李家豪,二创,2,0.000919
chuang2021_059,李家豪,今天是运动boy,2,0.000919
chuang2021_059,李家豪,但是大家互相陪伴向前闯,2,0.000919
chuang2021_059,李家豪,你不对劲,2,0.000919
chuang2021_059,李家豪,你们在我心里,2,0.000919
chuang2021_059,李家豪,健身,2,0.000919
chuang2021_059,李家豪,分享专辑,2,0.000919
chuang2021_059,李家豪,分享了在营里的点点滴滴,2,0.000919
chuang2021_059,李家豪,分享自己不仅提高了业务能力还学了泰语日语,2,0.000919
chuang2021_059,李家豪,创4学员默契通关全记录,2,0.000919
chuang2021_059,李家豪,创4排名,2,0.000919
chuang2021_059,李家豪,创4片场日记,2,0.000919
chuang2021_059,李家豪,创4闯人舞台请让道,2,0.000919
chuang2021_059,李家豪,创二公有正规名额,2,0.000919
chuang2021_059,李家豪,创造营2021学员,2,0.000919
chuang2021_059,李家豪,助教,2,0.000919
chuang2021_059,李家豪,告白气球,2,0.000919
chuang2021_059,李家豪,周深,2,0.000919
chuang2021_059,李家豪,周震南,2,0.000919
chuang2021_059,李家豪,和兄弟们在一起,2,0.000919
chuang2021_059,李家豪,哈哈哈,2,0.000919
chuang2021_059,李家豪,哈哈哈哈,2,0.000919
chuang2021_059,李家豪,嗓音干净,2,0.000919
chuang2021_059,李家豪,在创造营2021的舞台上一步一步正在慢慢地实现,2,0.000919
chuang2021_059,李家豪,好好听,2,0.000919
chuang2021_059,李家豪,宁静,2,0.000919
chuang2021_059,李家豪,已经在准备绝招啦,2,0.000919
chuang2021_059,李家豪,希望,2,0.000919
chuang2021_059,李家豪,希望有一天能够听到全世界的赞美,2,0.000919
chuang2021_059,李家豪,快来康康,2,0.000919
chuang2021_059,李家豪,总结,2,0.000919
chuang2021_059,李家豪,感谢受伤时陪伴自己的兄弟,2,0.000919
chuang2021_059,李家豪,感谢大家的关注,2,0.000919
chuang2021_059,李家豪,感谢大家的支持,2,0.000919
chuang2021_059,李家豪,感谢陪他一路走过的人,2,0.000919
chuang2021_059,李家豪,憨憨哥,2,0.000919
chuang2021_059,李家豪,我和我的葫芦兄弟们在今晚的二创等着你们,2,0.000919
chuang2021_059,李家豪,我是盆儿,2,0.000919
chuang2021_059,李家豪,打羽毛球了,2,0.000919
chuang2021_059,李家豪,把主题曲唱给你听,2,0.000919
chuang2021_059,李家豪,挑战摸恐怖箱,2,0.000919
chuang2021_059,李家豪,接下来的舞台又有什么精彩瞬间呢,2,0.000919
chuang2021_059,李家豪,收到大家的想念了吗,2,0.000919
chuang2021_059,李家豪,新浪综艺的微博视频,2,0.000919
chuang2021_059,李家豪,是真的,2,0.000919
chuang2021_059,李家豪,晒出了好多珍贵纪念拍立得,2,0.000919
chuang2021_059,李家豪,晒出短视频表达对大家的感谢,2,0.000919
chuang2021_059,李家豪,暖心嘱咐好友,2,0.000919
chuang2021_059,李家豪,未来的日子一起闯吧,2,0.000919
chuang2021_059,李家豪,李家豪官方后援会,2,0.000919
chuang2021_059,李家豪,李家豪的微博视频,2,0.000919
chuang2021_059,李家豪,李洛尔zok,2,0.000919
chuang2021_059,李家豪,李洛尔李沛洋,2,0.000919
chuang2021_059,李家豪,每个弟弟都感触满满,2,0.000919
chuang2021_059,李家豪,没有淘汰赛制是大实话了,2,0.000919
chuang2021_059,李家豪,海南儋州,2,0.000919
chuang2021_059,李家豪,清唱了一段,2,0.000919
chuang2021_059,李家豪,照顾好自己,2,0.000919
chuang2021_059,李家豪,现在这个梦,2,0.000919
chuang2021_059,李家豪,的花式健身课马上开班,2,0.000919
chuang2021_059,李家豪,看创4记得撑腰么么哒,2,0.000919
chuang2021_059,李家豪,离岛学员们的第二波小作文陆续发布了,2,0.000919
chuang2021_059,李家豪,笑得好可爱,2,0.000919
chuang2021_059,李家豪,第4期上,2,0.000919
chuang2021_059,李家豪,第二次公演,2,0.000919
chuang2021_059,李家豪,羽生田学武,2,0.000919
chuang2021_059,李家豪,自行车安利博的微博视频,2,0.000919
chuang2021_059,李家豪,虽然是场比赛,2,0.000919
chuang2021_059,李家豪,被恐怖箱支配的创4学员,2,0.000919
chuang2021_059,李家豪,要的来,2,0.000919
chuang2021_059,李家豪,让我们一起期待吧,2,0.000919
chuang2021_059,李家豪,记得准时收看,2,0.000919
chuang2021_059,李家豪,说男团之路刚刚开始,2,0.000919
chuang2021_059,李家豪,辉仔,2,0.000919
chuang2021_059,李家豪,这是我梦里到过的地方,2,0.000919
chuang2021_059,李家豪,邓超,2,0.000919
chuang2021_059,李家豪,那么问题来了,2,0.000919
chuang2021_059,李家豪,都因为你而美好的每一天,2,0.000919
chuang2021_059,李家豪,门胁慎刚清唱告白气球,2,0.000919
chuang2021_059,李家豪,门胁慎刚胜出获得个人安利时间,2,0.000919
chuang2021_059,李家豪,需审核,2,0.000919
chuang2021_059,李家豪,露一下手膀子咋的了,2,0.000919
chuang2021_060,都筑雄哉,都筑雄哉,102,0.044639
chuang2021_060,都筑雄哉,收起,48,0.021007
chuang2021_060,都筑雄哉,于洋,32,0.014004
chuang2021_060,都筑雄哉,井胧,32,0.014004
chuang2021_060,都筑雄哉,甘望星,32,0.014004
chuang2021_060,都筑雄哉,诺言,32,0.014004
chuang2021_060,都筑雄哉,和马,29,0.012691
chuang2021_060,都筑雄哉,破茧,26,0.011379
chuang2021_060,都筑雄哉,原部凌,25,0.010941
chuang2021_060,都筑雄哉,都築雄哉超话,22,0.009628
chuang2021_060,都筑雄哉,上原一翔,21,0.00919
chuang2021_060,都筑雄哉,伯远,21,0.00919
chuang2021_060,都筑雄哉,加注能量啦,21,0.00919
chuang2021_060,都筑雄哉,喜内优心,21,0.00919
chuang2021_060,都筑雄哉,我在纯甄,21,0.00919
chuang2021_060,都筑雄哉,一之濑飞鸟,20,0.008753
chuang2021_060,都筑雄哉,井汲大翔,20,0.008753
chuang2021_060,都筑雄哉,门胁慎刚,20,0.008753
chuang2021_060,都筑雄哉,陆定昊,20,0.008753
chuang2021_060,都筑雄哉,佐藤永翔,19,0.008315
chuang2021_060,都筑雄哉,怿涵,19,0.008315
chuang2021_060,都筑雄哉,罗言,19,0.008315
chuang2021_060,都筑雄哉,刘宇,18,0.007877
chuang2021_060,都筑雄哉,徐绍岚,18,0.007877
chuang2021_060,都筑雄哉,曹左,18,0.007877
chuang2021_060,都筑雄哉,林豆,18,0.007877
chuang2021_060,都筑雄哉,田口馨也,18,0.007877
chuang2021_060,都筑雄哉,胡烨韬,18,0.007877
chuang2021_060,都筑雄哉,付思超,17,0.00744
chuang2021_060,都筑雄哉,任胤蓬,17,0.00744
chuang2021_060,都筑雄哉,刘彰,17,0.00744
chuang2021_060,都筑雄哉,刘聪,17,0.00744
chuang2021_060,都筑雄哉,大卫,17,0.00744
chuang2021_060,都筑雄哉,安迪,17,0.00744
chuang2021_060,都筑雄哉,李政庭,17,0.00744
chuang2021_060,都筑雄哉,蒋敦豪,17,0.00744
chuang2021_060,都筑雄哉,薛八一,17,0.00744
chuang2021_060,都筑雄哉,赖耀翔,17,0.00744
chuang2021_060,都筑雄哉,韦语节,17,0.00744
chuang2021_060,都筑雄哉,黄鲲,17,0.00744
chuang2021_060,都筑雄哉,代少冬,16,0.007002
chuang2021_060,都筑雄哉,何屹繁,16,0.007002
chuang2021_060,都筑雄哉,刘严冬季,16,0.007002
chuang2021_060,都筑雄哉,力丸,16,0.007002
chuang2021_060,都筑雄哉,叶皓然,16,0.007002
chuang2021_060,都筑雄哉,张璋,16,0.007002
chuang2021_060,都筑雄哉,徐圣兹,16,0.007002
chuang2021_060,都筑雄哉,李家豪,16,0.007002
chuang2021_060,都筑雄哉,李沛洋,16,0.007002
chuang2021_060,都筑雄哉,李泰龙,16,0.007002
chuang2021_060,都筑雄哉,李洛尔,16,0.007002
chuang2021_060,都筑雄哉,荣耀,16,0.007002
chuang2021_060,都筑雄哉,都筑雄哉创造营2021,16,0.007002
chuang2021_060,都筑雄哉,卢克,15,0.006565
chuang2021_060,都筑雄哉,何圳煜,14,0.006127
chuang2021_060,都筑雄哉,吴宇恒,14,0.006127
chuang2021_060,都筑雄哉,张嘉元,14,0.006127
chuang2021_060,都筑雄哉,张腾,14,0.006127
chuang2021_060,都筑雄哉,林墨,14,0.006127
chuang2021_060,都筑雄哉,范臻尔,14,0.006127
chuang2021_060,都筑雄哉,郑明鑫,14,0.006127
chuang2021_060,都筑雄哉,陈俊洁,14,0.006127
chuang2021_060,都筑雄哉,陈瑞丰,14,0.006127
chuang2021_060,都筑雄哉,隅田隼平,14,0.006127
chuang2021_060,都筑雄哉,yuya,13,0.005689
chuang2021_060,都筑雄哉,何懿峻,13,0.005689
chuang2021_060,都筑雄哉,俞更寅,13,0.005689
chuang2021_060,都筑雄哉,创造营2021超话,13,0.005689
chuang2021_060,都筑雄哉,吴海,13,0.005689
chuang2021_060,都筑雄哉,奥斯卡,13,0.005689
chuang2021_060,都筑雄哉,屈柏宇,13,0.005689
chuang2021_060,都筑雄哉,庆怜,13,0.005689
chuang2021_060,都筑雄哉,张星特,13,0.005689
chuang2021_060,都筑雄哉,张欣尧,13,0.005689
chuang2021_060,都筑雄哉,李嘉祥,13,0.005689
chuang2021_060,都筑雄哉,李泽坤,13,0.005689
chuang2021_060,都筑雄哉,王孝辰,13,0.005689
chuang2021_060,都筑雄哉,王泽浩,13,0.005689
chuang2021_060,都筑雄哉,羽生田挙武,13,0.005689
chuang2021_060,都筑雄哉,贵尚奇,13,0.005689
chuang2021_060,都筑雄哉,钱政宇,13,0.005689
chuang2021_060,都筑雄哉,韩佩泉,13,0.005689
chuang2021_060,都筑雄哉,高卿尘,13,0.005689
chuang2021_060,都筑雄哉,黑人牙膏白酵素助力创造营都筑雄哉闪耀闯关,13,0.005689
chuang2021_060,都筑雄哉,凌箫,12,0.005252
chuang2021_060,都筑雄哉,刘唐辉,12,0.005252
chuang2021_060,都筑雄哉,利路修,12,0.005252
chuang2021_060,都筑雄哉,周柯宇,12,0.005252
chuang2021_060,都筑雄哉,尹浩宇,12,0.005252
chuang2021_060,都筑雄哉,我欢喜喜欢你,12,0.005252
chuang2021_060,都筑雄哉,林煜修,12,0.005252
chuang2021_060,都筑雄哉,谢兴阳,12,0.005252
chuang2021_060,都筑雄哉,谷柳霖,12,0.005252
chuang2021_060,都筑雄哉,赞多,12,0.005252
chuang2021_060,都筑雄哉,魏子越,12,0.005252
chuang2021_060,都筑雄哉,lit,11,0.004814
chuang2021_060,都筑雄哉,作为怪物,11,0.004814
chuang2021_060,都筑雄哉,助你获得惊喜vlog拍摄机会,11,0.004814
chuang2021_060,都筑雄哉,学员能量榜为你,11,0.004814
chuang2021_060,都筑雄哉,想让更多人看到如此优秀的你,11,0.004814
chuang2021_060,都筑雄哉,曾涵江,11,0.004814
chuang2021_060,都筑雄哉,米卡,11,0.004814
chuang2021_060,都筑雄哉,肖力桓,11,0.004814
chuang2021_060,都筑雄哉,邵明明,11,0.004814
chuang2021_060,都筑雄哉,阿克朱力,11,0.004814
chuang2021_060,都筑雄哉,你也快来为喜欢的学员助力吧,10,0.004376
chuang2021_060,都筑雄哉,创造营2021纯甄创造营学员能量榜,10,0.004376
chuang2021_060,都筑雄哉,学员能量榜为,10,0.004376
chuang2021_060,都筑雄哉,能为他争取到专属vlog拍摄机会,10,0.004376
chuang2021_060,都筑雄哉,超级冠军,10,0.004376
chuang2021_060,都筑雄哉,2021,9,0.003939
chuang2021_060,都筑雄哉,butter,9,0.003939
chuang2021_060,都筑雄哉,fly,9,0.003939
chuang2021_060,都筑雄哉,88,8,0.003501
chuang2021_060,都筑雄哉,boy,8,0.003501
chuang2021_060,都筑雄哉,lover,8,0.003501
chuang2021_060,都筑雄哉,纯享,8,0.003501
chuang2021_060,都筑雄哉,网页链接,8,0.003501
chuang2021_060,都筑雄哉,霓虹甜心,8,0.003501
chuang2021_060,都筑雄哉,yummy,7,0.003063
chuang2021_060,都筑雄哉,女孩,7,0.003063
chuang2021_060,都筑雄哉,me,6,0.002626
chuang2021_060,都筑雄哉,radio,6,0.002626
chuang2021_060,都筑雄哉,ready,6,0.002626
chuang2021_060,都筑雄哉,you,6,0.002626
chuang2021_060,都筑雄哉,明星势力榜,6,0.002626
chuang2021_060,都筑雄哉,爱我ready,6,0.002626
chuang2021_060,都筑雄哉,破茧舞台绑带舞,6,0.002626
chuang2021_060,都筑雄哉,醉拳,6,0.002626
chuang2021_060,都筑雄哉,新浪综艺的微博视频,5,0.002188
chuang2021_060,都筑雄哉,1还原经典偶像剧,4,0.001751
chuang2021_060,都筑雄哉,6a新生,4,0.001751
chuang2021_060,都筑雄哉,一公分组,4,0.001751
chuang2021_060,都筑雄哉,一公舞台练习室好齐,4,0.001751
chuang2021_060,都筑雄哉,不要再打了,4,0.001751
chuang2021_060,都筑雄哉,不过有两位一直盯镜头的弟弟,4,0.001751
chuang2021_060,都筑雄哉,伯远教学紫禁之巅,4,0.001751
chuang2021_060,都筑雄哉,你们不要再打了,4,0.001751
chuang2021_060,都筑雄哉,六位闯人的,4,0.001751
chuang2021_060,都筑雄哉,再看下去都要害羞了呢,4,0.001751
chuang2021_060,都筑雄哉,创4一公分组,4,0.001751
chuang2021_060,都筑雄哉,创4一公练习室版,4,0.001751
chuang2021_060,都筑雄哉,创4隐藏喜剧人又增加了,4,0.001751
chuang2021_060,都筑雄哉,名场面,4,0.001751
chuang2021_060,都筑雄哉,团魂都在熊熊燃烧了,4,0.001751
chuang2021_060,都筑雄哉,对日本弟弟进行了土味掰头教学,4,0.001751
chuang2021_060,都筑雄哉,深藏一身功名的伯远在线看戏hhh,4,0.001751
chuang2021_060,都筑雄哉,独特的舞台设计让人看得好过瘾,4,0.001751
chuang2021_060,都筑雄哉,电竞界和男团界的破界融合会有什么特殊化学反应,4,0.001751
chuang2021_060,都筑雄哉,的束缚,4,0.001751
chuang2021_060,都筑雄哉,的绑带舞力度满分,4,0.001751
chuang2021_060,都筑雄哉,破茧练习室版,4,0.001751
chuang2021_060,都筑雄哉,紫禁之巅,4,0.001751
chuang2021_060,都筑雄哉,舞台用绑带模拟,4,0.001751
chuang2021_060,都筑雄哉,都築雄哉,4,0.001751
chuang2021_060,都筑雄哉,门胁慎刚超话,4,0.001751
chuang2021_060,都筑雄哉,闯人们的文化交流画风突变,4,0.001751
chuang2021_060,都筑雄哉,cr,3,0.001313
chuang2021_060,都筑雄哉,hack,3,0.001313
chuang2021_060,都筑雄哉,不过,3,0.001313
chuang2021_060,都筑雄哉,但是很多朋友帮了我,3,0.001313
chuang2021_060,都筑雄哉,你是我今生唯一的执著哦,3,0.001313
chuang2021_060,都筑雄哉,创4排名,3,0.001313
chuang2021_060,都筑雄哉,创造造营都筑雄哉,3,0.001313
chuang2021_060,都筑雄哉,創造営2021,3,0.001313
chuang2021_060,都筑雄哉,即使现在,3,0.001313
chuang2021_060,都筑雄哉,对所有支持我的人,3,0.001313
chuang2021_060,都筑雄哉,并感谢谁支持我的所有球迷,3,0.001313
chuang2021_060,都筑雄哉,快戳链接看看,3,0.001313
chuang2021_060,都筑雄哉,我不知道这句话是否正确,3,0.001313
chuang2021_060,都筑雄哉,我会尽力向你展示一个很酷的身材,3,0.001313
chuang2021_060,都筑雄哉,我在,3,0.001313
chuang2021_060,都筑雄哉,我在研究的同时写作,3,0.001313
chuang2021_060,都筑雄哉,我很高兴来到中国,3,0.001313
chuang2021_060,都筑雄哉,我很高兴每个人都告诉我要尽力而为,3,0.001313
chuang2021_060,都筑雄哉,我很高兴能进入創造营2021舞台,3,0.001313
chuang2021_060,都筑雄哉,我想再去中国,3,0.001313
chuang2021_060,都筑雄哉,我想再次在大家面前唱歌跳舞,3,0.001313
chuang2021_060,都筑雄哉,我更喜欢中国,3,0.001313
chuang2021_060,都筑雄哉,我根本不会说中文,3,0.001313
chuang2021_060,都筑雄哉,我现在还不够坚强,3,0.001313
chuang2021_060,都筑雄哉,明星势力榜第628位,3,0.001313
chuang2021_060,都筑雄哉,棒棒哒,3,0.001313
chuang2021_060,都筑雄哉,真的很感谢大家,3,0.001313
chuang2021_060,都筑雄哉,练习很多,3,0.001313
chuang2021_060,都筑雄哉,练习生榜上为你加油啦,3,0.001313
chuang2021_060,都筑雄哉,自从我第一次出国,3,0.001313
chuang2021_060,都筑雄哉,谢谢您在90个人中找到我,3,0.001313
chuang2021_060,都筑雄哉,起初我很着急,3,0.001313
chuang2021_060,都筑雄哉,20,2,0.000875
chuang2021_060,都筑雄哉,amber刘逸云,2,0.000875
chuang2021_060,都筑雄哉,chuang,2,0.000875
chuang2021_060,都筑雄哉,lindow林豆豆超话,2,0.000875
chuang2021_060,都筑雄哉,logo,2,0.000875
chuang2021_060,都筑雄哉,nene郑乃馨,2,0.000875
chuang2021_060,都筑雄哉,newvitamingirl的微博视频,2,0.000875
chuang2021_060,都筑雄哉,qq音乐,2,0.000875
chuang2021_060,都筑雄哉,wetv,2,0.000875
chuang2021_060,都筑雄哉,一起为他助力戳,2,0.000875
chuang2021_060,都筑雄哉,上下班,2,0.000875
chuang2021_060,都筑雄哉,不忘初心,2,0.000875
chuang2021_060,都筑雄哉,之濑飞鸟,2,0.000875
chuang2021_060,都筑雄哉,你一定能拿下,2,0.000875
chuang2021_060,都筑雄哉,创4选手路透,2,0.000875
chuang2021_060,都筑雄哉,创二公有正规名额,2,0.000875
chuang2021_060,都筑雄哉,创造营2021榜,2,0.000875
chuang2021_060,都筑雄哉,创造营2021榜好成绩,2,0.000875
chuang2021_060,都筑雄哉,创造营都筑雄哉,2,0.000875
chuang2021_060,都筑雄哉,助教,2,0.000875
chuang2021_060,都筑雄哉,可爱的日系风格,2,0.000875
chuang2021_060,都筑雄哉,周深,2,0.000875
chuang2021_060,都筑雄哉,周震南,2,0.000875
chuang2021_060,都筑雄哉,学员,2,0.000875
chuang2021_060,都筑雄哉,宁静,2,0.000875
chuang2021_060,都筑雄哉,导师,2,0.000875
chuang2021_060,都筑雄哉,快来康康,2,0.000875
chuang2021_060,都筑雄哉,方得始终,2,0.000875
chuang2021_060,都筑雄哉,日本男团登场,2,0.000875
chuang2021_060,都筑雄哉,李嘉豪,2,0.000875
chuang2021_060,都筑雄哉,李洛尔李沛洋,2,0.000875
chuang2021_060,都筑雄哉,海南儋州,2,0.000875
chuang2021_060,都筑雄哉,第三期,2,0.000875
chuang2021_060,都筑雄哉,第二次公演,2,0.000875
chuang2021_060,都筑雄哉,纯享版,2,0.000875
chuang2021_060,都筑雄哉,羽生田学武,2,0.000875
chuang2021_060,都筑雄哉,腾讯视频,2,0.000875
chuang2021_060,都筑雄哉,要的来,2,0.000875
chuang2021_060,都筑雄哉,追选秀的真香定律,2,0.000875
chuang2021_060,都筑雄哉,邓超,2,0.000875
chuang2021_060,都筑雄哉,都筑雄哉加油,2,0.000875
chuang2021_060,都筑雄哉,需审核,2,0.000875
chuang2021_060,都筑雄哉,黑人牙膏白酵素助力创造营井汲大翔闪耀闯关,2,0.000875
chuang2021_060,都筑雄哉,黑人牙膏白酵素助力创造营伯远闪耀闯关,2,0.000875
chuang2021_060,都筑雄哉,黑人牙膏白酵素助力创造营羽生田挙武闪耀闯关,2,0.000875
chuang2021_061,刘唐辉,刘唐辉,128,0.060094
chuang2021_061,刘唐辉,收起,54,0.025352
chuang2021_061,刘唐辉,辉仔刘唐辉超话,52,0.024413
chuang2021_061,刘唐辉,谢兴阳,32,0.015023
chuang2021_061,刘唐辉,魏子越,26,0.012207
chuang2021_061,刘唐辉,陆定昊,24,0.011268
chuang2021_061,刘唐辉,叶皓然,21,0.009859
chuang2021_061,刘唐辉,微博正文,20,0.00939
chuang2021_061,刘唐辉,大卫,18,0.008451
chuang2021_061,刘唐辉,辉仔未来可期,18,0.008451
chuang2021_061,刘唐辉,进入,18,0.008451
chuang2021_061,刘唐辉,利路修,17,0.007981
chuang2021_061,刘唐辉,网页链接,17,0.007981
chuang2021_061,刘唐辉,黑人牙膏白酵素助力创造营刘唐辉闪耀闯关,17,0.007981
chuang2021_061,刘唐辉,王孝辰,16,0.007512
chuang2021_061,刘唐辉,郑明鑫,16,0.007512
chuang2021_061,刘唐辉,刘唐辉创造营2021,15,0.007042
chuang2021_061,刘唐辉,李泽坤,15,0.007042
chuang2021_061,刘唐辉,评文案,15,0.007042
chuang2021_061,刘唐辉,养铁粉,14,0.006573
chuang2021_061,刘唐辉,尹浩宇,14,0.006573
chuang2021_061,刘唐辉,李政庭,14,0.006573
chuang2021_061,刘唐辉,评教程,14,0.006573
chuang2021_061,刘唐辉,评论,14,0.006573
chuang2021_061,刘唐辉,进行每日签到,14,0.006573
chuang2021_061,刘唐辉,阅读群及粉丝超话,14,0.006573
chuang2021_061,刘唐辉,付思超,13,0.006103
chuang2021_061,刘唐辉,任胤蓬,13,0.006103
chuang2021_061,刘唐辉,佐藤永翔,13,0.006103
chuang2021_061,刘唐辉,教程,13,0.006103
chuang2021_061,刘唐辉,林墨,13,0.006103
chuang2021_061,刘唐辉,一之濑飞鸟,12,0.005634
chuang2021_061,刘唐辉,俞更寅,12,0.005634
chuang2021_061,刘唐辉,原部凌,12,0.005634
chuang2021_061,刘唐辉,和马,12,0.005634
chuang2021_061,刘唐辉,怿涵,12,0.005634
chuang2021_061,刘唐辉,谷柳霖,12,0.005634
chuang2021_061,刘唐辉,赖耀翔,12,0.005634
chuang2021_061,刘唐辉,韩佩泉,12,0.005634
chuang2021_061,刘唐辉,一公我们继续闯,11,0.005164
chuang2021_061,刘唐辉,于洋,11,0.005164
chuang2021_061,刘唐辉,井汲大翔,11,0.005164
chuang2021_061,刘唐辉,井胧,11,0.005164
chuang2021_061,刘唐辉,伯远,11,0.005164
chuang2021_061,刘唐辉,何屹繁,11,0.005164
chuang2021_061,刘唐辉,凌箫,11,0.005164
chuang2021_061,刘唐辉,刘唐辉冲呀,11,0.005164
chuang2021_061,刘唐辉,刘聪,11,0.005164
chuang2021_061,刘唐辉,初舞台就是过去时啦,11,0.005164
chuang2021_061,刘唐辉,周柯宇,11,0.005164
chuang2021_061,刘唐辉,奥斯卡,11,0.005164
chuang2021_061,刘唐辉,宝贝加油,11,0.005164
chuang2021_061,刘唐辉,屈柏宇,11,0.005164
chuang2021_061,刘唐辉,张嘉元,11,0.005164
chuang2021_061,刘唐辉,张星特,11,0.005164
chuang2021_061,刘唐辉,张欣尧,11,0.005164
chuang2021_061,刘唐辉,想做胡致邦的心上人,11,0.005164
chuang2021_061,刘唐辉,李沛洋,11,0.005164
chuang2021_061,刘唐辉,林煜修,11,0.005164
chuang2021_061,刘唐辉,林豆,11,0.005164
chuang2021_061,刘唐辉,甘望星,11,0.005164
chuang2021_061,刘唐辉,米卡,11,0.005164
chuang2021_061,刘唐辉,罗言,11,0.005164
chuang2021_061,刘唐辉,诺言,11,0.005164
chuang2021_061,刘唐辉,陈俊洁,11,0.005164
chuang2021_061,刘唐辉,陈瑞丰,11,0.005164
chuang2021_061,刘唐辉,韦语节,11,0.005164
chuang2021_061,刘唐辉,黄鲲,11,0.005164
chuang2021_061,刘唐辉,ready,10,0.004695
chuang2021_061,刘唐辉,you,10,0.004695
chuang2021_061,刘唐辉,上原一翔,10,0.004695
chuang2021_061,刘唐辉,何圳煜,10,0.004695
chuang2021_061,刘唐辉,何懿峻,10,0.004695
chuang2021_061,刘唐辉,刘宇,10,0.004695
chuang2021_061,刘唐辉,刘彰,10,0.004695
chuang2021_061,刘唐辉,创造营2021超话,10,0.004695
chuang2021_061,刘唐辉,吴宇恒,10,0.004695
chuang2021_061,刘唐辉,吴海,10,0.004695
chuang2021_061,刘唐辉,庆怜,10,0.004695
chuang2021_061,刘唐辉,张腾,10,0.004695
chuang2021_061,刘唐辉,徐圣兹,10,0.004695
chuang2021_061,刘唐辉,曹左,10,0.004695
chuang2021_061,刘唐辉,李洛尔,10,0.004695
chuang2021_061,刘唐辉,爱我ready,10,0.004695
chuang2021_061,刘唐辉,羽生田挙武,10,0.004695
chuang2021_061,刘唐辉,胡烨韬,10,0.004695
chuang2021_061,刘唐辉,荣耀,10,0.004695
chuang2021_061,刘唐辉,蒋敦豪,10,0.004695
chuang2021_061,刘唐辉,薛八一,10,0.004695
chuang2021_061,刘唐辉,贵尚奇,10,0.004695
chuang2021_061,刘唐辉,赞多,10,0.004695
chuang2021_061,刘唐辉,钱政宇,10,0.004695
chuang2021_061,刘唐辉,阿克朱力,10,0.004695
chuang2021_061,刘唐辉,高卿尘,10,0.004695
chuang2021_061,刘唐辉,2021,9,0.004225
chuang2021_061,刘唐辉,代少冬,9,0.004225
chuang2021_061,刘唐辉,刘严冬季,9,0.004225
chuang2021_061,刘唐辉,力丸,9,0.004225
chuang2021_061,刘唐辉,卢克,9,0.004225
chuang2021_061,刘唐辉,喜内优心,9,0.004225
chuang2021_061,刘唐辉,安迪,9,0.004225
chuang2021_061,刘唐辉,张璋,9,0.004225
chuang2021_061,刘唐辉,徐绍岚,9,0.004225
chuang2021_061,刘唐辉,曾涵江,9,0.004225
chuang2021_061,刘唐辉,李嘉祥,9,0.004225
chuang2021_061,刘唐辉,李家豪,9,0.004225
chuang2021_061,刘唐辉,李泰龙,9,0.004225
chuang2021_061,刘唐辉,王泽浩,9,0.004225
chuang2021_061,刘唐辉,田口馨也,9,0.004225
chuang2021_061,刘唐辉,范臻尔,9,0.004225
chuang2021_061,刘唐辉,都筑雄哉,9,0.004225
chuang2021_061,刘唐辉,门胁慎刚,9,0.004225
chuang2021_061,刘唐辉,隅田隼平,9,0.004225
chuang2021_061,刘唐辉,加注能量啦,8,0.003756
chuang2021_061,刘唐辉,我在纯甄,8,0.003756
chuang2021_061,刘唐辉,肖力桓,8,0.003756
chuang2021_061,刘唐辉,腾讯视频创造营2021,8,0.003756
chuang2021_061,刘唐辉,邵明明,8,0.003756
chuang2021_061,刘唐辉,00,7,0.003286
chuang2021_061,刘唐辉,88,7,0.003286
chuang2021_061,刘唐辉,boy,7,0.003286
chuang2021_061,刘唐辉,lover,7,0.003286
chuang2021_061,刘唐辉,我欢喜喜欢你,7,0.003286
chuang2021_061,刘唐辉,新浪综艺的微博视频,7,0.003286
chuang2021_061,刘唐辉,butter,6,0.002817
chuang2021_061,刘唐辉,dy,6,0.002817
chuang2021_061,刘唐辉,fly,6,0.002817
chuang2021_061,刘唐辉,hui080,6,0.002817
chuang2021_061,刘唐辉,lit,6,0.002817
chuang2021_061,刘唐辉,me,6,0.002817
chuang2021_061,刘唐辉,radio,6,0.002817
chuang2021_061,刘唐辉,yummy,6,0.002817
chuang2021_061,刘唐辉,作为怪物,6,0.002817
chuang2021_061,刘唐辉,助你获得惊喜vlog拍摄机会,6,0.002817
chuang2021_061,刘唐辉,女孩,6,0.002817
chuang2021_061,刘唐辉,学员能量榜为你,6,0.002817
chuang2021_061,刘唐辉,想让更多人看到如此优秀的你,6,0.002817
chuang2021_061,刘唐辉,破茧,6,0.002817
chuang2021_061,刘唐辉,超级冠军,6,0.002817
chuang2021_061,刘唐辉,醉拳,6,0.002817
chuang2021_061,刘唐辉,霓虹甜心,6,0.002817
chuang2021_061,刘唐辉,一只辉仔,5,0.002347
chuang2021_061,刘唐辉,一起闯,5,0.002347
chuang2021_061,刘唐辉,创造营2021纯甄创造营学员能量榜,5,0.002347
chuang2021_061,刘唐辉,明星势力榜,5,0.002347
chuang2021_061,刘唐辉,未来很长,5,0.002347
chuang2021_061,刘唐辉,糖果超甜给我整破防了,5,0.002347
chuang2021_061,刘唐辉,19,4,0.001878
chuang2021_061,刘唐辉,23,4,0.001878
chuang2021_061,刘唐辉,一起为他助力戳,4,0.001878
chuang2021_061,刘唐辉,不忘初心,4,0.001878
chuang2021_061,刘唐辉,主页互动,4,0.001878
chuang2021_061,刘唐辉,今日份壁纸请查收,4,0.001878
chuang2021_061,刘唐辉,你一定能拿下,4,0.001878
chuang2021_061,刘唐辉,养hao教,4,0.001878
chuang2021_061,刘唐辉,创4一公分组,4,0.001878
chuang2021_061,刘唐辉,创造营2021榜,4,0.001878
chuang2021_061,刘唐辉,创造营2021榜好成绩,4,0.001878
chuang2021_061,刘唐辉,弟弟们都有种让人上头的魔力,4,0.001878
chuang2021_061,刘唐辉,感谢,4,0.001878
chuang2021_061,刘唐辉,方得始终,4,0.001878
chuang2021_061,刘唐辉,每日签到,4,0.001878
chuang2021_061,刘唐辉,的微博,4,0.001878
chuang2021_061,刘唐辉,签到时间,4,0.001878
chuang2021_061,刘唐辉,糖果超甜,4,0.001878
chuang2021_061,刘唐辉,练习室接力版,4,0.001878
chuang2021_061,刘唐辉,超话其他相关,4,0.001878
chuang2021_061,刘唐辉,超话积分指南,4,0.001878
chuang2021_061,刘唐辉,速速来看,4,0.001878
chuang2021_061,刘唐辉,集体奔跑的舞蹈动作在固定镜头的放大下更显澎湃,4,0.001878
chuang2021_061,刘唐辉,2021我向,3,0.001408
chuang2021_061,刘唐辉,4月15日18,3,0.001408
chuang2021_061,刘唐辉,vr,3,0.001408
chuang2021_061,刘唐辉,一公分组,3,0.001408
chuang2021_061,刘唐辉,与辉仔,3,0.001408
chuang2021_061,刘唐辉,俄罗斯大卫,3,0.001408
chuang2021_061,刘唐辉,养号教程,3,0.001408
chuang2021_061,刘唐辉,和你在一起,3,0.001408
chuang2021_061,刘唐辉,喜剧人选送学员,3,0.001408
chuang2021_061,刘唐辉,天翼云vr,3,0.001408
chuang2021_061,刘唐辉,实力演绎,3,0.001408
chuang2021_061,刘唐辉,希望创造营没有淘汰赛制,3,0.001408
chuang2021_061,刘唐辉,很有梗的,3,0.001408
chuang2021_061,刘唐辉,德云社,3,0.001408
chuang2021_061,刘唐辉,德云社在逃捧哏巨匠,3,0.001408
chuang2021_061,刘唐辉,快来为你支持的学员加油助力吧,3,0.001408
chuang2021_061,刘唐辉,提供的美食,3,0.001408
chuang2021_061,刘唐辉,携手腾讯视频联合制作,3,0.001408
chuang2021_061,刘唐辉,欢乐喜剧人,3,0.001408
chuang2021_061,刘唐辉,独家vr花絮,3,0.001408
chuang2021_061,刘唐辉,花絮,3,0.001408
chuang2021_061,刘唐辉,辉仔,3,0.001408
chuang2021_061,刘唐辉,送出纯甄卡啦,3,0.001408
chuang2021_061,刘唐辉,韩美娟,3,0.001408
chuang2021_061,刘唐辉,23点内签到,2,0.000939
chuang2021_061,刘唐辉,doki教程,2,0.000939
chuang2021_061,刘唐辉,doki每日签到,2,0.000939
chuang2021_061,刘唐辉,qq,2,0.000939
chuang2021_061,刘唐辉,qq爆肝群打卡签到,2,0.000939
chuang2021_061,刘唐辉,wb,2,0.000939
chuang2021_061,刘唐辉,一起期待崭新的开始,2,0.000939
chuang2021_061,刘唐辉,万物复苏,2,0.000939
chuang2021_061,刘唐辉,不过学员们还是太,2,0.000939
chuang2021_061,刘唐辉,为了论证自己的答案是正确的,2,0.000939
chuang2021_061,刘唐辉,他们这次是甜还是咸呀,2,0.000939
chuang2021_061,刘唐辉,他是普普通通,2,0.000939
chuang2021_061,刘唐辉,付思超踮脚自证,2,0.000939
chuang2021_061,刘唐辉,会会投稿,2,0.000939
chuang2021_061,刘唐辉,你也快来为喜欢的学员助力吧,2,0.000939
chuang2021_061,刘唐辉,你有一米八,2,0.000939
chuang2021_061,刘唐辉,做客桃叭app小桃会客厅,2,0.000939
chuang2021_061,刘唐辉,养成系男孩,2,0.000939
chuang2021_061,刘唐辉,内心柔软,2,0.000939
chuang2021_061,刘唐辉,再看到他们的练习室版时百感交集,2,0.000939
chuang2021_061,刘唐辉,凌晨一點的猫,2,0.000939
chuang2021_061,刘唐辉,刘唐辉主页,2,0.000939
chuang2021_061,刘唐辉,刘唐辉爆肝打投群,2,0.000939
chuang2021_061,刘唐辉,刘唐辉的微博视频,2,0.000939
chuang2021_061,刘唐辉,刘唐辉返营行程,2,0.000939
chuang2021_061,刘唐辉,创4学员学长风造型,2,0.000939
chuang2021_061,刘唐辉,创始人们快品品,2,0.000939
chuang2021_061,刘唐辉,创造营4,2,0.000939
chuang2021_061,刘唐辉,创造营排名,2,0.000939
chuang2021_061,刘唐辉,利路修lelush超话,2,0.000939
chuang2021_061,刘唐辉,原创文案私,2,0.000939
chuang2021_061,刘唐辉,又闪闪发光,2,0.000939
chuang2021_061,刘唐辉,发原创帖,2,0.000939
chuang2021_061,刘唐辉,可爱虎牙,2,0.000939
chuang2021_061,刘唐辉,喜内忧心,2,0.000939
chuang2021_061,刘唐辉,嘲笑,2,0.000939
chuang2021_061,刘唐辉,大名,2,0.000939
chuang2021_061,刘唐辉,天真,2,0.000939
chuang2021_061,刘唐辉,如有变更另行通知,2,0.000939
chuang2021_061,刘唐辉,学员能量榜为,2,0.000939
chuang2021_061,刘唐辉,完成评论区点赞,2,0.000939
chuang2021_061,刘唐辉,小桃会客厅,2,0.000939
chuang2021_061,刘唐辉,小猪佩奇的身高是多少,2,0.000939
chuang2021_061,刘唐辉,希望每一个弟弟都走上超甜的花路,2,0.000939
chuang2021_061,刘唐辉,带来的二创主题曲,2,0.000939
chuang2021_061,刘唐辉,带辉仔相关话题,2,0.000939
chuang2021_061,刘唐辉,平台官博,2,0.000939
chuang2021_061,刘唐辉,并带,2,0.000939
chuang2021_061,刘唐辉,微博综艺,2,0.000939
chuang2021_061,刘唐辉,快来前往桃叭app内查看完整视频吧,2,0.000939
chuang2021_061,刘唐辉,快来康康,2,0.000939
chuang2021_061,刘唐辉,想看辉仔的创造营日记内页吗,2,0.000939
chuang2021_061,刘唐辉,想知道在创造营里辉仔交了哪些新朋友吗,2,0.000939
chuang2021_061,刘唐辉,想知道糖果超甜的幕后小故事吗,2,0.000939
chuang2021_061,刘唐辉,意外惊喜,2,0.000939
chuang2021_061,刘唐辉,我要成团,2,0.000939
chuang2021_061,刘唐辉,打卡任务,2,0.000939
chuang2021_061,刘唐辉,扔进阅读群爬楼,2,0.000939
chuang2021_061,刘唐辉,捞自家评论,2,0.000939
chuang2021_061,刘唐辉,新浪综艺,2,0.000939
chuang2021_061,刘唐辉,新粉指南,2,0.000939
chuang2021_061,刘唐辉,是不会害怕孤独的小王子,2,0.000939
chuang2021_061,刘唐辉,是时候为这段旅程画上句点了,2,0.000939
chuang2021_061,刘唐辉,是给颗奶糖就能拐走的小宝贝,2,0.000939
chuang2021_061,刘唐辉,本期更多辉仔精彩内容,2,0.000939
chuang2021_061,刘唐辉,桃叭的微博视频,2,0.000939
chuang2021_061,刘唐辉,楼中楼,2,0.000939
chuang2021_061,刘唐辉,正在跳转,2,0.000939
chuang2021_061,刘唐辉,每天6点,2,0.000939
chuang2021_061,刘唐辉,气得,2,0.000939
chuang2021_061,刘唐辉,没想到还被,2,0.000939
chuang2021_061,刘唐辉,点击链接加入群聊,2,0.000939
chuang2021_061,刘唐辉,热烈欢迎超甜的辉仔,2,0.000939
chuang2021_061,刘唐辉,爆肝投票群,2,0.000939
chuang2021_061,刘唐辉,玩梗小能手们上线,2,0.000939
chuang2021_061,刘唐辉,瓶文案,2,0.000939
chuang2021_061,刘唐辉,瓶科普,2,0.000939
chuang2021_061,刘唐辉,看过了初舞台和今天淘汰重现舞台,2,0.000939
chuang2021_061,刘唐辉,社会影响力,2,0.000939
chuang2021_061,刘唐辉,竟然自曝身高一米八,2,0.000939
chuang2021_061,刘唐辉,粉丝群互动,2,0.000939
chuang2021_061,刘唐辉,糖果超甜是个很差的舞台,2,0.000939
chuang2021_061,刘唐辉,糖果超甜的练习室版,2,0.000939
chuang2021_061,刘唐辉,糖果超甜练习室版,2,0.000939
chuang2021_061,刘唐辉,细节男孩,2,0.000939
chuang2021_061,刘唐辉,群聊,2,0.000939
chuang2021_061,刘唐辉,联手,2,0.000939
chuang2021_061,刘唐辉,能为他争取到专属vlog拍摄机会,2,0.000939
chuang2021_061,刘唐辉,腾讯综艺,2,0.000939
chuang2021_061,刘唐辉,腾讯视频,2,0.000939
chuang2021_061,刘唐辉,自行车安利博的微博视频,2,0.000939
chuang2021_061,刘唐辉,营人进入异次元会变成笨蛋吗,2,0.000939
chuang2021_061,刘唐辉,视频点赞评论分享,2,0.000939
chuang2021_061,刘唐辉,记得加入数据群or,2,0.000939
chuang2021_061,刘唐辉,超话指南,2,0.000939
chuang2021_061,刘唐辉,送积分,2,0.000939
chuang2021_061,刘唐辉,酷乐现场,2,0.000939
chuang2021_061,刘唐辉,重点,2,0.000939
chuang2021_061,刘唐辉,阅读群,2,0.000939
chuang2021_061,刘唐辉,阅读量,2,0.000939
chuang2021_061,刘唐辉,阿星阿姨的微博视频,2,0.000939
chuang2021_061,刘唐辉,魏子越更是哭到停不下来,2,0.000939
chuang2021_062,怿涵,怿涵,130,0.090973
chuang2021_062,怿涵,怿涵超话,60,0.041987
chuang2021_062,怿涵,收起,25,0.017495
chuang2021_062,怿涵,定格怿涵帅气瞬间,22,0.015395
chuang2021_062,怿涵,任胤蓬,17,0.011896
chuang2021_062,怿涵,黑人牙膏白酵素助力创造营怿涵闪耀闯关,17,0.011896
chuang2021_062,怿涵,刘宇,15,0.010497
chuang2021_062,怿涵,刘聪,13,0.009097
chuang2021_062,怿涵,力丸,13,0.009097
chuang2021_062,怿涵,林墨,13,0.009097
chuang2021_062,怿涵,2021,12,0.008397
chuang2021_062,怿涵,付思超,12,0.008397
chuang2021_062,怿涵,吴宇恒,12,0.008397
chuang2021_062,怿涵,罗言,12,0.008397
chuang2021_062,怿涵,一之濑飞鸟,11,0.007698
chuang2021_062,怿涵,俞更寅,11,0.007698
chuang2021_062,怿涵,屈柏宇,11,0.007698
chuang2021_062,怿涵,张嘉元,11,0.007698
chuang2021_062,怿涵,徐绍岚,11,0.007698
chuang2021_062,怿涵,李政庭,11,0.007698
chuang2021_062,怿涵,李洛尔,11,0.007698
chuang2021_062,怿涵,林豆,11,0.007698
chuang2021_062,怿涵,诺言,11,0.007698
chuang2021_062,怿涵,lit,10,0.006998
chuang2021_062,怿涵,井胧,10,0.006998
chuang2021_062,怿涵,伯远,10,0.006998
chuang2021_062,怿涵,何屹繁,10,0.006998
chuang2021_062,怿涵,吴海,10,0.006998
chuang2021_062,怿涵,周柯宇,10,0.006998
chuang2021_062,怿涵,张欣尧,10,0.006998
chuang2021_062,怿涵,张腾,10,0.006998
chuang2021_062,怿涵,李沛洋,10,0.006998
chuang2021_062,怿涵,甘望星,10,0.006998
chuang2021_062,怿涵,胡烨韬,10,0.006998
chuang2021_062,怿涵,荣耀,10,0.006998
chuang2021_062,怿涵,郑明鑫,10,0.006998
chuang2021_062,怿涵,陆定昊,10,0.006998
chuang2021_062,怿涵,陈俊洁,10,0.006998
chuang2021_062,怿涵,韦语节,10,0.006998
chuang2021_062,怿涵,yh,9,0.006298
chuang2021_062,怿涵,代少冬,9,0.006298
chuang2021_062,怿涵,刘严冬季,9,0.006298
chuang2021_062,怿涵,刘唐辉,9,0.006298
chuang2021_062,怿涵,原部凌,9,0.006298
chuang2021_062,怿涵,叶皓然,9,0.006298
chuang2021_062,怿涵,喜内优心,9,0.006298
chuang2021_062,怿涵,曹左,9,0.006298
chuang2021_062,怿涵,李泰龙,9,0.006298
chuang2021_062,怿涵,林煜修,9,0.006298
chuang2021_062,怿涵,王泽浩,9,0.006298
chuang2021_062,怿涵,谢兴阳,9,0.006298
chuang2021_062,怿涵,赞多,9,0.006298
chuang2021_062,怿涵,邵明明,9,0.006298
chuang2021_062,怿涵,门胁慎刚,9,0.006298
chuang2021_062,怿涵,魏子越,9,0.006298
chuang2021_062,怿涵,上原一翔,8,0.005598
chuang2021_062,怿涵,于洋,8,0.005598
chuang2021_062,怿涵,井汲大翔,8,0.005598
chuang2021_062,怿涵,佐藤永翔,8,0.005598
chuang2021_062,怿涵,刘彰,8,0.005598
chuang2021_062,怿涵,利路修,8,0.005598
chuang2021_062,怿涵,和马,8,0.005598
chuang2021_062,怿涵,大卫,8,0.005598
chuang2021_062,怿涵,奥斯卡,8,0.005598
chuang2021_062,怿涵,尹浩宇,8,0.005598
chuang2021_062,怿涵,庆怜,8,0.005598
chuang2021_062,怿涵,张星特,8,0.005598
chuang2021_062,怿涵,曾涵江,8,0.005598
chuang2021_062,怿涵,李泽坤,8,0.005598
chuang2021_062,怿涵,欢迎回家,8,0.005598
chuang2021_062,怿涵,王孝辰,8,0.005598
chuang2021_062,怿涵,瞧怿瞧看怿看,8,0.005598
chuang2021_062,怿涵,米卡,8,0.005598
chuang2021_062,怿涵,羽生田挙武,8,0.005598
chuang2021_062,怿涵,肖力桓,8,0.005598
chuang2021_062,怿涵,薛八一,8,0.005598
chuang2021_062,怿涵,谷柳霖,8,0.005598
chuang2021_062,怿涵,钱政宇,8,0.005598
chuang2021_062,怿涵,陈瑞丰,8,0.005598
chuang2021_062,怿涵,高卿尘,8,0.005598
chuang2021_062,怿涵,何圳煜,7,0.004899
chuang2021_062,怿涵,何懿峻,7,0.004899
chuang2021_062,怿涵,凌箫,7,0.004899
chuang2021_062,怿涵,创造营2021超话,7,0.004899
chuang2021_062,怿涵,卢克,7,0.004899
chuang2021_062,怿涵,安迪,7,0.004899
chuang2021_062,怿涵,张璋,7,0.004899
chuang2021_062,怿涵,徐圣兹,7,0.004899
chuang2021_062,怿涵,李嘉祥,7,0.004899
chuang2021_062,怿涵,李家豪,7,0.004899
chuang2021_062,怿涵,范臻尔,7,0.004899
chuang2021_062,怿涵,蒋敦豪,7,0.004899
chuang2021_062,怿涵,贵尚奇,7,0.004899
chuang2021_062,怿涵,赖耀翔,7,0.004899
chuang2021_062,怿涵,都筑雄哉,7,0.004899
chuang2021_062,怿涵,隅田隼平,7,0.004899
chuang2021_062,怿涵,韩佩泉,7,0.004899
chuang2021_062,怿涵,黄鲲,7,0.004899
chuang2021_062,怿涵,88,6,0.004199
chuang2021_062,怿涵,boy,6,0.004199
chuang2021_062,怿涵,butter,6,0.004199
chuang2021_062,怿涵,fly,6,0.004199
chuang2021_062,怿涵,lover,6,0.004199
chuang2021_062,怿涵,me,6,0.004199
chuang2021_062,怿涵,radio,6,0.004199
chuang2021_062,怿涵,ready,6,0.004199
chuang2021_062,怿涵,you,6,0.004199
chuang2021_062,怿涵,yummy,6,0.004199
chuang2021_062,怿涵,作为怪物,6,0.004199
chuang2021_062,怿涵,创4全员主题曲舞台爷青回,6,0.004199
chuang2021_062,怿涵,女孩,6,0.004199
chuang2021_062,怿涵,我们一起闯,6,0.004199
chuang2021_062,怿涵,我欢喜喜欢你,6,0.004199
chuang2021_062,怿涵,爱我ready,6,0.004199
chuang2021_062,怿涵,田口馨也,6,0.004199
chuang2021_062,怿涵,破茧,6,0.004199
chuang2021_062,怿涵,网页链接,6,0.004199
chuang2021_062,怿涵,超级冠军,6,0.004199
chuang2021_062,怿涵,醉拳,6,0.004199
chuang2021_062,怿涵,阿克朱力,6,0.004199
chuang2021_062,怿涵,陪怿涵成长,6,0.004199
chuang2021_062,怿涵,霓虹甜心,6,0.004199
chuang2021_062,怿涵,are,5,0.003499
chuang2021_062,怿涵,team,5,0.003499
chuang2021_062,怿涵,we,5,0.003499
chuang2021_062,怿涵,世界那么大,5,0.003499
chuang2021_062,怿涵,向世界大声喊出我们的声音,5,0.003499
chuang2021_062,怿涵,怿涵创造营2021,5,0.003499
chuang2021_062,怿涵,我们并肩作战,5,0.003499
chuang2021_062,怿涵,酷狗首唱会,5,0.003499
chuang2021_062,怿涵,上班,4,0.002799
chuang2021_062,怿涵,创4一公分组,4,0.002799
chuang2021_062,怿涵,回复,4,0.002799
chuang2021_062,怿涵,00,3,0.002099
chuang2021_062,怿涵,一公分组,3,0.002099
chuang2021_062,怿涵,创造营排名,3,0.002099
chuang2021_062,怿涵,加油,3,0.002099
chuang2021_062,怿涵,就是玩儿,3,0.002099
chuang2021_062,怿涵,救命,3,0.002099
chuang2021_062,怿涵,桥湾裡日記,3,0.002099
chuang2021_062,怿涵,腾讯视频,3,0.002099
chuang2021_062,怿涵,酷乐现场,3,0.002099
chuang2021_062,怿涵,24,2,0.0014
chuang2021_062,怿涵,4月2日16,2,0.0014
chuang2021_062,怿涵,8组人气偶像惊喜空降,2,0.0014
chuang2021_062,怿涵,addver的微博视频,2,0.0014
chuang2021_062,怿涵,amu羽生田挙武,2,0.0014
chuang2021_062,怿涵,hak,2,0.0014
chuang2021_062,怿涵,lindow林豆豆超话,2,0.0014
chuang2021_062,怿涵,viishow官方,2,0.0014
chuang2021_062,怿涵,yuu喜内优心,2,0.0014
chuang2021_062,怿涵,上新,2,0.0014
chuang2021_062,怿涵,你是最棒的,2,0.0014
chuang2021_062,怿涵,刘严冬季超话,2,0.0014
chuang2021_062,怿涵,刘聪liucong超话,2,0.0014
chuang2021_062,怿涵,吃枣,2,0.0014
chuang2021_062,怿涵,喜内优心超话,2,0.0014
chuang2021_062,怿涵,回见,2,0.0014
chuang2021_062,怿涵,图源,2,0.0014
chuang2021_062,怿涵,孙亦航,2,0.0014
chuang2021_062,怿涵,学员,2,0.0014
chuang2021_062,怿涵,少年们上岛进厂前的那些事儿,2,0.0014
chuang2021_062,怿涵,张书涵,2,0.0014
chuang2021_062,怿涵,快来康康,2,0.0014
chuang2021_062,怿涵,快来看,2,0.0014
chuang2021_062,怿涵,怿涵加油,2,0.0014
chuang2021_062,怿涵,怿涵哭着感谢力丸,2,0.0014
chuang2021_062,怿涵,怿涵弟弟,2,0.0014
chuang2021_062,怿涵,怿涵的微博视频,2,0.0014
chuang2021_062,怿涵,感谢,2,0.0014
chuang2021_062,怿涵,戴学霖,2,0.0014
chuang2021_062,怿涵,接力版,2,0.0014
chuang2021_062,怿涵,敢造,2,0.0014
chuang2021_062,怿涵,无畏青春,2,0.0014
chuang2021_062,怿涵,明星势力榜,2,0.0014
chuang2021_062,怿涵,易安可爱多的微博视频,2,0.0014
chuang2021_062,怿涵,曹左超话,2,0.0014
chuang2021_062,怿涵,未来可期,2,0.0014
chuang2021_062,怿涵,林墨x孙亦航x怿涵x杨阳洋,2,0.0014
chuang2021_062,怿涵,江子牙,2,0.0014
chuang2021_062,怿涵,深圳,2,0.0014
chuang2021_062,怿涵,爱奇艺泡泡,2,0.0014
chuang2021_062,怿涵,爱奇艺泡泡圈,2,0.0014
chuang2021_062,怿涵,牛轰轰拥抱,2,0.0014
chuang2021_062,怿涵,王泽浩超话,2,0.0014
chuang2021_062,怿涵,玩儿累了今儿,2,0.0014
chuang2021_062,怿涵,瓷儿的神奇衣柜,2,0.0014
chuang2021_062,怿涵,的精彩表现吧,2,0.0014
chuang2021_062,怿涵,直播抢先预约,2,0.0014
chuang2021_062,怿涵,腼腆,2,0.0014
chuang2021_062,怿涵,腾讯视频创造营2021,2,0.0014
chuang2021_062,怿涵,酷狗直播的微博视频,2,0.0014
chuang2021_062,怿涵,阿克朱立,2,0.0014
chuang2021_062,怿涵,青春有你3,2,0.0014
chuang2021_063,喜内优心,喜内优心,116,0.066362
chuang2021_063,喜内优心,喜内优心超话,65,0.037185
chuang2021_063,喜内优心,收起,52,0.029748
chuang2021_063,喜内优心,羽生田挙武,29,0.01659
chuang2021_063,喜内优心,xnyx,27,0.015446
chuang2021_063,喜内优心,喜内优心绝美ending王,19,0.01087
chuang2021_063,喜内优心,林豆,17,0.009725
chuang2021_063,喜内优心,何屹繁,16,0.009153
chuang2021_063,喜内优心,利路修,16,0.009153
chuang2021_063,喜内优心,门胁慎刚,16,0.009153
chuang2021_063,喜内优心,伯远,14,0.008009
chuang2021_063,喜内优心,吴宇恒,14,0.008009
chuang2021_063,喜内优心,张腾,14,0.008009
chuang2021_063,喜内优心,微博正文,14,0.008009
chuang2021_063,喜内优心,林墨,14,0.008009
chuang2021_063,喜内优心,甘望星,14,0.008009
chuang2021_063,喜内优心,付思超,13,0.007437
chuang2021_063,喜内优心,代少冬,13,0.007437
chuang2021_063,喜内优心,任胤蓬,13,0.007437
chuang2021_063,喜内优心,俞更寅,13,0.007437
chuang2021_063,喜内优心,刘宇,13,0.007437
chuang2021_063,喜内优心,刘聪,13,0.007437
chuang2021_063,喜内优心,原部凌,13,0.007437
chuang2021_063,喜内优心,吴海,13,0.007437
chuang2021_063,喜内优心,周柯宇,13,0.007437
chuang2021_063,喜内优心,屈柏宇,13,0.007437
chuang2021_063,喜内优心,张嘉元,13,0.007437
chuang2021_063,喜内优心,张欣尧,13,0.007437
chuang2021_063,喜内优心,怿涵,13,0.007437
chuang2021_063,喜内优心,胡烨韬,13,0.007437
chuang2021_063,喜内优心,荣耀,13,0.007437
chuang2021_063,喜内优心,诺言,13,0.007437
chuang2021_063,喜内优心,邵明明,13,0.007437
chuang2021_063,喜内优心,一之濑飞鸟,12,0.006865
chuang2021_063,喜内优心,井胧,12,0.006865
chuang2021_063,喜内优心,创造营喜内优心,12,0.006865
chuang2021_063,喜内优心,叶皓然,12,0.006865
chuang2021_063,喜内优心,李政庭,12,0.006865
chuang2021_063,喜内优心,李沛洋,12,0.006865
chuang2021_063,喜内优心,李泰龙,12,0.006865
chuang2021_063,喜内优心,郑明鑫,12,0.006865
chuang2021_063,喜内优心,陆定昊,12,0.006865
chuang2021_063,喜内优心,陈俊洁,12,0.006865
chuang2021_063,喜内优心,韦语节,12,0.006865
chuang2021_063,喜内优心,创造营2021超话,11,0.006293
chuang2021_063,喜内优心,喜内优心终于会用脸了,11,0.006293
chuang2021_063,喜内优心,肖力桓,11,0.006293
chuang2021_063,喜内优心,赞多,10,0.005721
chuang2021_063,喜内优心,上原一翔,9,0.005149
chuang2021_063,喜内优心,刘严冬季,9,0.005149
chuang2021_063,喜内优心,和马,9,0.005149
chuang2021_063,喜内优心,大卫,9,0.005149
chuang2021_063,喜内优心,王孝辰,9,0.005149
chuang2021_063,喜内优心,隅田隼平,9,0.005149
chuang2021_063,喜内优心,韩佩泉,9,0.005149
chuang2021_063,喜内优心,30天安利喜内优心,8,0.004577
chuang2021_063,喜内优心,于洋,8,0.004577
chuang2021_063,喜内优心,井汲大翔,8,0.004577
chuang2021_063,喜内优心,佐藤永翔,8,0.004577
chuang2021_063,喜内优心,刘彰,8,0.004577
chuang2021_063,喜内优心,力丸,8,0.004577
chuang2021_063,喜内优心,奥斯卡,8,0.004577
chuang2021_063,喜内优心,尹浩宇,8,0.004577
chuang2021_063,喜内优心,张星特,8,0.004577
chuang2021_063,喜内优心,曹左,8,0.004577
chuang2021_063,喜内优心,曾涵江,8,0.004577
chuang2021_063,喜内优心,李洛尔,8,0.004577
chuang2021_063,喜内优心,林煜修,8,0.004577
chuang2021_063,喜内优心,王泽浩,8,0.004577
chuang2021_063,喜内优心,田口馨也,8,0.004577
chuang2021_063,喜内优心,米卡,8,0.004577
chuang2021_063,喜内优心,范臻尔,8,0.004577
chuang2021_063,喜内优心,蒋敦豪,8,0.004577
chuang2021_063,喜内优心,薛八一,8,0.004577
chuang2021_063,喜内优心,谢兴阳,8,0.004577
chuang2021_063,喜内优心,赖耀翔,8,0.004577
chuang2021_063,喜内优心,高卿尘,8,0.004577
chuang2021_063,喜内优心,魏子越,8,0.004577
chuang2021_063,喜内优心,me,7,0.004005
chuang2021_063,喜内优心,you,7,0.004005
chuang2021_063,喜内优心,何圳煜,7,0.004005
chuang2021_063,喜内优心,何懿峻,7,0.004005
chuang2021_063,喜内优心,凌箫,7,0.004005
chuang2021_063,喜内优心,刘唐辉,7,0.004005
chuang2021_063,喜内优心,卢克,7,0.004005
chuang2021_063,喜内优心,安迪,7,0.004005
chuang2021_063,喜内优心,庆怜,7,0.004005
chuang2021_063,喜内优心,张璋,7,0.004005
chuang2021_063,喜内优心,徐圣兹,7,0.004005
chuang2021_063,喜内优心,徐绍岚,7,0.004005
chuang2021_063,喜内优心,李嘉祥,7,0.004005
chuang2021_063,喜内优心,李家豪,7,0.004005
chuang2021_063,喜内优心,李泽坤,7,0.004005
chuang2021_063,喜内优心,罗言,7,0.004005
chuang2021_063,喜内优心,羽生田挙武超话,7,0.004005
chuang2021_063,喜内优心,谷柳霖,7,0.004005
chuang2021_063,喜内优心,贵尚奇,7,0.004005
chuang2021_063,喜内优心,都筑雄哉,7,0.004005
chuang2021_063,喜内优心,钱政宇,7,0.004005
chuang2021_063,喜内优心,陈瑞丰,7,0.004005
chuang2021_063,喜内优心,黄鲲,7,0.004005
chuang2021_063,喜内优心,2021,6,0.003432
chuang2021_063,喜内优心,88,6,0.003432
chuang2021_063,喜内优心,amu,6,0.003432
chuang2021_063,喜内优心,boy,6,0.003432
chuang2021_063,喜内优心,butter,6,0.003432
chuang2021_063,喜内优心,fly,6,0.003432
chuang2021_063,喜内优心,lit,6,0.003432
chuang2021_063,喜内优心,lover,6,0.003432
chuang2021_063,喜内优心,radio,6,0.003432
chuang2021_063,喜内优心,ready,6,0.003432
chuang2021_063,喜内优心,yummy,6,0.003432
chuang2021_063,喜内优心,yuu,6,0.003432
chuang2021_063,喜内优心,作为怪物,6,0.003432
chuang2021_063,喜内优心,喜内优心哭着扇自己巴掌,6,0.003432
chuang2021_063,喜内优心,女孩,6,0.003432
chuang2021_063,喜内优心,我们一起闯,6,0.003432
chuang2021_063,喜内优心,我欢喜喜欢你,6,0.003432
chuang2021_063,喜内优心,爱我ready,6,0.003432
chuang2021_063,喜内优心,破茧,6,0.003432
chuang2021_063,喜内优心,超级冠军,6,0.003432
chuang2021_063,喜内优心,醉拳,6,0.003432
chuang2021_063,喜内优心,阿克朱力,6,0.003432
chuang2021_063,喜内优心,霓虹甜心,6,0.003432
chuang2021_063,喜内优心,韩美娟amu喜內优心谁更抢戏,6,0.003432
chuang2021_063,喜内优心,amu羽生田挙武,5,0.00286
chuang2021_063,喜内优心,yuu喜内优心,5,0.00286
chuang2021_063,喜内优心,创造营排名,5,0.00286
chuang2021_063,喜内优心,创造营羽生田挙武,5,0.00286
chuang2021_063,喜内优心,戴学霖,5,0.00286
chuang2021_063,喜内优心,新浪综艺的微博视频,5,0.00286
chuang2021_063,喜内优心,阿克朱立,5,0.00286
chuang2021_063,喜内优心,day1,4,0.002288
chuang2021_063,喜内优心,yuu发微博啦,4,0.002288
chuang2021_063,喜内优心,为了安慰amu,4,0.002288
chuang2021_063,喜内优心,优心发微博啦,4,0.002288
chuang2021_063,喜内优心,创4一公分组,4,0.002288
chuang2021_063,喜内优心,创造营直播中,4,0.002288
chuang2021_063,喜内优心,周深,4,0.002288
chuang2021_063,喜内优心,因为想念离开的朋友yuu,4,0.002288
chuang2021_063,喜内优心,在看到yuu立牌的瞬间,4,0.002288
chuang2021_063,喜内优心,在练习过程中显得很忧郁,4,0.002288
chuang2021_063,喜内优心,大家多多评论,4,0.002288
chuang2021_063,喜内优心,弟弟们的友情真是让人又哭又笑,4,0.002288
chuang2021_063,喜内优心,弟弟还细心地给立牌穿上了自己的外套,4,0.002288
chuang2021_063,喜内优心,很符合yuu的喜剧人身份了,4,0.002288
chuang2021_063,喜内优心,扣上了香蕉皮帽子,4,0.002288
chuang2021_063,喜内优心,搬来了yuu的等身立牌,4,0.002288
chuang2021_063,喜内优心,目标500评,4,0.002288
chuang2021_063,喜内优心,笑容又重新回到了amu的脸上,4,0.002288
chuang2021_063,喜内优心,而队友,4,0.002288
chuang2021_063,喜内优心,被amu和yuu的友情感动,4,0.002288
chuang2021_063,喜内优心,被螃蟹钳了一下下,4,0.002288
chuang2021_063,喜内优心,让他陪amu一起练舞,4,0.002288
chuang2021_063,喜内优心,进入二公舞蹈专业组,4,0.002288
chuang2021_063,喜内优心,韩美娟amu喜内优心谁更抢戏,4,0.002288
chuang2021_063,喜内优心,00,3,0.001716
chuang2021_063,喜内优心,15举行红毯秀,3,0.001716
chuang2021_063,喜内优心,6位导师,3,0.001716
chuang2021_063,喜内优心,amber刘逸云,3,0.001716
chuang2021_063,喜内优心,idonthinkso的微博视频,3,0.001716
chuang2021_063,喜内优心,nene郑乃馨,3,0.001716
chuang2021_063,喜内优心,一公分组,3,0.001716
chuang2021_063,喜内优心,一评一赞都是爱,3,0.001716
chuang2021_063,喜内优心,不要自责,3,0.001716
chuang2021_063,喜内优心,中二中毒,3,0.001716
chuang2021_063,喜内优心,中文老师,3,0.001716
chuang2021_063,喜内优心,也在一旁安慰,3,0.001716
chuang2021_063,喜内优心,以后的路还长,3,0.001716
chuang2021_063,喜内优心,优心与你常相伴,3,0.001716
chuang2021_063,喜内优心,你依旧还是那个,3,0.001716
chuang2021_063,喜内优心,全体学员,3,0.001716
chuang2021_063,喜内优心,加油走下去吧,3,0.001716
chuang2021_063,喜内优心,助教,3,0.001716
chuang2021_063,喜内优心,却在离开的那刻早已经红了眼眶的,3,0.001716
chuang2021_063,喜内优心,发起人都在,3,0.001716
chuang2021_063,喜内优心,周震南,3,0.001716
chuang2021_063,喜内优心,哭着扇自己巴掌时,3,0.001716
chuang2021_063,喜内优心,喜欢锻炼肌肉的19岁日本男孩yuu,3,0.001716
chuang2021_063,喜内优心,太破防了,3,0.001716
chuang2021_063,喜内优心,学员,3,0.001716
chuang2021_063,喜内优心,宁静,3,0.001716
chuang2021_063,喜内优心,审核过短信通知,3,0.001716
chuang2021_063,喜内优心,导师,3,0.001716
chuang2021_063,喜内优心,想报的速私,3,0.001716
chuang2021_063,喜内优心,正规名额,3,0.001716
chuang2021_063,喜内优心,海南儋州,3,0.001716
chuang2021_063,喜内优心,看着日常总是活力满满,3,0.001716
chuang2021_063,喜内优心,真的很不好受,3,0.001716
chuang2021_063,喜内优心,离开不是你做的不好,3,0.001716
chuang2021_063,喜内优心,网页链接,3,0.001716
chuang2021_063,喜内优心,自截修,3,0.001716
chuang2021_063,喜内优心,转赞评,3,0.001716
chuang2021_063,喜内优心,邓超,3,0.001716
chuang2021_063,喜内优心,1天,2,0.001144
chuang2021_063,喜内优心,and,2,0.001144
chuang2021_063,喜内优心,chuang人,2,0.001144
chuang2021_063,喜内优心,day,2,0.001144
chuang2021_063,喜内优心,lindow林豆豆超话,2,0.001144
chuang2021_063,喜内优心,mitchell和马超话,2,0.001144
chuang2021_063,喜内优心,red,2,0.001144
chuang2021_063,喜内优心,上集,2,0.001144
chuang2021_063,喜内优心,下集,2,0.001144
chuang2021_063,喜内优心,不贵,2,0.001144
chuang2021_063,喜内优心,主题曲二创学员们颠覆改编,2,0.001144
chuang2021_063,喜内优心,主题曲舞台中心位诞生,2,0.001144
chuang2021_063,喜内优心,二次元美少年,2,0.001144
chuang2021_063,喜内优心,你们准备好了吗,2,0.001144
chuang2021_063,喜内优心,全部学员,2,0.001144
chuang2021_063,喜内优心,关注,2,0.001144
chuang2021_063,喜内优心,创4利路修采访上集,2,0.001144
chuang2021_063,喜内优心,创始人们不快来打call吗,2,0.001144
chuang2021_063,喜内优心,创造营2021学员签名,2,0.001144
chuang2021_063,喜内优心,利路修lelush超话,2,0.001144
chuang2021_063,喜内优心,和兄弟们在一起,2,0.001144
chuang2021_063,喜内优心,在创造营2021的舞台上一步一步正在慢慢地实现,2,0.001144
chuang2021_063,喜内优心,在岛上学到的中文,2,0.001144
chuang2021_063,喜内优心,在线直播营业啦,2,0.001144
chuang2021_063,喜内优心,娱刺儿,2,0.001144
chuang2021_063,喜内优心,宝宝们记得评论点赞呀,2,0.001144
chuang2021_063,喜内优心,宿舍里的有趣经历,2,0.001144
chuang2021_063,喜内优心,希望有一天能够听到全世界的赞美,2,0.001144
chuang2021_063,喜内优心,带来了日文特别版的二创主题曲,2,0.001144
chuang2021_063,喜内优心,快来康康,2,0.001144
chuang2021_063,喜内优心,把主题曲唱给你听,2,0.001144
chuang2021_063,喜内优心,抱图tt,2,0.001144
chuang2021_063,喜内优心,救救喜内优心,2,0.001144
chuang2021_063,喜内优心,最喜欢的舞台,2,0.001144
chuang2021_063,喜内优心,未来的日子一起闯吧,2,0.001144
chuang2021_063,喜内优心,现在这个梦,2,0.001144
chuang2021_063,喜内优心,的采访正片上线啦,2,0.001144
chuang2021_063,喜内优心,看创4记得撑腰么么哒,2,0.001144
chuang2021_063,喜内优心,第4期上,2,0.001144
chuang2021_063,喜内优心,第4期下,2,0.001144
chuang2021_063,喜内优心,腾讯视频创造营2021,2,0.001144
chuang2021_063,喜内优心,蓝狮子今晚要来了,2,0.001144
chuang2021_063,喜内优心,评论区获取,2,0.001144
chuang2021_063,喜内优心,超级赛亚人都就位了,2,0.001144
chuang2021_063,喜内优心,转赞评yuu相关,2,0.001144
chuang2021_063,喜内优心,这是我梦里到过的地方,2,0.001144
chuang2021_063,喜内优心,集合吧,2,0.001144
chuang2021_063,喜内优心,需要的来,2,0.001144
chuang2021_063,喜内优心,黑人牙膏白酵素助力创造营喜内优心闪耀闯关,2,0.001144
chuang2021_064,李嘉祥,李嘉祥,96,0.086331
chuang2021_064,李嘉祥,李嘉祥超话,51,0.045863
chuang2021_064,李嘉祥,收起,47,0.042266
chuang2021_064,李嘉祥,ljx,43,0.038669
chuang2021_064,李嘉祥,创造营2021李嘉祥,30,0.026978
chuang2021_064,李嘉祥,曾涵江,14,0.01259
chuang2021_064,李嘉祥,米卡,14,0.01259
chuang2021_064,李嘉祥,吴宇恒,13,0.011691
chuang2021_064,李嘉祥,何屹繁,12,0.010791
chuang2021_064,李嘉祥,全晓玉的微博视频,12,0.010791
chuang2021_064,李嘉祥,张星特,12,0.010791
chuang2021_064,李嘉祥,赞多,12,0.010791
chuang2021_064,李嘉祥,radio,10,0.008993
chuang2021_064,李嘉祥,创造营2021超话,10,0.008993
chuang2021_064,李嘉祥,如果进f班可以进a班吗,10,0.008993
chuang2021_064,李嘉祥,尹浩宇从f班到a班的答案,10,0.008993
chuang2021_064,李嘉祥,投票,9,0.008094
chuang2021_064,李嘉祥,一公,8,0.007194
chuang2021_064,李嘉祥,从初舞台唱跳到背古诗,8,0.007194
chuang2021_064,李嘉祥,再到主题曲考核从c升入a班,8,0.007194
chuang2021_064,李嘉祥,和李嘉祥battle掉入f,8,0.007194
chuang2021_064,李嘉祥,完美输出,8,0.007194
chuang2021_064,李嘉祥,尹浩宇,8,0.007194
chuang2021_064,李嘉祥,尹浩宇弟弟真的是把努力写在脸上了,8,0.007194
chuang2021_064,李嘉祥,派派就是坠棒的,8,0.007194
chuang2021_064,李嘉祥,这个问题,8,0.007194
chuang2021_064,李嘉祥,都在告诉面试时自己提出来的,8,0.007194
chuang2021_064,李嘉祥,人间清醒桃叨叨的微博视频,7,0.006295
chuang2021_064,李嘉祥,桃友记,7,0.006295
chuang2021_064,李嘉祥,01,6,0.005396
chuang2021_064,李嘉祥,dream,6,0.005396
chuang2021_064,李嘉祥,一起解析李嘉祥的另一面,6,0.005396
chuang2021_064,李嘉祥,也是我们镜头里谦逊礼貌,6,0.005396
chuang2021_064,李嘉祥,他会怎么做,6,0.005396
chuang2021_064,李嘉祥,他是,6,0.005396
chuang2021_064,李嘉祥,创造营第一恶人,6,0.005396
chuang2021_064,李嘉祥,周柯宇,6,0.005396
chuang2021_064,李嘉祥,如果能重来,6,0.005396
chuang2021_064,李嘉祥,宝藏选秀季,6,0.005396
chuang2021_064,李嘉祥,少了初舞台的锋芒毕露,6,0.005396
chuang2021_064,李嘉祥,心机,6,0.005396
chuang2021_064,李嘉祥,普信,6,0.005396
chuang2021_064,李嘉祥,桃友记vol,6,0.005396
chuang2021_064,李嘉祥,桃叨叨旗下纪实新栏目,6,0.005396
chuang2021_064,李嘉祥,渐渐开诚布公,6,0.005396
chuang2021_064,李嘉祥,狂妄,6,0.005396
chuang2021_064,李嘉祥,狂妄的底色是自卑,6,0.005396
chuang2021_064,李嘉祥,第一期我们把镜头对准了,6,0.005396
chuang2021_064,李嘉祥,综艺星光馆,6,0.005396
chuang2021_064,李嘉祥,脆弱的自尊心,6,0.005396
chuang2021_064,李嘉祥,褪下掩盖自卑的坚硬外壳,6,0.005396
chuang2021_064,李嘉祥,露出大多数中国式打击教育下长大的孩子都有的,6,0.005396
chuang2021_064,李嘉祥,李嘉祥三次鞠躬说对不起,5,0.004496
chuang2021_064,李嘉祥,网页链接,5,0.004496
chuang2021_064,李嘉祥,耳朵在听嘛的微博视频,5,0.004496
chuang2021_064,李嘉祥,handsome,4,0.003597
chuang2021_064,李嘉祥,max已收到181朵花,4,0.003597
chuang2021_064,李嘉祥,yummy,4,0.003597
chuang2021_064,李嘉祥,不停歇的偶像选秀,4,0.003597
chuang2021_064,李嘉祥,世界不会给那么多时间成长,4,0.003597
chuang2021_064,李嘉祥,井胧,4,0.003597
chuang2021_064,李嘉祥,人性总是多面,4,0.003597
chuang2021_064,李嘉祥,今晚微博买房住粉丝群了,4,0.003597
chuang2021_064,李嘉祥,他说起和赞多的轩然大波,4,0.003597
chuang2021_064,李嘉祥,付思超,4,0.003597
chuang2021_064,李嘉祥,以及对米卡的欣赏,4,0.003597
chuang2021_064,李嘉祥,伯远,4,0.003597
chuang2021_064,李嘉祥,但我还是会努力加速成长,4,0.003597
chuang2021_064,李嘉祥,俞更寅,4,0.003597
chuang2021_064,李嘉祥,偶像,4,0.003597
chuang2021_064,李嘉祥,偶像是完美的商品,4,0.003597
chuang2021_064,李嘉祥,刘宇,4,0.003597
chuang2021_064,李嘉祥,利路修,4,0.003597
chuang2021_064,李嘉祥,和马,4,0.003597
chuang2021_064,李嘉祥,商品,4,0.003597
chuang2021_064,李嘉祥,奥斯卡,4,0.003597
chuang2021_064,李嘉祥,就此诞生,4,0.003597
chuang2021_064,李嘉祥,已经成为大众和偶像艺人的共识,4,0.003597
chuang2021_064,李嘉祥,希望陪你从开始到未来的每一个高光时刻,4,0.003597
chuang2021_064,李嘉祥,庆怜,4,0.003597
chuang2021_064,李嘉祥,张嘉元,4,0.003597
chuang2021_064,李嘉祥,张腾,4,0.003597
chuang2021_064,李嘉祥,我们一起走花路吧,4,0.003597
chuang2021_064,李嘉祥,我们相信这也是真实的他,4,0.003597
chuang2021_064,李嘉祥,我们试图撕下,4,0.003597
chuang2021_064,李嘉祥,我刚使用会员特权送给了,4,0.003597
chuang2021_064,李嘉祥,我还是想做一个有野心的人,4,0.003597
chuang2021_064,李嘉祥,挖掘他们作为,4,0.003597
chuang2021_064,李嘉祥,敏感自卑的李嘉祥,4,0.003597
chuang2021_064,李嘉祥,李嘉祥很自卑渴望鼓励,4,0.003597
chuang2021_064,李嘉祥,李嘉祥觉得赞多像严父,4,0.003597
chuang2021_064,李嘉祥,李泽坤,4,0.003597
chuang2021_064,李嘉祥,李洛尔,4,0.003597
chuang2021_064,李嘉祥,林墨,4,0.003597
chuang2021_064,李嘉祥,标签,4,0.003597
chuang2021_064,李嘉祥,甘望星,4,0.003597
chuang2021_064,李嘉祥,的多个切面,4,0.003597
chuang2021_064,李嘉祥,范臻尔,4,0.003597
chuang2021_064,李嘉祥,蒋敦豪,4,0.003597
chuang2021_064,李嘉祥,让更多人扮演,4,0.003597
chuang2021_064,李嘉祥,通过一天的相处和深度访谈,4,0.003597
chuang2021_064,李嘉祥,陈瑞丰,4,0.003597
chuang2021_064,李嘉祥,高卿尘,4,0.003597
chuang2021_064,李嘉祥,魏子越,4,0.003597
chuang2021_064,李嘉祥,boy,3,0.002698
chuang2021_064,李嘉祥,boys,3,0.002698
chuang2021_064,李嘉祥,上原一翔,3,0.002698
chuang2021_064,李嘉祥,于洋,3,0.002698
chuang2021_064,李嘉祥,代少冬,3,0.002698
chuang2021_064,李嘉祥,任胤蓬,3,0.002698
chuang2021_064,李嘉祥,全能ace,3,0.002698
chuang2021_064,李嘉祥,创造营排名,3,0.002698
chuang2021_064,李嘉祥,力丸,3,0.002698
chuang2021_064,李嘉祥,卢克,3,0.002698
chuang2021_064,李嘉祥,原部凌,3,0.002698
chuang2021_064,李嘉祥,大卫,3,0.002698
chuang2021_064,李嘉祥,安迪,3,0.002698
chuang2021_064,李嘉祥,张欣尧,3,0.002698
chuang2021_064,李嘉祥,曹左,3,0.002698
chuang2021_064,李嘉祥,李家豪,3,0.002698
chuang2021_064,李嘉祥,李政庭,3,0.002698
chuang2021_064,李嘉祥,李沛洋,3,0.002698
chuang2021_064,李嘉祥,林煜修,3,0.002698
chuang2021_064,李嘉祥,林豆,3,0.002698
chuang2021_064,李嘉祥,罗言,3,0.002698
chuang2021_064,李嘉祥,胡烨韬,3,0.002698
chuang2021_064,李嘉祥,腾讯视频创造营2021,3,0.002698
chuang2021_064,李嘉祥,诺言,3,0.002698
chuang2021_064,李嘉祥,谢兴阳,3,0.002698
chuang2021_064,李嘉祥,赖耀翔,3,0.002698
chuang2021_064,李嘉祥,邵明明,3,0.002698
chuang2021_064,李嘉祥,郑明鑫,3,0.002698
chuang2021_064,李嘉祥,钱政宇,3,0.002698
chuang2021_064,李嘉祥,陆定昊,3,0.002698
chuang2021_064,李嘉祥,韩佩泉,3,0.002698
chuang2021_064,李嘉祥,黄鲲,3,0.002698
chuang2021_064,李嘉祥,3朵鲜花,2,0.001799
chuang2021_064,李嘉祥,88,2,0.001799
chuang2021_064,李嘉祥,ak,2,0.001799
chuang2021_064,李嘉祥,battle遗憾落败李嘉祥进入f班,2,0.001799
chuang2021_064,李嘉祥,boys组,2,0.001799
chuang2021_064,李嘉祥,butter,2,0.001799
chuang2021_064,李嘉祥,b版二创主题曲,2,0.001799
chuang2021_064,李嘉祥,fly,2,0.001799
chuang2021_064,李嘉祥,handsomeboys和声,2,0.001799
chuang2021_064,李嘉祥,live,2,0.001799
chuang2021_064,李嘉祥,lover,2,0.001799
chuang2021_064,李嘉祥,me,2,0.001799
chuang2021_064,李嘉祥,qq音乐,2,0.001799
chuang2021_064,李嘉祥,ready,2,0.001799
chuang2021_064,李嘉祥,一之濑飞鸟,2,0.001799
chuang2021_064,李嘉祥,井汲大翔,2,0.001799
chuang2021_064,李嘉祥,从初评级被发起人团团长邓超选中pk,2,0.001799
chuang2021_064,李嘉祥,他用自己的完美表现回答了当时面试时候问的,2,0.001799
chuang2021_064,李嘉祥,他说起和,2,0.001799
chuang2021_064,李嘉祥,以及对,2,0.001799
chuang2021_064,李嘉祥,佐藤永翔,2,0.001799
chuang2021_064,李嘉祥,何圳煜,2,0.001799
chuang2021_064,李嘉祥,何懿峻,2,0.001799
chuang2021_064,李嘉祥,作为怪物,2,0.001799
chuang2021_064,李嘉祥,凌箫,2,0.001799
chuang2021_064,李嘉祥,划掉,2,0.001799
chuang2021_064,李嘉祥,刘严冬季,2,0.001799
chuang2021_064,李嘉祥,刘唐辉,2,0.001799
chuang2021_064,李嘉祥,刘彰,2,0.001799
chuang2021_064,李嘉祥,刘聪,2,0.001799
chuang2021_064,李嘉祥,创造营二创,2,0.001799
chuang2021_064,李嘉祥,到现在主题曲初评级考核用自己的实力证明自己值得a班,2,0.001799
chuang2021_064,李嘉祥,叶皓然,2,0.001799
chuang2021_064,李嘉祥,各位小祥云集美们今天的快乐到位了呀,2,0.001799
chuang2021_064,李嘉祥,吉祥弟弟,2,0.001799
chuang2021_064,李嘉祥,吴海,2,0.001799
chuang2021_064,李嘉祥,和沸羊羊,2,0.001799
chuang2021_064,李嘉祥,喜内优心,2,0.001799
chuang2021_064,李嘉祥,在主题曲评级公布自己是a班后,2,0.001799
chuang2021_064,李嘉祥,太厉害了,2,0.001799
chuang2021_064,李嘉祥,女孩,2,0.001799
chuang2021_064,李嘉祥,学员尹浩宇的眼睛好有情感,2,0.001799
chuang2021_064,李嘉祥,对不起,2,0.001799
chuang2021_064,李嘉祥,屈柏宇,2,0.001799
chuang2021_064,李嘉祥,带来的r,2,0.001799
chuang2021_064,李嘉祥,开心开心开心开心开心开心开心,2,0.001799
chuang2021_064,李嘉祥,张璋,2,0.001799
chuang2021_064,李嘉祥,徐圣兹,2,0.001799
chuang2021_064,李嘉祥,徐绍岚,2,0.001799
chuang2021_064,李嘉祥,微博综艺的微博视频,2,0.001799
chuang2021_064,李嘉祥,总之就是快乐快乐快乐快乐,2,0.001799
chuang2021_064,李嘉祥,怿涵,2,0.001799
chuang2021_064,李嘉祥,我们也是,2,0.001799
chuang2021_064,李嘉祥,我欢喜喜欢你,2,0.001799
chuang2021_064,李嘉祥,把尹浩宇牛打在公屏上,2,0.001799
chuang2021_064,李嘉祥,敏感,2,0.001799
chuang2021_064,李嘉祥,是肉眼可见的开心了,2,0.001799
chuang2021_064,李嘉祥,李泰龙,2,0.001799
chuang2021_064,李嘉祥,海星鹅都听入迷啦,2,0.001799
chuang2021_064,李嘉祥,爱我ready,2,0.001799
chuang2021_064,李嘉祥,王孝辰,2,0.001799
chuang2021_064,李嘉祥,王泽浩,2,0.001799
chuang2021_064,李嘉祥,现在可以来听听深情版啦,2,0.001799
chuang2021_064,李嘉祥,的欣赏,2,0.001799
chuang2021_064,李嘉祥,的轩然大波,2,0.001799
chuang2021_064,李嘉祥,相信屏幕前的创始人们一定也沉醉其中了吧,2,0.001799
chuang2021_064,李嘉祥,破茧,2,0.001799
chuang2021_064,李嘉祥,羽生田挙武,2,0.001799
chuang2021_064,李嘉祥,自卑的李嘉祥,2,0.001799
chuang2021_064,李嘉祥,荣耀,2,0.001799
chuang2021_064,李嘉祥,薛八一,2,0.001799
chuang2021_064,李嘉祥,诞生,2,0.001799
chuang2021_064,李嘉祥,谷柳霖,2,0.001799
chuang2021_064,李嘉祥,贵尚奇,2,0.001799
chuang2021_064,李嘉祥,超级冠军,2,0.001799
chuang2021_064,李嘉祥,邓超李嘉祥wave接力,2,0.001799
chuang2021_064,李嘉祥,都筑雄哉,2,0.001799
chuang2021_064,李嘉祥,醉拳,2,0.001799
chuang2021_064,李嘉祥,门胁慎刚,2,0.001799
chuang2021_064,李嘉祥,问题,2,0.001799
chuang2021_064,李嘉祥,陈俊洁,2,0.001799
chuang2021_064,李嘉祥,隅田隼平,2,0.001799
chuang2021_064,李嘉祥,霓虹甜心,2,0.001799
chuang2021_064,李嘉祥,韦语节,2,0.001799
chuang2021_065,赖耀翔,赖耀翔,96,0.049434
chuang2021_065,赖耀翔,收起,48,0.024717
chuang2021_065,赖耀翔,伯远,33,0.016993
chuang2021_065,赖耀翔,周柯宇,22,0.011329
chuang2021_065,赖耀翔,俞更寅,19,0.009784
chuang2021_065,赖耀翔,明星势力榜,18,0.009269
chuang2021_065,赖耀翔,高卿尘,18,0.009269
chuang2021_065,赖耀翔,力丸,17,0.008754
chuang2021_065,赖耀翔,尹浩宇,17,0.008754
chuang2021_065,赖耀翔,林墨,17,0.008754
chuang2021_065,赖耀翔,甘望星,17,0.008754
chuang2021_065,赖耀翔,范臻尔,17,0.008754
chuang2021_065,赖耀翔,赞多,17,0.008754
chuang2021_065,赖耀翔,于洋,16,0.008239
chuang2021_065,赖耀翔,井胧,16,0.008239
chuang2021_065,赖耀翔,刘宇,16,0.008239
chuang2021_065,赖耀翔,原部凌,16,0.008239
chuang2021_065,赖耀翔,吴宇恒,16,0.008239
chuang2021_065,赖耀翔,张欣尧,16,0.008239
chuang2021_065,赖耀翔,曾涵江,16,0.008239
chuang2021_065,赖耀翔,王孝辰,16,0.008239
chuang2021_065,赖耀翔,胡烨韬,16,0.008239
chuang2021_065,赖耀翔,蒋敦豪,16,0.008239
chuang2021_065,赖耀翔,诺言,16,0.008239
chuang2021_065,赖耀翔,井汲大翔,15,0.007724
chuang2021_065,赖耀翔,代少冬,15,0.007724
chuang2021_065,赖耀翔,佐藤永翔,15,0.007724
chuang2021_065,赖耀翔,利路修,15,0.007724
chuang2021_065,赖耀翔,吴海,15,0.007724
chuang2021_065,赖耀翔,大卫,15,0.007724
chuang2021_065,赖耀翔,张星特,15,0.007724
chuang2021_065,赖耀翔,米卡,15,0.007724
chuang2021_065,赖耀翔,网页链接,15,0.007724
chuang2021_065,赖耀翔,罗言,15,0.007724
chuang2021_065,赖耀翔,韩佩泉,15,0.007724
chuang2021_065,赖耀翔,上原一翔,14,0.007209
chuang2021_065,赖耀翔,刘彰,14,0.007209
chuang2021_065,赖耀翔,奥斯卡,14,0.007209
chuang2021_065,赖耀翔,林豆,14,0.007209
chuang2021_065,赖耀翔,肖力桓,14,0.007209
chuang2021_065,赖耀翔,薛八一,14,0.007209
chuang2021_065,赖耀翔,谢兴阳,14,0.007209
chuang2021_065,赖耀翔,魏子越,14,0.007209
chuang2021_065,赖耀翔,一之濑飞鸟,13,0.006694
chuang2021_065,赖耀翔,付思超,13,0.006694
chuang2021_065,赖耀翔,何圳煜,13,0.006694
chuang2021_065,赖耀翔,喜内优心,13,0.006694
chuang2021_065,赖耀翔,安迪,13,0.006694
chuang2021_065,赖耀翔,屈柏宇,13,0.006694
chuang2021_065,赖耀翔,庆怜,13,0.006694
chuang2021_065,赖耀翔,张嘉元,13,0.006694
chuang2021_065,赖耀翔,张腾,13,0.006694
chuang2021_065,赖耀翔,徐圣兹,13,0.006694
chuang2021_065,赖耀翔,曹左,13,0.006694
chuang2021_065,赖耀翔,李嘉祥,13,0.006694
chuang2021_065,赖耀翔,李政庭,13,0.006694
chuang2021_065,赖耀翔,荣耀,13,0.006694
chuang2021_065,赖耀翔,邵明明,13,0.006694
chuang2021_065,赖耀翔,门胁慎刚,13,0.006694
chuang2021_065,赖耀翔,陆定昊,13,0.006694
chuang2021_065,赖耀翔,陈瑞丰,13,0.006694
chuang2021_065,赖耀翔,隅田隼平,13,0.006694
chuang2021_065,赖耀翔,韦语节,13,0.006694
chuang2021_065,赖耀翔,黄鲲,13,0.006694
chuang2021_065,赖耀翔,任胤蓬,12,0.006179
chuang2021_065,赖耀翔,何屹繁,12,0.006179
chuang2021_065,赖耀翔,何懿峻,12,0.006179
chuang2021_065,赖耀翔,凌箫,12,0.006179
chuang2021_065,赖耀翔,刘唐辉,12,0.006179
chuang2021_065,赖耀翔,刘聪,12,0.006179
chuang2021_065,赖耀翔,卢克,12,0.006179
chuang2021_065,赖耀翔,叶皓然,12,0.006179
chuang2021_065,赖耀翔,徐绍岚,12,0.006179
chuang2021_065,赖耀翔,怿涵,12,0.006179
chuang2021_065,赖耀翔,李泽坤,12,0.006179
chuang2021_065,赖耀翔,李洛尔,12,0.006179
chuang2021_065,赖耀翔,林煜修,12,0.006179
chuang2021_065,赖耀翔,王泽浩,12,0.006179
chuang2021_065,赖耀翔,谷柳霖,12,0.006179
chuang2021_065,赖耀翔,贵尚奇,12,0.006179
chuang2021_065,赖耀翔,赖耀翔超话,12,0.006179
chuang2021_065,赖耀翔,郑明鑫,12,0.006179
chuang2021_065,赖耀翔,都筑雄哉,12,0.006179
chuang2021_065,赖耀翔,钱政宇,12,0.006179
chuang2021_065,赖耀翔,陈俊洁,12,0.006179
chuang2021_065,赖耀翔,刘严冬季,11,0.005664
chuang2021_065,赖耀翔,和马,11,0.005664
chuang2021_065,赖耀翔,张璋,11,0.005664
chuang2021_065,赖耀翔,李家豪,11,0.005664
chuang2021_065,赖耀翔,李泰龙,11,0.005664
chuang2021_065,赖耀翔,田口馨也,11,0.005664
chuang2021_065,赖耀翔,羽生田挙武,11,0.005664
chuang2021_065,赖耀翔,创造营2021超话,10,0.005149
chuang2021_065,赖耀翔,李沛洋,10,0.005149
chuang2021_065,赖耀翔,阿克朱力,10,0.005149
chuang2021_065,赖耀翔,boy,9,0.004634
chuang2021_065,赖耀翔,加油,9,0.004634
chuang2021_065,赖耀翔,赖耀翔哭着问伯远是我不够努力吗,9,0.004634
chuang2021_065,赖耀翔,88,8,0.004119
chuang2021_065,赖耀翔,lover,8,0.004119
chuang2021_065,赖耀翔,安慰他的方式就是温柔地背背他,8,0.004119
chuang2021_065,赖耀翔,我欢喜喜欢你,8,0.004119
chuang2021_065,赖耀翔,的一天,8,0.004119
chuang2021_065,赖耀翔,第一次顺位发布,8,0.004119
chuang2021_065,赖耀翔,这是什么偶像剧情节啊,8,0.004119
chuang2021_065,赖耀翔,面对离开的耀耀,8,0.004119
chuang2021_065,赖耀翔,me,7,0.003605
chuang2021_065,赖耀翔,radio,7,0.003605
chuang2021_065,赖耀翔,ready,7,0.003605
chuang2021_065,赖耀翔,you,7,0.003605
chuang2021_065,赖耀翔,yummy,7,0.003605
chuang2021_065,赖耀翔,作为怪物,7,0.003605
chuang2021_065,赖耀翔,女孩,7,0.003605
chuang2021_065,赖耀翔,破茧,7,0.003605
chuang2021_065,赖耀翔,超级冠军,7,0.003605
chuang2021_065,赖耀翔,醉拳,7,0.003605
chuang2021_065,赖耀翔,霓虹甜心,7,0.003605
chuang2021_065,赖耀翔,魂穿,7,0.003605
chuang2021_065,赖耀翔,butter,6,0.00309
chuang2021_065,赖耀翔,fly,6,0.00309
chuang2021_065,赖耀翔,lit,6,0.00309
chuang2021_065,赖耀翔,一起为他助力戳,6,0.00309
chuang2021_065,赖耀翔,不忘初心,6,0.00309
chuang2021_065,赖耀翔,你一定能拿下,6,0.00309
chuang2021_065,赖耀翔,创造营2021榜,6,0.00309
chuang2021_065,赖耀翔,创造营2021榜好成绩,6,0.00309
chuang2021_065,赖耀翔,方得始终,6,0.00309
chuang2021_065,赖耀翔,明星势力榜第39位,6,0.00309
chuang2021_065,赖耀翔,爱我ready,6,0.00309
chuang2021_065,赖耀翔,赖耀翔哭着问伯远我不够努力吗,6,0.00309
chuang2021_065,赖耀翔,伯远说这个行业的魅力是不确定性,5,0.002575
chuang2021_065,赖耀翔,周深,5,0.002575
chuang2021_065,赖耀翔,我们一起拿下,5,0.002575
chuang2021_065,赖耀翔,我永远支持你,5,0.002575
chuang2021_065,赖耀翔,打榜戳,5,0.002575
chuang2021_065,赖耀翔,第一名,5,0.002575
chuang2021_065,赖耀翔,练习生榜,5,0.002575
chuang2021_065,赖耀翔,伯远xevier超话,4,0.00206
chuang2021_065,赖耀翔,你是我今生唯一的执著哦,4,0.00206
chuang2021_065,赖耀翔,创4一公分组,4,0.00206
chuang2021_065,赖耀翔,创4排名,4,0.00206
chuang2021_065,赖耀翔,创造营排名,4,0.00206
chuang2021_065,赖耀翔,我在,4,0.00206
chuang2021_065,赖耀翔,棒棒哒,4,0.00206
chuang2021_065,赖耀翔,练习生榜上为你加油啦,4,0.00206
chuang2021_065,赖耀翔,腾讯视频创造营2021,4,0.00206
chuang2021_065,赖耀翔,赖耀翔f到a的逆袭,4,0.00206
chuang2021_065,赖耀翔,20,3,0.001545
chuang2021_065,赖耀翔,2021,3,0.001545
chuang2021_065,赖耀翔,lyx,3,0.001545
chuang2021_065,赖耀翔,一公分组,3,0.001545
chuang2021_065,赖耀翔,为梦想拼尽全力,3,0.001545
chuang2021_065,赖耀翔,创造营2021榜上支持你啦,3,0.001545
chuang2021_065,赖耀翔,创造营成团夜,3,0.001545
chuang2021_065,赖耀翔,周震南,3,0.001545
chuang2021_065,赖耀翔,希望陪你从开始到未来的每一个高光时刻,3,0.001545
chuang2021_065,赖耀翔,我们一起走花路吧,3,0.001545
chuang2021_065,赖耀翔,我刚使用会员特权送给了,3,0.001545
chuang2021_065,赖耀翔,扬帆起航,3,0.001545
chuang2021_065,赖耀翔,无电竞不兄弟,3,0.001545
chuang2021_065,赖耀翔,第二次公演,3,0.001545
chuang2021_065,赖耀翔,腾讯视频,3,0.001545
chuang2021_065,赖耀翔,赖耀翔已收到182朵花,3,0.001545
chuang2021_065,赖耀翔,赖耀翔闪耀飞翔,3,0.001545
chuang2021_065,赖耀翔,跨海相聚,3,0.001545
chuang2021_065,赖耀翔,邓超,3,0.001545
chuang2021_065,赖耀翔,2021发起人团成员,2,0.00103
chuang2021_065,赖耀翔,amber刘逸云,2,0.00103
chuang2021_065,赖耀翔,a班,2,0.00103
chuang2021_065,赖耀翔,nene郑乃馨,2,0.00103
chuang2021_065,赖耀翔,一定可以在更适合更发光的地方看到他,2,0.00103
chuang2021_065,赖耀翔,主题曲评级从f班直升到a班,2,0.00103
chuang2021_065,赖耀翔,他会把一个未知的东西得到一个结果,2,0.00103
chuang2021_065,赖耀翔,伯远收到父母的道歉,2,0.00103
chuang2021_065,赖耀翔,但想获得这样的成绩是要靠无数的努力累积而成的,2,0.00103
chuang2021_065,赖耀翔,佐藤永翔超话,2,0.00103
chuang2021_065,赖耀翔,体验了一把,2,0.00103
chuang2021_065,赖耀翔,创二公有正规名额,2,0.00103
chuang2021_065,赖耀翔,初舞台,2,0.00103
chuang2021_065,赖耀翔,助教,2,0.00103
chuang2021_065,赖耀翔,努力是可以被看到的,2,0.00103
chuang2021_065,赖耀翔,卡布叻,2,0.00103
chuang2021_065,赖耀翔,可是不可能发生,2,0.00103
chuang2021_065,赖耀翔,可能这个舞台并不是最适合他的舞台,2,0.00103
chuang2021_065,赖耀翔,周深也给予了学员们很多开导,2,0.00103
chuang2021_065,赖耀翔,周深真的好会说话,2,0.00103
chuang2021_065,赖耀翔,周深表示,2,0.00103
chuang2021_065,赖耀翔,在节目里也是出口成章,2,0.00103
chuang2021_065,赖耀翔,在采访中聊到关于艺人行业的真性情时表示,2,0.00103
chuang2021_065,赖耀翔,大家都是唱歌的,2,0.00103
chuang2021_065,赖耀翔,太感动了,2,0.00103
chuang2021_065,赖耀翔,学员,2,0.00103
chuang2021_065,赖耀翔,宁静,2,0.00103
chuang2021_065,赖耀翔,导师,2,0.00103
chuang2021_065,赖耀翔,当知道这个结果后全员欢呼,2,0.00103
chuang2021_065,赖耀翔,微博正文,2,0.00103
chuang2021_065,赖耀翔,快来康康,2,0.00103
chuang2021_065,赖耀翔,恐龍,2,0.00103
chuang2021_065,赖耀翔,我们一起闯,2,0.00103
chuang2021_065,赖耀翔,我们的弟弟,2,0.00103
chuang2021_065,赖耀翔,新浪综艺的微博视频,2,0.00103
chuang2021_065,赖耀翔,无论做哪个行业,2,0.00103
chuang2021_065,赖耀翔,无论是大家称呼的网络歌手或者是职业歌手,2,0.00103
chuang2021_065,赖耀翔,是不是自己不够努力,2,0.00103
chuang2021_065,赖耀翔,是暖心又很有想法的深深子了,2,0.00103
chuang2021_065,赖耀翔,最后,2,0.00103
chuang2021_065,赖耀翔,最希望的肯定是大家都喜欢你,2,0.00103
chuang2021_065,赖耀翔,李嘉豪,2,0.00103
chuang2021_065,赖耀翔,李洛尔李沛洋,2,0.00103
chuang2021_065,赖耀翔,海南儋州,2,0.00103
chuang2021_065,赖耀翔,的疑问,2,0.00103
chuang2021_065,赖耀翔,纯享,2,0.00103
chuang2021_065,赖耀翔,羽生田学武,2,0.00103
chuang2021_065,赖耀翔,而作为,2,0.00103
chuang2021_065,赖耀翔,要的来,2,0.00103
chuang2021_065,赖耀翔,要相信自己,2,0.00103
chuang2021_065,赖耀翔,说他值得,2,0.00103
chuang2021_065,赖耀翔,賴耀翔,2,0.00103
chuang2021_065,赖耀翔,赖耀祥,2,0.00103
chuang2021_065,赖耀翔,赖耀翔认为自己要淘汰了,2,0.00103
chuang2021_065,赖耀翔,身边伙伴的认可听完泪目,2,0.00103
chuang2021_065,赖耀翔,这个世界上就不存在每一个人都喜欢的人,2,0.00103
chuang2021_065,赖耀翔,邓超公布晋级名单,2,0.00103
chuang2021_065,赖耀翔,需审核,2,0.00103
chuang2021_065,赖耀翔,面对,2,0.00103
chuang2021_065,赖耀翔,魏子越超话,2,0.00103
chuang2021_065,赖耀翔,黑人牙膏白酵素助力创造营伯远闪耀闯关,2,0.00103
chuang2021_066,曹左,曹左,114,0.067938
chuang2021_066,曹左,曹左超话,64,0.038141
chuang2021_066,曹左,收起,29,0.017282
chuang2021_066,曹左,刘严冬季,24,0.014303
chuang2021_066,曹左,创造营2021超话,24,0.014303
chuang2021_066,曹左,奥斯卡,16,0.009535
chuang2021_066,曹左,米卡,16,0.009535
chuang2021_066,曹左,刘聪,15,0.008939
chuang2021_066,曹左,张璋,15,0.008939
chuang2021_066,曹左,薛八一,15,0.008939
chuang2021_066,曹左,2021,14,0.008343
chuang2021_066,曹左,刘宇,14,0.008343
chuang2021_066,曹左,尹浩宇,14,0.008343
chuang2021_066,曹左,李泽坤,14,0.008343
chuang2021_066,曹左,林豆,14,0.008343
chuang2021_066,曹左,赞多,14,0.008343
chuang2021_066,曹左,陈瑞丰,14,0.008343
chuang2021_066,曹左,高卿尘,14,0.008343
chuang2021_066,曹左,井胧,13,0.007747
chuang2021_066,曹左,伯远,13,0.007747
chuang2021_066,曹左,俞更寅,13,0.007747
chuang2021_066,曹左,力丸,13,0.007747
chuang2021_066,曹左,原部凌,13,0.007747
chuang2021_066,曹左,张星特,13,0.007747
chuang2021_066,曹左,怿涵,13,0.007747
chuang2021_066,曹左,李嘉祥,13,0.007747
chuang2021_066,曹左,田口馨也,13,0.007747
chuang2021_066,曹左,钱政宇,13,0.007747
chuang2021_066,曹左,刘彰,12,0.007151
chuang2021_066,曹左,卢克,12,0.007151
chuang2021_066,曹左,吴宇恒,12,0.007151
chuang2021_066,曹左,吴海,12,0.007151
chuang2021_066,曹左,喜内优心,12,0.007151
chuang2021_066,曹左,庆怜,12,0.007151
chuang2021_066,曹左,张欣尧,12,0.007151
chuang2021_066,曹左,徐圣兹,12,0.007151
chuang2021_066,曹左,曹左创造营2021,12,0.007151
chuang2021_066,曹左,李沛洋,12,0.007151
chuang2021_066,曹左,林墨,12,0.007151
chuang2021_066,曹左,王泽浩,12,0.007151
chuang2021_066,曹左,甘望星,12,0.007151
chuang2021_066,曹左,罗言,12,0.007151
chuang2021_066,曹左,羽生田挙武,12,0.007151
chuang2021_066,曹左,胡烨韬,12,0.007151
chuang2021_066,曹左,蒋敦豪,12,0.007151
chuang2021_066,曹左,谢兴阳,12,0.007151
chuang2021_066,曹左,陆定昊,12,0.007151
chuang2021_066,曹左,陈俊洁,12,0.007151
chuang2021_066,曹左,于洋,11,0.006555
chuang2021_066,曹左,井汲大翔,11,0.006555
chuang2021_066,曹左,付思超,11,0.006555
chuang2021_066,曹左,何圳煜,11,0.006555
chuang2021_066,曹左,何屹繁,11,0.006555
chuang2021_066,曹左,叶皓然,11,0.006555
chuang2021_066,曹左,和马,11,0.006555
chuang2021_066,曹左,屈柏宇,11,0.006555
chuang2021_066,曹左,张嘉元,11,0.006555
chuang2021_066,曹左,张腾,11,0.006555
chuang2021_066,曹左,李政庭,11,0.006555
chuang2021_066,曹左,王孝辰,11,0.006555
chuang2021_066,曹左,谷柳霖,11,0.006555
chuang2021_066,曹左,贵尚奇,11,0.006555
chuang2021_066,曹左,郑明鑫,11,0.006555
chuang2021_066,曹左,韦语节,11,0.006555
chuang2021_066,曹左,黄鲲,11,0.006555
chuang2021_066,曹左,00,10,0.005959
chuang2021_066,曹左,任胤蓬,10,0.005959
chuang2021_066,曹左,佐藤永翔,10,0.005959
chuang2021_066,曹左,作为怪物,10,0.005959
chuang2021_066,曹左,刘唐辉,10,0.005959
chuang2021_066,曹左,周柯宇,10,0.005959
chuang2021_066,曹左,大卫,10,0.005959
chuang2021_066,曹左,李家豪,10,0.005959
chuang2021_066,曹左,李泰龙,10,0.005959
chuang2021_066,曹左,李洛尔,10,0.005959
chuang2021_066,曹左,肖力桓,10,0.005959
chuang2021_066,曹左,荣耀,10,0.005959
chuang2021_066,曹左,诺言,10,0.005959
chuang2021_066,曹左,赖耀翔,10,0.005959
chuang2021_066,曹左,门胁慎刚,10,0.005959
chuang2021_066,曹左,阿克朱力,10,0.005959
chuang2021_066,曹左,隅田隼平,10,0.005959
chuang2021_066,曹左,韩佩泉,10,0.005959
chuang2021_066,曹左,魏子越,10,0.005959
chuang2021_066,曹左,代少冬,9,0.005364
chuang2021_066,曹左,何懿峻,9,0.005364
chuang2021_066,曹左,利路修,9,0.005364
chuang2021_066,曹左,安迪,9,0.005364
chuang2021_066,曹左,徐绍岚,9,0.005364
chuang2021_066,曹左,曾涵江,9,0.005364
chuang2021_066,曹左,林煜修,9,0.005364
chuang2021_066,曹左,邵明明,9,0.005364
chuang2021_066,曹左,都筑雄哉,9,0.005364
chuang2021_066,曹左,cz,8,0.004768
chuang2021_066,曹左,上原一翔,8,0.004768
chuang2021_066,曹左,凌箫,8,0.004768
chuang2021_066,曹左,曹左铁血教练,8,0.004768
chuang2021_066,曹左,范臻尔,8,0.004768
chuang2021_066,曹左,you,7,0.004172
chuang2021_066,曹左,一之濑飞鸟,7,0.004172
chuang2021_066,曹左,网页链接,7,0.004172
chuang2021_066,曹左,88,6,0.003576
chuang2021_066,曹左,boy,6,0.003576
chuang2021_066,曹左,butter,6,0.003576
chuang2021_066,曹左,fly,6,0.003576
chuang2021_066,曹左,lit,6,0.003576
chuang2021_066,曹左,lover,6,0.003576
chuang2021_066,曹左,me,6,0.003576
chuang2021_066,曹左,radio,6,0.003576
chuang2021_066,曹左,ready,6,0.003576
chuang2021_066,曹左,yummy,6,0.003576
chuang2021_066,曹左,女孩,6,0.003576
chuang2021_066,曹左,我欢喜喜欢你,6,0.003576
chuang2021_066,曹左,爱我ready,6,0.003576
chuang2021_066,曹左,破茧,6,0.003576
chuang2021_066,曹左,超级冠军,6,0.003576
chuang2021_066,曹左,醉拳,6,0.003576
chuang2021_066,曹左,霓虹甜心,6,0.003576
chuang2021_066,曹左,刘严冬季超话,5,0.00298
chuang2021_066,曹左,酷乐现场,5,0.00298
chuang2021_066,曹左,创4一公分组,4,0.002384
chuang2021_066,曹左,曹左又唱曹操,4,0.002384
chuang2021_066,曹左,曹操,4,0.002384
chuang2021_066,曹左,笑死,4,0.002384
chuang2021_066,曹左,自行车安利博的微博视频,4,0.002384
chuang2021_066,曹左,被恐怖箱支配的创4学员,4,0.002384
chuang2021_066,曹左,different,3,0.001788
chuang2021_066,曹左,guys,3,0.001788
chuang2021_066,曹左,kk的微博视频,3,0.001788
chuang2021_066,曹左,kpl,3,0.001788
chuang2021_066,曹左,一公分组,3,0.001788
chuang2021_066,曹左,一左一柚,3,0.001788
chuang2021_066,曹左,宋宋宋,3,0.001788
chuang2021_066,曹左,晚安,3,0.001788
chuang2021_066,曹左,曹老师,3,0.001788
chuang2021_066,曹左,纯甄金句瓶,3,0.001788
chuang2021_066,曹左,腾讯视频创造营2021,3,0.001788
chuang2021_066,曹左,超喜欢,3,0.001788
chuang2021_066,曹左,酷狗音乐,3,0.001788
chuang2021_066,曹左,酷狗首唱会,3,0.001788
chuang2021_066,曹左,锁定,3,0.001788
chuang2021_066,曹左,闯人花式挑战主题曲,3,0.001788
chuang2021_066,曹左,青云紫上,3,0.001788
chuang2021_066,曹左,19,2,0.001192
chuang2021_066,曹左,21,2,0.001192
chuang2021_066,曹左,24,2,0.001192
chuang2021_066,曹左,4月2日16,2,0.001192
chuang2021_066,曹左,8组人气偶像惊喜空降,2,0.001192
chuang2021_066,曹左,bushi,2,0.001192
chuang2021_066,曹左,cr,2,0.001192
chuang2021_066,曹左,lindow林豆豆超话,2,0.001192
chuang2021_066,曹左,logo,2,0.001192
chuang2021_066,曹左,ps,2,0.001192
chuang2021_066,曹左,sxy,2,0.001192
chuang2021_066,曹左,sxy组二创,2,0.001192
chuang2021_066,曹左,vip账号撑腰值,2,0.001192
chuang2021_066,曹左,一开口让人眼前一亮实力不输林俊杰,2,0.001192
chuang2021_066,曹左,一起来揭秘,2,0.001192
chuang2021_066,曹左,一起直播互动,2,0.001192
chuang2021_066,曹左,上下班,2,0.001192
chuang2021_066,曹左,主题曲盲盒挑战,2,0.001192
chuang2021_066,曹左,人气学员来啦,2,0.001192
chuang2021_066,曹左,今天18,2,0.001192
chuang2021_066,曹左,今晚18,2,0.001192
chuang2021_066,曹左,今晚19,2,0.001192
chuang2021_066,曹左,全新造型,2,0.001192
chuang2021_066,曹左,刘聪liucong超话,2,0.001192
chuang2021_066,曹左,创4学员默契通关全记录,2,0.001192
chuang2021_066,曹左,创4排名,2,0.001192
chuang2021_066,曹左,创4选手路透,2,0.001192
chuang2021_066,曹左,创造营2021曹左,2,0.001192
chuang2021_066,曹左,务必当日撑腰完所有次数,2,0.001192
chuang2021_066,曹左,去撑腰,2,0.001192
chuang2021_066,曹左,周深,2,0.001192
chuang2021_066,曹左,周深教曹左唱,2,0.001192
chuang2021_066,曹左,和21,2,0.001192
chuang2021_066,曹左,唱跳在线宠粉满分,2,0.001192
chuang2021_066,曹左,喜内优心超话,2,0.001192
chuang2021_066,曹左,喜欢娱乐shinyseason的微博视频,2,0.001192
chuang2021_066,曹左,喜欢季节,2,0.001192
chuang2021_066,曹左,图片版教程,2,0.001192
chuang2021_066,曹左,复古华语经典歌曲哪首是你的最爱,2,0.001192
chuang2021_066,曹左,宁静,2,0.001192
chuang2021_066,曹左,带来的全新编舞的主题曲二创表演,2,0.001192
chuang2021_066,曹左,开始撑腰,2,0.001192
chuang2021_066,曹左,张璋2,2,0.001192
chuang2021_066,曹左,张腾3,2,0.001192
chuang2021_066,曹左,徐绍岚2,2,0.001192
chuang2021_066,曹左,心生欢喜,2,0.001192
chuang2021_066,曹左,快来康康,2,0.001192
chuang2021_066,曹左,怿涵超话,2,0.001192
chuang2021_066,曹左,感谢,2,0.001192
chuang2021_066,曹左,或者,2,0.001192
chuang2021_066,曹左,换纯甄金句瓶,2,0.001192
chuang2021_066,曹左,搜索完成后页面上方点击,2,0.001192
chuang2021_066,曹左,撑腰通道,2,0.001192
chuang2021_066,曹左,撑腰页面左下角找到,2,0.001192
chuang2021_066,曹左,敢造,2,0.001192
chuang2021_066,曹左,文字版教程,2,0.001192
chuang2021_066,曹左,无畏青春,2,0.001192
chuang2021_066,曹左,明星势力榜,2,0.001192
chuang2021_066,曹左,普通账号撑腰,2,0.001192
chuang2021_066,曹左,每天0点撑腰值清零,2,0.001192
chuang2021_066,曹左,江子牙,2,0.001192
chuang2021_066,曹左,活力帅气,2,0.001192
chuang2021_066,曹左,点击右上角,2,0.001192
chuang2021_066,曹左,点击撑腰按钮,2,0.001192
chuang2021_066,曹左,王泽浩超话,2,0.001192
chuang2021_066,曹左,田口馨也摸恐怖盒挑战,2,0.001192
chuang2021_066,曹左,的音乐的取向狙击,2,0.001192
chuang2021_066,曹左,直播,2,0.001192
chuang2021_066,曹左,直播抢先预约,2,0.001192
chuang2021_066,曹左,第四期,2,0.001192
chuang2021_066,曹左,舞蹈动作好帅气,2,0.001192
chuang2021_066,曹左,见下图,2,0.001192
chuang2021_066,曹左,超话发帖格式,2,0.001192
chuang2021_066,曹左,还没看的创始人赶紧来看,2,0.001192
chuang2021_066,曹左,邓超,2,0.001192
chuang2021_066,曹左,酷狗直播,2,0.001192
chuang2021_066,曹左,酷狗直播的微博视频,2,0.001192
chuang2021_066,曹左,闪亮季节,2,0.001192
chuang2021_066,曹左,陈俊洁1,2,0.001192
chuang2021_067,凌箫,凌箫,115,0.081157
chuang2021_067,凌箫,凌箫超话,66,0.046577
chuang2021_067,凌箫,收起,42,0.02964
chuang2021_067,凌箫,凌风留影,29,0.020466
chuang2021_067,凌箫,箫声未散,29,0.020466
chuang2021_067,凌箫,创造营2021凌箫,25,0.017643
chuang2021_067,凌箫,尹浩宇,23,0.016231
chuang2021_067,凌箫,庆怜,22,0.015526
chuang2021_067,凌箫,radio,21,0.01482
chuang2021_067,凌箫,周柯宇,21,0.01482
chuang2021_067,凌箫,奥斯卡,21,0.01482
chuang2021_067,凌箫,谷柳霖,20,0.014114
chuang2021_067,凌箫,吴海,17,0.011997
chuang2021_067,凌箫,黑人牙膏白酵素助力创造营凌箫闪耀闯关,16,0.011291
chuang2021_067,凌箫,伯远,11,0.007763
chuang2021_067,凌箫,刘宇,11,0.007763
chuang2021_067,凌箫,徐绍岚,11,0.007763
chuang2021_067,凌箫,罗言,11,0.007763
chuang2021_067,凌箫,腾讯视频,11,0.007763
chuang2021_067,凌箫,俞更寅,10,0.007057
chuang2021_067,凌箫,力丸,10,0.007057
chuang2021_067,凌箫,吴宇恒,10,0.007057
chuang2021_067,凌箫,林墨,10,0.007057
chuang2021_067,凌箫,王泽浩,10,0.007057
chuang2021_067,凌箫,甘望星,10,0.007057
chuang2021_067,凌箫,米卡,10,0.007057
chuang2021_067,凌箫,赞多,10,0.007057
chuang2021_067,凌箫,上原一翔,9,0.006351
chuang2021_067,凌箫,任胤蓬,9,0.006351
chuang2021_067,凌箫,刘彰,9,0.006351
chuang2021_067,凌箫,创造营2021超话,9,0.006351
chuang2021_067,凌箫,利路修,9,0.006351
chuang2021_067,凌箫,和马,9,0.006351
chuang2021_067,凌箫,大卫,9,0.006351
chuang2021_067,凌箫,张星特,9,0.006351
chuang2021_067,凌箫,张欣尧,9,0.006351
chuang2021_067,凌箫,林豆,9,0.006351
chuang2021_067,凌箫,纯享,9,0.006351
chuang2021_067,凌箫,韩佩泉,9,0.006351
chuang2021_067,凌箫,高卿尘,9,0.006351
chuang2021_067,凌箫,一之濑飞鸟,8,0.005646
chuang2021_067,凌箫,井汲大翔,8,0.005646
chuang2021_067,凌箫,井胧,8,0.005646
chuang2021_067,凌箫,付思超,8,0.005646
chuang2021_067,凌箫,代少冬,8,0.005646
chuang2021_067,凌箫,佐藤永翔,8,0.005646
chuang2021_067,凌箫,何屹繁,8,0.005646
chuang2021_067,凌箫,刘唐辉,8,0.005646
chuang2021_067,凌箫,卢克,8,0.005646
chuang2021_067,凌箫,原部凌,8,0.005646
chuang2021_067,凌箫,安迪,8,0.005646
chuang2021_067,凌箫,张嘉元,8,0.005646
chuang2021_067,凌箫,曾涵江,8,0.005646
chuang2021_067,凌箫,李洛尔,8,0.005646
chuang2021_067,凌箫,王孝辰,8,0.005646
chuang2021_067,凌箫,田口馨也,8,0.005646
chuang2021_067,凌箫,胡烨韬,8,0.005646
chuang2021_067,凌箫,范臻尔,8,0.005646
chuang2021_067,凌箫,荣耀,8,0.005646
chuang2021_067,凌箫,薛八一,8,0.005646
chuang2021_067,凌箫,诺言,8,0.005646
chuang2021_067,凌箫,赖耀翔,8,0.005646
chuang2021_067,凌箫,都筑雄哉,8,0.005646
chuang2021_067,凌箫,门胁慎刚,8,0.005646
chuang2021_067,凌箫,陈瑞丰,8,0.005646
chuang2021_067,凌箫,隅田隼平,8,0.005646
chuang2021_067,凌箫,韦语节,8,0.005646
chuang2021_067,凌箫,于洋,7,0.00494
chuang2021_067,凌箫,何圳煜,7,0.00494
chuang2021_067,凌箫,何懿峻,7,0.00494
chuang2021_067,凌箫,刘严冬季,7,0.00494
chuang2021_067,凌箫,刘聪,7,0.00494
chuang2021_067,凌箫,加注能量啦,7,0.00494
chuang2021_067,凌箫,叶皓然,7,0.00494
chuang2021_067,凌箫,喜内优心,7,0.00494
chuang2021_067,凌箫,女孩,7,0.00494
chuang2021_067,凌箫,屈柏宇,7,0.00494
chuang2021_067,凌箫,张璋,7,0.00494
chuang2021_067,凌箫,张腾,7,0.00494
chuang2021_067,凌箫,徐圣兹,7,0.00494
chuang2021_067,凌箫,怿涵,7,0.00494
chuang2021_067,凌箫,我在纯甄,7,0.00494
chuang2021_067,凌箫,曹左,7,0.00494
chuang2021_067,凌箫,朱凌箫超话,7,0.00494
chuang2021_067,凌箫,李嘉祥,7,0.00494
chuang2021_067,凌箫,李家豪,7,0.00494
chuang2021_067,凌箫,李政庭,7,0.00494
chuang2021_067,凌箫,李沛洋,7,0.00494
chuang2021_067,凌箫,李泰龙,7,0.00494
chuang2021_067,凌箫,李泽坤,7,0.00494
chuang2021_067,凌箫,林煜修,7,0.00494
chuang2021_067,凌箫,羽生田挙武,7,0.00494
chuang2021_067,凌箫,肖力桓,7,0.00494
chuang2021_067,凌箫,蒋敦豪,7,0.00494
chuang2021_067,凌箫,谢兴阳,7,0.00494
chuang2021_067,凌箫,贵尚奇,7,0.00494
chuang2021_067,凌箫,邵明明,7,0.00494
chuang2021_067,凌箫,郑明鑫,7,0.00494
chuang2021_067,凌箫,钱政宇,7,0.00494
chuang2021_067,凌箫,陆定昊,7,0.00494
chuang2021_067,凌箫,陈俊洁,7,0.00494
chuang2021_067,凌箫,魏子越,7,0.00494
chuang2021_067,凌箫,黄鲲,7,0.00494
chuang2021_067,凌箫,88,6,0.004234
chuang2021_067,凌箫,boy,6,0.004234
chuang2021_067,凌箫,butter,6,0.004234
chuang2021_067,凌箫,fly,6,0.004234
chuang2021_067,凌箫,lit,6,0.004234
chuang2021_067,凌箫,lover,6,0.004234
chuang2021_067,凌箫,me,6,0.004234
chuang2021_067,凌箫,ready,6,0.004234
chuang2021_067,凌箫,you,6,0.004234
chuang2021_067,凌箫,yummy,6,0.004234
chuang2021_067,凌箫,作为怪物,6,0.004234
chuang2021_067,凌箫,我欢喜喜欢你,6,0.004234
chuang2021_067,凌箫,爱我ready,6,0.004234
chuang2021_067,凌箫,破茧,6,0.004234
chuang2021_067,凌箫,超级冠军,6,0.004234
chuang2021_067,凌箫,醉拳,6,0.004234
chuang2021_067,凌箫,阿克朱力,6,0.004234
chuang2021_067,凌箫,霓虹甜心,6,0.004234
chuang2021_067,凌箫,学员能量榜为你,5,0.003529
chuang2021_067,凌箫,想让更多人看到如此优秀的你,5,0.003529
chuang2021_067,凌箫,欢迎回家,5,0.003529
chuang2021_067,凌箫,0x,4,0.002823
chuang2021_067,凌箫,创4一公分组,4,0.002823
chuang2021_067,凌箫,助你获得惊喜曝光资源,4,0.002823
chuang2021_067,凌箫,青春有你3,4,0.002823
chuang2021_067,凌箫,2021,3,0.002117
chuang2021_067,凌箫,best周柯宇,3,0.002117
chuang2021_067,凌箫,lx,3,0.002117
chuang2021_067,凌箫,一公分组,3,0.002117
chuang2021_067,凌箫,你看,3,0.002117
chuang2021_067,凌箫,刘隽,3,0.002117
chuang2021_067,凌箫,最后,3,0.002117
chuang2021_067,凌箫,朱凌箫,3,0.002117
chuang2021_067,凌箫,网页链接,3,0.002117
chuang2021_067,凌箫,com,2,0.001411
chuang2021_067,凌箫,day,2,0.001411
chuang2021_067,凌箫,mika,2,0.001411
chuang2021_067,凌箫,qq,2,0.001411
chuang2021_067,凌箫,qq音乐,2,0.001411
chuang2021_067,凌箫,yyds,2,0.001411
chuang2021_067,凌箫,一眼圈粉的选秀onepick,2,0.001411
chuang2021_067,凌箫,二公,2,0.001411
chuang2021_067,凌箫,从眼睫毛到头皮屑都好看的那种好看,2,0.001411
chuang2021_067,凌箫,你也快来为喜欢的学员助力吧,2,0.001411
chuang2021_067,凌箫,你是什么样的宇宙大帅哥啊,2,0.001411
chuang2021_067,凌箫,你的脸就占了99,2,0.001411
chuang2021_067,凌箫,你这个浑身充满魅力的家伙,2,0.001411
chuang2021_067,凌箫,加油,2,0.001411
chuang2021_067,凌箫,只有明天的你,2,0.001411
chuang2021_067,凌箫,周柯宇超话,2,0.001411
chuang2021_067,凌箫,哥哥,2,0.001411
chuang2021_067,凌箫,在我眼里你特别好看,2,0.001411
chuang2021_067,凌箫,学员能量榜为,2,0.001411
chuang2021_067,凌箫,廖俊涛追啊,2,0.001411
chuang2021_067,凌箫,微博正文,2,0.001411
chuang2021_067,凌箫,快停止发散魅力吧,2,0.001411
chuang2021_067,凌箫,快来康康,2,0.001411
chuang2021_067,凌箫,战战兢兢艾特,2,0.001411
chuang2021_067,凌箫,所以,2,0.001411
chuang2021_067,凌箫,打败朱凌箫的只能是明天的朱凌箫,2,0.001411
chuang2021_067,凌箫,明星势力榜,2,0.001411
chuang2021_067,凌箫,未来可期,2,0.001411
chuang2021_067,凌箫,格式,2,0.001411
chuang2021_067,凌箫,比今天的你更好看的,2,0.001411
chuang2021_067,凌箫,毛不易,2,0.001411
chuang2021_067,凌箫,这世上一切美好的事情,2,0.001411
chuang2021_068,李沛洋,李沛洋,135,0.094142
chuang2021_068,李沛洋,李沛洋超话,58,0.040446
chuang2021_068,李沛洋,郑明鑫,36,0.025105
chuang2021_068,李沛洋,陈俊洁,35,0.024407
chuang2021_068,李沛洋,标准门面李沛洋,33,0.023013
chuang2021_068,李沛洋,收起,19,0.01325
chuang2021_068,李沛洋,奇妙练习室,15,0.01046
chuang2021_068,李沛洋,怿涵,15,0.01046
chuang2021_068,李沛洋,刘聪,14,0.009763
chuang2021_068,李沛洋,创造营2021超话,14,0.009763
chuang2021_068,李沛洋,周柯宇,14,0.009763
chuang2021_068,李沛洋,李沛洋创造营2021,14,0.009763
chuang2021_068,李沛洋,刘宇,13,0.009066
chuang2021_068,李沛洋,原部凌,13,0.009066
chuang2021_068,李沛洋,叶皓然,13,0.009066
chuang2021_068,李沛洋,甘望星,13,0.009066
chuang2021_068,李沛洋,陆定昊,13,0.009066
chuang2021_068,李沛洋,井胧,12,0.008368
chuang2021_068,李沛洋,付思超,12,0.008368
chuang2021_068,李沛洋,任胤蓬,12,0.008368
chuang2021_068,李沛洋,伯远,12,0.008368
chuang2021_068,李沛洋,何屹繁,12,0.008368
chuang2021_068,李沛洋,俞更寅,12,0.008368
chuang2021_068,李沛洋,吴宇恒,12,0.008368
chuang2021_068,李沛洋,吴海,12,0.008368
chuang2021_068,李沛洋,屈柏宇,12,0.008368
chuang2021_068,李沛洋,张嘉元,12,0.008368
chuang2021_068,李沛洋,张欣尧,12,0.008368
chuang2021_068,李沛洋,张腾,12,0.008368
chuang2021_068,李沛洋,李政庭,12,0.008368
chuang2021_068,李沛洋,李泰龙,12,0.008368
chuang2021_068,李沛洋,林墨,12,0.008368
chuang2021_068,李沛洋,林豆,12,0.008368
chuang2021_068,李沛洋,胡烨韬,12,0.008368
chuang2021_068,李沛洋,荣耀,12,0.008368
chuang2021_068,李沛洋,韦语节,12,0.008368
chuang2021_068,李沛洋,一之濑飞鸟,11,0.007671
chuang2021_068,李沛洋,代少冬,11,0.007671
chuang2021_068,李沛洋,肖力桓,11,0.007671
chuang2021_068,李沛洋,诺言,11,0.007671
chuang2021_068,李沛洋,邵明明,11,0.007671
chuang2021_068,李沛洋,门胁慎刚,11,0.007671
chuang2021_068,李沛洋,2021,10,0.006974
chuang2021_068,李沛洋,何圳煜,8,0.005579
chuang2021_068,李沛洋,创造营成团夜,8,0.005579
chuang2021_068,李沛洋,徐圣兹,8,0.005579
chuang2021_068,李沛洋,李泽坤,8,0.005579
chuang2021_068,李沛洋,李洛尔,8,0.005579
chuang2021_068,李沛洋,王孝辰,8,0.005579
chuang2021_068,李沛洋,米卡,8,0.005579
chuang2021_068,李沛洋,高卿尘,8,0.005579
chuang2021_068,李沛洋,于洋,7,0.004881
chuang2021_068,李沛洋,井汲大翔,7,0.004881
chuang2021_068,李沛洋,佐藤永翔,7,0.004881
chuang2021_068,李沛洋,何懿峻,7,0.004881
chuang2021_068,李沛洋,作为怪物,7,0.004881
chuang2021_068,李沛洋,刘唐辉,7,0.004881
chuang2021_068,李沛洋,刘彰,7,0.004881
chuang2021_068,李沛洋,利路修,7,0.004881
chuang2021_068,李沛洋,力丸,7,0.004881
chuang2021_068,李沛洋,和马,7,0.004881
chuang2021_068,李沛洋,大卫,7,0.004881
chuang2021_068,李沛洋,奥斯卡,7,0.004881
chuang2021_068,李沛洋,尹浩宇,7,0.004881
chuang2021_068,李沛洋,庆怜,7,0.004881
chuang2021_068,李沛洋,张星特,7,0.004881
chuang2021_068,李沛洋,曹左,7,0.004881
chuang2021_068,李沛洋,李嘉祥,7,0.004881
chuang2021_068,李沛洋,李家豪,7,0.004881
chuang2021_068,李沛洋,王泽浩,7,0.004881
chuang2021_068,李沛洋,罗言,7,0.004881
chuang2021_068,李沛洋,羽生田挙武,7,0.004881
chuang2021_068,李沛洋,蒋敦豪,7,0.004881
chuang2021_068,李沛洋,薛八一,7,0.004881
chuang2021_068,李沛洋,谢兴阳,7,0.004881
chuang2021_068,李沛洋,贵尚奇,7,0.004881
chuang2021_068,李沛洋,赖耀翔,7,0.004881
chuang2021_068,李沛洋,赞多,7,0.004881
chuang2021_068,李沛洋,钱政宇,7,0.004881
chuang2021_068,李沛洋,陈瑞丰,7,0.004881
chuang2021_068,李沛洋,韩佩泉,7,0.004881
chuang2021_068,李沛洋,魏子越,7,0.004881
chuang2021_068,李沛洋,黄鲲,7,0.004881
chuang2021_068,李沛洋,88,6,0.004184
chuang2021_068,李沛洋,boy,6,0.004184
chuang2021_068,李沛洋,butter,6,0.004184
chuang2021_068,李沛洋,fly,6,0.004184
chuang2021_068,李沛洋,lit,6,0.004184
chuang2021_068,李沛洋,lover,6,0.004184
chuang2021_068,李沛洋,me,6,0.004184
chuang2021_068,李沛洋,radio,6,0.004184
chuang2021_068,李沛洋,ready,6,0.004184
chuang2021_068,李沛洋,you,6,0.004184
chuang2021_068,李沛洋,yummy,6,0.004184
chuang2021_068,李沛洋,上原一翔,6,0.004184
chuang2021_068,李沛洋,凌箫,6,0.004184
chuang2021_068,李沛洋,刘严冬季,6,0.004184
chuang2021_068,李沛洋,卢克,6,0.004184
chuang2021_068,李沛洋,喜内优心,6,0.004184
chuang2021_068,李沛洋,女孩,6,0.004184
chuang2021_068,李沛洋,安迪,6,0.004184
chuang2021_068,李沛洋,张璋,6,0.004184
chuang2021_068,李沛洋,徐绍岚,6,0.004184
chuang2021_068,李沛洋,我欢喜喜欢你,6,0.004184
chuang2021_068,李沛洋,曾涵江,6,0.004184
chuang2021_068,李沛洋,林煜修,6,0.004184
chuang2021_068,李沛洋,爱我ready,6,0.004184
chuang2021_068,李沛洋,田口馨也,6,0.004184
chuang2021_068,李沛洋,破茧,6,0.004184
chuang2021_068,李沛洋,腾讯视频创造营2021,6,0.004184
chuang2021_068,李沛洋,范臻尔,6,0.004184
chuang2021_068,李沛洋,谷柳霖,6,0.004184
chuang2021_068,李沛洋,超级冠军,6,0.004184
chuang2021_068,李沛洋,都筑雄哉,6,0.004184
chuang2021_068,李沛洋,醉拳,6,0.004184
chuang2021_068,李沛洋,阿克朱力,6,0.004184
chuang2021_068,李沛洋,隅田隼平,6,0.004184
chuang2021_068,李沛洋,霓虹甜心,6,0.004184
chuang2021_068,李沛洋,黑人牙膏白酵素助力创造营李沛洋闪耀闯关,6,0.004184
chuang2021_068,李沛洋,amu羽生田挙武,5,0.003487
chuang2021_068,李沛洋,yuu喜内优心,5,0.003487
chuang2021_068,李沛洋,戴学霖,5,0.003487
chuang2021_068,李沛洋,阿克朱立,5,0.003487
chuang2021_068,李沛洋,dy更新,4,0.002789
chuang2021_068,李沛洋,创4一公分组,4,0.002789
chuang2021_068,李沛洋,创造营排名,4,0.002789
chuang2021_068,李沛洋,小官人哇的微博视频,4,0.002789
chuang2021_068,李沛洋,00,3,0.002092
chuang2021_068,李沛洋,15举行红毯秀,3,0.002092
chuang2021_068,李沛洋,6位导师,3,0.002092
chuang2021_068,李沛洋,amber刘逸云,3,0.002092
chuang2021_068,李沛洋,nene郑乃馨,3,0.002092
chuang2021_068,李沛洋,一公分组,3,0.002092
chuang2021_068,李沛洋,世界那么大,3,0.002092
chuang2021_068,李沛洋,全体学员,3,0.002092
chuang2021_068,李沛洋,创4全员主题曲舞台爷青回,3,0.002092
chuang2021_068,李沛洋,助教,3,0.002092
chuang2021_068,李沛洋,发起人都在,3,0.002092
chuang2021_068,李沛洋,周深,3,0.002092
chuang2021_068,李沛洋,周震南,3,0.002092
chuang2021_068,李沛洋,嘉尚安利日记,3,0.002092
chuang2021_068,李沛洋,学员,3,0.002092
chuang2021_068,李沛洋,宁静,3,0.002092
chuang2021_068,李沛洋,审核过短信通知,3,0.002092
chuang2021_068,李沛洋,导师,3,0.002092
chuang2021_068,李沛洋,想报的速私,3,0.002092
chuang2021_068,李沛洋,我们一起闯,3,0.002092
chuang2021_068,李沛洋,李沛洋后援会官博的微博视频,3,0.002092
chuang2021_068,李沛洋,李沛洋太帅了,3,0.002092
chuang2021_068,李沛洋,正规名额,3,0.002092
chuang2021_068,李沛洋,海南儋州,3,0.002092
chuang2021_068,李沛洋,邓超,3,0.002092
chuang2021_068,李沛洋,24,2,0.001395
chuang2021_068,李沛洋,are,2,0.001395
chuang2021_068,李沛洋,iridescent,2,0.001395
chuang2021_068,李沛洋,lpy,2,0.001395
chuang2021_068,李沛洋,team,2,0.001395
chuang2021_068,李沛洋,we,2,0.001395
chuang2021_068,李沛洋,不贵,2,0.001395
chuang2021_068,李沛洋,全部学员,2,0.001395
chuang2021_068,李沛洋,创造营2021学员签名,2,0.001395
chuang2021_068,李沛洋,原图来自,2,0.001395
chuang2021_068,李沛洋,向世界大声喊出我们的声音,2,0.001395
chuang2021_068,李沛洋,嘉尚三子,2,0.001395
chuang2021_068,李沛洋,大帅哥,2,0.001395
chuang2021_068,李沛洋,宝贝毕业快乐,2,0.001395
chuang2021_068,李沛洋,快来康康,2,0.001395
chuang2021_068,李沛洋,我们并肩作战,2,0.001395
chuang2021_068,李沛洋,明星势力榜,2,0.001395
chuang2021_068,李沛洋,未来可期,2,0.001395
chuang2021_068,李沛洋,欢迎回家,2,0.001395
chuang2021_068,李沛洋,沛洋哥哥,2,0.001395
chuang2021_068,李沛洋,网页链接,2,0.001395
chuang2021_068,李沛洋,选秀里的沧海遗珠,2,0.001395
chuang2021_068,李沛洋,需要的来,2,0.001395
chuang2021_068,李沛洋,麻辣烫烫糖的微博视频,2,0.001395
chuang2021_069,李政庭,李政庭,109,0.063631
chuang2021_069,李政庭,李政庭超话,51,0.029772
chuang2021_069,李政庭,lzt,35,0.020432
chuang2021_069,李政庭,创造营2021李政庭,28,0.016346
chuang2021_069,李政庭,微博正文,19,0.011092
chuang2021_069,李政庭,收起,19,0.011092
chuang2021_069,李政庭,2021,16,0.00934
chuang2021_069,李政庭,甘望星,15,0.008757
chuang2021_069,李政庭,何屹繁,14,0.008173
chuang2021_069,李政庭,刘聪,14,0.008173
chuang2021_069,李政庭,吴宇恒,14,0.008173
chuang2021_069,李政庭,钻石笑颜李政庭,14,0.008173
chuang2021_069,李政庭,井胧,13,0.007589
chuang2021_069,李政庭,周柯宇,13,0.007589
chuang2021_069,李政庭,张欣尧,13,0.007589
chuang2021_069,李政庭,李沛洋,13,0.007589
chuang2021_069,李政庭,胡烨韬,13,0.007589
chuang2021_069,李政庭,付思超,12,0.007005
chuang2021_069,李政庭,伯远,12,0.007005
chuang2021_069,李政庭,刘宇,12,0.007005
chuang2021_069,李政庭,叶皓然,12,0.007005
chuang2021_069,李政庭,吴海,12,0.007005
chuang2021_069,李政庭,和马,12,0.007005
chuang2021_069,李政庭,大卫,12,0.007005
chuang2021_069,李政庭,张嘉元,12,0.007005
chuang2021_069,李政庭,林墨,12,0.007005
chuang2021_069,李政庭,网页链接,12,0.007005
chuang2021_069,李政庭,荣耀,12,0.007005
chuang2021_069,李政庭,郑明鑫,12,0.007005
chuang2021_069,李政庭,陆定昊,12,0.007005
chuang2021_069,李政庭,陈俊洁,12,0.007005
chuang2021_069,李政庭,韦语节,12,0.007005
chuang2021_069,李政庭,一之濑飞鸟,11,0.006421
chuang2021_069,李政庭,于洋,11,0.006421
chuang2021_069,李政庭,任胤蓬,11,0.006421
chuang2021_069,李政庭,俞更寅,11,0.006421
chuang2021_069,李政庭,刘唐辉,11,0.006421
chuang2021_069,李政庭,原部凌,11,0.006421
chuang2021_069,李政庭,屈柏宇,11,0.006421
chuang2021_069,李政庭,张腾,11,0.006421
chuang2021_069,李政庭,怿涵,11,0.006421
chuang2021_069,李政庭,明星势力榜,11,0.006421
chuang2021_069,李政庭,诺言,11,0.006421
chuang2021_069,李政庭,谢兴阳,11,0.006421
chuang2021_069,李政庭,赞多,11,0.006421
chuang2021_069,李政庭,高卿尘,11,0.006421
chuang2021_069,李政庭,魏子越,11,0.006421
chuang2021_069,李政庭,刘彰,10,0.005838
chuang2021_069,李政庭,力丸,10,0.005838
chuang2021_069,李政庭,奥斯卡,10,0.005838
chuang2021_069,李政庭,完成打卡,10,0.005838
chuang2021_069,李政庭,庆怜,10,0.005838
chuang2021_069,李政庭,李泰龙,10,0.005838
chuang2021_069,李政庭,林豆,10,0.005838
chuang2021_069,李政庭,王孝辰,10,0.005838
chuang2021_069,李政庭,米卡,10,0.005838
chuang2021_069,李政庭,罗言,10,0.005838
chuang2021_069,李政庭,薛八一,10,0.005838
chuang2021_069,李政庭,邵明明,10,0.005838
chuang2021_069,李政庭,门胁慎刚,10,0.005838
chuang2021_069,李政庭,陈瑞丰,10,0.005838
chuang2021_069,李政庭,stf上岛入厂实录,9,0.005254
chuang2021_069,李政庭,上原一翔,9,0.005254
chuang2021_069,李政庭,井汲大翔,9,0.005254
chuang2021_069,李政庭,代少冬,9,0.005254
chuang2021_069,李政庭,佐藤永翔,9,0.005254
chuang2021_069,李政庭,何圳煜,9,0.005254
chuang2021_069,李政庭,何懿峻,9,0.005254
chuang2021_069,李政庭,利路修,9,0.005254
chuang2021_069,李政庭,叮咚,9,0.005254
chuang2021_069,李政庭,尹浩宇,9,0.005254
chuang2021_069,李政庭,张星特,9,0.005254
chuang2021_069,李政庭,明星势力榜教学,9,0.005254
chuang2021_069,李政庭,明星勢力,9,0.005254
chuang2021_069,李政庭,李嘉祥,9,0.005254
chuang2021_069,李政庭,李家豪,9,0.005254
chuang2021_069,李政庭,李泽坤,9,0.005254
chuang2021_069,李政庭,李洛尔,9,0.005254
chuang2021_069,李政庭,羽生田挙武,9,0.005254
chuang2021_069,李政庭,蒋敦豪,9,0.005254
chuang2021_069,李政庭,贵尚奇,9,0.005254
chuang2021_069,李政庭,一眼八百万年李政庭超话,8,0.00467
chuang2021_069,李政庭,刘严冬季,8,0.00467
chuang2021_069,李政庭,创4全员主题曲舞台爷青回,8,0.00467
chuang2021_069,李政庭,喜内优心,8,0.00467
chuang2021_069,李政庭,徐圣兹,8,0.00467
chuang2021_069,李政庭,早安,8,0.00467
chuang2021_069,李政庭,曹左,8,0.00467
chuang2021_069,李政庭,曾涵江,8,0.00467
chuang2021_069,李政庭,林煜修,8,0.00467
chuang2021_069,李政庭,每日任務來看看李政庭的明星势力榜,8,0.00467
chuang2021_069,李政庭,肖力桓,8,0.00467
chuang2021_069,李政庭,谷柳霖,8,0.00467
chuang2021_069,李政庭,赖耀翔,8,0.00467
chuang2021_069,李政庭,超级冠军,8,0.00467
chuang2021_069,李政庭,都筑雄哉,8,0.00467
chuang2021_069,李政庭,钱政宇,8,0.00467
chuang2021_069,李政庭,韩佩泉,8,0.00467
chuang2021_069,李政庭,黄鲲,8,0.00467
chuang2021_069,李政庭,are,7,0.004086
chuang2021_069,李政庭,team,7,0.004086
chuang2021_069,李政庭,we,7,0.004086
chuang2021_069,李政庭,世界那么大,7,0.004086
chuang2021_069,李政庭,凌箫,7,0.004086
chuang2021_069,李政庭,创造营2021超话,7,0.004086
chuang2021_069,李政庭,卢克,7,0.004086
chuang2021_069,李政庭,向世界大声喊出我们的声音,7,0.004086
chuang2021_069,李政庭,安迪,7,0.004086
chuang2021_069,李政庭,张璋,7,0.004086
chuang2021_069,李政庭,徐绍岚,7,0.004086
chuang2021_069,李政庭,我们一起闯,7,0.004086
chuang2021_069,李政庭,我们并肩作战,7,0.004086
chuang2021_069,李政庭,王泽浩,7,0.004086
chuang2021_069,李政庭,范臻尔,7,0.004086
chuang2021_069,李政庭,长期招新,7,0.004086
chuang2021_069,李政庭,阿克朱力,7,0.004086
chuang2021_069,李政庭,隅田隼平,7,0.004086
chuang2021_069,李政庭,88,6,0.003503
chuang2021_069,李政庭,boy,6,0.003503
chuang2021_069,李政庭,butter,6,0.003503
chuang2021_069,李政庭,fly,6,0.003503
chuang2021_069,李政庭,lit,6,0.003503
chuang2021_069,李政庭,lover,6,0.003503
chuang2021_069,李政庭,me,6,0.003503
chuang2021_069,李政庭,radio,6,0.003503
chuang2021_069,李政庭,ready,6,0.003503
chuang2021_069,李政庭,stf,6,0.003503
chuang2021_069,李政庭,you,6,0.003503
chuang2021_069,李政庭,yummy,6,0.003503
chuang2021_069,李政庭,作为怪物,6,0.003503
chuang2021_069,李政庭,创造营2021的纪录片了,6,0.003503
chuang2021_069,李政庭,女孩,6,0.003503
chuang2021_069,李政庭,存钱罐,6,0.003503
chuang2021_069,李政庭,快乐追星十级学渣,6,0.003503
chuang2021_069,李政庭,我欢喜喜欢你,6,0.003503
chuang2021_069,李政庭,李政庭的公司stf要放出自家艺人参加青春有你3,6,0.003503
chuang2021_069,李政庭,杨智翔,6,0.003503
chuang2021_069,李政庭,爱我ready,6,0.003503
chuang2021_069,李政庭,田口馨也,6,0.003503
chuang2021_069,李政庭,破茧,6,0.003503
chuang2021_069,李政庭,秀人参加选秀的流程可以知道了,6,0.003503
chuang2021_069,李政庭,醉拳,6,0.003503
chuang2021_069,李政庭,霓虹甜心,6,0.003503
chuang2021_069,李政庭,黑人牙膏白酵素助力创造营李政庭闪耀闯关,6,0.003503
chuang2021_069,李政庭,official,5,0.002919
chuang2021_069,李政庭,你是我今生唯一的执著哦,5,0.002919
chuang2021_069,李政庭,创4第一次顺位发布,5,0.002919
chuang2021_069,李政庭,我在,5,0.002919
chuang2021_069,李政庭,明星势力榜第85位,5,0.002919
chuang2021_069,李政庭,棒棒哒,5,0.002919
chuang2021_069,李政庭,练习生榜上为你加油啦,5,0.002919
chuang2021_069,李政庭,cn,4,0.002335
chuang2021_069,李政庭,fourhours丨李政庭,4,0.002335
chuang2021_069,李政庭,http,4,0.002335
chuang2021_069,李政庭,rqfcuwh,4,0.002335
chuang2021_069,李政庭,创4一公分组,4,0.002335
chuang2021_069,李政庭,图cr,4,0.002335
chuang2021_069,李政庭,我们一起拿下,4,0.002335
chuang2021_069,李政庭,我永远支持你,4,0.002335
chuang2021_069,李政庭,打榜戳,4,0.002335
chuang2021_069,李政庭,晚安,4,0.002335
chuang2021_069,李政庭,第一名,4,0.002335
chuang2021_069,李政庭,练习生榜,4,0.002335
chuang2021_069,李政庭,钻石笑颜李政庭超话,4,0.002335
chuang2021_069,李政庭,from,3,0.001751
chuang2021_069,李政庭,to,3,0.001751
chuang2021_069,李政庭,一公分组,3,0.001751
chuang2021_069,李政庭,一般的存在,3,0.001751
chuang2021_069,李政庭,会一直守护你们的海星鹅,3,0.001751
chuang2021_069,李政庭,会不停止学习的脚步,3,0.001751
chuang2021_069,李政庭,会在练习每一支舞的时候都细细调整每个动作,3,0.001751
chuang2021_069,李政庭,但属于你们的故事不会停止,3,0.001751
chuang2021_069,李政庭,卡点机,3,0.001751
chuang2021_069,李政庭,向着最稳最漂亮的高音发起冲击,3,0.001751
chuang2021_069,李政庭,告别,3,0.001751
chuang2021_069,李政庭,属于你们的新手村冒险已经结束,3,0.001751
chuang2021_069,李政庭,希望每一个有梦想的你们,3,0.001751
chuang2021_069,李政庭,希望爱唱歌的你们,3,0.001751
chuang2021_069,李政庭,希望爱跳舞的你们,3,0.001751
chuang2021_069,李政庭,成为漂亮精准,3,0.001751
chuang2021_069,李政庭,收到,3,0.001751
chuang2021_069,李政庭,是为了下一次更好地相遇,3,0.001751
chuang2021_069,李政庭,未来的你们,3,0.001751
chuang2021_069,李政庭,标准微笑八颗,3,0.001751
chuang2021_069,李政庭,祝你们都能成为自己最想要成为的人,3,0.001751
chuang2021_069,李政庭,都会朝着梦想的光源处不断前行,3,0.001751
chuang2021_069,李政庭,amu羽生田挙武,2,0.001168
chuang2021_069,李政庭,yuu喜内优心,2,0.001168
chuang2021_069,李政庭,一眼八百万年李政庭,2,0.001168
chuang2021_069,李政庭,一起为他助力戳,2,0.001168
chuang2021_069,李政庭,不忘初心,2,0.001168
chuang2021_069,李政庭,任務,2,0.001168
chuang2021_069,李政庭,你一定能拿下,2,0.001168
chuang2021_069,李政庭,创造营2021榜,2,0.001168
chuang2021_069,李政庭,创造营2021榜好成绩,2,0.001168
chuang2021_069,李政庭,创造营排名,2,0.001168
chuang2021_069,李政庭,喜欢,2,0.001168
chuang2021_069,李政庭,增評,2,0.001168
chuang2021_069,李政庭,宝贝,2,0.001168
chuang2021_069,李政庭,快来康康,2,0.001168
chuang2021_069,李政庭,戴学霖,2,0.001168
chuang2021_069,李政庭,打卡模板,2,0.001168
chuang2021_069,李政庭,方得始终,2,0.001168
chuang2021_069,李政庭,是毫无理由的护短和潜意识的偏爱,2,0.001168
chuang2021_069,李政庭,李政庭太帅了,2,0.001168
chuang2021_069,李政庭,每人转发三条于评论区打卡,2,0.001168
chuang2021_069,李政庭,目前转发量,2,0.001168
chuang2021_069,李政庭,直播开始啦,2,0.001168
chuang2021_069,李政庭,足球小子李政庭,2,0.001168
chuang2021_069,李政庭,輪博,2,0.001168
chuang2021_069,李政庭,阿克朱立,2,0.001168
chuang2021_070,门胁慎刚,门胁慎刚,101,0.044376
chuang2021_070,门胁慎刚,门胁慎刚超话,39,0.017135
chuang2021_070,门胁慎刚,收起,31,0.01362
chuang2021_070,门胁慎刚,韦语节,30,0.013181
chuang2021_070,门胁慎刚,任胤蓬,28,0.012302
chuang2021_070,门胁慎刚,刘宇,28,0.012302
chuang2021_070,门胁慎刚,林豆,28,0.012302
chuang2021_070,门胁慎刚,付思超,27,0.011863
chuang2021_070,门胁慎刚,伯远,27,0.011863
chuang2021_070,门胁慎刚,甘望星,26,0.011424
chuang2021_070,门胁慎刚,井胧,25,0.010984
chuang2021_070,门胁慎刚,创造营2021超话,25,0.010984
chuang2021_070,门胁慎刚,原部凌,24,0.010545
chuang2021_070,门胁慎刚,吴宇恒,24,0.010545
chuang2021_070,门胁慎刚,林墨,24,0.010545
chuang2021_070,门胁慎刚,诺言,24,0.010545
chuang2021_070,门胁慎刚,喜内优心,23,0.010105
chuang2021_070,门胁慎刚,张嘉元,23,0.010105
chuang2021_070,门胁慎刚,胡烨韬,23,0.010105
chuang2021_070,门胁慎刚,代少冬,22,0.009666
chuang2021_070,门胁慎刚,何屹繁,22,0.009666
chuang2021_070,门胁慎刚,周柯宇,22,0.009666
chuang2021_070,门胁慎刚,李政庭,22,0.009666
chuang2021_070,门胁慎刚,荣耀,22,0.009666
chuang2021_070,门胁慎刚,俞更寅,21,0.009227
chuang2021_070,门胁慎刚,刘聪,21,0.009227
chuang2021_070,门胁慎刚,叶皓然,21,0.009227
chuang2021_070,门胁慎刚,吴海,21,0.009227
chuang2021_070,门胁慎刚,张欣尧,21,0.009227
chuang2021_070,门胁慎刚,肖力桓,21,0.009227
chuang2021_070,门胁慎刚,一之濑飞鸟,20,0.008787
chuang2021_070,门胁慎刚,李沛洋,20,0.008787
chuang2021_070,门胁慎刚,李泰龙,20,0.008787
chuang2021_070,门胁慎刚,邵明明,20,0.008787
chuang2021_070,门胁慎刚,陆定昊,20,0.008787
chuang2021_070,门胁慎刚,大卫,19,0.008348
chuang2021_070,门胁慎刚,屈柏宇,19,0.008348
chuang2021_070,门胁慎刚,张璋,19,0.008348
chuang2021_070,门胁慎刚,张腾,19,0.008348
chuang2021_070,门胁慎刚,怿涵,19,0.008348
chuang2021_070,门胁慎刚,郑明鑫,19,0.008348
chuang2021_070,门胁慎刚,陈俊洁,19,0.008348
chuang2021_070,门胁慎刚,尹浩宇,18,0.007909
chuang2021_070,门胁慎刚,羽生田挙武,17,0.007469
chuang2021_070,门胁慎刚,隅田隼平,17,0.007469
chuang2021_070,门胁慎刚,米卡,16,0.00703
chuang2021_070,门胁慎刚,赞多,16,0.00703
chuang2021_070,门胁慎刚,力丸,15,0.006591
chuang2021_070,门胁慎刚,和马,15,0.006591
chuang2021_070,门胁慎刚,奥斯卡,15,0.006591
chuang2021_070,门胁慎刚,庆怜,15,0.006591
chuang2021_070,门胁慎刚,高卿尘,15,0.006591
chuang2021_070,门胁慎刚,于洋,14,0.006151
chuang2021_070,门胁慎刚,刘彰,14,0.006151
chuang2021_070,门胁慎刚,李家豪,14,0.006151
chuang2021_070,门胁慎刚,都筑雄哉,14,0.006151
chuang2021_070,门胁慎刚,上原一翔,13,0.005712
chuang2021_070,门胁慎刚,利路修,13,0.005712
chuang2021_070,门胁慎刚,田口馨也,13,0.005712
chuang2021_070,门胁慎刚,薛八一,13,0.005712
chuang2021_070,门胁慎刚,赖耀翔,13,0.005712
chuang2021_070,门胁慎刚,井汲大翔,12,0.005272
chuang2021_070,门胁慎刚,刘严冬季,12,0.005272
chuang2021_070,门胁慎刚,王孝辰,12,0.005272
chuang2021_070,门胁慎刚,罗言,12,0.005272
chuang2021_070,门胁慎刚,butter,11,0.004833
chuang2021_070,门胁慎刚,fly,11,0.004833
chuang2021_070,门胁慎刚,garui2419的微博视频,11,0.004833
chuang2021_070,门胁慎刚,佐藤永翔,11,0.004833
chuang2021_070,门胁慎刚,何圳煜,11,0.004833
chuang2021_070,门胁慎刚,凌箫,11,0.004833
chuang2021_070,门胁慎刚,卢克,11,0.004833
chuang2021_070,门胁慎刚,安迪,11,0.004833
chuang2021_070,门胁慎刚,张星特,11,0.004833
chuang2021_070,门胁慎刚,徐圣兹,11,0.004833
chuang2021_070,门胁慎刚,徐绍岚,11,0.004833
chuang2021_070,门胁慎刚,曹左,11,0.004833
chuang2021_070,门胁慎刚,曾涵江,11,0.004833
chuang2021_070,门胁慎刚,李洛尔,11,0.004833
chuang2021_070,门胁慎刚,王泽浩,11,0.004833
chuang2021_070,门胁慎刚,范臻尔,11,0.004833
chuang2021_070,门胁慎刚,蒋敦豪,11,0.004833
chuang2021_070,门胁慎刚,谷柳霖,11,0.004833
chuang2021_070,门胁慎刚,钱政宇,11,0.004833
chuang2021_070,门胁慎刚,陈瑞丰,11,0.004833
chuang2021_070,门胁慎刚,韩佩泉,11,0.004833
chuang2021_070,门胁慎刚,李泽坤,10,0.004394
chuang2021_070,门胁慎刚,谢兴阳,10,0.004394
chuang2021_070,门胁慎刚,贵尚奇,10,0.004394
chuang2021_070,门胁慎刚,魏子越,10,0.004394
chuang2021_070,门胁慎刚,黄鲲,10,0.004394
chuang2021_070,门胁慎刚,amu羽生田挙武,9,0.003954
chuang2021_070,门胁慎刚,you,9,0.003954
chuang2021_070,门胁慎刚,yuu喜内优心,9,0.003954
chuang2021_070,门胁慎刚,何懿峻,9,0.003954
chuang2021_070,门胁慎刚,周深,9,0.003954
chuang2021_070,门胁慎刚,戴学霖,9,0.003954
chuang2021_070,门胁慎刚,李嘉祥,9,0.003954
chuang2021_070,门胁慎刚,林煜修,9,0.003954
chuang2021_070,门胁慎刚,门胁慎刚重新开始送外卖了,9,0.003954
chuang2021_070,门胁慎刚,阿克朱力,9,0.003954
chuang2021_070,门胁慎刚,阿克朱立,9,0.003954
chuang2021_070,门胁慎刚,刘唐辉,8,0.003515
chuang2021_070,门胁慎刚,宁静,8,0.003515
chuang2021_070,门胁慎刚,邓超,8,0.003515
chuang2021_070,门胁慎刚,2021,7,0.003076
chuang2021_070,门胁慎刚,6位导师,7,0.003076
chuang2021_070,门胁慎刚,88,7,0.003076
chuang2021_070,门胁慎刚,amber刘逸云,7,0.003076
chuang2021_070,门胁慎刚,boy,7,0.003076
chuang2021_070,门胁慎刚,lover,7,0.003076
chuang2021_070,门胁慎刚,nene郑乃馨,7,0.003076
chuang2021_070,门胁慎刚,全体学员,7,0.003076
chuang2021_070,门胁慎刚,助教,7,0.003076
chuang2021_070,门胁慎刚,发起人都在,7,0.003076
chuang2021_070,门胁慎刚,周震南,7,0.003076
chuang2021_070,门胁慎刚,学员,7,0.003076
chuang2021_070,门胁慎刚,审核过短信通知,7,0.003076
chuang2021_070,门胁慎刚,导师,7,0.003076
chuang2021_070,门胁慎刚,我欢喜喜欢你,7,0.003076
chuang2021_070,门胁慎刚,正规名额,7,0.003076
chuang2021_070,门胁慎刚,网页链接,7,0.003076
chuang2021_070,门胁慎刚,门胁慎刚送外卖搞唱跳两手抓,7,0.003076
chuang2021_070,门胁慎刚,lit,6,0.002636
chuang2021_070,门胁慎刚,me,6,0.002636
chuang2021_070,门胁慎刚,radio,6,0.002636
chuang2021_070,门胁慎刚,ready,6,0.002636
chuang2021_070,门胁慎刚,yummy,6,0.002636
chuang2021_070,门胁慎刚,作为怪物,6,0.002636
chuang2021_070,门胁慎刚,女孩,6,0.002636
chuang2021_070,门胁慎刚,想报的速私,6,0.002636
chuang2021_070,门胁慎刚,海南儋州,6,0.002636
chuang2021_070,门胁慎刚,爱我ready,6,0.002636
chuang2021_070,门胁慎刚,破茧,6,0.002636
chuang2021_070,门胁慎刚,被淘汰后重新开始送外卖了,6,0.002636
chuang2021_070,门胁慎刚,超级冠军,6,0.002636
chuang2021_070,门胁慎刚,醉拳,6,0.002636
chuang2021_070,门胁慎刚,霓虹甜心,6,0.002636
chuang2021_070,门胁慎刚,15举行红毯秀,5,0.002197
chuang2021_070,门胁慎刚,ins快拍更新,5,0.002197
chuang2021_070,门胁慎刚,创造营4,5,0.002197
chuang2021_070,门胁慎刚,腾讯视频创造营2021,5,0.002197
chuang2021_070,门胁慎刚,ins更新,4,0.001757
chuang2021_070,门胁慎刚,创4一公分组,4,0.001757
chuang2021_070,门胁慎刚,创造营2021日本选手门胁慎刚,4,0.001757
chuang2021_070,门胁慎刚,告白气球,4,0.001757
chuang2021_070,门胁慎刚,回归生活后脚踏实地的样子,4,0.001757
chuang2021_070,门胁慎刚,梦醒了终将回归平淡,4,0.001757
chuang2021_070,门胁慎刚,还是很佩服他有梦追梦,4,0.001757
chuang2021_070,门胁慎刚,这就是现实,4,0.001757
chuang2021_070,门胁慎刚,选秀对普通人来说就是一场梦,4,0.001757
chuang2021_070,门胁慎刚,门胁慎刚翻唱咖啡,4,0.001757
chuang2021_070,门胁慎刚,15名是,3,0.001318
chuang2021_070,门胁慎刚,3名是,3,0.001318
chuang2021_070,门胁慎刚,9名是,3,0.001318
chuang2021_070,门胁慎刚,app每日0点更新昨日学员涨粉,3,0.001318
chuang2021_070,门胁慎刚,douyin更新,3,0.001318
chuang2021_070,门胁慎刚,funji,3,0.001318
chuang2021_070,门胁慎刚,一公分组,3,0.001318
chuang2021_070,门胁慎刚,不忘初心,3,0.001318
chuang2021_070,门胁慎刚,创造营2021学员成长数据,3,0.001318
chuang2021_070,门胁慎刚,创造营2021日本练习生门胁慎刚被淘汰后,3,0.001318
chuang2021_070,门胁慎刚,创造营2021门胁慎刚,3,0.001318
chuang2021_070,门胁慎刚,创造营预告,3,0.001318
chuang2021_070,门胁慎刚,加油,3,0.001318
chuang2021_070,门胁慎刚,加注能量啦,3,0.001318
chuang2021_070,门胁慎刚,和funji一起见证他们的每一步成长和蜕变吧,3,0.001318
chuang2021_070,门胁慎刚,咖啡,3,0.001318
chuang2021_070,门胁慎刚,如梦一般,3,0.001318
chuang2021_070,门胁慎刚,学员微博涨粉排名第一的是门胁慎刚,3,0.001318
chuang2021_070,门胁慎刚,学员超话签到数排名第一的是刘宇,3,0.001318
chuang2021_070,门胁慎刚,慎刚来为大家表演的,3,0.001318
chuang2021_070,门胁慎刚,我在纯甄,3,0.001318
chuang2021_070,门胁慎刚,日本选手,3,0.001318
chuang2021_070,门胁慎刚,昨日,3,0.001318
chuang2021_070,门胁慎刚,来听听门胁,3,0.001318
chuang2021_070,门胁慎刚,梦醒来就回归了普通人生活,3,0.001318
chuang2021_070,门胁慎刚,第10,3,0.001318
chuang2021_070,门胁慎刚,第2,3,0.001318
chuang2021_070,门胁慎刚,第4,3,0.001318
chuang2021_070,门胁慎刚,签到数据,3,0.001318
chuang2021_070,门胁慎刚,胆小鬼,3,0.001318
chuang2021_070,门胁慎刚,腾讯视频,3,0.001318
chuang2021_070,门胁慎刚,腾讯视频wetv,3,0.001318
chuang2021_070,门胁慎刚,腾讯视频wetv的微博视频,3,0.001318
chuang2021_070,门胁慎刚,門脇慎剛,3,0.001318
chuang2021_070,门胁慎刚,门胁慎刚全球粉丝后援会,3,0.001318
chuang2021_070,门胁慎刚,门胁慎刚创造营2021,3,0.001318
chuang2021_070,门胁慎刚,頑張,3,0.001318
chuang2021_070,门胁慎刚,15举行一个红毯秀,2,0.000879
chuang2021_070,门胁慎刚,210416,2,0.000879
chuang2021_070,门胁慎刚,210421,2,0.000879
chuang2021_070,门胁慎刚,210422,2,0.000879
chuang2021_070,门胁慎刚,ak刘彰,2,0.000879
chuang2021_070,门胁慎刚,best周柯宇,2,0.000879
chuang2021_070,门胁慎刚,ecat,2,0.000879
chuang2021_070,门胁慎刚,ins,2,0.000879
chuang2021_070,门胁慎刚,love,2,0.000879
chuang2021_070,门胁慎刚,qq音乐,2,0.000879
chuang2021_070,门胁慎刚,r1se,2,0.000879
chuang2021_070,门胁慎刚,wetv创造营采访ep5,2,0.000879
chuang2021_070,门胁慎刚,一之濑asuka,2,0.000879
chuang2021_070,门胁慎刚,一緒,2,0.000879
chuang2021_070,门胁慎刚,一起为他助力戳,2,0.000879
chuang2021_070,门胁慎刚,不贵,2,0.000879
chuang2021_070,门胁慎刚,主题曲盲盒挑战,2,0.000879
chuang2021_070,门胁慎刚,你一定能拿下,2,0.000879
chuang2021_070,门胁慎刚,元宵节活动录制取消,2,0.000879
chuang2021_070,门胁慎刚,全日语好牛啊,2,0.000879
chuang2021_070,门胁慎刚,全部学员,2,0.000879
chuang2021_070,门胁慎刚,分享专辑,2,0.000879
chuang2021_070,门胁慎刚,创4一公,2,0.000879
chuang2021_070,门胁慎刚,创4学员默契通关全记录,2,0.000879
chuang2021_070,门胁慎刚,创4排名,2,0.000879
chuang2021_070,门胁慎刚,创造营2021学员,2,0.000879
chuang2021_070,门胁慎刚,创造营2021学员签名,2,0.000879
chuang2021_070,门胁慎刚,创造营2021榜,2,0.000879
chuang2021_070,门胁慎刚,创造营2021榜好成绩,2,0.000879
chuang2021_070,门胁慎刚,创造营2021纯甄创造营学员能量榜,2,0.000879
chuang2021_070,门胁慎刚,创造营采访ep5,2,0.000879
chuang2021_070,门胁慎刚,助你获得惊喜vlog拍摄机会,2,0.000879
chuang2021_070,门胁慎刚,周深说全场最好的live,2,0.000879
chuang2021_070,门胁慎刚,在岛上学到的中文,2,0.000879
chuang2021_070,门胁慎刚,学员能量榜为你,2,0.000879
chuang2021_070,门胁慎刚,完整版将于17点在wetv上线,2,0.000879
chuang2021_070,门胁慎刚,宿舍里的有趣经历,2,0.000879
chuang2021_070,门胁慎刚,微博同步更新,2,0.000879
chuang2021_070,门胁慎刚,快来康康,2,0.000879
chuang2021_070,门胁慎刚,想让更多人看到如此优秀的你,2,0.000879
chuang2021_070,门胁慎刚,改为3,2,0.000879
chuang2021_070,门胁慎刚,方得始终,2,0.000879
chuang2021_070,门胁慎刚,明星势力榜,2,0.000879
chuang2021_070,门胁慎刚,最喜欢的舞台,2,0.000879
chuang2021_070,门胁慎刚,李洛尔zok,2,0.000879
chuang2021_070,门胁慎刚,海鹅和她的朋友们,2,0.000879
chuang2021_070,门胁慎刚,的采访正片上线啦,2,0.000879
chuang2021_070,门胁慎刚,纯享,2,0.000879
chuang2021_070,门胁慎刚,自行车安利博的微博视频,2,0.000879
chuang2021_070,门胁慎刚,辉仔,2,0.000879
chuang2021_070,门胁慎刚,这么好听居然没放正片,2,0.000879
chuang2021_070,门胁慎刚,闯人花式挑战主题曲,2,0.000879
chuang2021_070,门胁慎刚,需要的来,2,0.000879
chuang2021_070,门胁慎刚,音乐现场响不停的微博视频,2,0.000879
chuang2021_071,林豆,林豆,111,0.048073
chuang2021_071,林豆,收起,51,0.022087
chuang2021_071,林豆,喜内优心,33,0.014292
chuang2021_071,林豆,大卫,27,0.011693
chuang2021_071,林豆,门胁慎刚,27,0.011693
chuang2021_071,林豆,卢克,26,0.01126
chuang2021_071,林豆,屈柏宇,26,0.01126
chuang2021_071,林豆,林豆创造营2021,25,0.010827
chuang2021_071,林豆,贵尚奇,25,0.010827
chuang2021_071,林豆,隅田隼平,24,0.010394
chuang2021_071,林豆,田口馨也,23,0.009961
chuang2021_071,林豆,刘聪,22,0.009528
chuang2021_071,林豆,安迪,22,0.009528
chuang2021_071,林豆,怿涵,22,0.009528
chuang2021_071,林豆,都筑雄哉,22,0.009528
chuang2021_071,林豆,李政庭,21,0.009095
chuang2021_071,林豆,刘严冬季,20,0.008662
chuang2021_071,林豆,创造营2021超话,20,0.008662
chuang2021_071,林豆,曹左,20,0.008662
chuang2021_071,林豆,王泽浩,20,0.008662
chuang2021_071,林豆,郑明鑫,20,0.008662
chuang2021_071,林豆,原部凌,19,0.008229
chuang2021_071,林豆,李泰龙,19,0.008229
chuang2021_071,林豆,邵明明,19,0.008229
chuang2021_071,林豆,陈俊洁,19,0.008229
chuang2021_071,林豆,陈瑞丰,19,0.008229
chuang2021_071,林豆,韦语节,19,0.008229
chuang2021_071,林豆,lindow林豆豆超话,18,0.007796
chuang2021_071,林豆,利路修,18,0.007796
chuang2021_071,林豆,李嘉祥,18,0.007796
chuang2021_071,林豆,林墨,18,0.007796
chuang2021_071,林豆,肖力桓,18,0.007796
chuang2021_071,林豆,钱政宇,18,0.007796
chuang2021_071,林豆,韩佩泉,18,0.007796
chuang2021_071,林豆,创4林豆迪士尼在逃王子,17,0.007362
chuang2021_071,林豆,张璋,17,0.007362
chuang2021_071,林豆,徐圣兹,17,0.007362
chuang2021_071,林豆,李家豪,17,0.007362
chuang2021_071,林豆,李沛洋,17,0.007362
chuang2021_071,林豆,李泽坤,17,0.007362
chuang2021_071,林豆,米卡,17,0.007362
chuang2021_071,林豆,谷柳霖,17,0.007362
chuang2021_071,林豆,张嘉元,16,0.006929
chuang2021_071,林豆,阿克朱力,16,0.006929
chuang2021_071,林豆,代少冬,15,0.006496
chuang2021_071,林豆,刘唐辉,15,0.006496
chuang2021_071,林豆,创造营闯人battle魂,15,0.006496
chuang2021_071,林豆,网页链接,15,0.006496
chuang2021_071,林豆,羽生田挙武,15,0.006496
chuang2021_071,林豆,荣耀,15,0.006496
chuang2021_071,林豆,任胤蓬,14,0.006063
chuang2021_071,林豆,刘宇,14,0.006063
chuang2021_071,林豆,甘望星,14,0.006063
chuang2021_071,林豆,赞多,14,0.006063
chuang2021_071,林豆,2021,13,0.00563
chuang2021_071,林豆,上原一翔,13,0.00563
chuang2021_071,林豆,伯远,13,0.00563
chuang2021_071,林豆,力丸,13,0.00563
chuang2021_071,林豆,吴海,13,0.00563
chuang2021_071,林豆,周柯宇,13,0.00563
chuang2021_071,林豆,尹浩宇,13,0.00563
chuang2021_071,林豆,庆怜,13,0.00563
chuang2021_071,林豆,张腾,13,0.00563
chuang2021_071,林豆,诺言,13,0.00563
chuang2021_071,林豆,陆定昊,13,0.00563
chuang2021_071,林豆,高卿尘,13,0.00563
chuang2021_071,林豆,于洋,12,0.005197
chuang2021_071,林豆,井胧,12,0.005197
chuang2021_071,林豆,付思超,12,0.005197
chuang2021_071,林豆,何圳煜,12,0.005197
chuang2021_071,林豆,何屹繁,12,0.005197
chuang2021_071,林豆,俞更寅,12,0.005197
chuang2021_071,林豆,叶皓然,12,0.005197
chuang2021_071,林豆,吴宇恒,12,0.005197
chuang2021_071,林豆,张欣尧,12,0.005197
chuang2021_071,林豆,罗言,12,0.005197
chuang2021_071,林豆,胡烨韬,12,0.005197
chuang2021_071,林豆,范臻尔,12,0.005197
chuang2021_071,林豆,一之濑飞鸟,11,0.004764
chuang2021_071,林豆,和马,11,0.004764
chuang2021_071,林豆,奥斯卡,11,0.004764
chuang2021_071,林豆,张星特,11,0.004764
chuang2021_071,林豆,赖耀翔,11,0.004764
chuang2021_071,林豆,me,10,0.004331
chuang2021_071,林豆,井汲大翔,10,0.004331
chuang2021_071,林豆,佐藤永翔,10,0.004331
chuang2021_071,林豆,何懿峻,10,0.004331
chuang2021_071,林豆,凌箫,10,0.004331
chuang2021_071,林豆,徐绍岚,10,0.004331
chuang2021_071,林豆,王孝辰,10,0.004331
chuang2021_071,林豆,蒋敦豪,10,0.004331
chuang2021_071,林豆,魏子越,10,0.004331
chuang2021_071,林豆,黄鲲,10,0.004331
chuang2021_071,林豆,刘彰,9,0.003898
chuang2021_071,林豆,曾涵江,9,0.003898
chuang2021_071,林豆,林煜修,9,0.003898
chuang2021_071,林豆,薛八一,9,0.003898
chuang2021_071,林豆,谢兴阳,9,0.003898
chuang2021_071,林豆,李洛尔,8,0.003465
chuang2021_071,林豆,192的大高个,7,0.003032
chuang2021_071,林豆,初舞台太欢乐了,7,0.003032
chuang2021_071,林豆,希望接下来的日子能多多看到长腿弟弟的镜头,7,0.003032
chuang2021_071,林豆,模特跨界来选秀的林豆,7,0.003032
chuang2021_071,林豆,腿真的快到我腰,7,0.003032
chuang2021_071,林豆,赖耀祥,7,0.003032
chuang2021_071,林豆,利路修中文教学太好笑了,6,0.002599
chuang2021_071,林豆,吃饭,6,0.002599
chuang2021_071,林豆,喝水,6,0.002599
chuang2021_071,林豆,慢点走,6,0.002599
chuang2021_071,林豆,来得及,6,0.002599
chuang2021_071,林豆,睡觉,6,0.002599
chuang2021_071,林豆,自行车安利博的微博视频,6,0.002599
chuang2021_071,林豆,00,5,0.002165
chuang2021_071,林豆,bronze,5,0.002165
chuang2021_071,林豆,ootd,5,0.002165
chuang2021_071,林豆,you,5,0.002165
chuang2021_071,林豆,上海时装周,5,0.002165
chuang2021_071,林豆,仿佛看见在教室努力学习的大家,5,0.002165
chuang2021_071,林豆,在宿舍教,5,0.002165
chuang2021_071,林豆,在宿舍耐心教,5,0.002165
chuang2021_071,林豆,学员,5,0.002165
chuang2021_071,林豆,宿舍的相处让利老师很开心,5,0.002165
chuang2021_071,林豆,新浪综艺的微博视频,5,0.002165
chuang2021_071,林豆,的样子,5,0.002165
chuang2021_071,林豆,的画面咋还有点美好,5,0.002165
chuang2021_071,林豆,笋丝们可以放心撑腰了,5,0.002165
chuang2021_071,林豆,还有,5,0.002165
chuang2021_071,林豆,里两个俄罗斯人教海外学员中文是什么奇奇怪怪的画面,5,0.002165
chuang2021_071,林豆,88,4,0.001732
chuang2021_071,林豆,boy,4,0.001732
chuang2021_071,林豆,bronzelucia,4,0.001732
chuang2021_071,林豆,lover,4,0.001732
chuang2021_071,林豆,lucia,4,0.001732
chuang2021_071,林豆,seebychloe,4,0.001732
chuang2021_071,林豆,创4一公练习室接力版,4,0.001732
chuang2021_071,林豆,周深,4,0.001732
chuang2021_071,林豆,喜内优心超话,4,0.001732
chuang2021_071,林豆,女孩,4,0.001732
chuang2021_071,林豆,感谢,4,0.001732
chuang2021_071,林豆,我欢喜喜欢你,4,0.001732
chuang2021_071,林豆,酷乐现场,4,0.001732
chuang2021_071,林豆,门胁慎刚超话,4,0.001732
chuang2021_071,林豆,192的个子腕线过裆,3,0.001299
chuang2021_071,林豆,20,3,0.001299
chuang2021_071,林豆,24,3,0.001299
chuang2021_071,林豆,4月2日16,3,0.001299
chuang2021_071,林豆,8组人气偶像惊喜空降,3,0.001299
chuang2021_071,林豆,amber刘逸云,3,0.001299
chuang2021_071,林豆,butter,3,0.001299
chuang2021_071,林豆,fly,3,0.001299
chuang2021_071,林豆,lit,3,0.001299
chuang2021_071,林豆,nene郑乃馨,3,0.001299
chuang2021_071,林豆,radio,3,0.001299
chuang2021_071,林豆,ready,3,0.001299
chuang2021_071,林豆,yummy,3,0.001299
chuang2021_071,林豆,上海,3,0.001299
chuang2021_071,林豆,作为怪物,3,0.001299
chuang2021_071,林豆,刘严冬季超话,3,0.001299
chuang2021_071,林豆,刘聪liucong超话,3,0.001299
chuang2021_071,林豆,创4学员默契通关全记录,3,0.001299
chuang2021_071,林豆,助教,3,0.001299
chuang2021_071,林豆,周震南,3,0.001299
chuang2021_071,林豆,宁静,3,0.001299
chuang2021_071,林豆,导师,3,0.001299
chuang2021_071,林豆,怿涵超话,3,0.001299
chuang2021_071,林豆,敢造,3,0.001299
chuang2021_071,林豆,无畏青春,3,0.001299
chuang2021_071,林豆,是恩典啊,3,0.001299
chuang2021_071,林豆,曹左超话,3,0.001299
chuang2021_071,林豆,李嘉豪,3,0.001299
chuang2021_071,林豆,林豆真的好像动画里的人物,3,0.001299
chuang2021_071,林豆,江子牙,3,0.001299
chuang2021_071,林豆,海南儋州,3,0.001299
chuang2021_071,林豆,清爽又简单,3,0.001299
chuang2021_071,林豆,爱我ready,3,0.001299
chuang2021_071,林豆,王泽浩超话,3,0.001299
chuang2021_071,林豆,直播抢先预约,3,0.001299
chuang2021_071,林豆,瞬移,3,0.001299
chuang2021_071,林豆,破茧,3,0.001299
chuang2021_071,林豆,终于等到帅气林豆的初舞台了,3,0.001299
chuang2021_071,林豆,腾讯视频wetv的微博视频,3,0.001299
chuang2021_071,林豆,蓝色渲染衬衫搭配牛仔裤,3,0.001299
chuang2021_071,林豆,超级冠军,3,0.001299
chuang2021_071,林豆,邓超,3,0.001299
chuang2021_071,林豆,酷狗直播的微博视频,3,0.001299
chuang2021_071,林豆,酷狗首唱会,3,0.001299
chuang2021_071,林豆,醉拳,3,0.001299
chuang2021_071,林豆,霓虹甜心,3,0.001299
chuang2021_071,林豆,2021秋冬上海时装周,2,0.000866
chuang2021_071,林豆,5分钟,2,0.000866
chuang2021_071,林豆,ak刘彰,2,0.000866
chuang2021_071,林豆,amu羽生田挙武,2,0.000866
chuang2021_071,林豆,best周柯宇,2,0.000866
chuang2021_071,林豆,ecat,2,0.000866
chuang2021_071,林豆,eseecarrie,2,0.000866
chuang2021_071,林豆,eseecarrie的微博视频,2,0.000866
chuang2021_071,林豆,esee英模,2,0.000866
chuang2021_071,林豆,for,2,0.000866
chuang2021_071,林豆,hedy,2,0.000866
chuang2021_071,林豆,house,2,0.000866
chuang2021_071,林豆,kvk,2,0.000866
chuang2021_071,林豆,lucia秋冬时装周大秀倒计时第4天,2,0.000866
chuang2021_071,林豆,qq音乐,2,0.000866
chuang2021_071,林豆,r1se,2,0.000866
chuang2021_071,林豆,seebychlo,2,0.000866
chuang2021_071,林豆,stuart,2,0.000866
chuang2021_071,林豆,vr,2,0.000866
chuang2021_071,林豆,weitzman,2,0.000866
chuang2021_071,林豆,wetv创造营采访ep5,2,0.000866
chuang2021_071,林豆,ysl,2,0.000866
chuang2021_071,林豆,yuu喜内优心,2,0.000866
chuang2021_071,林豆,一之濑asuka,2,0.000866
chuang2021_071,林豆,一公分组,2,0.000866
chuang2021_071,林豆,上闯,2,0.000866
chuang2021_071,林豆,不同场景拍照挑战,2,0.000866
chuang2021_071,林豆,不断突破的新锐演员,2,0.000866
chuang2021_071,林豆,不负期待,2,0.000866
chuang2021_071,林豆,与我们一起创造无限可能,2,0.000866
chuang2021_071,林豆,主题曲盲盒挑战,2,0.000866
chuang2021_071,林豆,于雷harvery,2,0.000866
chuang2021_071,林豆,他是不惧探索的追梦少年,2,0.000866
chuang2021_071,林豆,他是怀揣初心,2,0.000866
chuang2021_071,林豆,他是演技与歌声俱佳的硬朗男孩,2,0.000866
chuang2021_071,林豆,他是魅力与实力双重在线的潜力演员,2,0.000866
chuang2021_071,林豆,代少冬林豆荣耀后背画画游戏挑战,2,0.000866
chuang2021_071,林豆,信号少年团的初亮相,2,0.000866
chuang2021_071,林豆,冒险岛,2,0.000866
chuang2021_071,林豆,出道吧新星,2,0.000866
chuang2021_071,林豆,分享专辑,2,0.000866
chuang2021_071,林豆,创4全员主题曲舞台爷青回,2,0.000866
chuang2021_071,林豆,创4学员好多面,2,0.000866
chuang2021_071,林豆,创4排名,2,0.000866
chuang2021_071,林豆,创4第一次顺位发布,2,0.000866
chuang2021_071,林豆,创二公有正规名额,2,0.000866
chuang2021_071,林豆,创造营2021学员,2,0.000866
chuang2021_071,林豆,创造营排名,2,0.000866
chuang2021_071,林豆,创造营采访ep5,2,0.000866
chuang2021_071,林豆,创造青春,2,0.000866
chuang2021_071,林豆,加油,2,0.000866
chuang2021_071,林豆,加注能量啦,2,0.000866
chuang2021_071,林豆,包包,2,0.000866
chuang2021_071,林豆,卡子哥真是温柔本身,2,0.000866
chuang2021_071,林豆,可可爱爱的事会是啥捏,2,0.000866
chuang2021_071,林豆,吃瓜不信瓜,2,0.000866
chuang2021_071,林豆,合影啦,2,0.000866
chuang2021_071,林豆,吴小cai超话,2,0.000866
chuang2021_071,林豆,哈哈哈哈哈哈,2,0.000866
chuang2021_071,林豆,在seebychlo,2,0.000866
chuang2021_071,林豆,在岛上学到的中文,2,0.000866
chuang2021_071,林豆,复古潮流和古灵精怪,2,0.000866
chuang2021_071,林豆,天翼云vr,2,0.000866
chuang2021_071,林豆,奇奇怪怪,2,0.000866
chuang2021_071,林豆,好幸福,2,0.000866
chuang2021_071,林豆,媒体问答,2,0.000866
chuang2021_071,林豆,学员能量榜为你,2,0.000866
chuang2021_071,林豆,学员荣耀选择挑战后背画画游戏,2,0.000866
chuang2021_071,林豆,完整版将于17点在wetv上线,2,0.000866
chuang2021_071,林豆,宿舍里的有趣经历,2,0.000866
chuang2021_071,林豆,将2021春夏系列,2,0.000866
chuang2021_071,林豆,将高级与浪漫融入到服装中,2,0.000866
chuang2021_071,林豆,少年们口中各种,2,0.000866
chuang2021_071,林豆,希华馆,2,0.000866
chuang2021_071,林豆,帽子,2,0.000866
chuang2021_071,林豆,弟弟冲鸭,2,0.000866
chuang2021_071,林豆,微博综艺的微博视频,2,0.000866
chuang2021_071,林豆,快来挖料啦,2,0.000866
chuang2021_071,林豆,怎么感觉刚画了两条长线虚线,2,0.000866
chuang2021_071,林豆,想让更多人看到如此优秀的你,2,0.000866
chuang2021_071,林豆,我们一起闯,2,0.000866
chuang2021_071,林豆,我在纯甄,2,0.000866
chuang2021_071,林豆,我的评分,2,0.000866
chuang2021_071,林豆,戴学霖,2,0.000866
chuang2021_071,林豆,手机壳,2,0.000866
chuang2021_071,林豆,担心朋友离开,2,0.000866
chuang2021_071,林豆,挡不住的贵气,2,0.000866
chuang2021_071,林豆,揭秘,2,0.000866
chuang2021_071,林豆,携手腾讯视频联合制作,2,0.000866
chuang2021_071,林豆,敲期待der,2,0.000866
chuang2021_071,林豆,明星团,2,0.000866
chuang2021_071,林豆,昨天去上海时装周啦,2,0.000866
chuang2021_071,林豆,暖一下,2,0.000866
chuang2021_071,林豆,最喜欢的舞台,2,0.000866
chuang2021_071,林豆,未来可期,2,0.000866
chuang2021_071,林豆,本季大秀,2,0.000866
chuang2021_071,林豆,李洛尔zok,2,0.000866
chuang2021_071,林豆,李洛尔李沛洋,2,0.000866
chuang2021_071,林豆,李砚很白,2,0.000866
chuang2021_071,林豆,杨添小兄弟,2,0.000866
chuang2021_071,林豆,林墨超话,2,0.000866
chuang2021_071,林豆,林豆就说结束了,2,0.000866
chuang2021_071,林豆,林豆真的超显眼,2,0.000866
chuang2021_071,林豆,每一次都充满了新鲜感,2,0.000866
chuang2021_071,林豆,每日穿搭,2,0.000866
chuang2021_071,林豆,比例真好,2,0.000866
chuang2021_071,林豆,沸羊羊晋级把米卡抱起来转圈圈,2,0.000866
chuang2021_071,林豆,海鹅和她的朋友们,2,0.000866
chuang2021_071,林豆,独门绝技少不了,2,0.000866
chuang2021_071,林豆,的邀请,2,0.000866
chuang2021_071,林豆,的采访正片上线啦,2,0.000866
chuang2021_071,林豆,真的好像混血王子哦,2,0.000866
chuang2021_071,林豆,秀场看到了,2,0.000866
chuang2021_071,林豆,第一轮淘汰名单,2,0.000866
chuang2021_071,林豆,第二次公演,2,0.000866
chuang2021_071,林豆,简直有2个我那么高,2,0.000866
chuang2021_071,林豆,米卡为庆怜加油,2,0.000866
chuang2021_071,林豆,米卡单人cut,2,0.000866
chuang2021_071,林豆,米卡安慰林豆的动作太温柔了,2,0.000866
chuang2021_071,林豆,米卡曾涵江友谊,2,0.000866
chuang2021_071,林豆,米卡笑容好温暖,2,0.000866
chuang2021_071,林豆,米卡第四名感言,2,0.000866
chuang2021_071,林豆,结束后还和,2,0.000866
chuang2021_071,林豆,羽生田学武,2,0.000866
chuang2021_071,林豆,至拥有85年历史的上海古老建筑hellas,2,0.000866
chuang2021_071,林豆,芒果影视台的微博视频,2,0.000866
chuang2021_071,林豆,花絮,2,0.000866
chuang2021_071,林豆,衬衫,2,0.000866
chuang2021_071,林豆,被花花包围,2,0.000866
chuang2021_071,林豆,要的来,2,0.000866
chuang2021_071,林豆,请收好,2,0.000866
chuang2021_071,林豆,超心动福利在等着你哟,2,0.000866
chuang2021_071,林豆,超级圆满快乐的一天,2,0.000866
chuang2021_071,林豆,辉仔,2,0.000866
chuang2021_071,林豆,配饰,2,0.000866
chuang2021_071,林豆,铸梦未来,2,0.000866
chuang2021_071,林豆,闯人花式挑战主题曲,2,0.000866
chuang2021_071,林豆,阿克朱立,2,0.000866
chuang2021_071,林豆,需审核,2,0.000866
chuang2021_071,林豆,靴子,2,0.000866
chuang2021_071,林豆,鲜明活泼的色彩,2,0.000866
chuang2021_072,原部凌,原部凌,129,0.062958
chuang2021_072,原部凌,收起,55,0.026842
chuang2021_072,原部凌,创造营2021原部凌,50,0.024402
chuang2021_072,原部凌,原部凌超话,49,0.023914
chuang2021_072,原部凌,人体节拍器,36,0.01757
chuang2021_072,原部凌,吴宇恒,31,0.015129
chuang2021_072,原部凌,俞更寅,29,0.014153
chuang2021_072,原部凌,张欣尧,29,0.014153
chuang2021_072,原部凌,吴海,24,0.011713
chuang2021_072,原部凌,ryo,23,0.011225
chuang2021_072,原部凌,日本,23,0.011225
chuang2021_072,原部凌,女孩,18,0.008785
chuang2021_072,原部凌,福冈市,18,0.008785
chuang2021_072,原部凌,肖力桓,18,0.008785
chuang2021_072,原部凌,一之濑飞鸟,14,0.006833
chuang2021_072,原部凌,网页链接,14,0.006833
chuang2021_072,原部凌,上原一翔,13,0.006345
chuang2021_072,原部凌,佐藤永翔,13,0.006345
chuang2021_072,原部凌,林墨,13,0.006345
chuang2021_072,原部凌,赞多,13,0.006345
chuang2021_072,原部凌,都筑雄哉,13,0.006345
chuang2021_072,原部凌,付思超,11,0.005368
chuang2021_072,原部凌,伯远,11,0.005368
chuang2021_072,原部凌,刘宇,11,0.005368
chuang2021_072,原部凌,周柯宇,11,0.005368
chuang2021_072,原部凌,甘望星,11,0.005368
chuang2021_072,原部凌,高卿尘,11,0.005368
chuang2021_072,原部凌,于洋,10,0.00488
chuang2021_072,原部凌,今日,10,0.00488
chuang2021_072,原部凌,代少冬,10,0.00488
chuang2021_072,原部凌,力丸,10,0.00488
chuang2021_072,原部凌,喜内优心,10,0.00488
chuang2021_072,原部凌,张嘉元,10,0.00488
chuang2021_072,原部凌,张星特,10,0.00488
chuang2021_072,原部凌,胡烨韬,10,0.00488
chuang2021_072,原部凌,门胁慎刚,10,0.00488
chuang2021_072,原部凌,頑張,10,0.00488
chuang2021_072,原部凌,井胧,9,0.004392
chuang2021_072,原部凌,任胤蓬,9,0.004392
chuang2021_072,原部凌,刘彰,9,0.004392
chuang2021_072,原部凌,刘聪,9,0.004392
chuang2021_072,原部凌,叶皓然,9,0.004392
chuang2021_072,原部凌,大卫,9,0.004392
chuang2021_072,原部凌,奥斯卡,9,0.004392
chuang2021_072,原部凌,尹浩宇,9,0.004392
chuang2021_072,原部凌,屈柏宇,9,0.004392
chuang2021_072,原部凌,张腾,9,0.004392
chuang2021_072,原部凌,投稿,9,0.004392
chuang2021_072,原部凌,李政庭,9,0.004392
chuang2021_072,原部凌,李沛洋,9,0.004392
chuang2021_072,原部凌,米卡,9,0.004392
chuang2021_072,原部凌,荣耀,9,0.004392
chuang2021_072,原部凌,诺言,9,0.004392
chuang2021_072,原部凌,陆定昊,9,0.004392
chuang2021_072,原部凌,陈俊洁,9,0.004392
chuang2021_072,原部凌,buling,8,0.003904
chuang2021_072,原部凌,井汲大翔,8,0.003904
chuang2021_072,原部凌,何圳煜,8,0.003904
chuang2021_072,原部凌,何屹繁,8,0.003904
chuang2021_072,原部凌,刘唐辉,8,0.003904
chuang2021_072,原部凌,创造营2021超话,8,0.003904
chuang2021_072,原部凌,利路修,8,0.003904
chuang2021_072,原部凌,卢克,8,0.003904
chuang2021_072,原部凌,安迪,8,0.003904
chuang2021_072,原部凌,怿涵,8,0.003904
chuang2021_072,原部凌,曹左,8,0.003904
chuang2021_072,原部凌,李泰龙,8,0.003904
chuang2021_072,原部凌,林豆,8,0.003904
chuang2021_072,原部凌,王孝辰,8,0.003904
chuang2021_072,原部凌,羽生田挙武,8,0.003904
chuang2021_072,原部凌,蒋敦豪,8,0.003904
chuang2021_072,原部凌,薛八一,8,0.003904
chuang2021_072,原部凌,谢兴阳,8,0.003904
chuang2021_072,原部凌,赖耀翔,8,0.003904
chuang2021_072,原部凌,邵明明,8,0.003904
chuang2021_072,原部凌,郑明鑫,8,0.003904
chuang2021_072,原部凌,隅田隼平,8,0.003904
chuang2021_072,原部凌,韦语节,8,0.003904
chuang2021_072,原部凌,魏子越,8,0.003904
chuang2021_072,原部凌,一公舞台,7,0.003416
chuang2021_072,原部凌,何懿峻,7,0.003416
chuang2021_072,原部凌,和马,7,0.003416
chuang2021_072,原部凌,徐圣兹,7,0.003416
chuang2021_072,原部凌,曾涵江,7,0.003416
chuang2021_072,原部凌,李洛尔,7,0.003416
chuang2021_072,原部凌,林煜修,7,0.003416
chuang2021_072,原部凌,纯享,7,0.003416
chuang2021_072,原部凌,罗言,7,0.003416
chuang2021_072,原部凌,范臻尔,7,0.003416
chuang2021_072,原部凌,谷柳霖,7,0.003416
chuang2021_072,原部凌,贵尚奇,7,0.003416
chuang2021_072,原部凌,韩佩泉,7,0.003416
chuang2021_072,原部凌,黄鲲,7,0.003416
chuang2021_072,原部凌,boy,6,0.002928
chuang2021_072,原部凌,we,6,0.002928
chuang2021_072,原部凌,一颗别圆了,6,0.002928
chuang2021_072,原部凌,凌箫,6,0.002928
chuang2021_072,原部凌,刘严冬季,6,0.002928
chuang2021_072,原部凌,加注能量啦,6,0.002928
chuang2021_072,原部凌,助你获得惊喜曝光资源,6,0.002928
chuang2021_072,原部凌,学员能量榜为你,6,0.002928
chuang2021_072,原部凌,庆怜,6,0.002928
chuang2021_072,原部凌,张璋,6,0.002928
chuang2021_072,原部凌,徐绍岚,6,0.002928
chuang2021_072,原部凌,想让更多人看到如此优秀的你,6,0.002928
chuang2021_072,原部凌,感謝,6,0.002928
chuang2021_072,原部凌,我在纯甄,6,0.002928
chuang2021_072,原部凌,李泽坤,6,0.002928
chuang2021_072,原部凌,来看看原部凌弟弟的表现吧,6,0.002928
chuang2021_072,原部凌,王泽浩,6,0.002928
chuang2021_072,原部凌,田口馨也,6,0.002928
chuang2021_072,原部凌,谢谢,6,0.002928
chuang2021_072,原部凌,钱政宇,6,0.002928
chuang2021_072,原部凌,陈瑞丰,6,0.002928
chuang2021_072,原部凌,88,5,0.00244
chuang2021_072,原部凌,anymore,5,0.00244
chuang2021_072,原部凌,don,5,0.00244
chuang2021_072,原部凌,fly,5,0.00244
chuang2021_072,原部凌,hack,5,0.00244
chuang2021_072,原部凌,lover,5,0.00244
chuang2021_072,原部凌,talk,5,0.00244
chuang2021_072,原部凌,you,5,0.00244
chuang2021_072,原部凌,东京,5,0.00244
chuang2021_072,原部凌,創造営2021,5,0.00244
chuang2021_072,原部凌,大家,5,0.00244
chuang2021_072,原部凌,弟弟们的趣味接力是什么甜度pk大赛吗,5,0.00244
chuang2021_072,原部凌,我欢喜喜欢你,5,0.00244
chuang2021_072,原部凌,新浪综艺的微博视频,5,0.00244
chuang2021_072,原部凌,李嘉祥,5,0.00244
chuang2021_072,原部凌,李家豪,5,0.00244
chuang2021_072,原部凌,每一个都甜到心里去了,5,0.00244
chuang2021_072,原部凌,的练习室版也不容错过,5,0.00244
chuang2021_072,原部凌,还有,5,0.00244
chuang2021_072,原部凌,阿克朱力,5,0.00244
chuang2021_072,原部凌,72名,4,0.001952
chuang2021_072,原部凌,butter,4,0.001952
chuang2021_072,原部凌,doki粉丝数,4,0.001952
chuang2021_072,原部凌,lit,4,0.001952
chuang2021_072,原部凌,me,4,0.001952
chuang2021_072,原部凌,qq音乐乐力值,4,0.001952
chuang2021_072,原部凌,radio,4,0.001952
chuang2021_072,原部凌,ready,4,0.001952
chuang2021_072,原部凌,yummy,4,0.001952
chuang2021_072,原部凌,一緒,4,0.001952
chuang2021_072,原部凌,一起为他助力戳,4,0.001952
chuang2021_072,原部凌,一起闯,4,0.001952
chuang2021_072,原部凌,不忘初心,4,0.001952
chuang2021_072,原部凌,作为怪物,4,0.001952
chuang2021_072,原部凌,你一定能拿下,4,0.001952
chuang2021_072,原部凌,创造营2021榜,4,0.001952
chuang2021_072,原部凌,创造营2021榜好成绩,4,0.001952
chuang2021_072,原部凌,加油,4,0.001952
chuang2021_072,原部凌,各项榜单,4,0.001952
chuang2021_072,原部凌,名次,4,0.001952
chuang2021_072,原部凌,增长,4,0.001952
chuang2021_072,原部凌,对不起,4,0.001952
chuang2021_072,原部凌,微博明星势力榜,4,0.001952
chuang2021_072,原部凌,微博海岛补给站,4,0.001952
chuang2021_072,原部凌,微博粉丝数,4,0.001952
chuang2021_072,原部凌,応援,4,0.001952
chuang2021_072,原部凌,拼尽全力,4,0.001952
chuang2021_072,原部凌,放送,4,0.001952
chuang2021_072,原部凌,数据晚报,4,0.001952
chuang2021_072,原部凌,方得始终,4,0.001952
chuang2021_072,原部凌,明日,4,0.001952
chuang2021_072,原部凌,明星势力榜,4,0.001952
chuang2021_072,原部凌,昨日,4,0.001952
chuang2021_072,原部凌,晚上好,4,0.001952
chuang2021_072,原部凌,晚安,4,0.001952
chuang2021_072,原部凌,涨幅,4,0.001952
chuang2021_072,原部凌,爱我ready,4,0.001952
chuang2021_072,原部凌,画面越,4,0.001952
chuang2021_072,原部凌,破茧,4,0.001952
chuang2021_072,原部凌,第一周排名,4,0.001952
chuang2021_072,原部凌,素晴,4,0.001952
chuang2021_072,原部凌,綺麗,4,0.001952
chuang2021_072,原部凌,緊張,4,0.001952
chuang2021_072,原部凌,约0,4,0.001952
chuang2021_072,原部凌,腾讯视频发电站,4,0.001952
chuang2021_072,原部凌,超级冠军,4,0.001952
chuang2021_072,原部凌,较昨日,4,0.001952
chuang2021_072,原部凌,醉拳,4,0.001952
chuang2021_072,原部凌,霓虹甜心,4,0.001952
chuang2021_072,原部凌,14开启新一轮,3,0.001464
chuang2021_072,原部凌,2位,3,0.001464
chuang2021_072,原部凌,2月总榜第70位,3,0.001464
chuang2021_072,原部凌,71名,3,0.001464
chuang2021_072,原部凌,any,3,0.001464
chuang2021_072,原部凌,more,3,0.001464
chuang2021_072,原部凌,saltsweeet的微博视频,3,0.001464
chuang2021_072,原部凌,ss独家专访,3,0.001464
chuang2021_072,原部凌,wetv,3,0.001464
chuang2021_072,原部凌,一起聊了好多营里的趣事,3,0.001464
chuang2021_072,原部凌,不变,3,0.001464
chuang2021_072,原部凌,今日还没做任务的粉丝朋友们,3,0.001464
chuang2021_072,原部凌,但是,3,0.001464
chuang2021_072,原部凌,做客ss访谈,3,0.001464
chuang2021_072,原部凌,全力,3,0.001464
chuang2021_072,原部凌,其实,3,0.001464
chuang2021_072,原部凌,创造营成团夜,3,0.001464
chuang2021_072,原部凌,原部凌加试舞蹈,3,0.001464
chuang2021_072,原部凌,原部凌团体初舞台,3,0.001464
chuang2021_072,原部凌,参加,3,0.001464
chuang2021_072,原部凌,和打投组招人欢迎各位来参加,3,0.001464
chuang2021_072,原部凌,哥哥们,3,0.001464
chuang2021_072,原部凌,大好,3,0.001464
chuang2021_072,原部凌,女孩组,3,0.001464
chuang2021_072,原部凌,学校,3,0.001464
chuang2021_072,原部凌,微博正文,3,0.001464
chuang2021_072,原部凌,微视buff榜,3,0.001464
chuang2021_072,原部凌,我真是太高兴了,3,0.001464
chuang2021_072,原部凌,数据截至3,3,0.001464
chuang2021_072,原部凌,的祝福,3,0.001464
chuang2021_072,原部凌,看过来,3,0.001464
chuang2021_072,原部凌,第50位,3,0.001464
chuang2021_072,原部凌,第二周排名,3,0.001464
chuang2021_072,原部凌,纯甄能量榜,3,0.001464
chuang2021_072,原部凌,美味,3,0.001464
chuang2021_072,原部凌,腾讯视频,3,0.001464
chuang2021_072,原部凌,見届,3,0.001464
chuang2021_072,原部凌,评论区,3,0.001464
chuang2021_072,原部凌,赶上啦,3,0.001464
chuang2021_072,原部凌,超级可爱的,3,0.001464
chuang2021_072,原部凌,还有对于今晚参加总决赛的,3,0.001464
chuang2021_072,原部凌,那么,3,0.001464
chuang2021_072,原部凌,10,2,0.000976
chuang2021_072,原部凌,11,2,0.000976
chuang2021_072,原部凌,12,2,0.000976
chuang2021_072,原部凌,1位,2,0.000976
chuang2021_072,原部凌,2021,2,0.000976
chuang2021_072,原部凌,2w,2,0.000976
chuang2021_072,原部凌,3位,2,0.000976
chuang2021_072,原部凌,4月24日土曜日,2,0.000976
chuang2021_072,原部凌,9位,2,0.000976
chuang2021_072,原部凌,ak,2,0.000976
chuang2021_072,原部凌,am,2,0.000976
chuang2021_072,原部凌,amu羽生田挙武,2,0.000976
chuang2021_072,原部凌,believer,2,0.000976
chuang2021_072,原部凌,bling,2,0.000976
chuang2021_072,原部凌,dm等,2,0.000976
chuang2021_072,原部凌,final,2,0.000976
chuang2021_072,原部凌,good,2,0.000976
chuang2021_072,原部凌,joker,2,0.000976
chuang2021_072,原部凌,live生配信,2,0.000976
chuang2021_072,原部凌,ps,2,0.000976
chuang2021_072,原部凌,saltsweeet,2,0.000976
chuang2021_072,原部凌,therefore,2,0.000976
chuang2021_072,原部凌,to,2,0.000976
chuang2021_072,原部凌,wetv限定企划的直播,2,0.000976
chuang2021_072,原部凌,wetv限定企画,2,0.000976
chuang2021_072,原部凌,yuu喜内优心,2,0.000976
chuang2021_072,原部凌,一公,2,0.000976
chuang2021_072,原部凌,一公分组,2,0.000976
chuang2021_072,原部凌,一公直拍,2,0.000976
chuang2021_072,原部凌,不好意思,2,0.000976
chuang2021_072,原部凌,中国語,2,0.000976
chuang2021_072,原部凌,也非常感谢大家能够理解,2,0.000976
chuang2021_072,原部凌,今天一天辛苦啦,2,0.000976
chuang2021_072,原部凌,今天我开始上学了,2,0.000976
chuang2021_072,原部凌,他说自己从第一次登上舞台后就深深感受到了舞台的魅力,2,0.000976
chuang2021_072,原部凌,但是我非常期待与大家见面,2,0.000976
chuang2021_072,原部凌,候補,2,0.000976
chuang2021_072,原部凌,全力为大家撑腰,2,0.000976
chuang2021_072,原部凌,写真,2,0.000976
chuang2021_072,原部凌,出来,2,0.000976
chuang2021_072,原部凌,创4一公分组,2,0.000976
chuang2021_072,原部凌,创4排名,2,0.000976
chuang2021_072,原部凌,创造营2021学员原部凌,2,0.000976
chuang2021_072,原部凌,创造营2021晚安哄睡,2,0.000976
chuang2021_072,原部凌,加试全记录,2,0.000976
chuang2021_072,原部凌,原部凌的微博视频,2,0.000976
chuang2021_072,原部凌,只有在wetv才能看,2,0.000976
chuang2021_072,原部凌,可能无法回复,2,0.000976
chuang2021_072,原部凌,吉祥弟弟,2,0.000976
chuang2021_072,原部凌,名前,2,0.000976
chuang2021_072,原部凌,向大家提问,2,0.000976
chuang2021_072,原部凌,吴宇恒14名,2,0.000976
chuang2021_072,原部凌,吴宇恒哭到嘴唇发抖,2,0.000976
chuang2021_072,原部凌,吴宇恒用下半张脸哭,2,0.000976
chuang2021_072,原部凌,哭得最凶的一定是,2,0.000976
chuang2021_072,原部凌,喜内忧心,2,0.000976
chuang2021_072,原部凌,在自己的好朋友,2,0.000976
chuang2021_072,原部凌,在顺次发布,2,0.000976
chuang2021_072,原部凌,大家一起来看创造营2021的final吧,2,0.000976
chuang2021_072,原部凌,大家对不起,2,0.000976
chuang2021_072,原部凌,大家想让我在第二场公演中展示的曲子是什么呢,2,0.000976
chuang2021_072,原部凌,大家晚上好,2,0.000976
chuang2021_072,原部凌,太让人心疼了,2,0.000976
chuang2021_072,原部凌,如果可以的话,2,0.000976
chuang2021_072,原部凌,対応出来,2,0.000976
chuang2021_072,原部凌,弟弟,2,0.000976
chuang2021_072,原部凌,弟弟哭到嘴唇都在发抖,2,0.000976
chuang2021_072,原部凌,弟弟回应了自己被问想做演员还是做男团的问题,2,0.000976
chuang2021_072,原部凌,当然也想继续投稿,2,0.000976
chuang2021_072,原部凌,恩返,2,0.000976
chuang2021_072,原部凌,我也许会变忙,2,0.000976
chuang2021_072,原部凌,我会仔细看,2,0.000976
chuang2021_072,原部凌,我在画面前也非常紧张,2,0.000976
chuang2021_072,原部凌,我很高兴,2,0.000976
chuang2021_072,原部凌,我快哭了,2,0.000976
chuang2021_072,原部凌,我想报答大家,2,0.000976
chuang2021_072,原部凌,我想让大家也尝尝,2,0.000976
chuang2021_072,原部凌,我的候选是跳舞哦,2,0.000976
chuang2021_072,原部凌,我要参加,2,0.000976
chuang2021_072,原部凌,我试着改了一下,2,0.000976
chuang2021_072,原部凌,戴学霖,2,0.000976
chuang2021_072,原部凌,所以,2,0.000976
chuang2021_072,原部凌,所以希望大家可以谅解,2,0.000976
chuang2021_072,原部凌,所以让我们一起努力吧,2,0.000976
chuang2021_072,原部凌,披露,2,0.000976
chuang2021_072,原部凌,抽奖详情,2,0.000976
chuang2021_072,原部凌,换装秀,2,0.000976
chuang2021_072,原部凌,日中通訳者,2,0.000976
chuang2021_072,原部凌,日本時間19時45分,2,0.000976
chuang2021_072,原部凌,时间是4月24日周六日本时间19点45分,2,0.000976
chuang2021_072,原部凌,昨天大家告诉我我的投稿里有许多错误,2,0.000976
chuang2021_072,原部凌,是哪个呢,2,0.000976
chuang2021_072,原部凌,時間,2,0.000976
chuang2021_072,原部凌,最終回,2,0.000976
chuang2021_072,原部凌,有能力回复的时候我会回复,2,0.000976
chuang2021_072,原部凌,本当,2,0.000976
chuang2021_072,原部凌,来和你说晚安啦,2,0.000976
chuang2021_072,原部凌,没能进入前55名后,2,0.000976
chuang2021_072,原部凌,然后我吃了那个草莓,2,0.000976
chuang2021_072,原部凌,理解,2,0.000976
chuang2021_072,原部凌,看到大家很棒的舞台,2,0.000976
chuang2021_072,原部凌,第2公演,2,0.000976
chuang2021_072,原部凌,第51位,2,0.000976
chuang2021_072,原部凌,第58位,2,0.000976
chuang2021_072,原部凌,练习室版,2,0.000976
chuang2021_072,原部凌,终于二公播出了,2,0.000976
chuang2021_072,原部凌,腾讯视频创造营2021,2,0.000976
chuang2021_072,原部凌,自慢,2,0.000976
chuang2021_072,原部凌,自行车安利博的微博视频,2,0.000976
chuang2021_072,原部凌,花式制服变装,2,0.000976
chuang2021_072,原部凌,草莓和樱桃都长得很漂亮,2,0.000976
chuang2021_072,原部凌,虽然是隔着画面,2,0.000976
chuang2021_072,原部凌,被螃蟹钳了一下下,2,0.000976
chuang2021_072,原部凌,誤字,2,0.000976
chuang2021_072,原部凌,让我也很想念舞台了呢,2,0.000976
chuang2021_072,原部凌,请多关照,2,0.000976
chuang2021_072,原部凌,質問,2,0.000976
chuang2021_072,原部凌,这个是我在家养大的,2,0.000976
chuang2021_072,原部凌,这也是他来创造营的原因,2,0.000976
chuang2021_072,原部凌,这段发言深深感受到了弟弟对舞台的热爱,2,0.000976
chuang2021_072,原部凌,那就带着这份热爱向自己心里的目标发起冲击吧,2,0.000976
chuang2021_072,原部凌,都筑雄哉也会参加,2,0.000976
chuang2021_072,原部凌,都築雄哉,2,0.000976
chuang2021_072,原部凌,阿克朱立,2,0.000976
chuang2021_072,原部凌,非常感谢大家教我,2,0.000976
chuang2021_072,原部凌,非常感谢大家的评论和私信,2,0.000976
chuang2021_072,原部凌,非常甜非常好吃,2,0.000976
chuang2021_072,原部凌,顺便说一下,2,0.000976
chuang2021_072,原部凌,首场公演直拍,2,0.000976
chuang2021_073,陈俊洁,陈俊洁,119,0.053531
chuang2021_073,陈俊洁,李沛洋,60,0.026991
chuang2021_073,陈俊洁,郑明鑫,60,0.026991
chuang2021_073,陈俊洁,收起,52,0.023392
chuang2021_073,陈俊洁,陈俊洁超话,39,0.017544
chuang2021_073,陈俊洁,张嘉元,33,0.014845
chuang2021_073,陈俊洁,张腾,32,0.014395
chuang2021_073,陈俊洁,林墨,32,0.014395
chuang2021_073,陈俊洁,向全世界安利陈俊洁,24,0.010796
chuang2021_073,陈俊洁,井汲大翔,23,0.010346
chuang2021_073,陈俊洁,张星特,23,0.010346
chuang2021_073,陈俊洁,奇妙练习室,21,0.009447
chuang2021_073,陈俊洁,张欣尧,21,0.009447
chuang2021_073,陈俊洁,刘聪,20,0.008997
chuang2021_073,陈俊洁,叶皓然,20,0.008997
chuang2021_073,陈俊洁,吴宇恒,20,0.008997
chuang2021_073,陈俊洁,吴海,20,0.008997
chuang2021_073,陈俊洁,周柯宇,20,0.008997
chuang2021_073,陈俊洁,李政庭,20,0.008997
chuang2021_073,陈俊洁,李泰龙,20,0.008997
chuang2021_073,陈俊洁,甘望星,20,0.008997
chuang2021_073,陈俊洁,井胧,19,0.008547
chuang2021_073,陈俊洁,付思超,19,0.008547
chuang2021_073,陈俊洁,任胤蓬,19,0.008547
chuang2021_073,陈俊洁,伯远,19,0.008547
chuang2021_073,陈俊洁,何屹繁,19,0.008547
chuang2021_073,陈俊洁,俞更寅,19,0.008547
chuang2021_073,陈俊洁,刘宇,19,0.008547
chuang2021_073,陈俊洁,屈柏宇,19,0.008547
chuang2021_073,陈俊洁,怿涵,19,0.008547
chuang2021_073,陈俊洁,胡烨韬,19,0.008547
chuang2021_073,陈俊洁,陆定昊,19,0.008547
chuang2021_073,陈俊洁,韦语节,19,0.008547
chuang2021_073,陈俊洁,原部凌,18,0.008097
chuang2021_073,陈俊洁,林豆,18,0.008097
chuang2021_073,陈俊洁,荣耀,18,0.008097
chuang2021_073,陈俊洁,诺言,18,0.008097
chuang2021_073,陈俊洁,88,17,0.007647
chuang2021_073,陈俊洁,boy,17,0.007647
chuang2021_073,陈俊洁,lover,17,0.007647
chuang2021_073,陈俊洁,一之濑飞鸟,17,0.007647
chuang2021_073,陈俊洁,邵明明,17,0.007647
chuang2021_073,陈俊洁,代少冬,16,0.007197
chuang2021_073,陈俊洁,创造营2021陈俊洁,16,0.007197
chuang2021_073,陈俊洁,门胁慎刚,16,0.007197
chuang2021_073,陈俊洁,肖力桓,15,0.006748
chuang2021_073,陈俊洁,创造营2021的多家后援会对于陈俊洁后援会票车赔付事件联合声明,14,0.006298
chuang2021_073,陈俊洁,各家后援会清算核实,14,0.006298
chuang2021_073,陈俊洁,并妥善处理此事,14,0.006298
chuang2021_073,陈俊洁,按照具体数目处理,14,0.006298
chuang2021_073,陈俊洁,现公司工作人员已与各家后援会取得联系,14,0.006298
chuang2021_073,陈俊洁,经核实,14,0.006298
chuang2021_073,陈俊洁,该事件为后援会个人行为,14,0.006298
chuang2021_073,陈俊洁,赔款按照统一标准收取,14,0.006298
chuang2021_073,陈俊洁,与陈俊洁本人及其公司,13,0.005848
chuang2021_073,陈俊洁,嘉尚风向社,13,0.005848
chuang2021_073,陈俊洁,无关,13,0.005848
chuang2021_073,陈俊洁,创造营2021超话,12,0.005398
chuang2021_073,陈俊洁,创造营成团夜,11,0.004948
chuang2021_073,陈俊洁,利路修,11,0.004948
chuang2021_073,陈俊洁,徐圣兹,11,0.004948
chuang2021_073,陈俊洁,谢兴阳,11,0.004948
chuang2021_073,陈俊洁,陈瑞丰,11,0.004948
chuang2021_073,陈俊洁,高卿尘,11,0.004948
chuang2021_073,陈俊洁,魏子越,11,0.004948
chuang2021_073,陈俊洁,佐藤永翔,10,0.004498
chuang2021_073,陈俊洁,何圳煜,10,0.004498
chuang2021_073,陈俊洁,刘唐辉,10,0.004498
chuang2021_073,陈俊洁,和马,10,0.004498
chuang2021_073,陈俊洁,奥斯卡,10,0.004498
chuang2021_073,陈俊洁,尹浩宇,10,0.004498
chuang2021_073,陈俊洁,庆怜,10,0.004498
chuang2021_073,陈俊洁,李泽坤,10,0.004498
chuang2021_073,陈俊洁,王孝辰,10,0.004498
chuang2021_073,陈俊洁,米卡,10,0.004498
chuang2021_073,陈俊洁,罗言,10,0.004498
chuang2021_073,陈俊洁,羽生田挙武,10,0.004498
chuang2021_073,陈俊洁,薛八一,10,0.004498
chuang2021_073,陈俊洁,赞多,10,0.004498
chuang2021_073,陈俊洁,amu羽生田挙武,9,0.004049
chuang2021_073,陈俊洁,yuu喜内优心,9,0.004049
chuang2021_073,陈俊洁,一公,9,0.004049
chuang2021_073,陈俊洁,何懿峻,9,0.004049
chuang2021_073,陈俊洁,刘彰,9,0.004049
chuang2021_073,陈俊洁,力丸,9,0.004049
chuang2021_073,陈俊洁,即使没有观众也是嗨到爆,9,0.004049
chuang2021_073,陈俊洁,大卫,9,0.004049
chuang2021_073,陈俊洁,戴学霖,9,0.004049
chuang2021_073,陈俊洁,新浪综艺的微博视频,9,0.004049
chuang2021_073,陈俊洁,曹左,9,0.004049
chuang2021_073,陈俊洁,李嘉祥,9,0.004049
chuang2021_073,陈俊洁,李洛尔,9,0.004049
chuang2021_073,陈俊洁,林煜修,9,0.004049
chuang2021_073,陈俊洁,练习室接力直拍还有人没看吗,9,0.004049
chuang2021_073,陈俊洁,蒋敦豪,9,0.004049
chuang2021_073,陈俊洁,贵尚奇,9,0.004049
chuang2021_073,陈俊洁,钱政宇,9,0.004049
chuang2021_073,陈俊洁,闯人们的范儿一起来,9,0.004049
chuang2021_073,陈俊洁,阿克朱立,9,0.004049
chuang2021_073,陈俊洁,韩佩泉,9,0.004049
chuang2021_073,陈俊洁,黄鲲,9,0.004049
chuang2021_073,陈俊洁,上原一翔,8,0.003599
chuang2021_073,陈俊洁,于洋,8,0.003599
chuang2021_073,陈俊洁,周深,8,0.003599
chuang2021_073,陈俊洁,张璋,8,0.003599
chuang2021_073,陈俊洁,曾涵江,8,0.003599
chuang2021_073,陈俊洁,李家豪,8,0.003599
chuang2021_073,陈俊洁,王泽浩,8,0.003599
chuang2021_073,陈俊洁,谷柳霖,8,0.003599
chuang2021_073,陈俊洁,赖耀翔,8,0.003599
chuang2021_073,陈俊洁,邓超,8,0.003599
chuang2021_073,陈俊洁,6位导师,7,0.003149
chuang2021_073,陈俊洁,amber刘逸云,7,0.003149
chuang2021_073,陈俊洁,cjj,7,0.003149
chuang2021_073,陈俊洁,nene郑乃馨,7,0.003149
chuang2021_073,陈俊洁,you,7,0.003149
chuang2021_073,陈俊洁,全体学员,7,0.003149
chuang2021_073,陈俊洁,凌箫,7,0.003149
chuang2021_073,陈俊洁,刘严冬季,7,0.003149
chuang2021_073,陈俊洁,助教,7,0.003149
chuang2021_073,陈俊洁,卢克,7,0.003149
chuang2021_073,陈俊洁,发起人都在,7,0.003149
chuang2021_073,陈俊洁,周震南,7,0.003149
chuang2021_073,陈俊洁,喜内优心,7,0.003149
chuang2021_073,陈俊洁,嘉尚安利日记,7,0.003149
chuang2021_073,陈俊洁,学员,7,0.003149
chuang2021_073,陈俊洁,宁静,7,0.003149
chuang2021_073,陈俊洁,安迪,7,0.003149
chuang2021_073,陈俊洁,审核过短信通知,7,0.003149
chuang2021_073,陈俊洁,导师,7,0.003149
chuang2021_073,陈俊洁,徐绍岚,7,0.003149
chuang2021_073,陈俊洁,正规名额,7,0.003149
chuang2021_073,陈俊洁,田口馨也,7,0.003149
chuang2021_073,陈俊洁,范臻尔,7,0.003149
chuang2021_073,陈俊洁,都筑雄哉,7,0.003149
chuang2021_073,陈俊洁,阿克朱力,7,0.003149
chuang2021_073,陈俊洁,隅田隼平,7,0.003149
chuang2021_073,陈俊洁,butter,6,0.002699
chuang2021_073,陈俊洁,fly,6,0.002699
chuang2021_073,陈俊洁,lit,6,0.002699
chuang2021_073,陈俊洁,me,6,0.002699
chuang2021_073,陈俊洁,radio,6,0.002699
chuang2021_073,陈俊洁,ready,6,0.002699
chuang2021_073,陈俊洁,yummy,6,0.002699
chuang2021_073,陈俊洁,作为怪物,6,0.002699
chuang2021_073,陈俊洁,公告,6,0.002699
chuang2021_073,陈俊洁,女孩,6,0.002699
chuang2021_073,陈俊洁,想报的速私,6,0.002699
chuang2021_073,陈俊洁,我欢喜喜欢你,6,0.002699
chuang2021_073,陈俊洁,海南儋州,6,0.002699
chuang2021_073,陈俊洁,爱我ready,6,0.002699
chuang2021_073,陈俊洁,破茧,6,0.002699
chuang2021_073,陈俊洁,超级冠军,6,0.002699
chuang2021_073,陈俊洁,醉拳,6,0.002699
chuang2021_073,陈俊洁,霓虹甜心,6,0.002699
chuang2021_073,陈俊洁,15举行红毯秀,5,0.002249
chuang2021_073,陈俊洁,网页链接,5,0.002249
chuang2021_073,陈俊洁,创4一公分组,4,0.001799
chuang2021_073,陈俊洁,微博正文,4,0.001799
chuang2021_073,陈俊洁,210313,3,0.00135
chuang2021_073,陈俊洁,一公分组,3,0.00135
chuang2021_073,陈俊洁,世界那么大,3,0.00135
chuang2021_073,陈俊洁,入股不亏啊,3,0.00135
chuang2021_073,陈俊洁,加油,3,0.00135
chuang2021_073,陈俊洁,嘉尚三子,3,0.00135
chuang2021_073,陈俊洁,我们一起闯,3,0.00135
chuang2021_073,陈俊洁,招新工作,3,0.00135
chuang2021_073,陈俊洁,未来可期,3,0.00135
chuang2021_073,陈俊洁,粉丝群,3,0.00135
chuang2021_073,陈俊洁,计划,3,0.00135
chuang2021_073,陈俊洁,资料博,3,0.00135
chuang2021_073,陈俊洁,15举行一个红毯秀,2,0.0009
chuang2021_073,陈俊洁,2021,2,0.0009
chuang2021_073,陈俊洁,cr,2,0.0009
chuang2021_073,陈俊洁,logo,2,0.0009
chuang2021_073,陈俊洁,loverboy练习室接力版好欢乐,2,0.0009
chuang2021_073,陈俊洁,一起走花路吧,2,0.0009
chuang2021_073,陈俊洁,上下班,2,0.0009
chuang2021_073,陈俊洁,不贵,2,0.0009
chuang2021_073,陈俊洁,互相搀扶前行,2,0.0009
chuang2021_073,陈俊洁,元宵节活动录制取消,2,0.0009
chuang2021_073,陈俊洁,全部学员,2,0.0009
chuang2021_073,陈俊洁,创4一公练习室接力版,2,0.0009
chuang2021_073,陈俊洁,创4选手路透,2,0.0009
chuang2021_073,陈俊洁,创造营2021学员签名,2,0.0009
chuang2021_073,陈俊洁,创造营排名,2,0.0009
chuang2021_073,陈俊洁,周深说陈俊洁能跳五个我,2,0.0009
chuang2021_073,陈俊洁,嘉尚传媒,2,0.0009
chuang2021_073,陈俊洁,宇宙猛男陈俊洁,2,0.0009
chuang2021_073,陈俊洁,定格你们每一次闪光的瞬间,2,0.0009
chuang2021_073,陈俊洁,快来康康,2,0.0009
chuang2021_073,陈俊洁,扌斗音,2,0.0009
chuang2021_073,陈俊洁,改为3,2,0.0009
chuang2021_073,陈俊洁,更新相关视频,2,0.0009
chuang2021_073,陈俊洁,最后打电话的ending动作看得只想让人为他们打call,2,0.0009
chuang2021_073,陈俊洁,每一秒都好好笑哈哈哈哈哈,2,0.0009
chuang2021_073,陈俊洁,的微博视频,2,0.0009
chuang2021_073,陈俊洁,祝愿你们梦里到过的地方,2,0.0009
chuang2021_073,陈俊洁,第二期,2,0.0009
chuang2021_073,陈俊洁,腾讯视频创造营2021,2,0.0009
chuang2021_073,陈俊洁,要求,2,0.0009
chuang2021_073,陈俊洁,资源组招新,2,0.0009
chuang2021_073,陈俊洁,跌跌撞撞间成长,2,0.0009
chuang2021_073,陈俊洁,都能在创造营2021的舞台上实现,2,0.0009
chuang2021_073,陈俊洁,陈俊洁粉丝后援会资源组的微博视频,2,0.0009
chuang2021_073,陈俊洁,需要的来,2,0.0009
chuang2021_073,陈俊洁,鹅们一起创,2,0.0009
chuang2021_073,陈俊洁,黑人牙膏白酵素助力创造营陈俊洁闪耀闯关,2,0.0009
chuang2021_074,肖力桓,肖力桓,123,0.0625
chuang2021_074,肖力桓,肖力桓超话,53,0.026931
chuang2021_074,肖力桓,创造营2021肖力桓,43,0.02185
chuang2021_074,肖力桓,俞更寅,25,0.012703
chuang2021_074,肖力桓,原部凌,25,0.012703
chuang2021_074,肖力桓,吴宇恒,25,0.012703
chuang2021_074,肖力桓,吴海,24,0.012195
chuang2021_074,肖力桓,收起,24,0.012195
chuang2021_074,肖力桓,xlh,23,0.011687
chuang2021_074,肖力桓,明星势力榜,22,0.011179
chuang2021_074,肖力桓,张欣尧,21,0.010671
chuang2021_074,肖力桓,网页链接,16,0.00813
chuang2021_074,肖力桓,诺言,15,0.007622
chuang2021_074,肖力桓,2021,14,0.007114
chuang2021_074,肖力桓,任胤蓬,14,0.007114
chuang2021_074,肖力桓,刘宇,14,0.007114
chuang2021_074,肖力桓,周柯宇,14,0.007114
chuang2021_074,肖力桓,女孩,14,0.007114
chuang2021_074,肖力桓,张嘉元,14,0.007114
chuang2021_074,肖力桓,林墨,14,0.007114
chuang2021_074,肖力桓,甘望星,14,0.007114
chuang2021_074,肖力桓,井胧,13,0.006606
chuang2021_074,肖力桓,刘聪,13,0.006606
chuang2021_074,肖力桓,林豆,13,0.006606
chuang2021_074,肖力桓,荣耀,13,0.006606
chuang2021_074,肖力桓,邵明明,13,0.006606
chuang2021_074,肖力桓,韦语节,13,0.006606
chuang2021_074,肖力桓,一之濑飞鸟,12,0.006098
chuang2021_074,肖力桓,付思超,12,0.006098
chuang2021_074,肖力桓,代少冬,12,0.006098
chuang2021_074,肖力桓,伯远,12,0.006098
chuang2021_074,肖力桓,何屹繁,12,0.006098
chuang2021_074,肖力桓,创造营2021超话,12,0.006098
chuang2021_074,肖力桓,加油,12,0.006098
chuang2021_074,肖力桓,叶皓然,12,0.006098
chuang2021_074,肖力桓,屈柏宇,12,0.006098
chuang2021_074,肖力桓,张腾,12,0.006098
chuang2021_074,肖力桓,怿涵,12,0.006098
chuang2021_074,肖力桓,李政庭,12,0.006098
chuang2021_074,肖力桓,李沛洋,12,0.006098
chuang2021_074,肖力桓,李泰龙,12,0.006098
chuang2021_074,肖力桓,胡烨韬,12,0.006098
chuang2021_074,肖力桓,郑明鑫,12,0.006098
chuang2021_074,肖力桓,门胁慎刚,12,0.006098
chuang2021_074,肖力桓,陆定昊,12,0.006098
chuang2021_074,肖力桓,陈俊洁,12,0.006098
chuang2021_074,肖力桓,成都,11,0.005589
chuang2021_074,肖力桓,刘严冬季,10,0.005081
chuang2021_074,肖力桓,力丸,10,0.005081
chuang2021_074,肖力桓,刘彰,8,0.004065
chuang2021_074,肖力桓,利路修,8,0.004065
chuang2021_074,肖力桓,卢克,8,0.004065
chuang2021_074,肖力桓,和马,8,0.004065
chuang2021_074,肖力桓,太快了我都蒙了,8,0.004065
chuang2021_074,肖力桓,奥斯卡,8,0.004065
chuang2021_074,肖力桓,尹浩宇,8,0.004065
chuang2021_074,肖力桓,庆怜,8,0.004065
chuang2021_074,肖力桓,我觉得这个挑战还没开始就结束了,8,0.004065
chuang2021_074,肖力桓,明星势力榜第230位,8,0.004065
chuang2021_074,肖力桓,曹左,8,0.004065
chuang2021_074,肖力桓,李泽坤,8,0.004065
chuang2021_074,肖力桓,米卡,8,0.004065
chuang2021_074,肖力桓,赞多,8,0.004065
chuang2021_074,肖力桓,跳的像个憨憨一样,8,0.004065
chuang2021_074,肖力桓,钱政宇,8,0.004065
chuang2021_074,肖力桓,于洋,7,0.003557
chuang2021_074,肖力桓,向全世界安利肖力桓,7,0.003557
chuang2021_074,肖力桓,张璋,7,0.003557
chuang2021_074,肖力桓,我们一起拿下,7,0.003557
chuang2021_074,肖力桓,我永远支持你,7,0.003557
chuang2021_074,肖力桓,打榜戳,7,0.003557
chuang2021_074,肖力桓,曾涵江,7,0.003557
chuang2021_074,肖力桓,第一名,7,0.003557
chuang2021_074,肖力桓,练习生榜,7,0.003557
chuang2021_074,肖力桓,范臻尔,7,0.003557
chuang2021_074,肖力桓,薛八一,7,0.003557
chuang2021_074,肖力桓,谢兴阳,7,0.003557
chuang2021_074,肖力桓,高卿尘,7,0.003557
chuang2021_074,肖力桓,魏子越,7,0.003557
chuang2021_074,肖力桓,88,6,0.003049
chuang2021_074,肖力桓,amu羽生田挙武,6,0.003049
chuang2021_074,肖力桓,boy,6,0.003049
chuang2021_074,肖力桓,butter,6,0.003049
chuang2021_074,肖力桓,fly,6,0.003049
chuang2021_074,肖力桓,lit,6,0.003049
chuang2021_074,肖力桓,lover,6,0.003049
chuang2021_074,肖力桓,me,6,0.003049
chuang2021_074,肖力桓,radio,6,0.003049
chuang2021_074,肖力桓,ready,6,0.003049
chuang2021_074,肖力桓,you,6,0.003049
chuang2021_074,肖力桓,yummy,6,0.003049
chuang2021_074,肖力桓,yuu喜内优心,6,0.003049
chuang2021_074,肖力桓,万年场,6,0.003049
chuang2021_074,肖力桓,上原一翔,6,0.003049
chuang2021_074,肖力桓,井汲大翔,6,0.003049
chuang2021_074,肖力桓,佐藤永翔,6,0.003049
chuang2021_074,肖力桓,何圳煜,6,0.003049
chuang2021_074,肖力桓,何懿峻,6,0.003049
chuang2021_074,肖力桓,作为怪物,6,0.003049
chuang2021_074,肖力桓,你是我今生唯一的执著哦,6,0.003049
chuang2021_074,肖力桓,凌箫,6,0.003049
chuang2021_074,肖力桓,刘唐辉,6,0.003049
chuang2021_074,肖力桓,创造营主题曲,6,0.003049
chuang2021_074,肖力桓,周深,6,0.003049
chuang2021_074,肖力桓,喜内优心,6,0.003049
chuang2021_074,肖力桓,大卫,6,0.003049
chuang2021_074,肖力桓,学员,6,0.003049
chuang2021_074,肖力桓,安迪,6,0.003049
chuang2021_074,肖力桓,张星特,6,0.003049
chuang2021_074,肖力桓,徐圣兹,6,0.003049
chuang2021_074,肖力桓,徐绍岚,6,0.003049
chuang2021_074,肖力桓,我欢喜喜欢你,6,0.003049
chuang2021_074,肖力桓,我醒了,6,0.003049
chuang2021_074,肖力桓,戴学霖,6,0.003049
chuang2021_074,肖力桓,挑战赛,6,0.003049
chuang2021_074,肖力桓,李嘉祥,6,0.003049
chuang2021_074,肖力桓,李家豪,6,0.003049
chuang2021_074,肖力桓,李洛尔,6,0.003049
chuang2021_074,肖力桓,林煜修,6,0.003049
chuang2021_074,肖力桓,棒棒哒,6,0.003049
chuang2021_074,肖力桓,正在参加微视,6,0.003049
chuang2021_074,肖力桓,爱我ready,6,0.003049
chuang2021_074,肖力桓,王孝辰,6,0.003049
chuang2021_074,肖力桓,王泽浩,6,0.003049
chuang2021_074,肖力桓,田口馨也,6,0.003049
chuang2021_074,肖力桓,破茧,6,0.003049
chuang2021_074,肖力桓,练习生榜上为你加油啦,6,0.003049
chuang2021_074,肖力桓,罗言,6,0.003049
chuang2021_074,肖力桓,羽生田挙武,6,0.003049
chuang2021_074,肖力桓,蒋敦豪,6,0.003049
chuang2021_074,肖力桓,谷柳霖,6,0.003049
chuang2021_074,肖力桓,贵尚奇,6,0.003049
chuang2021_074,肖力桓,赖耀翔,6,0.003049
chuang2021_074,肖力桓,超级冠军,6,0.003049
chuang2021_074,肖力桓,邓超,6,0.003049
chuang2021_074,肖力桓,都筑雄哉,6,0.003049
chuang2021_074,肖力桓,醉拳,6,0.003049
chuang2021_074,肖力桓,闯人花式挑战主题曲,6,0.003049
chuang2021_074,肖力桓,阿克朱力,6,0.003049
chuang2021_074,肖力桓,阿克朱立,6,0.003049
chuang2021_074,肖力桓,陈瑞丰,6,0.003049
chuang2021_074,肖力桓,隅田隼平,6,0.003049
chuang2021_074,肖力桓,霓虹甜心,6,0.003049
chuang2021_074,肖力桓,韩佩泉,6,0.003049
chuang2021_074,肖力桓,黄鲲,6,0.003049
chuang2021_074,肖力桓,黑人牙膏白酵素助力创造营肖力桓闪耀闯关,6,0.003049
chuang2021_074,肖力桓,创造营2021早安唤醒,5,0.002541
chuang2021_074,肖力桓,多适合出门玩呀,5,0.002541
chuang2021_074,肖力桓,学员肖力桓已完成主题曲盲盒挑战,5,0.002541
chuang2021_074,肖力桓,我在,5,0.002541
chuang2021_074,肖力桓,早安大家,5,0.002541
chuang2021_074,肖力桓,来叫你起床啦,5,0.002541
chuang2021_074,肖力桓,自行车安利博的微博视频,5,0.002541
chuang2021_074,肖力桓,这么好的天气,5,0.002541
chuang2021_074,肖力桓,15举行红毯秀,4,0.002033
chuang2021_074,肖力桓,210419,4,0.002033
chuang2021_074,肖力桓,6位导师,4,0.002033
chuang2021_074,肖力桓,amber刘逸云,4,0.002033
chuang2021_074,肖力桓,cn,4,0.002033
chuang2021_074,肖力桓,http,4,0.002033
chuang2021_074,肖力桓,nene郑乃馨,4,0.002033
chuang2021_074,肖力桓,rqfcuwh,4,0.002033
chuang2021_074,肖力桓,主题曲盲盒挑战,4,0.002033
chuang2021_074,肖力桓,全体学员,4,0.002033
chuang2021_074,肖力桓,创4一公分组,4,0.002033
chuang2021_074,肖力桓,助教,4,0.002033
chuang2021_074,肖力桓,发起人都在,4,0.002033
chuang2021_074,肖力桓,周震南,4,0.002033
chuang2021_074,肖力桓,宁静,4,0.002033
chuang2021_074,肖力桓,审核过短信通知,4,0.002033
chuang2021_074,肖力桓,导师,4,0.002033
chuang2021_074,肖力桓,想报的速私,4,0.002033
chuang2021_074,肖力桓,正规名额,4,0.002033
chuang2021_074,肖力桓,海南儋州,4,0.002033
chuang2021_074,肖力桓,腾讯视频,4,0.002033
chuang2021_074,肖力桓,腾讯视频创造营2021的微博视频,4,0.002033
chuang2021_074,肖力桓,被恐怖箱支配的创4学员,4,0.002033
chuang2021_074,肖力桓,一公分组,3,0.001524
chuang2021_074,肖力桓,一起为他助力戳,3,0.001524
chuang2021_074,肖力桓,下次不要踩点了,3,0.001524
chuang2021_074,肖力桓,下班,3,0.001524
chuang2021_074,肖力桓,不忘初心,3,0.001524
chuang2021_074,肖力桓,世界那么大,3,0.001524
chuang2021_074,肖力桓,你一定能拿下,3,0.001524
chuang2021_074,肖力桓,你也要加油哦,3,0.001524
chuang2021_074,肖力桓,创造营2021榜,3,0.001524
chuang2021_074,肖力桓,创造营2021榜好成绩,3,0.001524
chuang2021_074,肖力桓,去努力,3,0.001524
chuang2021_074,肖力桓,去开启一切奇迹,3,0.001524
chuang2021_074,肖力桓,去渴望,3,0.001524
chuang2021_074,肖力桓,周什么呀的微博视频,3,0.001524
chuang2021_074,肖力桓,头铁玩家,3,0.001524
chuang2021_074,肖力桓,夹缝中的小可爱,3,0.001524
chuang2021_074,肖力桓,好久不见啦,3,0.001524
chuang2021_074,肖力桓,学员肖力桓前来挑战恐怖盒,3,0.001524
chuang2021_074,肖力桓,张欣尧摸恐怖盒挑战,3,0.001524
chuang2021_074,肖力桓,快手,3,0.001524
chuang2021_074,肖力桓,成都出发,3,0.001524
chuang2021_074,肖力桓,托马斯,3,0.001524
chuang2021_074,肖力桓,方得始终,3,0.001524
chuang2021_074,肖力桓,桓桓子回去跟兄弟们加油了,3,0.001524
chuang2021_074,肖力桓,没猜对主要是因为这个怪兽长得也太不像怪兽了,3,0.001524
chuang2021_074,肖力桓,的微博视频,3,0.001524
chuang2021_074,肖力桓,究竟是什么魔力让我一眼就抓到你,3,0.001524
chuang2021_074,肖力桓,肖力桓的快手视频,3,0.001524
chuang2021_074,肖力桓,15名是,2,0.001016
chuang2021_074,肖力桓,3名是,2,0.001016
chuang2021_074,肖力桓,9名是,2,0.001016
chuang2021_074,肖力桓,app每日0点更新昨日学员涨粉,2,0.001016
chuang2021_074,肖力桓,different,2,0.001016
chuang2021_074,肖力桓,funji,2,0.001016
chuang2021_074,肖力桓,guys,2,0.001016
chuang2021_074,肖力桓,kpl,2,0.001016
chuang2021_074,肖力桓,sxy,2,0.001016
chuang2021_074,肖力桓,一公舞台,2,0.001016
chuang2021_074,肖力桓,上班,2,0.001016
chuang2021_074,肖力桓,不是手机变大了,2,0.001016
chuang2021_074,肖力桓,不贵,2,0.001016
chuang2021_074,肖力桓,为梦想拼尽全力,2,0.001016
chuang2021_074,肖力桓,乍暖还寒,2,0.001016
chuang2021_074,肖力桓,也接的太快了吧,2,0.001016
chuang2021_074,肖力桓,二四六换孙俪来可以吗,2,0.001016
chuang2021_074,肖力桓,人体节拍器,2,0.001016
chuang2021_074,肖力桓,今年的枫叶是不太红了,2,0.001016
chuang2021_074,肖力桓,他穿的就是下边这张图的衣服,2,0.001016
chuang2021_074,肖力桓,你是在暗示什么吗,2,0.001016
chuang2021_074,肖力桓,你是最棒的,2,0.001016
chuang2021_074,肖力桓,俞更寅创造营2021,2,0.001016
chuang2021_074,肖力桓,做梦,2,0.001016
chuang2021_074,肖力桓,先下号啦,2,0.001016
chuang2021_074,肖力桓,全部学员,2,0.001016
chuang2021_074,肖力桓,创4学员好多面,2,0.001016
chuang2021_074,肖力桓,创4春日少年初亮相,2,0.001016
chuang2021_074,肖力桓,创造营2021原部凌,2,0.001016
chuang2021_074,肖力桓,创造营2021学员成长数据,2,0.001016
chuang2021_074,肖力桓,创造营2021学员签名,2,0.001016
chuang2021_074,肖力桓,创造营2021榜上支持你啦,2,0.001016
chuang2021_074,肖力桓,加油加油,2,0.001016
chuang2021_074,肖力桓,加油加油哦,2,0.001016
chuang2021_074,肖力桓,加试准备,2,0.001016
chuang2021_074,肖力桓,北极熊流行音乐学院ifs校区,2,0.001016
chuang2021_074,肖力桓,卖萌什么的都不是事儿,2,0.001016
chuang2021_074,肖力桓,卡卡卡,2,0.001016
chuang2021_074,肖力桓,卡布叻,2,0.001016
chuang2021_074,肖力桓,卡路里,2,0.001016
chuang2021_074,肖力桓,向心力集结超话,2,0.001016
chuang2021_074,肖力桓,周深模仿甄嬛,2,0.001016
chuang2021_074,肖力桓,和funji一起见证他们的每一步成长和蜕变吧,2,0.001016
chuang2021_074,肖力桓,哈哈哈哈哈,2,0.001016
chuang2021_074,肖力桓,回答我,2,0.001016
chuang2021_074,肖力桓,团长,2,0.001016
chuang2021_074,肖力桓,城外花事如炽,2,0.001016
chuang2021_074,肖力桓,太棒了,2,0.001016
chuang2021_074,肖力桓,女孩member,2,0.001016
chuang2021_074,肖力桓,如火如荼,2,0.001016
chuang2021_074,肖力桓,嬛嬛傻傻分不清,2,0.001016
chuang2021_074,肖力桓,学员微博涨粉排名第一的是门胁慎刚,2,0.001016
chuang2021_074,肖力桓,学员超话签到数排名第一的是刘宇,2,0.001016
chuang2021_074,肖力桓,小梨花要多亲近大自然哦,2,0.001016
chuang2021_074,肖力桓,就是我眼睛变小了,2,0.001016
chuang2021_074,肖力桓,带来的全新编舞的主题曲二创表演,2,0.001016
chuang2021_074,肖力桓,弟弟们的趣味接力是什么甜度pk大赛吗,2,0.001016
chuang2021_074,肖力桓,微博正文,2,0.001016
chuang2021_074,肖力桓,快手看创4,2,0.001016
chuang2021_074,肖力桓,快来康康,2,0.001016
chuang2021_074,肖力桓,感谢每一位喜欢我的粉丝,2,0.001016
chuang2021_074,肖力桓,我会继续闯的,2,0.001016
chuang2021_074,肖力桓,我可怜的胃,2,0.001016
chuang2021_074,肖力桓,我回来啦,2,0.001016
chuang2021_074,肖力桓,我昨天,2,0.001016
chuang2021_074,肖力桓,我要跑快点回成都吃火锅,2,0.001016
chuang2021_074,肖力桓,戳中amber,2,0.001016
chuang2021_074,肖力桓,扬帆起航,2,0.001016
chuang2021_074,肖力桓,拿到手机第一瞬间,2,0.001016
chuang2021_074,肖力桓,新浪综艺的微博视频,2,0.001016
chuang2021_074,肖力桓,日本,2,0.001016
chuang2021_074,肖力桓,春寒料峭,2,0.001016
chuang2021_074,肖力桓,昨日,2,0.001016
chuang2021_074,肖力桓,果然同名梗屡试不爽,2,0.001016
chuang2021_074,肖力桓,桓桓,2,0.001016
chuang2021_074,肖力桓,梦到小梨花了,2,0.001016
chuang2021_074,肖力桓,每一个都甜到心里去了,2,0.001016
chuang2021_074,肖力桓,比如一三五,2,0.001016
chuang2021_074,肖力桓,江南无所有,2,0.001016
chuang2021_074,肖力桓,注意添加衣服,2,0.001016
chuang2021_074,肖力桓,深圳,2,0.001016
chuang2021_074,肖力桓,牛年大吉,2,0.001016
chuang2021_074,肖力桓,的日子,2,0.001016
chuang2021_074,肖力桓,的练习室版也不容错过,2,0.001016
chuang2021_074,肖力桓,盐市口,2,0.001016
chuang2021_074,肖力桓,直接脱了口,2,0.001016
chuang2021_074,肖力桓,福冈市,2,0.001016
chuang2021_074,肖力桓,第10,2,0.001016
chuang2021_074,肖力桓,第2,2,0.001016
chuang2021_074,肖力桓,第4,2,0.001016
chuang2021_074,肖力桓,签到数据,2,0.001016
chuang2021_074,肖力桓,终于终于,2,0.001016
chuang2021_074,肖力桓,结果,2,0.001016
chuang2021_074,肖力桓,老帅了,2,0.001016
chuang2021_074,肖力桓,聊赠一枝春,2,0.001016
chuang2021_074,肖力桓,肖力桓加油,2,0.001016
chuang2021_074,肖力桓,肖力桓大跳,2,0.001016
chuang2021_074,肖力桓,肖力桓的表情,2,0.001016
chuang2021_074,肖力桓,自慢,2,0.001016
chuang2021_074,肖力桓,舞蹈动作好帅气,2,0.001016
chuang2021_074,肖力桓,表情包任意摆,2,0.001016
chuang2021_074,肖力桓,让他继续过没有,2,0.001016
chuang2021_074,肖力桓,让桓桓,2,0.001016
chuang2021_074,肖力桓,请继续支持203独苗,2,0.001016
chuang2021_074,肖力桓,谢谢你们,2,0.001016
chuang2021_074,肖力桓,超哥,2,0.001016
chuang2021_074,肖力桓,超哥还表示,2,0.001016
chuang2021_074,肖力桓,跨海相聚,2,0.001016
chuang2021_074,肖力桓,还有小梨花是什么鬼,2,0.001016
chuang2021_074,肖力桓,还没看的创始人赶紧来看,2,0.001016
chuang2021_074,肖力桓,这不是甄嬛传十级学者是搞不来的吧,2,0.001016
chuang2021_074,肖力桓,这几个月给我憋坏了,2,0.001016
chuang2021_074,肖力桓,这场闯关游戏先在此存档,2,0.001016
chuang2021_074,肖力桓,这种可以换班吗,2,0.001016
chuang2021_074,肖力桓,退下,2,0.001016
chuang2021_074,肖力桓,邓超放飞跳舞太魔性,2,0.001016
chuang2021_074,肖力桓,醒来都是面带微笑的状态,2,0.001016
chuang2021_074,肖力桓,需要的来,2,0.001016
chuang2021_075,刘严冬季,刘严冬季,97,0.06147
chuang2021_075,刘严冬季,刘严冬季超话,38,0.024081
chuang2021_075,刘严冬季,曹左,35,0.02218
chuang2021_075,刘严冬季,收起,29,0.018378
chuang2021_075,刘严冬季,创造营2021超话,20,0.012674
chuang2021_075,刘严冬季,张璋,19,0.012041
chuang2021_075,刘严冬季,奥斯卡,18,0.011407
chuang2021_075,刘严冬季,网页链接,18,0.011407
chuang2021_075,刘严冬季,2021,17,0.010773
chuang2021_075,刘严冬季,刘聪,17,0.010773
chuang2021_075,刘严冬季,喜内优心,15,0.009506
chuang2021_075,刘严冬季,怿涵,15,0.009506
chuang2021_075,刘严冬季,李政庭,15,0.009506
chuang2021_075,刘严冬季,肖力桓,14,0.008872
chuang2021_075,刘严冬季,钱政宇,14,0.008872
chuang2021_075,刘严冬季,何屹繁,13,0.008238
chuang2021_075,刘严冬季,卢克,13,0.008238
chuang2021_075,刘严冬季,李家豪,13,0.008238
chuang2021_075,刘严冬季,李泽坤,13,0.008238
chuang2021_075,刘严冬季,林豆,13,0.008238
chuang2021_075,刘严冬季,王泽浩,13,0.008238
chuang2021_075,刘严冬季,贵尚奇,13,0.008238
chuang2021_075,刘严冬季,刘唐辉,12,0.007605
chuang2021_075,刘严冬季,刘宇,12,0.007605
chuang2021_075,刘严冬季,吴宇恒,12,0.007605
chuang2021_075,刘严冬季,大卫,12,0.007605
chuang2021_075,刘严冬季,张嘉元,12,0.007605
chuang2021_075,刘严冬季,张星特,12,0.007605
chuang2021_075,刘严冬季,李沛洋,12,0.007605
chuang2021_075,刘严冬季,李泰龙,12,0.007605
chuang2021_075,刘严冬季,郑明鑫,12,0.007605
chuang2021_075,刘严冬季,韦语节,12,0.007605
chuang2021_075,刘严冬季,00,11,0.006971
chuang2021_075,刘严冬季,伯远,11,0.006971
chuang2021_075,刘严冬季,俞更寅,11,0.006971
chuang2021_075,刘严冬季,安迪,11,0.006971
chuang2021_075,刘严冬季,屈柏宇,11,0.006971
chuang2021_075,刘严冬季,张欣尧,11,0.006971
chuang2021_075,刘严冬季,徐圣兹,11,0.006971
chuang2021_075,刘严冬季,李嘉祥,11,0.006971
chuang2021_075,刘严冬季,谷柳霖,11,0.006971
chuang2021_075,刘严冬季,赞多,11,0.006971
chuang2021_075,刘严冬季,都筑雄哉,11,0.006971
chuang2021_075,刘严冬季,门胁慎刚,11,0.006971
chuang2021_075,刘严冬季,陈俊洁,11,0.006971
chuang2021_075,刘严冬季,陈瑞丰,11,0.006971
chuang2021_075,刘严冬季,隅田隼平,11,0.006971
chuang2021_075,刘严冬季,上原一翔,10,0.006337
chuang2021_075,刘严冬季,于洋,10,0.006337
chuang2021_075,刘严冬季,井胧,10,0.006337
chuang2021_075,刘严冬季,任胤蓬,10,0.006337
chuang2021_075,刘严冬季,力丸,10,0.006337
chuang2021_075,刘严冬季,原部凌,10,0.006337
chuang2021_075,刘严冬季,和马,10,0.006337
chuang2021_075,刘严冬季,尹浩宇,10,0.006337
chuang2021_075,刘严冬季,庆怜,10,0.006337
chuang2021_075,刘严冬季,林墨,10,0.006337
chuang2021_075,刘严冬季,甘望星,10,0.006337
chuang2021_075,刘严冬季,田口馨也,10,0.006337
chuang2021_075,刘严冬季,米卡,10,0.006337
chuang2021_075,刘严冬季,阿克朱力,10,0.006337
chuang2021_075,刘严冬季,陆定昊,10,0.006337
chuang2021_075,刘严冬季,高卿尘,10,0.006337
chuang2021_075,刘严冬季,井汲大翔,9,0.005703
chuang2021_075,刘严冬季,付思超,9,0.005703
chuang2021_075,刘严冬季,代少冬,9,0.005703
chuang2021_075,刘严冬季,创造营2021刘严冬季,9,0.005703
chuang2021_075,刘严冬季,利路修,9,0.005703
chuang2021_075,刘严冬季,周柯宇,9,0.005703
chuang2021_075,刘严冬季,曾涵江,9,0.005703
chuang2021_075,刘严冬季,蒋敦豪,9,0.005703
chuang2021_075,刘严冬季,薛八一,9,0.005703
chuang2021_075,刘严冬季,诺言,9,0.005703
chuang2021_075,刘严冬季,谢兴阳,9,0.005703
chuang2021_075,刘严冬季,邵明明,9,0.005703
chuang2021_075,刘严冬季,music,8,0.00507
chuang2021_075,刘严冬季,一之濑飞鸟,8,0.00507
chuang2021_075,刘严冬季,上新啦,8,0.00507
chuang2021_075,刘严冬季,今晚8点,8,0.00507
chuang2021_075,刘严冬季,佐藤永翔,8,0.00507
chuang2021_075,刘严冬季,何圳煜,8,0.00507
chuang2021_075,刘严冬季,准备好这份爆料和甜蜜攻击了吗,8,0.00507
chuang2021_075,刘严冬季,凌箫,8,0.00507
chuang2021_075,刘严冬季,刘彰,8,0.00507
chuang2021_075,刘严冬季,叶皓然,8,0.00507
chuang2021_075,刘严冬季,吴海,8,0.00507
chuang2021_075,刘严冬季,宠粉季首发,8,0.00507
chuang2021_075,刘严冬季,张腾,8,0.00507
chuang2021_075,刘严冬季,徐绍岚,8,0.00507
chuang2021_075,刘严冬季,王孝辰,8,0.00507
chuang2021_075,刘严冬季,的下岛look,8,0.00507
chuang2021_075,刘严冬季,罗言,8,0.00507
chuang2021_075,刘严冬季,羽生田挙武,8,0.00507
chuang2021_075,刘严冬季,胡烨韬,8,0.00507
chuang2021_075,刘严冬季,范臻尔,8,0.00507
chuang2021_075,刘严冬季,荣耀,8,0.00507
chuang2021_075,刘严冬季,谁是你们当中的零食王者,8,0.00507
chuang2021_075,刘严冬季,谁是岛上最叛逆的,8,0.00507
chuang2021_075,刘严冬季,谁是岛上最臭美小公举,8,0.00507
chuang2021_075,刘严冬季,谁是岛上的气氛担当,8,0.00507
chuang2021_075,刘严冬季,赖耀翔,8,0.00507
chuang2021_075,刘严冬季,韩佩泉,8,0.00507
chuang2021_075,刘严冬季,魏子越,8,0.00507
chuang2021_075,刘严冬季,黄鲲,8,0.00507
chuang2021_075,刘严冬季,何懿峻,7,0.004436
chuang2021_075,刘严冬季,李洛尔,7,0.004436
chuang2021_075,刘严冬季,林煜修,7,0.004436
chuang2021_075,刘严冬季,甜蜜传送门,7,0.004436
chuang2021_075,刘严冬季,超级冠军,7,0.004436
chuang2021_075,刘严冬季,88,6,0.003802
chuang2021_075,刘严冬季,boy,6,0.003802
chuang2021_075,刘严冬季,butter,6,0.003802
chuang2021_075,刘严冬季,fly,6,0.003802
chuang2021_075,刘严冬季,lit,6,0.003802
chuang2021_075,刘严冬季,lover,6,0.003802
chuang2021_075,刘严冬季,me,6,0.003802
chuang2021_075,刘严冬季,radio,6,0.003802
chuang2021_075,刘严冬季,ready,6,0.003802
chuang2021_075,刘严冬季,you,6,0.003802
chuang2021_075,刘严冬季,yummy,6,0.003802
chuang2021_075,刘严冬季,作为怪物,6,0.003802
chuang2021_075,刘严冬季,女孩,6,0.003802
chuang2021_075,刘严冬季,我欢喜喜欢你,6,0.003802
chuang2021_075,刘严冬季,爱我ready,6,0.003802
chuang2021_075,刘严冬季,破茧,6,0.003802
chuang2021_075,刘严冬季,醉拳,6,0.003802
chuang2021_075,刘严冬季,霓虹甜心,6,0.003802
chuang2021_075,刘严冬季,今晚19,5,0.003169
chuang2021_075,刘严冬季,超喜欢,5,0.003169
chuang2021_075,刘严冬季,24,4,0.002535
chuang2021_075,刘严冬季,冬季,4,0.002535
chuang2021_075,刘严冬季,创4一公分组,4,0.002535
chuang2021_075,刘严冬季,曹左超话,4,0.002535
chuang2021_075,刘严冬季,自行车安利博的微博视频,4,0.002535
chuang2021_075,刘严冬季,酷乐现场,4,0.002535
chuang2021_075,刘严冬季,19,3,0.001901
chuang2021_075,刘严冬季,一公分组,3,0.001901
chuang2021_075,刘严冬季,一起闯,3,0.001901
chuang2021_075,刘严冬季,敢造,3,0.001901
chuang2021_075,刘严冬季,无畏青春,3,0.001901
chuang2021_075,刘严冬季,腾讯视频,3,0.001901
chuang2021_075,刘严冬季,腾讯视频创造营2021,3,0.001901
chuang2021_075,刘严冬季,赖耀祥,3,0.001901
chuang2021_075,刘严冬季,酷狗首唱会,3,0.001901
chuang2021_075,刘严冬季,锁定,3,0.001901
chuang2021_075,刘严冬季,0330,2,0.001267
chuang2021_075,刘严冬季,18,2,0.001267
chuang2021_075,刘严冬季,22,2,0.001267
chuang2021_075,刘严冬季,4月2日16,2,0.001267
chuang2021_075,刘严冬季,8组人气偶像惊喜空降,2,0.001267
chuang2021_075,刘严冬季,different,2,0.001267
chuang2021_075,刘严冬季,guys,2,0.001267
chuang2021_075,刘严冬季,kpl,2,0.001267
chuang2021_075,刘严冬季,lindow林豆豆超话,2,0.001267
chuang2021_075,刘严冬季,sxy,2,0.001267
chuang2021_075,刘严冬季,vr,2,0.001267
chuang2021_075,刘严冬季,一起来揭秘,2,0.001267
chuang2021_075,刘严冬季,两票换两票,2,0.001267
chuang2021_075,刘严冬季,为了更多的可以看见,2,0.001267
chuang2021_075,刘严冬季,人气学员来啦,2,0.001267
chuang2021_075,刘严冬季,今天18,2,0.001267
chuang2021_075,刘严冬季,今日任务,2,0.001267
chuang2021_075,刘严冬季,健身,2,0.001267
chuang2021_075,刘严冬季,冒险岛补给站,2,0.001267
chuang2021_075,刘严冬季,刘严冬季后援会官博,2,0.001267
chuang2021_075,刘严冬季,刘聪liucong超话,2,0.001267
chuang2021_075,刘严冬季,创4学员好多面,2,0.001267
chuang2021_075,刘严冬季,创4学员默契通关全记录,2,0.001267
chuang2021_075,刘严冬季,创造营2021张星特,2,0.001267
chuang2021_075,刘严冬季,和21,2,0.001267
chuang2021_075,刘严冬季,喜内优心超话,2,0.001267
chuang2021_075,刘严冬季,喜欢娱乐shinyseason的微博视频,2,0.001267
chuang2021_075,刘严冬季,喜欢的娱乐项目,2,0.001267
chuang2021_075,刘严冬季,复古华语经典歌曲哪首是你的最爱,2,0.001267
chuang2021_075,刘严冬季,存档,2,0.001267
chuang2021_075,刘严冬季,学员,2,0.001267
chuang2021_075,刘严冬季,小朋友,2,0.001267
chuang2021_075,刘严冬季,已换,2,0.001267
chuang2021_075,刘严冬季,已换李沛洋李政庭胡烨韬上原一翔大卫何屹繁刘严冬季谢兴阳,2,0.001267
chuang2021_075,刘严冬季,带来的全新编舞的主题曲二创表演,2,0.001267
chuang2021_075,刘严冬季,弟弟,2,0.001267
chuang2021_075,刘严冬季,微博正文,2,0.001267
chuang2021_075,刘严冬季,快和你家小哥,2,0.001267
chuang2021_075,刘严冬季,快来康康,2,0.001267
chuang2021_075,刘严冬季,怿涵超话,2,0.001267
chuang2021_075,刘严冬季,我们一起闯,2,0.001267
chuang2021_075,刘严冬季,搓手手期待冲浪,2,0.001267
chuang2021_075,刘严冬季,教程,2,0.001267
chuang2021_075,刘严冬季,来上健身课,2,0.001267
chuang2021_075,刘严冬季,江子牙,2,0.001267
chuang2021_075,刘严冬季,王泽浩超话,2,0.001267
chuang2021_075,刘严冬季,的音乐的取向狙击,2,0.001267
chuang2021_075,刘严冬季,目前需要的几个项目,2,0.001267
chuang2021_075,刘严冬季,直播抢先预约,2,0.001267
chuang2021_075,刘严冬季,纯享,2,0.001267
chuang2021_075,刘严冬季,舞蹈动作好帅气,2,0.001267
chuang2021_075,刘严冬季,行动起来吧,2,0.001267
chuang2021_075,刘严冬季,被恐怖箱支配的创4学员,2,0.001267
chuang2021_075,刘严冬季,让我们行动起来吧,2,0.001267
chuang2021_075,刘严冬季,还没看的创始人赶紧来看,2,0.001267
chuang2021_075,刘严冬季,酷狗直播的微博视频,2,0.001267
chuang2021_075,刘严冬季,闯人花式挑战主题曲,2,0.001267
chuang2021_076,郑明鑫,郑明鑫,148,0.073014
chuang2021_076,郑明鑫,李沛洋,57,0.02812
chuang2021_076,郑明鑫,陈俊洁,57,0.02812
chuang2021_076,郑明鑫,郑明鑫超话,39,0.01924
chuang2021_076,郑明鑫,收起,33,0.01628
chuang2021_076,郑明鑫,谢兴阳,28,0.013814
chuang2021_076,郑明鑫,吴宇恒,26,0.012827
chuang2021_076,郑明鑫,创造营2021郑明鑫,25,0.012333
chuang2021_076,郑明鑫,吴海,25,0.012333
chuang2021_076,郑明鑫,奇妙练习室,24,0.01184
chuang2021_076,郑明鑫,网页链接,20,0.009867
chuang2021_076,郑明鑫,叶皓然,19,0.009373
chuang2021_076,郑明鑫,刘唐辉,18,0.00888
chuang2021_076,郑明鑫,利路修,18,0.00888
chuang2021_076,郑明鑫,王孝辰,18,0.00888
chuang2021_076,郑明鑫,向全世界安利郑明鑫,17,0.008387
chuang2021_076,郑明鑫,李泽坤,17,0.008387
chuang2021_076,郑明鑫,井胧,16,0.007893
chuang2021_076,郑明鑫,刘聪,16,0.007893
chuang2021_076,郑明鑫,怿涵,16,0.007893
chuang2021_076,郑明鑫,ready,15,0.0074
chuang2021_076,郑明鑫,you,15,0.0074
chuang2021_076,郑明鑫,张欣尧,15,0.0074
chuang2021_076,郑明鑫,李政庭,15,0.0074
chuang2021_076,郑明鑫,爱我ready,15,0.0074
chuang2021_076,郑明鑫,甘望星,15,0.0074
chuang2021_076,郑明鑫,付思超,14,0.006907
chuang2021_076,郑明鑫,任胤蓬,14,0.006907
chuang2021_076,郑明鑫,伯远,14,0.006907
chuang2021_076,郑明鑫,何屹繁,14,0.006907
chuang2021_076,郑明鑫,俞更寅,14,0.006907
chuang2021_076,郑明鑫,刘宇,14,0.006907
chuang2021_076,郑明鑫,周柯宇,14,0.006907
chuang2021_076,郑明鑫,屈柏宇,14,0.006907
chuang2021_076,郑明鑫,张嘉元,14,0.006907
chuang2021_076,郑明鑫,张腾,14,0.006907
chuang2021_076,郑明鑫,李泰龙,14,0.006907
chuang2021_076,郑明鑫,林墨,14,0.006907
chuang2021_076,郑明鑫,胡烨韬,14,0.006907
chuang2021_076,郑明鑫,荣耀,14,0.006907
chuang2021_076,郑明鑫,陆定昊,14,0.006907
chuang2021_076,郑明鑫,韦语节,14,0.006907
chuang2021_076,郑明鑫,一之濑飞鸟,13,0.006413
chuang2021_076,郑明鑫,创造营2021超话,13,0.006413
chuang2021_076,郑明鑫,原部凌,13,0.006413
chuang2021_076,郑明鑫,林豆,13,0.006413
chuang2021_076,郑明鑫,诺言,13,0.006413
chuang2021_076,郑明鑫,代少冬,12,0.00592
chuang2021_076,郑明鑫,刘彰,12,0.00592
chuang2021_076,郑明鑫,邵明明,12,0.00592
chuang2021_076,郑明鑫,门胁慎刚,12,0.00592
chuang2021_076,郑明鑫,肖力桓,11,0.005427
chuang2021_076,郑明鑫,上原一翔,10,0.004933
chuang2021_076,郑明鑫,张星特,10,0.004933
chuang2021_076,郑明鑫,徐圣兹,10,0.004933
chuang2021_076,郑明鑫,陈瑞丰,10,0.004933
chuang2021_076,郑明鑫,魏子越,10,0.004933
chuang2021_076,郑明鑫,不是在,9,0.00444
chuang2021_076,郑明鑫,不过被,9,0.00444
chuang2021_076,郑明鑫,井汲大翔,9,0.00444
chuang2021_076,郑明鑫,佐藤永翔,9,0.00444
chuang2021_076,郑明鑫,和马,9,0.00444
chuang2021_076,郑明鑫,哼哼,9,0.00444
chuang2021_076,郑明鑫,嘴瓢就是愣神,9,0.00444
chuang2021_076,郑明鑫,大卫,9,0.00444
chuang2021_076,郑明鑫,奥斯卡,9,0.00444
chuang2021_076,郑明鑫,就是真实存在的,9,0.00444
chuang2021_076,郑明鑫,尹浩宇,9,0.00444
chuang2021_076,郑明鑫,庆怜,9,0.00444
chuang2021_076,郑明鑫,很无语,9,0.00444
chuang2021_076,郑明鑫,怎么会有人玩游戏一局都赢不了,9,0.00444
chuang2021_076,郑明鑫,抓烧鹅,9,0.00444
chuang2021_076,郑明鑫,捏脸可爱,9,0.00444
chuang2021_076,郑明鑫,游戏黑洞吧,9,0.00444
chuang2021_076,郑明鑫,王泽浩,9,0.00444
chuang2021_076,郑明鑫,米卡,9,0.00444
chuang2021_076,郑明鑫,罗言,9,0.00444
chuang2021_076,郑明鑫,羽生田挙武,9,0.00444
chuang2021_076,郑明鑫,薛八一,9,0.00444
chuang2021_076,郑明鑫,赞多,9,0.00444
chuang2021_076,郑明鑫,还是那个超萌的,9,0.00444
chuang2021_076,郑明鑫,高卿尘,9,0.00444
chuang2021_076,郑明鑫,于洋,8,0.003947
chuang2021_076,郑明鑫,何圳煜,8,0.003947
chuang2021_076,郑明鑫,何懿峻,8,0.003947
chuang2021_076,郑明鑫,力丸,8,0.003947
chuang2021_076,郑明鑫,曹左,8,0.003947
chuang2021_076,郑明鑫,曾涵江,8,0.003947
chuang2021_076,郑明鑫,李嘉祥,8,0.003947
chuang2021_076,郑明鑫,李家豪,8,0.003947
chuang2021_076,郑明鑫,李洛尔,8,0.003947
chuang2021_076,郑明鑫,林煜修,8,0.003947
chuang2021_076,郑明鑫,每日晚安,8,0.003947
chuang2021_076,郑明鑫,蒋敦豪,8,0.003947
chuang2021_076,郑明鑫,贵尚奇,8,0.003947
chuang2021_076,郑明鑫,赖耀翔,8,0.003947
chuang2021_076,郑明鑫,钱政宇,8,0.003947
chuang2021_076,郑明鑫,韩佩泉,8,0.003947
chuang2021_076,郑明鑫,黄鲲,8,0.003947
chuang2021_076,郑明鑫,凌箫,7,0.003453
chuang2021_076,郑明鑫,刘严冬季,7,0.003453
chuang2021_076,郑明鑫,卢克,7,0.003453
chuang2021_076,郑明鑫,喜内优心,7,0.003453
chuang2021_076,郑明鑫,安迪,7,0.003453
chuang2021_076,郑明鑫,张璋,7,0.003453
chuang2021_076,郑明鑫,徐绍岚,7,0.003453
chuang2021_076,郑明鑫,范臻尔,7,0.003453
chuang2021_076,郑明鑫,谷柳霖,7,0.003453
chuang2021_076,郑明鑫,都筑雄哉,7,0.003453
chuang2021_076,郑明鑫,隅田隼平,7,0.003453
chuang2021_076,郑明鑫,88,6,0.00296
chuang2021_076,郑明鑫,boy,6,0.00296
chuang2021_076,郑明鑫,butter,6,0.00296
chuang2021_076,郑明鑫,fly,6,0.00296
chuang2021_076,郑明鑫,lit,6,0.00296
chuang2021_076,郑明鑫,lover,6,0.00296
chuang2021_076,郑明鑫,me,6,0.00296
chuang2021_076,郑明鑫,radio,6,0.00296
chuang2021_076,郑明鑫,yummy,6,0.00296
chuang2021_076,郑明鑫,作为怪物,6,0.00296
chuang2021_076,郑明鑫,嘉尚风向社,6,0.00296
chuang2021_076,郑明鑫,女孩,6,0.00296
chuang2021_076,郑明鑫,我欢喜喜欢你,6,0.00296
chuang2021_076,郑明鑫,晚安,6,0.00296
chuang2021_076,郑明鑫,田口馨也,6,0.00296
chuang2021_076,郑明鑫,破茧,6,0.00296
chuang2021_076,郑明鑫,超级冠军,6,0.00296
chuang2021_076,郑明鑫,醉拳,6,0.00296
chuang2021_076,郑明鑫,阿克朱力,6,0.00296
chuang2021_076,郑明鑫,霓虹甜心,6,0.00296
chuang2021_076,郑明鑫,amu羽生田挙武,5,0.002467
chuang2021_076,郑明鑫,yuu喜内优心,5,0.002467
chuang2021_076,郑明鑫,传统戏腔的王孝辰,5,0.002467
chuang2021_076,郑明鑫,全员中国风,5,0.002467
chuang2021_076,郑明鑫,创造营成团夜,5,0.002467
chuang2021_076,郑明鑫,嘉尚风向社的微博视频,5,0.002467
chuang2021_076,郑明鑫,感谢,5,0.002467
chuang2021_076,郑明鑫,戴学霖,5,0.002467
chuang2021_076,郑明鑫,爱豆淘气30问,5,0.002467
chuang2021_076,郑明鑫,还有为别人梦想努力的利老师,5,0.002467
chuang2021_076,郑明鑫,闯人来啦,5,0.002467
chuang2021_076,郑明鑫,阿克朱立,5,0.002467
chuang2021_076,郑明鑫,韩风叠中叠,5,0.002467
chuang2021_076,郑明鑫,三位弟弟觉得小豆的问题出的怎么样呢,4,0.001973
chuang2021_076,郑明鑫,也要收购嘉尚传媒,4,0.001973
chuang2021_076,郑明鑫,分享,4,0.001973
chuang2021_076,郑明鑫,创4一公分组,4,0.001973
chuang2021_076,郑明鑫,前来应战,4,0.001973
chuang2021_076,郑明鑫,帅哥总是志向远大,4,0.001973
chuang2021_076,郑明鑫,弟弟,4,0.001973
chuang2021_076,郑明鑫,微博正文,4,0.001973
chuang2021_076,郑明鑫,情书不朽,4,0.001973
chuang2021_076,郑明鑫,晚安啦,4,0.001973
chuang2021_076,郑明鑫,每天都要整理房间的好男孩去哪儿找,4,0.001973
chuang2021_076,郑明鑫,点击就看,4,0.001973
chuang2021_076,郑明鑫,竟是嘉尚唯一指定端水大师,4,0.001973
chuang2021_076,郑明鑫,竟是猛男撒娇爱好者,4,0.001973
chuang2021_076,郑明鑫,第二期惊喜上线,4,0.001973
chuang2021_076,郑明鑫,自创穿衣风格,4,0.001973
chuang2021_076,郑明鑫,营人进入异次元会变成笨蛋吗,4,0.001973
chuang2021_076,郑明鑫,起床困难户,4,0.001973
chuang2021_076,郑明鑫,达咩达咩爱好者们在线作答,4,0.001973
chuang2021_076,郑明鑫,速速来看,4,0.001973
chuang2021_076,郑明鑫,鹅们一起创,4,0.001973
chuang2021_076,郑明鑫,15举行红毯秀,3,0.00148
chuang2021_076,郑明鑫,6位导师,3,0.00148
chuang2021_076,郑明鑫,amber刘逸云,3,0.00148
chuang2021_076,郑明鑫,nene郑乃馨,3,0.00148
chuang2021_076,郑明鑫,zmx,3,0.00148
chuang2021_076,郑明鑫,一公分组,3,0.00148
chuang2021_076,郑明鑫,世界那么大,3,0.00148
chuang2021_076,郑明鑫,今天也是很想你的一天,3,0.00148
chuang2021_076,郑明鑫,全体学员,3,0.00148
chuang2021_076,郑明鑫,助教,3,0.00148
chuang2021_076,郑明鑫,去水印,3,0.00148
chuang2021_076,郑明鑫,发起人都在,3,0.00148
chuang2021_076,郑明鑫,周深,3,0.00148
chuang2021_076,郑明鑫,周震南,3,0.00148
chuang2021_076,郑明鑫,和郑明鑫说一声晚安,3,0.00148
chuang2021_076,郑明鑫,嘉尚三子,3,0.00148
chuang2021_076,郑明鑫,嘉尚安利日记,3,0.00148
chuang2021_076,郑明鑫,图源,3,0.00148
chuang2021_076,郑明鑫,好久不见,3,0.00148
chuang2021_076,郑明鑫,学员,3,0.00148
chuang2021_076,郑明鑫,宁静,3,0.00148
chuang2021_076,郑明鑫,审核过短信通知,3,0.00148
chuang2021_076,郑明鑫,导师,3,0.00148
chuang2021_076,郑明鑫,弟弟们都有种让人上头的魔力,3,0.00148
chuang2021_076,郑明鑫,想报的速私,3,0.00148
chuang2021_076,郑明鑫,我们一起闯,3,0.00148
chuang2021_076,郑明鑫,新浪综艺的微博视频,3,0.00148
chuang2021_076,郑明鑫,正规名额,3,0.00148
chuang2021_076,郑明鑫,海南儋州,3,0.00148
chuang2021_076,郑明鑫,练习室接力版,3,0.00148
chuang2021_076,郑明鑫,腾讯视频,3,0.00148
chuang2021_076,郑明鑫,邓超,3,0.00148
chuang2021_076,郑明鑫,集体奔跑的舞蹈动作在固定镜头的放大下更显澎湃,3,0.00148
chuang2021_076,郑明鑫,2021,2,0.000987
chuang2021_076,郑明鑫,ak,2,0.000987
chuang2021_076,郑明鑫,handsome丨guy,2,0.000987
chuang2021_076,郑明鑫,不管结果怎么样,2,0.000987
chuang2021_076,郑明鑫,不贵,2,0.000987
chuang2021_076,郑明鑫,主题曲盲盒挑战,2,0.000987
chuang2021_076,郑明鑫,也太可爱了吧,2,0.000987
chuang2021_076,郑明鑫,也太帅了吧,2,0.000987
chuang2021_076,郑明鑫,二传二改,2,0.000987
chuang2021_076,郑明鑫,二改,2,0.000987
chuang2021_076,郑明鑫,互相搀扶前行,2,0.000987
chuang2021_076,郑明鑫,傻人有傻福,2,0.000987
chuang2021_076,郑明鑫,全部学员,2,0.000987
chuang2021_076,郑明鑫,创造营2021学员签名,2,0.000987
chuang2021_076,郑明鑫,加油,2,0.000987
chuang2021_076,郑明鑫,勇往直前鹅,2,0.000987
chuang2021_076,郑明鑫,及所属公司,2,0.000987
chuang2021_076,郑明鑫,在今晚的主题曲汇报演出中,2,0.000987
chuang2021_076,郑明鑫,定格你们每一次闪光的瞬间,2,0.000987
chuang2021_076,郑明鑫,尽快道歉赔偿,2,0.000987
chuang2021_076,郑明鑫,开心元气鹅,2,0.000987
chuang2021_076,郑明鑫,张家口,2,0.000987
chuang2021_076,郑明鑫,快来,2,0.000987
chuang2021_076,郑明鑫,快来康康,2,0.000987
chuang2021_076,郑明鑫,愚人节快乐呀,2,0.000987
chuang2021_076,郑明鑫,我们都爱00后,2,0.000987
chuang2021_076,郑明鑫,抽奖详情,2,0.000987
chuang2021_076,郑明鑫,是会动的,2,0.000987
chuang2021_076,郑明鑫,有不断进步的,2,0.000987
chuang2021_076,郑明鑫,有享受舞台的,2,0.000987
chuang2021_076,郑明鑫,有坐着也浑身都是戏的,2,0.000987
chuang2021_076,郑明鑫,游戏黑洞吴宇恒,2,0.000987
chuang2021_076,郑明鑫,甜剧星球,2,0.000987
chuang2021_076,郑明鑫,祝愿你们梦里到过的地方,2,0.000987
chuang2021_076,郑明鑫,第三期,2,0.000987
chuang2021_076,郑明鑫,第二期,2,0.000987
chuang2021_076,郑明鑫,联合声明,2,0.000987
chuang2021_076,郑明鑫,自行车安利博的微博视频,2,0.000987
chuang2021_076,郑明鑫,跌跌撞撞间成长,2,0.000987
chuang2021_076,郑明鑫,郑明鑫发带半永久,2,0.000987
chuang2021_076,郑明鑫,都能在创造营2021的舞台上实现,2,0.000987
chuang2021_076,郑明鑫,陈俊洁全球粉丝后援会,2,0.000987
chuang2021_076,郑明鑫,陈俊洁粉丝后援会打投组,2,0.000987
chuang2021_076,郑明鑫,需要的来,2,0.000987
chuang2021_076,郑明鑫,颜值,2,0.000987
chuang2021_076,郑明鑫,高大强壮鹅,2,0.000987
chuang2021_076,郑明鑫,高颜值大队,2,0.000987
chuang2021_076,郑明鑫,鹅们一起闯,2,0.000987
chuang2021_077,刘聪,刘聪,102,0.045033
chuang2021_077,刘聪,收起,46,0.020309
chuang2021_077,刘聪,刘聪liucong超话,33,0.01457
chuang2021_077,刘聪,屈柏宇,31,0.013687
chuang2021_077,刘聪,林墨,26,0.011479
chuang2021_077,刘聪,怿涵,24,0.010596
chuang2021_077,刘聪,张嘉元,23,0.010155
chuang2021_077,刘聪,甘望星,23,0.010155
chuang2021_077,刘聪,付思超,22,0.009713
chuang2021_077,刘聪,吴海,22,0.009713
chuang2021_077,刘聪,张腾,22,0.009713
chuang2021_077,刘聪,陆定昊,22,0.009713
chuang2021_077,刘聪,任胤蓬,21,0.009272
chuang2021_077,刘聪,伯远,21,0.009272
chuang2021_077,刘聪,刘宇,21,0.009272
chuang2021_077,刘聪,周柯宇,21,0.009272
chuang2021_077,刘聪,李政庭,21,0.009272
chuang2021_077,刘聪,李沛洋,21,0.009272
chuang2021_077,刘聪,何屹繁,20,0.00883
chuang2021_077,刘聪,吴宇恒,20,0.00883
chuang2021_077,刘聪,林豆,20,0.00883
chuang2021_077,刘聪,诺言,20,0.00883
chuang2021_077,刘聪,韦语节,20,0.00883
chuang2021_077,刘聪,井胧,19,0.008389
chuang2021_077,刘聪,俞更寅,19,0.008389
chuang2021_077,刘聪,叶皓然,19,0.008389
chuang2021_077,刘聪,张欣尧,19,0.008389
chuang2021_077,刘聪,胡烨韬,19,0.008389
chuang2021_077,刘聪,荣耀,19,0.008389
chuang2021_077,刘聪,原部凌,18,0.007947
chuang2021_077,刘聪,李泰龙,18,0.007947
chuang2021_077,刘聪,郑明鑫,18,0.007947
chuang2021_077,刘聪,陈俊洁,18,0.007947
chuang2021_077,刘聪,一之濑飞鸟,17,0.007506
chuang2021_077,刘聪,网页链接,17,0.007506
chuang2021_077,刘聪,邵明明,17,0.007506
chuang2021_077,刘聪,门胁慎刚,16,0.007064
chuang2021_077,刘聪,代少冬,15,0.006623
chuang2021_077,刘聪,创造营2021超话,15,0.006623
chuang2021_077,刘聪,力丸,15,0.006623
chuang2021_077,刘聪,和马,15,0.006623
chuang2021_077,刘聪,张星特,15,0.006623
chuang2021_077,刘聪,肖力桓,15,0.006623
chuang2021_077,刘聪,薛八一,15,0.006623
chuang2021_077,刘聪,刘严冬季,14,0.006181
chuang2021_077,刘聪,喜内优心,14,0.006181
chuang2021_077,刘聪,庆怜,14,0.006181
chuang2021_077,刘聪,曹左,14,0.006181
chuang2021_077,刘聪,于洋,13,0.00574
chuang2021_077,刘聪,佐藤永翔,13,0.00574
chuang2021_077,刘聪,刘唐辉,13,0.00574
chuang2021_077,刘聪,刘聪创造营2021,13,0.00574
chuang2021_077,刘聪,奥斯卡,13,0.00574
chuang2021_077,刘聪,高卿尘,13,0.00574
chuang2021_077,刘聪,魏子越,13,0.00574
chuang2021_077,刘聪,井汲大翔,12,0.005298
chuang2021_077,刘聪,利路修,12,0.005298
chuang2021_077,刘聪,大卫,12,0.005298
chuang2021_077,刘聪,李泽坤,12,0.005298
chuang2021_077,刘聪,李洛尔,12,0.005298
chuang2021_077,刘聪,王孝辰,12,0.005298
chuang2021_077,刘聪,米卡,12,0.005298
chuang2021_077,刘聪,罗言,12,0.005298
chuang2021_077,刘聪,羽生田挙武,12,0.005298
chuang2021_077,刘聪,蒋敦豪,12,0.005298
chuang2021_077,刘聪,谢兴阳,12,0.005298
chuang2021_077,刘聪,赞多,12,0.005298
chuang2021_077,刘聪,钱政宇,12,0.005298
chuang2021_077,刘聪,上原一翔,11,0.004857
chuang2021_077,刘聪,何圳煜,11,0.004857
chuang2021_077,刘聪,何懿峻,11,0.004857
chuang2021_077,刘聪,刘彰,11,0.004857
chuang2021_077,刘聪,尹浩宇,11,0.004857
chuang2021_077,刘聪,徐圣兹,11,0.004857
chuang2021_077,刘聪,林煜修,11,0.004857
chuang2021_077,刘聪,王泽浩,11,0.004857
chuang2021_077,刘聪,谷柳霖,11,0.004857
chuang2021_077,刘聪,贵尚奇,11,0.004857
chuang2021_077,刘聪,邓超,11,0.004857
chuang2021_077,刘聪,陈瑞丰,11,0.004857
chuang2021_077,刘聪,韩佩泉,11,0.004857
chuang2021_077,刘聪,00,10,0.004415
chuang2021_077,刘聪,向全世界安利刘聪,10,0.004415
chuang2021_077,刘聪,张璋,10,0.004415
chuang2021_077,刘聪,黄鲲,10,0.004415
chuang2021_077,刘聪,徐绍岚,9,0.003974
chuang2021_077,刘聪,曾涵江,9,0.003974
chuang2021_077,刘聪,李嘉祥,9,0.003974
chuang2021_077,刘聪,李家豪,9,0.003974
chuang2021_077,刘聪,田口馨也,9,0.003974
chuang2021_077,刘聪,赖耀翔,9,0.003974
chuang2021_077,刘聪,都筑雄哉,9,0.003974
chuang2021_077,刘聪,凌箫,8,0.003532
chuang2021_077,刘聪,卢克,8,0.003532
chuang2021_077,刘聪,安迪,8,0.003532
chuang2021_077,刘聪,范臻尔,8,0.003532
chuang2021_077,刘聪,阿克朱力,8,0.003532
chuang2021_077,刘聪,隅田隼平,8,0.003532
chuang2021_077,刘聪,88,7,0.003091
chuang2021_077,刘聪,amu羽生田挙武,7,0.003091
chuang2021_077,刘聪,boy,7,0.003091
chuang2021_077,刘聪,lover,7,0.003091
chuang2021_077,刘聪,yescamp刘聪超话,7,0.003091
chuang2021_077,刘聪,yuu喜内优心,7,0.003091
chuang2021_077,刘聪,不展现自己的缺点,7,0.003091
chuang2021_077,刘聪,他还强调自己想当第91号学员不是开玩笑的,7,0.003091
chuang2021_077,刘聪,但他现在会直面缺陷与不自信,7,0.003091
chuang2021_077,刘聪,努力把它培养成自己的爱好,7,0.003091
chuang2021_077,刘聪,希望在新的领域不露怯,7,0.003091
chuang2021_077,刘聪,我欢喜喜欢你,7,0.003091
chuang2021_077,刘聪,戴学霖,7,0.003091
chuang2021_077,刘聪,超级冠军,7,0.003091
chuang2021_077,刘聪,邓超被问怎么在不擅长的领域如此自信,7,0.003091
chuang2021_077,刘聪,邓超说大家身上都有自我保护机制,7,0.003091
chuang2021_077,刘聪,阿克朱立,7,0.003091
chuang2021_077,刘聪,butter,6,0.002649
chuang2021_077,刘聪,fly,6,0.002649
chuang2021_077,刘聪,lit,6,0.002649
chuang2021_077,刘聪,me,6,0.002649
chuang2021_077,刘聪,radio,6,0.002649
chuang2021_077,刘聪,ready,6,0.002649
chuang2021_077,刘聪,you,6,0.002649
chuang2021_077,刘聪,yummy,6,0.002649
chuang2021_077,刘聪,作为怪物,6,0.002649
chuang2021_077,刘聪,女孩,6,0.002649
chuang2021_077,刘聪,学员,6,0.002649
chuang2021_077,刘聪,提问,6,0.002649
chuang2021_077,刘聪,是如何做到在不擅长的领域如此自信,6,0.002649
chuang2021_077,刘聪,爱我ready,6,0.002649
chuang2021_077,刘聪,破茧,6,0.002649
chuang2021_077,刘聪,酷乐现场,6,0.002649
chuang2021_077,刘聪,醉拳,6,0.002649
chuang2021_077,刘聪,霓虹甜心,6,0.002649
chuang2021_077,刘聪,15举行红毯秀,5,0.002208
chuang2021_077,刘聪,2021,5,0.002208
chuang2021_077,刘聪,6位导师,5,0.002208
chuang2021_077,刘聪,amber刘逸云,5,0.002208
chuang2021_077,刘聪,nene郑乃馨,5,0.002208
chuang2021_077,刘聪,全体学员,5,0.002208
chuang2021_077,刘聪,助教,5,0.002208
chuang2021_077,刘聪,发起人都在,5,0.002208
chuang2021_077,刘聪,周深,5,0.002208
chuang2021_077,刘聪,周震南,5,0.002208
chuang2021_077,刘聪,宁静,5,0.002208
chuang2021_077,刘聪,审核过短信通知,5,0.002208
chuang2021_077,刘聪,导师,5,0.002208
chuang2021_077,刘聪,想报的速私,5,0.002208
chuang2021_077,刘聪,正规名额,5,0.002208
chuang2021_077,刘聪,海南儋州,5,0.002208
chuang2021_077,刘聪,are,4,0.001766
chuang2021_077,刘聪,team,4,0.001766
chuang2021_077,刘聪,we,4,0.001766
chuang2021_077,刘聪,世界那么大,4,0.001766
chuang2021_077,刘聪,创4一公分组,4,0.001766
chuang2021_077,刘聪,创4全员主题曲舞台爷青回,4,0.001766
chuang2021_077,刘聪,创4第一次顺位发布,4,0.001766
chuang2021_077,刘聪,向世界大声喊出我们的声音,4,0.001766
chuang2021_077,刘聪,因本次涉及学员淘汰,4,0.001766
chuang2021_077,刘聪,我们一起闯,4,0.001766
chuang2021_077,刘聪,我们并肩作战,4,0.001766
chuang2021_077,刘聪,自行车安利博的微博视频,4,0.001766
chuang2021_077,刘聪,请各位以最终的通知信息为准,4,0.001766
chuang2021_077,刘聪,酷狗首唱会,4,0.001766
chuang2021_077,刘聪,4月25日17点抽取3位小桔瓣每人送上骑行月卡1张,3,0.001325
chuang2021_077,刘聪,ak,3,0.001325
chuang2021_077,刘聪,streetart董晓晨,3,0.001325
chuang2021_077,刘聪,一公分组,3,0.001325
chuang2021_077,刘聪,上下班,3,0.001325
chuang2021_077,刘聪,今天不做情绪稳定的成年人了,3,0.001325
chuang2021_077,刘聪,做回那个追风的少年,3,0.001325
chuang2021_077,刘聪,关注,3,0.001325
chuang2021_077,刘聪,参与活动,3,0.001325
chuang2021_077,刘聪,各路潮人一起相约在城市的角落,3,0.001325
chuang2021_077,刘聪,喜内优心超话,3,0.001325
chuang2021_077,刘聪,如何,3,0.001325
chuang2021_077,刘聪,微博抽奖平台,3,0.001325
chuang2021_077,刘聪,抽奖详情,3,0.001325
chuang2021_077,刘聪,春天不贵,3,0.001325
chuang2021_077,刘聪,朱松玮ray,3,0.001325
chuang2021_077,刘聪,来一场春日之旅,3,0.001325
chuang2021_077,刘聪,气氛要到位,3,0.001325
chuang2021_077,刘聪,王少杰,3,0.001325
chuang2021_077,刘聪,玩个野的,3,0.001325
chuang2021_077,刘聪,篮球,3,0.001325
chuang2021_077,刘聪,荣梓杉,3,0.001325
chuang2021_077,刘聪,许诺,3,0.001325
chuang2021_077,刘聪,赵英博v,3,0.001325
chuang2021_077,刘聪,转发此微博,3,0.001325
chuang2021_077,刘聪,12人间,2,0.000883
chuang2021_077,刘聪,19,2,0.000883
chuang2021_077,刘聪,19号任意一天去检测都行,2,0.000883
chuang2021_077,刘聪,20,2,0.000883
chuang2021_077,刘聪,20210418,2,0.000883
chuang2021_077,刘聪,24,2,0.000883
chuang2021_077,刘聪,2人间,2,0.000883
chuang2021_077,刘聪,3c情报局,2,0.000883
chuang2021_077,刘聪,3月20日,2,0.000883
chuang2021_077,刘聪,4人间,2,0.000883
chuang2021_077,刘聪,4月16日19,2,0.000883
chuang2021_077,刘聪,4月2日16,2,0.000883
chuang2021_077,刘聪,4月2日19,2,0.000883
chuang2021_077,刘聪,8组人气偶像惊喜空降,2,0.000883
chuang2021_077,刘聪,chic,2,0.000883
chuang2021_077,刘聪,chuang人,2,0.000883
chuang2021_077,刘聪,cr,2,0.000883
chuang2021_077,刘聪,ctu,2,0.000883
chuang2021_077,刘聪,f0v8,2,0.000883
chuang2021_077,刘聪,geek,2,0.000883
chuang2021_077,刘聪,is,2,0.000883
chuang2021_077,刘聪,lindow林豆豆超话,2,0.000883
chuang2021_077,刘聪,logo,2,0.000883
chuang2021_077,刘聪,new,2,0.000883
chuang2021_077,刘聪,pick刘聪,2,0.000883
chuang2021_077,刘聪,sweetknight,2,0.000883
chuang2021_077,刘聪,the,2,0.000883
chuang2021_077,刘聪,一旦发现以任何形式转让名额,2,0.000883
chuang2021_077,刘聪,上班,2,0.000883
chuang2021_077,刘聪,不得任何形式转让,2,0.000883
chuang2021_077,刘聪,不接受自带核酸报告,2,0.000883
chuang2021_077,刘聪,不贵,2,0.000883
chuang2021_077,刘聪,且主页有多数相关内容,2,0.000883
chuang2021_077,刘聪,且无发热,2,0.000883
chuang2021_077,刘聪,两个中任意一个,2,0.000883
chuang2021_077,刘聪,个人,2,0.000883
chuang2021_077,刘聪,任何关于刘聪的不良言论,2,0.000883
chuang2021_077,刘聪,信息审核通过,2,0.000883
chuang2021_077,刘聪,全部学员,2,0.000883
chuang2021_077,刘聪,公演录制前,2,0.000883
chuang2021_077,刘聪,公演时间,2,0.000883
chuang2021_077,刘聪,六人间,2,0.000883
chuang2021_077,刘聪,共两个名额,2,0.000883
chuang2021_077,刘聪,凌萧,2,0.000883
chuang2021_077,刘聪,分配给贡献值最大的两位,2,0.000883
chuang2021_077,刘聪,刘严冬季超话,2,0.000883
chuang2021_077,刘聪,刘聪创造营第二次公演名额征集,2,0.000883
chuang2021_077,刘聪,创4学员睡衣趴造型,2,0.000883
chuang2021_077,刘聪,创4选手路透,2,0.000883
chuang2021_077,刘聪,创造营2021学员签名,2,0.000883
chuang2021_077,刘聪,创造营2021第二次公演名额公示,2,0.000883
chuang2021_077,刘聪,创造营排名,2,0.000883
chuang2021_077,刘聪,加油加油,2,0.000883
chuang2021_077,刘聪,及超话,2,0.000883
chuang2021_077,刘聪,名额分配如下,2,0.000883
chuang2021_077,刘聪,后援会将参考但不仅限于,2,0.000883
chuang2021_077,刘聪,后续电话或短信会通知,2,0.000883
chuang2021_077,刘聪,咳嗽,2,0.000883
chuang2021_077,刘聪,喜内忧心,2,0.000883
chuang2021_077,刘聪,因此后援会统一上报信息后,2,0.000883
chuang2021_077,刘聪,因此后援会统一报名后,2,0.000883
chuang2021_077,刘聪,因疫情管控等因素,2,0.000883
chuang2021_077,刘聪,图站,2,0.000883
chuang2021_077,刘聪,在创造营2021节目中one,2,0.000883
chuang2021_077,刘聪,地点,2,0.000883
chuang2021_077,刘聪,如不能满足请勿报名,2,0.000883
chuang2021_077,刘聪,存在突发变数,2,0.000883
chuang2021_077,刘聪,官方将在晋级结果产生后,2,0.000883
chuang2021_077,刘聪,官方将在晋级结果产生后发送短信,2,0.000883
chuang2021_077,刘聪,将被拉入黑名单,2,0.000883
chuang2021_077,刘聪,年满18周岁,2,0.000883
chuang2021_077,刘聪,并对分配结果进行公示,2,0.000883
chuang2021_077,刘聪,并影响后续活动参与资格,2,0.000883
chuang2021_077,刘聪,必须由本人参加录制,2,0.000883
chuang2021_077,刘聪,快来康康,2,0.000883
chuang2021_077,刘聪,怿涵超话,2,0.000883
chuang2021_077,刘聪,成都ifs,2,0.000883
chuang2021_077,刘聪,报名成功后不可中途放弃名额,2,0.000883
chuang2021_077,刘聪,报名截止时间,2,0.000883
chuang2021_077,刘聪,持有健康绿码和行程卡绿码,2,0.000883
chuang2021_077,刘聪,提前3天前往指定医院进行核酸检测,2,0.000883
chuang2021_077,刘聪,撑腰值,2,0.000883
chuang2021_077,刘聪,敢造,2,0.000883
chuang2021_077,刘聪,无畏青春,2,0.000883
chuang2021_077,刘聪,晋级学员,2,0.000883
chuang2021_077,刘聪,曹左超话,2,0.000883
chuang2021_077,刘聪,有贡献截图可提供相关截图,2,0.000883
chuang2021_077,刘聪,未与新冠确认病例,2,0.000883
chuang2021_077,刘聪,未晋级则名额自动作废,2,0.000883
chuang2021_077,刘聪,核酸不是指17,2,0.000883
chuang2021_077,刘聪,核酸检测医院在海南省儋州市,2,0.000883
chuang2021_077,刘聪,根据报名id提供的截图分析综合贡献后,2,0.000883
chuang2021_077,刘聪,此次公演名额由后援会进行公开招募,2,0.000883
chuang2021_077,刘聪,求求了,2,0.000883
chuang2021_077,刘聪,江子牙,2,0.000883
chuang2021_077,刘聪,海南,2,0.000883
chuang2021_077,刘聪,满足以下条件方可参与报名,2,0.000883
chuang2021_077,刘聪,澳门除外,2,0.000883
chuang2021_077,刘聪,特别须知,2,0.000883
chuang2021_077,刘聪,王泽浩超话,2,0.000883
chuang2021_077,刘聪,现场观看方式可能会被临时削减或取消,2,0.000883
chuang2021_077,刘聪,疑似病例及其密切接触者有接触,2,0.000883
chuang2021_077,刘聪,的微博视频,2,0.000883
chuang2021_077,刘聪,的粉丝发送核酸检测短信,2,0.000883
chuang2021_077,刘聪,目前暂定的是17号,2,0.000883
chuang2021_077,刘聪,直播抢先预约,2,0.000883
chuang2021_077,刘聪,私信后援会报名后,2,0.000883
chuang2021_077,刘聪,等综合贡献度来进行名额分配,2,0.000883
chuang2021_077,刘聪,纯甄小蛮腰,2,0.000883
chuang2021_077,刘聪,肖力恒,2,0.000883
chuang2021_077,刘聪,肥西肥西,2,0.000883
chuang2021_077,刘聪,腹泻等异常健康症状,2,0.000883
chuang2021_077,刘聪,营人进入异次元会变成笨蛋吗,2,0.000883
chuang2021_077,刘聪,要节目组规定的时间才行,2,0.000883
chuang2021_077,刘聪,评论区获取,2,0.000883
chuang2021_077,刘聪,请关注节目官方公示或通知,2,0.000883
chuang2021_077,刘聪,过去14天没有中高风险地区旅居史,2,0.000883
chuang2021_077,刘聪,过去21天内没有境外国家或地区旅居史,2,0.000883
chuang2021_077,刘聪,酷狗直播的微博视频,2,0.000883
chuang2021_077,刘聪,酷狗首唱会的微博视频,2,0.000883
chuang2021_077,刘聪,重要,2,0.000883
chuang2021_077,刘聪,闯人花式挑战主题曲,2,0.000883
chuang2021_077,刘聪,集合吧,2,0.000883
chuang2021_077,刘聪,需要的来,2,0.000883
chuang2021_077,刘聪,首页,2,0.000883
chuang2021_078,田口馨也,田口馨也,85,0.051766
chuang2021_078,田口馨也,隅田隼平,33,0.020097
chuang2021_078,田口馨也,田口馨也超话,29,0.017661
chuang2021_078,田口馨也,井汲大翔,26,0.015834
chuang2021_078,田口馨也,收起,23,0.014007
chuang2021_078,田口馨也,创造营2021超话,22,0.013398
chuang2021_078,田口馨也,田口馨也创造营2021,22,0.013398
chuang2021_078,田口馨也,喜内优心,17,0.010353
chuang2021_078,田口馨也,曹左,16,0.009744
chuang2021_078,田口馨也,上原一翔,15,0.009135
chuang2021_078,田口馨也,伯远,14,0.008526
chuang2021_078,田口馨也,屈柏宇,14,0.008526
chuang2021_078,田口馨也,门胁慎刚,14,0.008526
chuang2021_078,田口馨也,陆定昊,14,0.008526
chuang2021_078,田口馨也,任胤蓬,13,0.007917
chuang2021_078,田口馨也,何圳煜,13,0.007917
chuang2021_078,田口馨也,张璋,13,0.007917
chuang2021_078,田口馨也,李泰龙,13,0.007917
chuang2021_078,田口馨也,林豆,13,0.007917
chuang2021_078,田口馨也,胡烨韬,13,0.007917
chuang2021_078,田口馨也,荣耀,13,0.007917
chuang2021_078,田口馨也,薛八一,13,0.007917
chuang2021_078,田口馨也,韩佩泉,13,0.007917
chuang2021_078,田口馨也,2021,12,0.007308
chuang2021_078,田口馨也,佐藤永翔,12,0.007308
chuang2021_078,田口馨也,何懿峻,12,0.007308
chuang2021_078,田口馨也,刘严冬季,12,0.007308
chuang2021_078,田口馨也,刘宇,12,0.007308
chuang2021_078,田口馨也,刘聪,12,0.007308
chuang2021_078,田口馨也,利路修,12,0.007308
chuang2021_078,田口馨也,原部凌,12,0.007308
chuang2021_078,田口馨也,周柯宇,12,0.007308
chuang2021_078,田口馨也,徐圣兹,12,0.007308
chuang2021_078,田口馨也,怿涵,12,0.007308
chuang2021_078,田口馨也,李泽坤,12,0.007308
chuang2021_078,田口馨也,林墨,12,0.007308
chuang2021_078,田口馨也,林煜修,12,0.007308
chuang2021_078,田口馨也,范臻尔,12,0.007308
chuang2021_078,田口馨也,蒋敦豪,12,0.007308
chuang2021_078,田口馨也,谷柳霖,12,0.007308
chuang2021_078,田口馨也,邵明明,12,0.007308
chuang2021_078,田口馨也,都筑雄哉,12,0.007308
chuang2021_078,田口馨也,陈瑞丰,12,0.007308
chuang2021_078,田口馨也,于洋,11,0.006699
chuang2021_078,田口馨也,井胧,11,0.006699
chuang2021_078,田口馨也,付思超,11,0.006699
chuang2021_078,田口馨也,代少冬,11,0.006699
chuang2021_078,田口馨也,何屹繁,11,0.006699
chuang2021_078,田口馨也,凌箫,11,0.006699
chuang2021_078,田口馨也,刘彰,11,0.006699
chuang2021_078,田口馨也,力丸,11,0.006699
chuang2021_078,田口馨也,卢克,11,0.006699
chuang2021_078,田口馨也,叶皓然,11,0.006699
chuang2021_078,田口馨也,吴宇恒,11,0.006699
chuang2021_078,田口馨也,吴海,11,0.006699
chuang2021_078,田口馨也,大卫,11,0.006699
chuang2021_078,田口馨也,奥斯卡,11,0.006699
chuang2021_078,田口馨也,安迪,11,0.006699
chuang2021_078,田口馨也,尹浩宇,11,0.006699
chuang2021_078,田口馨也,徐绍岚,11,0.006699
chuang2021_078,田口馨也,李嘉祥,11,0.006699
chuang2021_078,田口馨也,李政庭,11,0.006699
chuang2021_078,田口馨也,李沛洋,11,0.006699
chuang2021_078,田口馨也,李洛尔,11,0.006699
chuang2021_078,田口馨也,王孝辰,11,0.006699
chuang2021_078,田口馨也,王泽浩,11,0.006699
chuang2021_078,田口馨也,甘望星,11,0.006699
chuang2021_078,田口馨也,罗言,11,0.006699
chuang2021_078,田口馨也,肖力桓,11,0.006699
chuang2021_078,田口馨也,诺言,11,0.006699
chuang2021_078,田口馨也,谢兴阳,11,0.006699
chuang2021_078,田口馨也,贵尚奇,11,0.006699
chuang2021_078,田口馨也,赖耀翔,11,0.006699
chuang2021_078,田口馨也,郑明鑫,11,0.006699
chuang2021_078,田口馨也,钱政宇,11,0.006699
chuang2021_078,田口馨也,阿克朱力,11,0.006699
chuang2021_078,田口馨也,陈俊洁,11,0.006699
chuang2021_078,田口馨也,韦语节,11,0.006699
chuang2021_078,田口馨也,高卿尘,11,0.006699
chuang2021_078,田口馨也,黄鲲,11,0.006699
chuang2021_078,田口馨也,一之濑飞鸟,10,0.00609
chuang2021_078,田口馨也,俞更寅,10,0.00609
chuang2021_078,田口馨也,刘唐辉,10,0.00609
chuang2021_078,田口馨也,张嘉元,10,0.00609
chuang2021_078,田口馨也,张星特,10,0.00609
chuang2021_078,田口馨也,张欣尧,10,0.00609
chuang2021_078,田口馨也,张腾,10,0.00609
chuang2021_078,田口馨也,曾涵江,10,0.00609
chuang2021_078,田口馨也,李家豪,10,0.00609
chuang2021_078,田口馨也,赞多,10,0.00609
chuang2021_078,田口馨也,魏子越,10,0.00609
chuang2021_078,田口馨也,和马,9,0.005481
chuang2021_078,田口馨也,庆怜,9,0.005481
chuang2021_078,田口馨也,米卡,9,0.005481
chuang2021_078,田口馨也,羽生田挙武,9,0.005481
chuang2021_078,田口馨也,you,8,0.004872
chuang2021_078,田口馨也,作为怪物,8,0.004872
chuang2021_078,田口馨也,88,7,0.004263
chuang2021_078,田口馨也,boy,7,0.004263
chuang2021_078,田口馨也,lover,7,0.004263
chuang2021_078,田口馨也,我欢喜喜欢你,7,0.004263
chuang2021_078,田口馨也,自行车安利博的微博视频,7,0.004263
chuang2021_078,田口馨也,butter,6,0.003654
chuang2021_078,田口馨也,fly,6,0.003654
chuang2021_078,田口馨也,hip,6,0.003654
chuang2021_078,田口馨也,kay009,6,0.003654
chuang2021_078,田口馨也,lit,6,0.003654
chuang2021_078,田口馨也,me,6,0.003654
chuang2021_078,田口馨也,radio,6,0.003654
chuang2021_078,田口馨也,ready,6,0.003654
chuang2021_078,田口馨也,yummy,6,0.003654
chuang2021_078,田口馨也,女孩,6,0.003654
chuang2021_078,田口馨也,爱我ready,6,0.003654
chuang2021_078,田口馨也,的微博视频,6,0.003654
chuang2021_078,田口馨也,破茧,6,0.003654
chuang2021_078,田口馨也,超级冠军,6,0.003654
chuang2021_078,田口馨也,醉拳,6,0.003654
chuang2021_078,田口馨也,霓虹甜心,6,0.003654
chuang2021_078,田口馨也,创造营采访ep2,5,0.003045
chuang2021_078,田口馨也,纯享,5,0.003045
chuang2021_078,田口馨也,网页链接,5,0.003045
chuang2021_078,田口馨也,腾讯视频wetv的微博视频,5,0.003045
chuang2021_078,田口馨也,创4一公分组,4,0.002436
chuang2021_078,田口馨也,创造营2021晚安哄睡,4,0.002436
chuang2021_078,田口馨也,工作了一天一定很辛苦了吧,4,0.002436
chuang2021_078,田口馨也,快点去睡觉啦,4,0.002436
chuang2021_078,田口馨也,我们一起闯,4,0.002436
chuang2021_078,田口馨也,晚安,4,0.002436
chuang2021_078,田口馨也,海鹅和她的朋友们,4,0.002436
chuang2021_078,田口馨也,的话,4,0.002436
chuang2021_078,田口馨也,腾讯视频创造营2021的微博视频,4,0.002436
chuang2021_078,田口馨也,20,3,0.001827
chuang2021_078,田口馨也,with,3,0.001827
chuang2021_078,田口馨也,一公分组,3,0.001827
chuang2021_078,田口馨也,回到日本最想带其他学员去的地方,3,0.001827
chuang2021_078,田口馨也,学员,3,0.001827
chuang2021_078,田口馨也,宿舍里发生的有趣故事,3,0.001827
chuang2021_078,田口馨也,快和海鹅一起来听听他们pick的导师舞台和最喜欢的中国食物是什么吧,3,0.001827
chuang2021_078,田口馨也,采访正片上线啦,3,0.001827
chuang2021_078,田口馨也,预告来啦,3,0.001827
chuang2021_078,田口馨也,00,2,0.001218
chuang2021_078,田口馨也,2位好友,2,0.001218
chuang2021_078,田口馨也,ak,2,0.001218
chuang2021_078,田口馨也,amber刘逸云,2,0.001218
chuang2021_078,田口馨也,are,2,0.001218
chuang2021_078,田口馨也,by,2,0.001218
chuang2021_078,田口馨也,good,2,0.001218
chuang2021_078,田口馨也,him,2,0.001218
chuang2021_078,田口馨也,janpanese,2,0.001218
chuang2021_078,田口馨也,keiya,2,0.001218
chuang2021_078,田口馨也,nene郑乃馨,2,0.001218
chuang2021_078,田口馨也,not,2,0.001218
chuang2021_078,田口馨也,red,2,0.001218
chuang2021_078,田口馨也,the,2,0.001218
chuang2021_078,田口馨也,to,2,0.001218
chuang2021_078,田口馨也,ver,2,0.001218
chuang2021_078,田口馨也,very,2,0.001218
chuang2021_078,田口馨也,will,2,0.001218
chuang2021_078,田口馨也,世界那么大,2,0.001218
chuang2021_078,田口馨也,主题曲盲盒挑战,2,0.001218
chuang2021_078,田口馨也,今日值班学员,2,0.001218
chuang2021_078,田口馨也,健身,2,0.001218
chuang2021_078,田口馨也,元气满满的隅田隼平,2,0.001218
chuang2021_078,田口馨也,关注,2,0.001218
chuang2021_078,田口馨也,创4学员默契通关全记录,2,0.001218
chuang2021_078,田口馨也,创4排名,2,0.001218
chuang2021_078,田口馨也,创4春日少年初见回忆录,2,0.001218
chuang2021_078,田口馨也,创二公有正规名额,2,0.001218
chuang2021_078,田口馨也,创始人们不快来打call吗,2,0.001218
chuang2021_078,田口馨也,创造营2021早安唤醒,2,0.001218
chuang2021_078,田口馨也,加注能量啦,2,0.001218
chuang2021_078,田口馨也,助教,2,0.001218
chuang2021_078,田口馨也,又是新的一周啦,2,0.001218
chuang2021_078,田口馨也,周深,2,0.001218
chuang2021_078,田口馨也,周震南,2,0.001218
chuang2021_078,田口馨也,学员能量榜为你,2,0.001218
chuang2021_078,田口馨也,宁静,2,0.001218
chuang2021_078,田口馨也,完整版已在wetv上线,2,0.001218
chuang2021_078,田口馨也,导师,2,0.001218
chuang2021_078,田口馨也,带来了日文特别版的二创主题曲,2,0.001218
chuang2021_078,田口馨也,带来的,2,0.001218
chuang2021_078,田口馨也,応援,2,0.001218
chuang2021_078,田口馨也,快来康康,2,0.001218
chuang2021_078,田口馨也,快起床吧,2,0.001218
chuang2021_078,田口馨也,想换,2,0.001218
chuang2021_078,田口馨也,想让更多人看到如此优秀的你,2,0.001218
chuang2021_078,田口馨也,我在纯甄,2,0.001218
chuang2021_078,田口馨也,或者谁能出周柯宇的,2,0.001218
chuang2021_078,田口馨也,抽奖详情,2,0.001218
chuang2021_078,田口馨也,换田口馨也,2,0.001218
chuang2021_078,田口馨也,换票,2,0.001218
chuang2021_078,田口馨也,早上好,2,0.001218
chuang2021_078,田口馨也,李洛尔李沛洋,2,0.001218
chuang2021_078,田口馨也,每天都在努力练习的keiya和元气可爱的吉祥弟弟,2,0.001218
chuang2021_078,田口馨也,海南儋州,2,0.001218
chuang2021_078,田口馨也,海岛中文学霸隅田隼平,2,0.001218
chuang2021_078,田口馨也,海岛团宠吉祥弟弟和努力认真的keiya的,2,0.001218
chuang2021_078,田口馨也,海鹅抽1位小可爱得学员们亲签各一张哦,2,0.001218
chuang2021_078,田口馨也,物料分享,2,0.001218
chuang2021_078,田口馨也,看看孩子吧,2,0.001218
chuang2021_078,田口馨也,福利时间到,2,0.001218
chuang2021_078,田口馨也,第二次公演,2,0.001218
chuang2021_078,田口馨也,纯甄金句瓶,2,0.001218
chuang2021_078,田口馨也,羅甘羅甘甘,2,0.001218
chuang2021_078,田口馨也,羽生田学武,2,0.001218
chuang2021_078,田口馨也,腾讯视频,2,0.001218
chuang2021_078,田口馨也,腾讯视频wetv,2,0.001218
chuang2021_078,田口馨也,要的来,2,0.001218
chuang2021_078,田口馨也,请你来看,2,0.001218
chuang2021_078,田口馨也,超级赛亚人都就位了,2,0.001218
chuang2021_078,田口馨也,转评赞并,2,0.001218
chuang2021_078,田口馨也,这是免费也能看的健身房小哥哥,2,0.001218
chuang2021_078,田口馨也,这期我们请到的是,2,0.001218
chuang2021_078,田口馨也,邓超,2,0.001218
chuang2021_078,田口馨也,闯人花式挑战主题曲,2,0.001218
chuang2021_078,田口馨也,隅田隼平超话,2,0.001218
chuang2021_078,田口馨也,需审核,2,0.001218
chuang2021_078,田口馨也,頑張,2,0.001218
chuang2021_078,田口馨也,黑人牙膏白酵素助力创造营田口馨也闪耀闯关,2,0.001218
chuang2021_079,谷柳霖,谷柳霖,112,0.053156
chuang2021_079,谷柳霖,尹浩宇,57,0.027053
chuang2021_079,谷柳霖,奥斯卡,52,0.02468
chuang2021_079,谷柳霖,庆怜,52,0.02468
chuang2021_079,谷柳霖,周柯宇,47,0.022307
chuang2021_079,谷柳霖,凌箫,43,0.020408
chuang2021_079,谷柳霖,radio,40,0.018984
chuang2021_079,谷柳霖,收起,37,0.017561
chuang2021_079,谷柳霖,力丸,27,0.012814
chuang2021_079,谷柳霖,甘望星,24,0.011391
chuang2021_079,谷柳霖,米卡,21,0.009967
chuang2021_079,谷柳霖,谷柳霖超话,21,0.009967
chuang2021_079,谷柳霖,赞多,21,0.009967
chuang2021_079,谷柳霖,和马,20,0.009492
chuang2021_079,谷柳霖,魏子越,20,0.009492
chuang2021_079,谷柳霖,于洋,18,0.008543
chuang2021_079,谷柳霖,刘聪,18,0.008543
chuang2021_079,谷柳霖,吴宇恒,18,0.008543
chuang2021_079,谷柳霖,屈柏宇,18,0.008543
chuang2021_079,谷柳霖,张星特,18,0.008543
chuang2021_079,谷柳霖,蒋敦豪,18,0.008543
chuang2021_079,谷柳霖,俞更寅,17,0.008068
chuang2021_079,谷柳霖,张嘉元,17,0.008068
chuang2021_079,谷柳霖,李泰龙,17,0.008068
chuang2021_079,谷柳霖,林墨,17,0.008068
chuang2021_079,谷柳霖,腾讯视频,17,0.008068
chuang2021_079,谷柳霖,钱政宇,17,0.008068
chuang2021_079,谷柳霖,陆定昊,17,0.008068
chuang2021_079,谷柳霖,高卿尘,17,0.008068
chuang2021_079,谷柳霖,张璋,16,0.007594
chuang2021_079,谷柳霖,张腾,16,0.007594
chuang2021_079,谷柳霖,怿涵,16,0.007594
chuang2021_079,谷柳霖,诺言,16,0.007594
chuang2021_079,谷柳霖,阿克朱力,16,0.007594
chuang2021_079,谷柳霖,上原一翔,15,0.007119
chuang2021_079,谷柳霖,井胧,15,0.007119
chuang2021_079,谷柳霖,付思超,15,0.007119
chuang2021_079,谷柳霖,任胤蓬,15,0.007119
chuang2021_079,谷柳霖,伯远,15,0.007119
chuang2021_079,谷柳霖,何懿峻,15,0.007119
chuang2021_079,谷柳霖,刘宇,15,0.007119
chuang2021_079,谷柳霖,创造营2021超话,15,0.007119
chuang2021_079,谷柳霖,李嘉祥,15,0.007119
chuang2021_079,谷柳霖,李政庭,15,0.007119
chuang2021_079,谷柳霖,胡烨韬,15,0.007119
chuang2021_079,谷柳霖,何圳煜,14,0.006645
chuang2021_079,谷柳霖,王孝辰,14,0.006645
chuang2021_079,谷柳霖,纯享,14,0.006645
chuang2021_079,谷柳霖,邵明明,14,0.006645
chuang2021_079,谷柳霖,黄鲲,14,0.006645
chuang2021_079,谷柳霖,井汲大翔,13,0.00617
chuang2021_079,谷柳霖,刘唐辉,13,0.00617
chuang2021_079,谷柳霖,原部凌,13,0.00617
chuang2021_079,谷柳霖,叶皓然,13,0.00617
chuang2021_079,谷柳霖,大卫,13,0.00617
chuang2021_079,谷柳霖,徐圣兹,13,0.00617
chuang2021_079,谷柳霖,曹左,13,0.00617
chuang2021_079,谷柳霖,薛八一,13,0.00617
chuang2021_079,谷柳霖,贵尚奇,13,0.00617
chuang2021_079,谷柳霖,韦语节,13,0.00617
chuang2021_079,谷柳霖,韩佩泉,13,0.00617
chuang2021_079,谷柳霖,刘严冬季,12,0.005695
chuang2021_079,谷柳霖,徐绍岚,12,0.005695
chuang2021_079,谷柳霖,李沛洋,12,0.005695
chuang2021_079,谷柳霖,李泽坤,12,0.005695
chuang2021_079,谷柳霖,李洛尔,12,0.005695
chuang2021_079,谷柳霖,林煜修,12,0.005695
chuang2021_079,谷柳霖,罗言,12,0.005695
chuang2021_079,谷柳霖,羽生田挙武,12,0.005695
chuang2021_079,谷柳霖,谢兴阳,12,0.005695
chuang2021_079,谷柳霖,赖耀翔,12,0.005695
chuang2021_079,谷柳霖,郑明鑫,12,0.005695
chuang2021_079,谷柳霖,陈俊洁,12,0.005695
chuang2021_079,谷柳霖,代少冬,11,0.005221
chuang2021_079,谷柳霖,佐藤永翔,11,0.005221
chuang2021_079,谷柳霖,何屹繁,11,0.005221
chuang2021_079,谷柳霖,利路修,11,0.005221
chuang2021_079,谷柳霖,吴海,11,0.005221
chuang2021_079,谷柳霖,喜内优心,11,0.005221
chuang2021_079,谷柳霖,安迪,11,0.005221
chuang2021_079,谷柳霖,张欣尧,11,0.005221
chuang2021_079,谷柳霖,快来康康,11,0.005221
chuang2021_079,谷柳霖,李家豪,11,0.005221
chuang2021_079,谷柳霖,林豆,11,0.005221
chuang2021_079,谷柳霖,田口馨也,11,0.005221
chuang2021_079,谷柳霖,范臻尔,11,0.005221
chuang2021_079,谷柳霖,荣耀,11,0.005221
chuang2021_079,谷柳霖,都筑雄哉,11,0.005221
chuang2021_079,谷柳霖,门胁慎刚,11,0.005221
chuang2021_079,谷柳霖,陈瑞丰,11,0.005221
chuang2021_079,谷柳霖,隅田隼平,11,0.005221
chuang2021_079,谷柳霖,刘彰,10,0.004746
chuang2021_079,谷柳霖,卢克,10,0.004746
chuang2021_079,谷柳霖,曾涵江,10,0.004746
chuang2021_079,谷柳霖,王泽浩,10,0.004746
chuang2021_079,谷柳霖,肖力桓,10,0.004746
chuang2021_079,谷柳霖,2021,9,0.004271
chuang2021_079,谷柳霖,一之濑飞鸟,9,0.004271
chuang2021_079,谷柳霖,一公练习室,9,0.004271
chuang2021_079,谷柳霖,弟弟们的练习吧,9,0.004271
chuang2021_079,谷柳霖,接力版,9,0.004271
chuang2021_079,谷柳霖,接力的不仅是动作,9,0.004271
chuang2021_079,谷柳霖,新浪综艺的微博视频,9,0.004271
chuang2021_079,谷柳霖,歌里的情感也是层层递进,9,0.004271
chuang2021_079,谷柳霖,这波深情谁能扛得住,9,0.004271
chuang2021_079,谷柳霖,88,8,0.003797
chuang2021_079,谷柳霖,boy,8,0.003797
chuang2021_079,谷柳霖,lover,8,0.003797
chuang2021_079,谷柳霖,网页链接,8,0.003797
chuang2021_079,谷柳霖,butter,7,0.003322
chuang2021_079,谷柳霖,fly,7,0.003322
chuang2021_079,谷柳霖,me,7,0.003322
chuang2021_079,谷柳霖,我欢喜喜欢你,7,0.003322
chuang2021_079,谷柳霖,best周柯宇,6,0.002848
chuang2021_079,谷柳霖,lit,6,0.002848
chuang2021_079,谷柳霖,ready,6,0.002848
chuang2021_079,谷柳霖,you,6,0.002848
chuang2021_079,谷柳霖,yummy,6,0.002848
chuang2021_079,谷柳霖,作为怪物,6,0.002848
chuang2021_079,谷柳霖,女孩,6,0.002848
chuang2021_079,谷柳霖,爱我ready,6,0.002848
chuang2021_079,谷柳霖,破茧,6,0.002848
chuang2021_079,谷柳霖,超级冠军,6,0.002848
chuang2021_079,谷柳霖,醉拳,6,0.002848
chuang2021_079,谷柳霖,霓虹甜心,6,0.002848
chuang2021_079,谷柳霖,ak,5,0.002373
chuang2021_079,谷柳霖,qq音乐,5,0.002373
chuang2021_079,谷柳霖,三个人表情管理让人直呼,5,0.002373
chuang2021_079,谷柳霖,不过弟弟最开始想画小丑妆的心是希望学员和自己能够开心,5,0.002373
chuang2021_079,谷柳霖,准备好接受,5,0.002373
chuang2021_079,谷柳霖,刚开始的眼神鲨不要太绝,5,0.002373
chuang2021_079,谷柳霖,力丸小丑妆,5,0.002373
chuang2021_079,谷柳霖,弟弟们直接来整蛊我吧,5,0.002373
chuang2021_079,谷柳霖,是温柔暖心的丸子了,5,0.002373
chuang2021_079,谷柳霖,的小丑整蛊舞暴击了吗,5,0.002373
chuang2021_079,谷柳霖,给力丸的小丑妆buff适配度满分,5,0.002373
chuang2021_079,谷柳霖,缓解最近的劳累,5,0.002373
chuang2021_079,谷柳霖,配上,5,0.002373
chuang2021_079,谷柳霖,12人间,4,0.001898
chuang2021_079,谷柳霖,2021学员,4,0.001898
chuang2021_079,谷柳霖,2人间,4,0.001898
chuang2021_079,谷柳霖,4人间,4,0.001898
chuang2021_079,谷柳霖,创4一公分组,4,0.001898
chuang2021_079,谷柳霖,创造营大岛日记,4,0.001898
chuang2021_079,谷柳霖,力丸尹浩宇甘望星整蛊舞,4,0.001898
chuang2021_079,谷柳霖,力丸的眼神和表情管理配上,4,0.001898
chuang2021_079,谷柳霖,可以再来一沓吗,4,0.001898
chuang2021_079,谷柳霖,在力丸大岛日记里跳的小丑整蛊舞一绝,4,0.001898
chuang2021_079,谷柳霖,学员,4,0.001898
chuang2021_079,谷柳霖,画的小丑妆氛围感拉满,4,0.001898
chuang2021_079,谷柳霖,看了视频的男团创始人不造有没有被治愈到呢,4,0.001898
chuang2021_079,谷柳霖,话说丸子这期大岛日记的初心是希望治愈学员们最近的劳累,4,0.001898
chuang2021_079,谷柳霖,谷柳霖创造营2021,4,0.001898
chuang2021_079,谷柳霖,0405生日快乐,3,0.001424
chuang2021_079,谷柳霖,we,3,0.001424
chuang2021_079,谷柳霖,一公分组,3,0.001424
chuang2021_079,谷柳霖,六人间,3,0.001424
chuang2021_079,谷柳霖,创4一公练习室接力版,3,0.001424
chuang2021_079,谷柳霖,创造营2021学员,3,0.001424
chuang2021_079,谷柳霖,生日快乐,3,0.001424
chuang2021_079,谷柳霖,练习室版,3,0.001424
chuang2021_079,谷柳霖,肖力恒,3,0.001424
chuang2021_079,谷柳霖,10,2,0.000949
chuang2021_079,谷柳霖,ak刘彰,2,0.000949
chuang2021_079,谷柳霖,live,2,0.000949
chuang2021_079,谷柳霖,radio练习室接力版,2,0.000949
chuang2021_079,谷柳霖,主题曲盲盒挑战,2,0.000949
chuang2021_079,谷柳霖,他们这次是甜还是咸呀,2,0.000949
chuang2021_079,谷柳霖,创4排名,2,0.000949
chuang2021_079,谷柳霖,创始人们快品品,2,0.000949
chuang2021_079,谷柳霖,吉祥弟弟,2,0.000949
chuang2021_079,谷柳霖,周深,2,0.000949
chuang2021_079,谷柳霖,宿舍分配,2,0.000949
chuang2021_079,谷柳霖,宿舍分配情况,2,0.000949
chuang2021_079,谷柳霖,带来的二创主题曲,2,0.000949
chuang2021_079,谷柳霖,意外惊喜,2,0.000949
chuang2021_079,谷柳霖,我要成团,2,0.000949
chuang2021_079,谷柳霖,新的一个月到啦,2,0.000949
chuang2021_079,谷柳霖,永远热爱,2,0.000949
chuang2021_079,谷柳霖,海星鹅在这里祝四月生日的,2,0.000949
chuang2021_079,谷柳霖,玩梗小能手们上线,2,0.000949
chuang2021_079,谷柳霖,祝你们心里永远有梦想,2,0.000949
chuang2021_079,谷柳霖,终于等到,2,0.000949
chuang2021_079,谷柳霖,自行车安利博的微博视频,2,0.000949
chuang2021_079,谷柳霖,被恐怖箱支配的创4学员,2,0.000949
chuang2021_079,谷柳霖,谷柳霖摸恐怖盒挑战,2,0.000949
chuang2021_079,谷柳霖,谷柳霖要慢慢发光,2,0.000949
chuang2021_079,谷柳霖,谷柳霖闪闪发光,2,0.000949
chuang2021_079,谷柳霖,闯人花式挑战主题曲,2,0.000949
chuang2021_080,韦语节,韦语节,130,0.054439
chuang2021_080,韦语节,刘宇,47,0.019682
chuang2021_080,韦语节,薛八一,42,0.017588
chuang2021_080,韦语节,收起,35,0.014657
chuang2021_080,韦语节,王孝辰,34,0.014238
chuang2021_080,韦语节,高卿尘,34,0.014238
chuang2021_080,韦语节,邵明明,32,0.0134
chuang2021_080,韦语节,明星势力榜,31,0.012982
chuang2021_080,韦语节,李洛尔,31,0.012982
chuang2021_080,韦语节,伯远,20,0.008375
chuang2021_080,韦语节,荣耀,20,0.008375
chuang2021_080,韦语节,屈柏宇,19,0.007956
chuang2021_080,韦语节,张璋,19,0.007956
chuang2021_080,韦语节,吴宇恒,18,0.007538
chuang2021_080,韦语节,腾讯视频,18,0.007538
chuang2021_080,韦语节,付思超,17,0.007119
chuang2021_080,韦语节,elec创nic,16,0.0067
chuang2021_080,韦语节,吴海,16,0.0067
chuang2021_080,韦语节,韦语节超话,16,0.0067
chuang2021_080,韦语节,井胧,15,0.006281
chuang2021_080,韦语节,任胤蓬,15,0.006281
chuang2021_080,韦语节,何屹繁,15,0.006281
chuang2021_080,韦语节,刘聪,15,0.006281
chuang2021_080,韦语节,周柯宇,15,0.006281
chuang2021_080,韦语节,张腾,15,0.006281
chuang2021_080,韦语节,李政庭,15,0.006281
chuang2021_080,韦语节,林墨,15,0.006281
chuang2021_080,韦语节,甘望星,15,0.006281
chuang2021_080,韦语节,胡烨韬,15,0.006281
chuang2021_080,韦语节,井汲大翔,14,0.005863
chuang2021_080,韦语节,俞更寅,14,0.005863
chuang2021_080,韦语节,张嘉元,14,0.005863
chuang2021_080,韦语节,张欣尧,14,0.005863
chuang2021_080,韦语节,怿涵,14,0.005863
chuang2021_080,韦语节,李沛洋,14,0.005863
chuang2021_080,韦语节,爱豆v力量,14,0.005863
chuang2021_080,韦语节,爱豆能量月,14,0.005863
chuang2021_080,韦语节,郑明鑫,14,0.005863
chuang2021_080,韦语节,门胁慎刚,14,0.005863
chuang2021_080,韦语节,陆定昊,14,0.005863
chuang2021_080,韦语节,陈俊洁,14,0.005863
chuang2021_080,韦语节,陈瑞丰,14,0.005863
chuang2021_080,韦语节,一之濑飞鸟,13,0.005444
chuang2021_080,韦语节,元气爱豆的日常,13,0.005444
chuang2021_080,韦语节,原部凌,13,0.005444
chuang2021_080,韦语节,叶皓然,13,0.005444
chuang2021_080,韦语节,尹浩宇,13,0.005444
chuang2021_080,韦语节,明星势力榜第20位,13,0.005444
chuang2021_080,韦语节,林豆,13,0.005444
chuang2021_080,韦语节,诺言,13,0.005444
chuang2021_080,韦语节,上原一翔,12,0.005025
chuang2021_080,韦语节,代少冬,12,0.005025
chuang2021_080,韦语节,你是我今生唯一的执著哦,12,0.005025
chuang2021_080,韦语节,卢克,12,0.005025
chuang2021_080,韦语节,大卫,12,0.005025
chuang2021_080,韦语节,我在,12,0.005025
chuang2021_080,韦语节,李泰龙,12,0.005025
chuang2021_080,韦语节,棒棒哒,12,0.005025
chuang2021_080,韦语节,练习生榜上为你加油啦,12,0.005025
chuang2021_080,韦语节,肖力桓,12,0.005025
chuang2021_080,韦语节,隅田隼平,12,0.005025
chuang2021_080,韦语节,张星特,11,0.004606
chuang2021_080,韦语节,爱豆锦鲤月,11,0.004606
chuang2021_080,韦语节,罗言,11,0.004606
chuang2021_080,韦语节,利路修,10,0.004188
chuang2021_080,韦语节,和马,10,0.004188
chuang2021_080,韦语节,奥斯卡,10,0.004188
chuang2021_080,韦语节,庆怜,10,0.004188
chuang2021_080,韦语节,我们一起拿下,10,0.004188
chuang2021_080,韦语节,我永远支持你,10,0.004188
chuang2021_080,韦语节,打榜戳,10,0.004188
chuang2021_080,韦语节,第一名,10,0.004188
chuang2021_080,韦语节,米卡,10,0.004188
chuang2021_080,韦语节,练习生榜,10,0.004188
chuang2021_080,韦语节,赞多,10,0.004188
chuang2021_080,韦语节,于洋,9,0.003769
chuang2021_080,韦语节,佐藤永翔,9,0.003769
chuang2021_080,韦语节,刘唐辉,9,0.003769
chuang2021_080,韦语节,刘彰,9,0.003769
chuang2021_080,韦语节,力丸,9,0.003769
chuang2021_080,韦语节,宝藏男孩韦语节,9,0.003769
chuang2021_080,韦语节,曾涵江,9,0.003769
chuang2021_080,韦语节,李嘉祥,9,0.003769
chuang2021_080,韦语节,李家豪,9,0.003769
chuang2021_080,韦语节,李泽坤,9,0.003769
chuang2021_080,韦语节,林煜修,9,0.003769
chuang2021_080,韦语节,羽生田挙武,9,0.003769
chuang2021_080,韦语节,谢兴阳,9,0.003769
chuang2021_080,韦语节,阿克朱力,9,0.003769
chuang2021_080,韦语节,魏子越,9,0.003769
chuang2021_080,韦语节,黄鲲,9,0.003769
chuang2021_080,韦语节,butter,8,0.00335
chuang2021_080,韦语节,fly,8,0.00335
chuang2021_080,韦语节,me,8,0.00335
chuang2021_080,韦语节,不忘初心,8,0.00335
chuang2021_080,韦语节,何圳煜,8,0.00335
chuang2021_080,韦语节,何懿峻,8,0.00335
chuang2021_080,韦语节,凌箫,8,0.00335
chuang2021_080,韦语节,刘严冬季,8,0.00335
chuang2021_080,韦语节,创造营2021超话,8,0.00335
chuang2021_080,韦语节,喜内优心,8,0.00335
chuang2021_080,韦语节,徐圣兹,8,0.00335
chuang2021_080,韦语节,方得始终,8,0.00335
chuang2021_080,韦语节,曹左,8,0.00335
chuang2021_080,韦语节,王泽浩,8,0.00335
chuang2021_080,韦语节,范臻尔,8,0.00335
chuang2021_080,韦语节,蒋敦豪,8,0.00335
chuang2021_080,韦语节,贵尚奇,8,0.00335
chuang2021_080,韦语节,赖耀翔,8,0.00335
chuang2021_080,韦语节,钱政宇,8,0.00335
chuang2021_080,韦语节,韩佩泉,8,0.00335
chuang2021_080,韦语节,一起为他助力戳,7,0.002931
chuang2021_080,韦语节,你一定能拿下,7,0.002931
chuang2021_080,韦语节,创造营2021榜,7,0.002931
chuang2021_080,韦语节,创造营2021榜好成绩,7,0.002931
chuang2021_080,韦语节,安迪,7,0.002931
chuang2021_080,韦语节,徐绍岚,7,0.002931
chuang2021_080,韦语节,谷柳霖,7,0.002931
chuang2021_080,韦语节,都筑雄哉,7,0.002931
chuang2021_080,韦语节,88,6,0.002513
chuang2021_080,韦语节,boy,6,0.002513
chuang2021_080,韦语节,lit,6,0.002513
chuang2021_080,韦语节,lover,6,0.002513
chuang2021_080,韦语节,radio,6,0.002513
chuang2021_080,韦语节,ready,6,0.002513
chuang2021_080,韦语节,you,6,0.002513
chuang2021_080,韦语节,yummy,6,0.002513
chuang2021_080,韦语节,作为怪物,6,0.002513
chuang2021_080,韦语节,女孩,6,0.002513
chuang2021_080,韦语节,我欢喜喜欢你,6,0.002513
chuang2021_080,韦语节,爱我ready,6,0.002513
chuang2021_080,韦语节,田口馨也,6,0.002513
chuang2021_080,韦语节,破茧,6,0.002513
chuang2021_080,韦语节,超级冠军,6,0.002513
chuang2021_080,韦语节,醉拳,6,0.002513
chuang2021_080,韦语节,霓虹甜心,6,0.002513
chuang2021_080,韦语节,amu羽生田挙武,5,0.002094
chuang2021_080,韦语节,yuu喜内优心,5,0.002094
chuang2021_080,韦语节,不管结果如何我们都要努力完成这支舞蹈,5,0.002094
chuang2021_080,韦语节,加油哥哥们,5,0.002094
chuang2021_080,韦语节,加注能量啦,5,0.002094
chuang2021_080,韦语节,在营里学这个舞的时候答应过七位哥哥,5,0.002094
chuang2021_080,韦语节,学员,5,0.002094
chuang2021_080,韦语节,学员能量榜为你,5,0.002094
chuang2021_080,韦语节,想让更多人看到如此优秀的你,5,0.002094
chuang2021_080,韦语节,我们在外面为你们加油打气,5,0.002094
chuang2021_080,韦语节,我在纯甄,5,0.002094
chuang2021_080,韦语节,戴学霖,5,0.002094
chuang2021_080,韦语节,现在我在外面跟你们一起完成这一个舞台,5,0.002094
chuang2021_080,韦语节,网页链接,5,0.002094
chuang2021_080,韦语节,让孤岛的鲸从此不再孤单,5,0.002094
chuang2021_080,韦语节,阿克朱立,5,0.002094
chuang2021_080,韦语节,韦语节创造营2021,5,0.002094
chuang2021_080,韦语节,韦语节的微博视频,5,0.002094
chuang2021_080,韦语节,人间小宝韦语节,4,0.001675
chuang2021_080,韦语节,刘宇超话,4,0.001675
chuang2021_080,韦语节,创4一公分组,4,0.001675
chuang2021_080,韦语节,可盐可甜韦语节,4,0.001675
chuang2021_080,韦语节,国风少年韦语节,4,0.001675
chuang2021_080,韦语节,天生软骨韦语节,4,0.001675
chuang2021_080,韦语节,实力舞担韦语节,4,0.001675
chuang2021_080,韦语节,阳光男孩韦语节,4,0.001675
chuang2021_080,韦语节,15举行红毯秀,3,0.001256
chuang2021_080,韦语节,2021,3,0.001256
chuang2021_080,韦语节,6位导师,3,0.001256
chuang2021_080,韦语节,ak,3,0.001256
chuang2021_080,韦语节,amber刘逸云,3,0.001256
chuang2021_080,韦语节,nene郑乃馨,3,0.001256
chuang2021_080,韦语节,we,3,0.001256
chuang2021_080,韦语节,一公分组,3,0.001256
chuang2021_080,韦语节,全体学员,3,0.001256
chuang2021_080,韦语节,创4学员的神仙友情,3,0.001256
chuang2021_080,韦语节,助你获得惊喜曝光资源,3,0.001256
chuang2021_080,韦语节,助教,3,0.001256
chuang2021_080,韦语节,发起人都在,3,0.001256
chuang2021_080,韦语节,周深,3,0.001256
chuang2021_080,韦语节,周震南,3,0.001256
chuang2021_080,韦语节,天生软骨,3,0.001256
chuang2021_080,韦语节,宁静,3,0.001256
chuang2021_080,韦语节,审核过短信通知,3,0.001256
chuang2021_080,韦语节,导师,3,0.001256
chuang2021_080,韦语节,川渝喜剧人,3,0.001256
chuang2021_080,韦语节,想报的速私,3,0.001256
chuang2021_080,韦语节,正规名额,3,0.001256
chuang2021_080,韦语节,海南儋州,3,0.001256
chuang2021_080,韦语节,海花岛冒险模式开启,3,0.001256
chuang2021_080,韦语节,狮星人,3,0.001256
chuang2021_080,韦语节,舞台王者,3,0.001256
chuang2021_080,韦语节,辣椒面小王子,3,0.001256
chuang2021_080,韦语节,邓超,3,0.001256
chuang2021_080,韦语节,1002,2,0.000838
chuang2021_080,韦语节,1002又进一员,2,0.000838
chuang2021_080,韦语节,1002给了我原本不曾期望获得的东西,2,0.000838
chuang2021_080,韦语节,amber老师,2,0.000838
chuang2021_080,韦语节,are,2,0.000838
chuang2021_080,韦语节,at,2,0.000838
chuang2021_080,韦语节,a班学员尹浩宇,2,0.000838
chuang2021_080,韦语节,family,2,0.000838
chuang2021_080,韦语节,hello,2,0.000838
chuang2021_080,韦语节,look,2,0.000838
chuang2021_080,韦语节,me才是我自己喜欢的样子,2,0.000838
chuang2021_080,韦语节,me的我,2,0.000838
chuang2021_080,韦语节,qq音乐,2,0.000838
chuang2021_080,韦语节,wyj,2,0.000838
chuang2021_080,韦语节,一切都是最好的安排,2,0.000838
chuang2021_080,韦语节,一加七等于八,2,0.000838
chuang2021_080,韦语节,一零零二依然还在营里奋斗的宝贝们,2,0.000838
chuang2021_080,韦语节,不要骂我,2,0.000838
chuang2021_080,韦语节,不贵,2,0.000838
chuang2021_080,韦语节,不过我依然给自己保留表达真实自我的空间,2,0.000838
chuang2021_080,韦语节,不过没有关系,2,0.000838
chuang2021_080,韦语节,业务能力值得颂,2,0.000838
chuang2021_080,韦语节,为了加入创造营2021这个游戏,2,0.000838
chuang2021_080,韦语节,为了在舞台上发光,2,0.000838
chuang2021_080,韦语节,乃馨学姐,2,0.000838
chuang2021_080,韦语节,也是我心中永远的终c,2,0.000838
chuang2021_080,韦语节,也能让大家看的开心,2,0.000838
chuang2021_080,韦语节,亲爱的薛薛,2,0.000838
chuang2021_080,韦语节,人间蝴蝶,2,0.000838
chuang2021_080,韦语节,付出了多少汗水与努力,2,0.000838
chuang2021_080,韦语节,付出了多少精力和金币,2,0.000838
chuang2021_080,韦语节,但总结下来,2,0.000838
chuang2021_080,韦语节,但我始终相信只有我做到了real,2,0.000838
chuang2021_080,韦语节,但我更希望因为话题能把这首歌属于我的自信和欢乐带给更多的人,2,0.000838
chuang2021_080,韦语节,但我有选择它的理由,2,0.000838
chuang2021_080,韦语节,但是你的努力确实能让大家喊他一声实力猛男,2,0.000838
chuang2021_080,韦语节,但是好像没有被更多人喜欢,2,0.000838
chuang2021_080,韦语节,你们加油向前冲,2,0.000838
chuang2021_080,韦语节,你会去创造营吗,2,0.000838
chuang2021_080,韦语节,你值得世间所有的爱,2,0.000838
chuang2021_080,韦语节,你去创造营干嘛,2,0.000838
chuang2021_080,韦语节,你只看到了我的一面,2,0.000838
chuang2021_080,韦语节,你在我心里也是1002的一份子,2,0.000838
chuang2021_080,韦语节,你是一个对生活积极向上的人,2,0.000838
chuang2021_080,韦语节,你是我心中最最最最最最可爱的成团人选,2,0.000838
chuang2021_080,韦语节,你是我心中的初c,2,0.000838
chuang2021_080,韦语节,你是海岛夏天的一抹光,2,0.000838
chuang2021_080,韦语节,你的中文越来越棒了,2,0.000838
chuang2021_080,韦语节,你的善良温暖了大家,2,0.000838
chuang2021_080,韦语节,你终于进了成团位,2,0.000838
chuang2021_080,韦语节,你给我坐稳不许走往前冲,2,0.000838
chuang2021_080,韦语节,假如时间回到三个月前,2,0.000838
chuang2021_080,韦语节,做你自己做美丽,2,0.000838
chuang2021_080,韦语节,全部学员,2,0.000838
chuang2021_080,韦语节,关于,2,0.000838
chuang2021_080,韦语节,关于创始人,2,0.000838
chuang2021_080,韦语节,关于结束,2,0.000838
chuang2021_080,韦语节,关于自己,2,0.000838
chuang2021_080,韦语节,关于蝴蝶的一切想象都是美好的,2,0.000838
chuang2021_080,韦语节,其实很开心我被分到了这个组,2,0.000838
chuang2021_080,韦语节,再见,2,0.000838
chuang2021_080,韦语节,再问我一次,2,0.000838
chuang2021_080,韦语节,冒险岛连续剧ep03我们的友情从这里开始篇中,2,0.000838
chuang2021_080,韦语节,创4学员好多面,2,0.000838
chuang2021_080,韦语节,创造营2021学员签名,2,0.000838
chuang2021_080,韦语节,创造营2021学员邵明明,2,0.000838
chuang2021_080,韦语节,初舞台,2,0.000838
chuang2021_080,韦语节,剩下七面有机会了解一下,2,0.000838
chuang2021_080,韦语节,加入创造营2021,2,0.000838
chuang2021_080,韦语节,加油,2,0.000838
chuang2021_080,韦语节,助你获得惊喜vlog拍摄机会,2,0.000838
chuang2021_080,韦语节,南南学长,2,0.000838
chuang2021_080,韦语节,反而过不了我自己那关,2,0.000838
chuang2021_080,韦语节,只有我自己知道,2,0.000838
chuang2021_080,韦语节,可以是保护大家的家长,2,0.000838
chuang2021_080,韦语节,可以是聊八卦的三姑六婆,2,0.000838
chuang2021_080,韦语节,可以是需要被保护的宝贝,2,0.000838
chuang2021_080,韦语节,可能大多数人不喜欢real,2,0.000838
chuang2021_080,韦语节,后来更重要的是我在这个组里真正领略到了男团的魅力和意义,2,0.000838
chuang2021_080,韦语节,和工作人员外,2,0.000838
chuang2021_080,韦语节,咱们不怕胖,2,0.000838
chuang2021_080,韦语节,哈哈,2,0.000838
chuang2021_080,韦语节,哥哥请你吃遍全世界好吃的夜宵,2,0.000838
chuang2021_080,韦语节,唱跳快板样样通,2,0.000838
chuang2021_080,韦语节,喜欢自己才有可能被更多人喜欢,2,0.000838
chuang2021_080,韦语节,回宿舍的时候送上拥抱,2,0.000838
chuang2021_080,韦语节,因为我对职业的理解就是要学会抓住每一次展现自己的机会,2,0.000838
chuang2021_080,韦语节,国家的希望在青年,2,0.000838
chuang2021_080,韦语节,在1002我可以是任何角色,2,0.000838
chuang2021_080,韦语节,在一个充满了高度竞争的环境下,2,0.000838
chuang2021_080,韦语节,在营里一直是你照顾我,2,0.000838
chuang2021_080,韦语节,在这个春天,2,0.000838
chuang2021_080,韦语节,场景拍照挑战帅气又可爱,2,0.000838
chuang2021_080,韦语节,外表独树一帜无辜脸,2,0.000838
chuang2021_080,韦语节,大家好,2,0.000838
chuang2021_080,韦语节,大家就开始讨厌我,2,0.000838
chuang2021_080,韦语节,天下,2,0.000838
chuang2021_080,韦语节,天下组的,2,0.000838
chuang2021_080,韦语节,天生软骨会跳舞,2,0.000838
chuang2021_080,韦语节,好希望每个学员都可以来感受一下1002的家的温暖,2,0.000838
chuang2021_080,韦语节,如果好高骛远选择一首完全没有办法拿下来的男团歌曲作为我的首秀,2,0.000838
chuang2021_080,韦语节,如果有一天我真的成功了,2,0.000838
chuang2021_080,韦语节,它在我的人生里永远有份量,2,0.000838
chuang2021_080,韦语节,它确实是我梦里到过的地方,2,0.000838
chuang2021_080,韦语节,它逼着我去表达了当时的心情,2,0.000838
chuang2021_080,韦语节,实力暖心韦语节,2,0.000838
chuang2021_080,韦语节,宿舍,2,0.000838
chuang2021_080,韦语节,对于来创造营的初衷是想被更多人认识接受和喜欢这件事,2,0.000838
chuang2021_080,韦语节,就把我送到了,2,0.000838
chuang2021_080,韦语节,就要被颜值覆盖了,2,0.000838
chuang2021_080,韦语节,川普推广大使韦语节,2,0.000838
chuang2021_080,韦语节,庄子梦蝶,2,0.000838
chuang2021_080,韦语节,开个玩笑,2,0.000838
chuang2021_080,韦语节,开始,2,0.000838
chuang2021_080,韦语节,微博正文,2,0.000838
chuang2021_080,韦语节,快乐最重要,2,0.000838
chuang2021_080,韦语节,快来康康,2,0.000838
chuang2021_080,韦语节,思考也有,2,0.000838
chuang2021_080,韦语节,想被更多的人认识,2,0.000838
chuang2021_080,韦语节,感恩,2,0.000838
chuang2021_080,韦语节,感谢,2,0.000838
chuang2021_080,韦语节,愿意互相迁就才能互相成就,2,0.000838
chuang2021_080,韦语节,慢慢来,2,0.000838
chuang2021_080,韦语节,我不否认选择它的一小部分原因是因为,2,0.000838
chuang2021_080,韦语节,我也知道自己在某些部分上还需要打磨和学习,2,0.000838
chuang2021_080,韦语节,我从未后悔,2,0.000838
chuang2021_080,韦语节,我们互相管一管吧,2,0.000838
chuang2021_080,韦语节,我刚刚打开手机想自拍,2,0.000838
chuang2021_080,韦语节,我在营外继续帮你们撑腰,2,0.000838
chuang2021_080,韦语节,我很清楚自己关于唱跳的能力,2,0.000838
chuang2021_080,韦语节,我才喊着要做real,2,0.000838
chuang2021_080,韦语节,我是创造营2021学员邵明明,2,0.000838
chuang2021_080,韦语节,我更愿意说它是我创造营的,2,0.000838
chuang2021_080,韦语节,我最最最最最最亲爱的小九,2,0.000838
chuang2021_080,韦语节,我深知道喜欢我是一件多么辛苦的事情,2,0.000838
chuang2021_080,韦语节,我的回答依旧是,2,0.000838
chuang2021_080,韦语节,我相信有你们在,2,0.000838
chuang2021_080,韦语节,我管你,2,0.000838
chuang2021_080,韦语节,我认为每个人都有表达情绪的权利,2,0.000838
chuang2021_080,韦语节,我都要做real,2,0.000838
chuang2021_080,韦语节,我非常坦然的承认,2,0.000838
chuang2021_080,韦语节,所以希望明明唱,2,0.000838
chuang2021_080,韦语节,接受和喜欢,2,0.000838
chuang2021_080,韦语节,收获有,2,0.000838
chuang2021_080,韦语节,春风般治愈评价超高,2,0.000838
chuang2021_080,韦语节,是因为我和这个身份再见确实需要一些时间,2,0.000838
chuang2021_080,韦语节,是我作为男团的第一课,2,0.000838
chuang2021_080,韦语节,最感谢的人,2,0.000838
chuang2021_080,韦语节,最感谢的人里一定有一个是我自己,2,0.000838
chuang2021_080,韦语节,最有生气的力量,2,0.000838
chuang2021_080,韦语节,最重要要说的话还是,2,0.000838
chuang2021_080,韦语节,来到海花岛,2,0.000838
chuang2021_080,韦语节,梁祝化蝶,2,0.000838
chuang2021_080,韦语节,比起宿舍,2,0.000838
chuang2021_080,韦语节,民族的未来在青年,2,0.000838
chuang2021_080,韦语节,泰式甜心小九,2,0.000838
chuang2021_080,韦语节,深深老师,2,0.000838
chuang2021_080,韦语节,温暖,2,0.000838
chuang2021_080,韦语节,爱笑眼睛也很酷,2,0.000838
chuang2021_080,韦语节,现在我要说一声我管你怎么讨厌我,2,0.000838
chuang2021_080,韦语节,甜就一个字,2,0.000838
chuang2021_080,韦语节,男团稀世珍宝太难得了,2,0.000838
chuang2021_080,韦语节,看上去好像是个玩笑,2,0.000838
chuang2021_080,韦语节,看了这一期的顺位结果,2,0.000838
chuang2021_080,韦语节,真正的友情不会有语言的阻碍,2,0.000838
chuang2021_080,韦语节,真的谢谢你们,2,0.000838
chuang2021_080,韦语节,眼里有星光,2,0.000838
chuang2021_080,韦语节,笑里含蜜糖,2,0.000838
chuang2021_080,韦语节,等你出营希望你接着照顾我哈哈哈哈,2,0.000838
chuang2021_080,韦语节,等你成团,2,0.000838
chuang2021_080,韦语节,算是命运的安排,2,0.000838
chuang2021_080,韦语节,绝世美男值得出道,2,0.000838
chuang2021_080,韦语节,能和海外学员自如相处,2,0.000838
chuang2021_080,韦语节,舞蹈担当韦语节,2,0.000838
chuang2021_080,韦语节,虽然好像被更多的人认识了,2,0.000838
chuang2021_080,韦语节,虽然实力差一点,2,0.000838
chuang2021_080,韦语节,被自己吓到了,2,0.000838
chuang2021_080,韦语节,要是我能长吴宇恒那样就太好了,2,0.000838
chuang2021_080,韦语节,言归正传,2,0.000838
chuang2021_080,韦语节,讨厌的邵明明又出现了哈哈哈哈,2,0.000838
chuang2021_080,韦语节,让我们带着热爱一起走下去,2,0.000838
chuang2021_080,韦语节,话题,2,0.000838
chuang2021_080,韦语节,说明我八面玲珑哈哈哈哈,2,0.000838
chuang2021_080,韦语节,请你多笑哦,2,0.000838
chuang2021_080,韦语节,请大家给薛八一投票,2,0.000838
chuang2021_080,韦语节,谁人不夸小宝好,2,0.000838
chuang2021_080,韦语节,超哥,2,0.000838
chuang2021_080,韦语节,踏实努力韦语节,2,0.000838
chuang2021_080,韦语节,轮到我冲浪了,2,0.000838
chuang2021_080,韦语节,过了这么久才把对于创造营的感受分享出来,2,0.000838
chuang2021_080,韦语节,还会在,2,0.000838
chuang2021_080,韦语节,还有一点是我很喜欢蝴蝶这个小动物,2,0.000838
chuang2021_080,韦语节,还有我自己,2,0.000838
chuang2021_080,韦语节,这一课看上去上的好像不太顺利,2,0.000838
chuang2021_080,韦语节,这首歌的态度和我想说的话是不谋而合的,2,0.000838
chuang2021_080,韦语节,那么多个日日夜夜你们真的辛苦了,2,0.000838
chuang2021_080,韦语节,那你问我,2,0.000838
chuang2021_080,韦语节,邵明明回应恶评,2,0.000838
chuang2021_080,韦语节,酒醉的蝴蝶,2,0.000838
chuang2021_080,韦语节,重庆崽儿不得了,2,0.000838
chuang2021_080,韦语节,除了感谢所有的导师,2,0.000838
chuang2021_080,韦语节,需要的来,2,0.000838
chuang2021_080,韦语节,青年是整个社会力量中最积极,2,0.000838
chuang2021_080,韦语节,静姐,2,0.000838
chuang2021_080,韦语节,香妃引蝶,2,0.000838
chuang2021_080,韦语节,骄傲,2,0.000838
chuang2021_080,韦语节,黑人牙膏白酵素助力创造营刘宇闪耀闯关,2,0.000838
chuang2021_081,安迪,安迪,81,0.043689
chuang2021_081,安迪,收起,55,0.029666
chuang2021_081,安迪,利路修,35,0.018878
chuang2021_081,安迪,刘宇,23,0.012406
chuang2021_081,安迪,周深,23,0.012406
chuang2021_081,安迪,高卿尘,23,0.012406
chuang2021_081,安迪,大卫,21,0.011327
chuang2021_081,安迪,卢克,20,0.010787
chuang2021_081,安迪,蒋敦豪,20,0.010787
chuang2021_081,安迪,林墨,19,0.010248
chuang2021_081,安迪,伯远,18,0.009709
chuang2021_081,安迪,吴宇恒,18,0.009709
chuang2021_081,安迪,王孝辰,18,0.009709
chuang2021_081,安迪,付思超,17,0.009169
chuang2021_081,安迪,创造营2021超话,17,0.009169
chuang2021_081,安迪,尹浩宇,17,0.009169
chuang2021_081,安迪,米卡,17,0.009169
chuang2021_081,安迪,庆怜,16,0.00863
chuang2021_081,安迪,赞多,16,0.00863
chuang2021_081,安迪,韩佩泉,16,0.00863
chuang2021_081,安迪,代少冬,15,0.008091
chuang2021_081,安迪,俞更寅,15,0.008091
chuang2021_081,安迪,河流,15,0.008091
chuang2021_081,安迪,甘望星,15,0.008091
chuang2021_081,安迪,石声安迪超话,15,0.008091
chuang2021_081,安迪,黄鲲,15,0.008091
chuang2021_081,安迪,2021,14,0.007551
chuang2021_081,安迪,上原一翔,14,0.007551
chuang2021_081,安迪,井胧,14,0.007551
chuang2021_081,安迪,利路修lelush超话,14,0.007551
chuang2021_081,安迪,奥斯卡,14,0.007551
chuang2021_081,安迪,张星特,14,0.007551
chuang2021_081,安迪,网页链接,14,0.007551
chuang2021_081,安迪,荣耀,14,0.007551
chuang2021_081,安迪,何屹繁,13,0.007012
chuang2021_081,安迪,力丸,13,0.007012
chuang2021_081,安迪,周柯宇,13,0.007012
chuang2021_081,安迪,周深安迪神仙合唱,13,0.007012
chuang2021_081,安迪,于洋,12,0.006472
chuang2021_081,安迪,卡布叻,12,0.006472
chuang2021_081,安迪,原部凌,12,0.006472
chuang2021_081,安迪,怿涵,12,0.006472
chuang2021_081,安迪,林豆,12,0.006472
chuang2021_081,安迪,赖耀翔,12,0.006472
chuang2021_081,安迪,刘彰,11,0.005933
chuang2021_081,安迪,吴海,11,0.005933
chuang2021_081,安迪,屈柏宇,11,0.005933
chuang2021_081,安迪,张嘉元,11,0.005933
chuang2021_081,安迪,徐圣兹,11,0.005933
chuang2021_081,安迪,徐绍岚,11,0.005933
chuang2021_081,安迪,曹左,11,0.005933
chuang2021_081,安迪,范臻尔,11,0.005933
chuang2021_081,安迪,谷柳霖,11,0.005933
chuang2021_081,安迪,钱政宇,11,0.005933
chuang2021_081,安迪,一之濑飞鸟,10,0.005394
chuang2021_081,安迪,井汲大翔,10,0.005394
chuang2021_081,安迪,任胤蓬,10,0.005394
chuang2021_081,安迪,何圳煜,10,0.005394
chuang2021_081,安迪,何懿峻,10,0.005394
chuang2021_081,安迪,刘严冬季,10,0.005394
chuang2021_081,安迪,喜内优心,10,0.005394
chuang2021_081,安迪,张欣尧,10,0.005394
chuang2021_081,安迪,张腾,10,0.005394
chuang2021_081,安迪,我欢喜喜欢你,10,0.005394
chuang2021_081,安迪,李泽坤,10,0.005394
chuang2021_081,安迪,罗言,10,0.005394
chuang2021_081,安迪,诺言,10,0.005394
chuang2021_081,安迪,谢兴阳,10,0.005394
chuang2021_081,安迪,都筑雄哉,10,0.005394
chuang2021_081,安迪,门胁慎刚,10,0.005394
chuang2021_081,安迪,陆定昊,10,0.005394
chuang2021_081,安迪,陈俊洁,10,0.005394
chuang2021_081,安迪,陈瑞丰,10,0.005394
chuang2021_081,安迪,隅田隼平,10,0.005394
chuang2021_081,安迪,佐藤永翔,9,0.004854
chuang2021_081,安迪,凌箫,9,0.004854
chuang2021_081,安迪,刘唐辉,9,0.004854
chuang2021_081,安迪,刘聪,9,0.004854
chuang2021_081,安迪,叶皓然,9,0.004854
chuang2021_081,安迪,和马,9,0.004854
chuang2021_081,安迪,张璋,9,0.004854
chuang2021_081,安迪,李嘉祥,9,0.004854
chuang2021_081,安迪,李家豪,9,0.004854
chuang2021_081,安迪,李政庭,9,0.004854
chuang2021_081,安迪,李泰龙,9,0.004854
chuang2021_081,安迪,林煜修,9,0.004854
chuang2021_081,安迪,王泽浩,9,0.004854
chuang2021_081,安迪,胡烨韬,9,0.004854
chuang2021_081,安迪,贵尚奇,9,0.004854
chuang2021_081,安迪,邵明明,9,0.004854
chuang2021_081,安迪,郑明鑫,9,0.004854
chuang2021_081,安迪,阿克朱力,9,0.004854
chuang2021_081,安迪,韦语节,9,0.004854
chuang2021_081,安迪,qq音乐,8,0.004315
chuang2021_081,安迪,曾涵江,8,0.004315
chuang2021_081,安迪,李沛洋,8,0.004315
chuang2021_081,安迪,田口馨也,8,0.004315
chuang2021_081,安迪,肖力桓,8,0.004315
chuang2021_081,安迪,薛八一,8,0.004315
chuang2021_081,安迪,魏子越,8,0.004315
chuang2021_081,安迪,lubov,7,0.003776
chuang2021_081,安迪,李洛尔,7,0.003776
chuang2021_081,安迪,石声安迪逐风追梦,7,0.003776
chuang2021_081,安迪,羽生田挙武,7,0.003776
chuang2021_081,安迪,88,6,0.003236
chuang2021_081,安迪,boy,6,0.003236
chuang2021_081,安迪,lover,6,0.003236
chuang2021_081,安迪,me,6,0.003236
chuang2021_081,安迪,创造营2021学员,6,0.003236
chuang2021_081,安迪,创造营2021安迪,6,0.003236
chuang2021_081,安迪,新浪综艺的微博视频,6,0.003236
chuang2021_081,安迪,radio,5,0.002697
chuang2021_081,安迪,ready,5,0.002697
chuang2021_081,安迪,you,5,0.002697
chuang2021_081,安迪,yummy,5,0.002697
chuang2021_081,安迪,作为怪物,5,0.002697
chuang2021_081,安迪,周深超话,5,0.002697
chuang2021_081,安迪,女孩,5,0.002697
chuang2021_081,安迪,歌手,5,0.002697
chuang2021_081,安迪,的神仙合唱,5,0.002697
chuang2021_081,安迪,破茧,5,0.002697
chuang2021_081,安迪,第二期,5,0.002697
chuang2021_081,安迪,超级冠军,5,0.002697
chuang2021_081,安迪,醉拳,5,0.002697
chuang2021_081,安迪,霓虹甜心,5,0.002697
chuang2021_081,安迪,预售,5,0.002697
chuang2021_081,安迪,ak刘彰,4,0.002157
chuang2021_081,安迪,butter,4,0.002157
chuang2021_081,安迪,fly,4,0.002157
chuang2021_081,安迪,livemusicbb机,4,0.002157
chuang2021_081,安迪,livemusic现场的微博视频,4,0.002157
chuang2021_081,安迪,一时间竟以为是cd现场,4,0.002157
chuang2021_081,安迪,两个好声音的即兴合作,4,0.002157
chuang2021_081,安迪,为什么这个时候才发,4,0.002157
chuang2021_081,安迪,出品,4,0.002157
chuang2021_081,安迪,分享视频,4,0.002157
chuang2021_081,安迪,创造营2021vocal图鉴,4,0.002157
chuang2021_081,安迪,创造营4,4,0.002157
chuang2021_081,安迪,因为懒,4,0.002157
chuang2021_081,安迪,图鉴包含米卡,4,0.002157
chuang2021_081,安迪,安迪的微博视频,4,0.002157
chuang2021_081,安迪,明天就是决战创造营2021之巅了,4,0.002157
chuang2021_081,安迪,爱我ready,4,0.002157
chuang2021_081,安迪,特邀和马,4,0.002157
chuang2021_081,安迪,第一次解说配音作品,4,0.002157
chuang2021_081,安迪,请父老乡亲们多多担待,4,0.002157
chuang2021_081,安迪,谁是创造营2021大vocal,4,0.002157
chuang2021_081,安迪,lit,3,0.001618
chuang2021_081,安迪,为他们撑腰喔,3,0.001618
chuang2021_081,安迪,你们都是吃了好几十台cd机的大魔王吧,3,0.001618
chuang2021_081,安迪,创4一公,3,0.001618
chuang2021_081,安迪,创4学员默契通关全记录,3,0.001618
chuang2021_081,安迪,创4排名,3,0.001618
chuang2021_081,安迪,创造营2021总决赛,3,0.001618
chuang2021_081,安迪,利路修都听嗨了,3,0.001618
chuang2021_081,安迪,听完发起人团成员,3,0.001618
chuang2021_081,安迪,周深加盟创4,3,0.001618
chuang2021_081,安迪,学员,3,0.001618
chuang2021_081,安迪,安迪即兴合唱,3,0.001618
chuang2021_081,安迪,安迪摇滚嗓好独特,3,0.001618
chuang2021_081,安迪,宝藏舞台还不速速收藏,3,0.001618
chuang2021_081,安迪,就像已默契练习了无数遍,3,0.001618
chuang2021_081,安迪,情歌feel,3,0.001618
chuang2021_081,安迪,来和wetv的海外粉丝们打招呼啦,3,0.001618
chuang2021_081,安迪,来啦,3,0.001618
chuang2021_081,安迪,来自海外的学霸少年团,3,0.001618
chuang2021_081,安迪,签名款,3,0.001618
chuang2021_081,安迪,纯享,3,0.001618
chuang2021_081,安迪,腾讯视频,3,0.001618
chuang2021_081,安迪,腾讯视频wetv,3,0.001618
chuang2021_081,安迪,腾讯视频wetv的微博视频,3,0.001618
chuang2021_081,安迪,记得来海鹅家,3,0.001618
chuang2021_081,安迪,适合配点小酒欣赏,3,0.001618
chuang2021_081,安迪,05,2,0.001079
chuang2021_081,安迪,09,2,0.001079
chuang2021_081,安迪,1定制,2,0.001079
chuang2021_081,安迪,20,2,0.001079
chuang2021_081,安迪,2021周深,2,0.001079
chuang2021_081,安迪,2021经历一波学员的离开后,2,0.001079
chuang2021_081,安迪,23,2,0.001079
chuang2021_081,安迪,amber刘逸云,2,0.001079
chuang2021_081,安迪,bilibili,2,0.001079
chuang2021_081,安迪,lindow林豆豆超话,2,0.001079
chuang2021_081,安迪,live,2,0.001079
chuang2021_081,安迪,nene郑乃馨,2,0.001079
chuang2021_081,安迪,ps,2,0.001079
chuang2021_081,安迪,一公分组,2,0.001079
chuang2021_081,安迪,世界那么大,2,0.001079
chuang2021_081,安迪,主题曲盲盒挑战,2,0.001079
chuang2021_081,安迪,之前大卫明确表示不需要翻译,2,0.001079
chuang2021_081,安迪,乌克兰,2,0.001079
chuang2021_081,安迪,乌克兰语,2,0.001079
chuang2021_081,安迪,但是,2,0.001079
chuang2021_081,安迪,佐藤永翔超话,2,0.001079
chuang2021_081,安迪,俄语翻译大鹅任务不算太重,2,0.001079
chuang2021_081,安迪,做翻译,2,0.001079
chuang2021_081,安迪,像是丰收的喜悦和未来的希望,2,0.001079
chuang2021_081,安迪,关注,2,0.001079
chuang2021_081,安迪,其实我也很期待最后的成品呢,2,0.001079
chuang2021_081,安迪,再次上岛之前的一组拍摄工作,2,0.001079
chuang2021_081,安迪,几个热热闹闹的宿舍也变得冷清了,2,0.001079
chuang2021_081,安迪,创4学员友谊太好哭,2,0.001079
chuang2021_081,安迪,创二公有正规名额,2,0.001079
chuang2021_081,安迪,创造营2021国际化男团的文化融合,2,0.001079
chuang2021_081,安迪,创造营2021王孝辰,2,0.001079
chuang2021_081,安迪,创造营超话,2,0.001079
chuang2021_081,安迪,利路修的中文也很好,2,0.001079
chuang2021_081,安迪,利路修的课程我基本不跟,2,0.001079
chuang2021_081,安迪,助教,2,0.001079
chuang2021_081,安迪,各个国家的元素,2,0.001079
chuang2021_081,安迪,同传翻译亲证利路修中文水平,2,0.001079
chuang2021_081,安迪,周震南,2,0.001079
chuang2021_081,安迪,和大家一起见证,2,0.001079
chuang2021_081,安迪,在营里还有很多陪伴的朋友,2,0.001079
chuang2021_081,安迪,备采也不需要我,2,0.001079
chuang2021_081,安迪,姓名,2,0.001079
chuang2021_081,安迪,娱乐影像力,2,0.001079
chuang2021_081,安迪,宁静,2,0.001079
chuang2021_081,安迪,安迪大卫付思超卢克占领阵地游戏挑战,2,0.001079
chuang2021_081,安迪,安迪大卫高卿尘卢克利路修刘宇米卡上原一翔赞多官方折扇,2,0.001079
chuang2021_081,安迪,安迪官方粉丝后援团,2,0.001079
chuang2021_081,安迪,导师,2,0.001079
chuang2021_081,安迪,尹浩宇让我提早回家,2,0.001079
chuang2021_081,安迪,常常可以早些下班,2,0.001079
chuang2021_081,安迪,并感慨在创4的生活弥补了自己童年的空缺,2,0.001079
chuang2021_081,安迪,微博正文,2,0.001079
chuang2021_081,安迪,成为团队里羡慕的对象,2,0.001079
chuang2021_081,安迪,我们还会一起闯,2,0.001079
chuang2021_081,安迪,我在,2,0.001079
chuang2021_081,安迪,我在创造营2021做翻译,2,0.001079
chuang2021_081,安迪,我爱追现场的微博视频,2,0.001079
chuang2021_081,安迪,所以我基本上就负责安迪一个人,2,0.001079
chuang2021_081,安迪,所以自己搬去利老师的宿舍陪着孤单的利老师,2,0.001079
chuang2021_081,安迪,手绘折扇,2,0.001079
chuang2021_081,安迪,手绘折扇1,2,0.001079
chuang2021_081,安迪,提及好友小九,2,0.001079
chuang2021_081,安迪,搬去了新宿舍,2,0.001079
chuang2021_081,安迪,收集了,2,0.001079
chuang2021_081,安迪,星座,2,0.001079
chuang2021_081,安迪,李洛尔李沛洋,2,0.001079
chuang2021_081,安迪,比较孤单,2,0.001079
chuang2021_081,安迪,海南儋州,2,0.001079
chuang2021_081,安迪,深深淺淺卡布咧的微博视频,2,0.001079
chuang2021_081,安迪,爱迪儿,2,0.001079
chuang2021_081,安迪,特长,2,0.001079
chuang2021_081,安迪,王孝辰超话,2,0.001079
chuang2021_081,安迪,现在除大型录制还需要跟一下,2,0.001079
chuang2021_081,安迪,生日,2,0.001079
chuang2021_081,安迪,票务超话,2,0.001079
chuang2021_081,安迪,秋日阳光暖暖地洒在麦田里,2,0.001079
chuang2021_081,安迪,第10,2,0.001079
chuang2021_081,安迪,第2,2,0.001079
chuang2021_081,安迪,第4,2,0.001079
chuang2021_081,安迪,第二次公演,2,0.001079
chuang2021_081,安迪,网易娱乐频道,2,0.001079
chuang2021_081,安迪,羽生田学武,2,0.001079
chuang2021_081,安迪,腾讯视频创造营2021,2,0.001079
chuang2021_081,安迪,英语,2,0.001079
chuang2021_081,安迪,虽然听上去比较好笑但还是被弟弟们的感情感动了,2,0.001079
chuang2021_081,安迪,表示要搬离原来的宿舍,2,0.001079
chuang2021_081,安迪,被恐怖箱支配的创4学员,2,0.001079
chuang2021_081,安迪,要的来,2,0.001079
chuang2021_081,安迪,见吧,2,0.001079
chuang2021_081,安迪,请不要再为我撑腰了,2,0.001079
chuang2021_081,安迪,走了以后,2,0.001079
chuang2021_081,安迪,邓超,2,0.001079
chuang2021_081,安迪,闯人花式挑战主题曲,2,0.001079
chuang2021_081,安迪,需审核,2,0.001079
chuang2021_081,安迪,韩美娟,2,0.001079
chuang2021_081,安迪,风吹动金黄的麦粒,2,0.001079
chuang2021_082,阿克朱力,阿克朱力,85,0.033744
chuang2021_082,阿克朱力,收起,38,0.015085
chuang2021_082,阿克朱力,钱政宇,30,0.011909
chuang2021_082,阿克朱力,魏子越,28,0.011116
chuang2021_082,阿克朱力,韦语节,27,0.010719
chuang2021_082,阿克朱力,张璋,26,0.010322
chuang2021_082,阿克朱力,米卡,25,0.009925
chuang2021_082,阿克朱力,林煜修,24,0.009528
chuang2021_082,阿克朱力,谷柳霖,24,0.009528
chuang2021_082,阿克朱力,陈瑞丰,24,0.009528
chuang2021_082,阿克朱力,刘宇,23,0.009131
chuang2021_082,阿克朱力,曹左,23,0.009131
chuang2021_082,阿克朱力,何懿峻,22,0.008734
chuang2021_082,阿克朱力,大卫,22,0.008734
chuang2021_082,阿克朱力,尹浩宇,22,0.008734
chuang2021_082,阿克朱力,李政庭,22,0.008734
chuang2021_082,阿克朱力,李泽坤,22,0.008734
chuang2021_082,阿克朱力,屈柏宇,21,0.008337
chuang2021_082,阿克朱力,李泰龙,21,0.008337
chuang2021_082,阿克朱力,王孝辰,21,0.008337
chuang2021_082,阿克朱力,陈俊洁,21,0.008337
chuang2021_082,阿克朱力,高卿尘,21,0.008337
chuang2021_082,阿克朱力,上原一翔,20,0.00794
chuang2021_082,阿克朱力,刘唐辉,20,0.00794
chuang2021_082,阿克朱力,刘聪,20,0.00794
chuang2021_082,阿克朱力,怿涵,20,0.00794
chuang2021_082,阿克朱力,曾涵江,20,0.00794
chuang2021_082,阿克朱力,林豆,20,0.00794
chuang2021_082,阿克朱力,田口馨也,20,0.00794
chuang2021_082,阿克朱力,荣耀,20,0.00794
chuang2021_082,阿克朱力,贵尚奇,20,0.00794
chuang2021_082,阿克朱力,郑明鑫,20,0.00794
chuang2021_082,阿克朱力,刘严冬季,19,0.007543
chuang2021_082,阿克朱力,卢克,19,0.007543
chuang2021_082,阿克朱力,原部凌,19,0.007543
chuang2021_082,阿克朱力,吴宇恒,19,0.007543
chuang2021_082,阿克朱力,安迪,19,0.007543
chuang2021_082,阿克朱力,徐圣兹,19,0.007543
chuang2021_082,阿克朱力,李嘉祥,19,0.007543
chuang2021_082,阿克朱力,王泽浩,19,0.007543
chuang2021_082,阿克朱力,都筑雄哉,19,0.007543
chuang2021_082,阿克朱力,门胁慎刚,19,0.007543
chuang2021_082,阿克朱力,隅田隼平,19,0.007543
chuang2021_082,阿克朱力,创造营2021超话,18,0.007146
chuang2021_082,阿克朱力,喜内优心,18,0.007146
chuang2021_082,阿克朱力,李家豪,18,0.007146
chuang2021_082,阿克朱力,李沛洋,18,0.007146
chuang2021_082,阿克朱力,肖力桓,18,0.007146
chuang2021_082,阿克朱力,井汲大翔,17,0.006749
chuang2021_082,阿克朱力,薛八一,17,0.006749
chuang2021_082,阿克朱力,诺言,17,0.006749
chuang2021_082,阿克朱力,醉拳,17,0.006749
chuang2021_082,阿克朱力,井胧,16,0.006352
chuang2021_082,阿克朱力,张嘉元,16,0.006352
chuang2021_082,阿克朱力,李洛尔,16,0.006352
chuang2021_082,阿克朱力,邵明明,16,0.006352
chuang2021_082,阿克朱力,付思超,15,0.005955
chuang2021_082,阿克朱力,何圳煜,15,0.005955
chuang2021_082,阿克朱力,吴海,15,0.005955
chuang2021_082,阿克朱力,代少冬,14,0.005558
chuang2021_082,阿克朱力,任胤蓬,14,0.005558
chuang2021_082,阿克朱力,何屹繁,14,0.005558
chuang2021_082,阿克朱力,奥斯卡,14,0.005558
chuang2021_082,阿克朱力,张欣尧,14,0.005558
chuang2021_082,阿克朱力,罗言,14,0.005558
chuang2021_082,阿克朱力,蒋敦豪,14,0.005558
chuang2021_082,阿克朱力,赞多,14,0.005558
chuang2021_082,阿克朱力,阿克朱力超话,14,0.005558
chuang2021_082,阿克朱力,伯远,13,0.005161
chuang2021_082,阿克朱力,佐藤永翔,13,0.005161
chuang2021_082,阿克朱力,俞更寅,13,0.005161
chuang2021_082,阿克朱力,刘彰,13,0.005161
chuang2021_082,阿克朱力,叶皓然,13,0.005161
chuang2021_082,阿克朱力,周柯宇,13,0.005161
chuang2021_082,阿克朱力,张星特,13,0.005161
chuang2021_082,阿克朱力,张腾,13,0.005161
chuang2021_082,阿克朱力,林墨,13,0.005161
chuang2021_082,阿克朱力,甘望星,13,0.005161
chuang2021_082,阿克朱力,胡烨韬,13,0.005161
chuang2021_082,阿克朱力,范臻尔,13,0.005161
chuang2021_082,阿克朱力,陆定昊,13,0.005161
chuang2021_082,阿克朱力,韩佩泉,13,0.005161
chuang2021_082,阿克朱力,黄鲲,13,0.005161
chuang2021_082,阿克朱力,于洋,12,0.004764
chuang2021_082,阿克朱力,凌箫,12,0.004764
chuang2021_082,阿克朱力,力丸,12,0.004764
chuang2021_082,阿克朱力,庆怜,12,0.004764
chuang2021_082,阿克朱力,徐绍岚,12,0.004764
chuang2021_082,阿克朱力,谢兴阳,12,0.004764
chuang2021_082,阿克朱力,赖耀翔,12,0.004764
chuang2021_082,阿克朱力,利路修,11,0.004367
chuang2021_082,阿克朱力,一之濑飞鸟,10,0.00397
chuang2021_082,阿克朱力,羽生田挙武,10,0.00397
chuang2021_082,阿克朱力,me,9,0.003573
chuang2021_082,阿克朱力,和马,9,0.003573
chuang2021_082,阿克朱力,2021,7,0.002779
chuang2021_082,阿克朱力,88,7,0.002779
chuang2021_082,阿克朱力,boy,7,0.002779
chuang2021_082,阿克朱力,lover,7,0.002779
chuang2021_082,阿克朱力,我欢喜喜欢你,7,0.002779
chuang2021_082,阿克朱力,赖耀祥,7,0.002779
chuang2021_082,阿克朱力,butter,6,0.002382
chuang2021_082,阿克朱力,fly,6,0.002382
chuang2021_082,阿克朱力,lit,6,0.002382
chuang2021_082,阿克朱力,radio,6,0.002382
chuang2021_082,阿克朱力,ready,6,0.002382
chuang2021_082,阿克朱力,you,6,0.002382
chuang2021_082,阿克朱力,yummy,6,0.002382
chuang2021_082,阿克朱力,作为怪物,6,0.002382
chuang2021_082,阿克朱力,女孩,6,0.002382
chuang2021_082,阿克朱力,爱我ready,6,0.002382
chuang2021_082,阿克朱力,破茧,6,0.002382
chuang2021_082,阿克朱力,纯享,6,0.002382
chuang2021_082,阿克朱力,网页链接,6,0.002382
chuang2021_082,阿克朱力,自行车安利博的微博视频,6,0.002382
chuang2021_082,阿克朱力,超级冠军,6,0.002382
chuang2021_082,阿克朱力,霓虹甜心,6,0.002382
chuang2021_082,阿克朱力,腾讯视频,5,0.001985
chuang2021_082,阿克朱力,1002,4,0.001588
chuang2021_082,阿克朱力,创4一公分组,4,0.001588
chuang2021_082,阿克朱力,学员,4,0.001588
chuang2021_082,阿克朱力,星河璀璨,4,0.001588
chuang2021_082,阿克朱力,1002又进一员,3,0.001191
chuang2021_082,阿克朱力,1002给了我原本不曾期望获得的东西,3,0.001191
chuang2021_082,阿克朱力,11,3,0.001191
chuang2021_082,阿克朱力,amber老师,3,0.001191
chuang2021_082,阿克朱力,are,3,0.001191
chuang2021_082,阿克朱力,at,3,0.001191
chuang2021_082,阿克朱力,a班学员尹浩宇,3,0.001191
chuang2021_082,阿克朱力,family,3,0.001191
chuang2021_082,阿克朱力,hello,3,0.001191
chuang2021_082,阿克朱力,look,3,0.001191
chuang2021_082,阿克朱力,me才是我自己喜欢的样子,3,0.001191
chuang2021_082,阿克朱力,me的我,3,0.001191
chuang2021_082,阿克朱力,we,3,0.001191
chuang2021_082,阿克朱力,一公分组,3,0.001191
chuang2021_082,阿克朱力,一切都是最好的安排,3,0.001191
chuang2021_082,阿克朱力,一加七等于八,3,0.001191
chuang2021_082,阿克朱力,一零零二依然还在营里奋斗的宝贝们,3,0.001191
chuang2021_082,阿克朱力,不要骂我,3,0.001191
chuang2021_082,阿克朱力,不过我依然给自己保留表达真实自我的空间,3,0.001191
chuang2021_082,阿克朱力,不过没有关系,3,0.001191
chuang2021_082,阿克朱力,为了加入创造营2021这个游戏,3,0.001191
chuang2021_082,阿克朱力,为了在舞台上发光,3,0.001191
chuang2021_082,阿克朱力,乃馨学姐,3,0.001191
chuang2021_082,阿克朱力,也是我心中永远的终c,3,0.001191
chuang2021_082,阿克朱力,也能让大家看的开心,3,0.001191
chuang2021_082,阿克朱力,亲爱的薛薛,3,0.001191
chuang2021_082,阿克朱力,人间蝴蝶,3,0.001191
chuang2021_082,阿克朱力,付出了多少汗水与努力,3,0.001191
chuang2021_082,阿克朱力,付出了多少精力和金币,3,0.001191
chuang2021_082,阿克朱力,但总结下来,3,0.001191
chuang2021_082,阿克朱力,但我始终相信只有我做到了real,3,0.001191
chuang2021_082,阿克朱力,但我更希望因为话题能把这首歌属于我的自信和欢乐带给更多的人,3,0.001191
chuang2021_082,阿克朱力,但我有选择它的理由,3,0.001191
chuang2021_082,阿克朱力,但是你的努力确实能让大家喊他一声实力猛男,3,0.001191
chuang2021_082,阿克朱力,但是好像没有被更多人喜欢,3,0.001191
chuang2021_082,阿克朱力,你们加油向前冲,3,0.001191
chuang2021_082,阿克朱力,你会去创造营吗,3,0.001191
chuang2021_082,阿克朱力,你值得世间所有的爱,3,0.001191
chuang2021_082,阿克朱力,你去创造营干嘛,3,0.001191
chuang2021_082,阿克朱力,你只看到了我的一面,3,0.001191
chuang2021_082,阿克朱力,你在我心里也是1002的一份子,3,0.001191
chuang2021_082,阿克朱力,你是一个对生活积极向上的人,3,0.001191
chuang2021_082,阿克朱力,你是我心中最最最最最最可爱的成团人选,3,0.001191
chuang2021_082,阿克朱力,你是我心中的初c,3,0.001191
chuang2021_082,阿克朱力,你的中文越来越棒了,3,0.001191
chuang2021_082,阿克朱力,你的善良温暖了大家,3,0.001191
chuang2021_082,阿克朱力,你终于进了成团位,3,0.001191
chuang2021_082,阿克朱力,你给我坐稳不许走往前冲,3,0.001191
chuang2021_082,阿克朱力,假如时间回到三个月前,3,0.001191
chuang2021_082,阿克朱力,做你自己做美丽,3,0.001191
chuang2021_082,阿克朱力,关于,3,0.001191
chuang2021_082,阿克朱力,关于创始人,3,0.001191
chuang2021_082,阿克朱力,关于结束,3,0.001191
chuang2021_082,阿克朱力,关于自己,3,0.001191
chuang2021_082,阿克朱力,关于蝴蝶的一切想象都是美好的,3,0.001191
chuang2021_082,阿克朱力,其实很开心我被分到了这个组,3,0.001191
chuang2021_082,阿克朱力,再见,3,0.001191
chuang2021_082,阿克朱力,再问我一次,3,0.001191
chuang2021_082,阿克朱力,创4学员好多面,3,0.001191
chuang2021_082,阿克朱力,创造营2021学员邵明明,3,0.001191
chuang2021_082,阿克朱力,创造营2021阿克朱力,3,0.001191
chuang2021_082,阿克朱力,初舞台,3,0.001191
chuang2021_082,阿克朱力,剩下七面有机会了解一下,3,0.001191
chuang2021_082,阿克朱力,加入创造营2021,3,0.001191
chuang2021_082,阿克朱力,南南学长,3,0.001191
chuang2021_082,阿克朱力,反而过不了我自己那关,3,0.001191
chuang2021_082,阿克朱力,只有我自己知道,3,0.001191
chuang2021_082,阿克朱力,可以是保护大家的家长,3,0.001191
chuang2021_082,阿克朱力,可以是聊八卦的三姑六婆,3,0.001191
chuang2021_082,阿克朱力,可以是需要被保护的宝贝,3,0.001191
chuang2021_082,阿克朱力,可能大多数人不喜欢real,3,0.001191
chuang2021_082,阿克朱力,后来更重要的是我在这个组里真正领略到了男团的魅力和意义,3,0.001191
chuang2021_082,阿克朱力,和工作人员外,3,0.001191
chuang2021_082,阿克朱力,咱们不怕胖,3,0.001191
chuang2021_082,阿克朱力,哈哈,3,0.001191
chuang2021_082,阿克朱力,哥哥请你吃遍全世界好吃的夜宵,3,0.001191
chuang2021_082,阿克朱力,喜欢自己才有可能被更多人喜欢,3,0.001191
chuang2021_082,阿克朱力,因为我对职业的理解就是要学会抓住每一次展现自己的机会,3,0.001191
chuang2021_082,阿克朱力,在1002我可以是任何角色,3,0.001191
chuang2021_082,阿克朱力,在一个充满了高度竞争的环境下,3,0.001191
chuang2021_082,阿克朱力,在营里一直是你照顾我,3,0.001191
chuang2021_082,阿克朱力,在这个春天,3,0.001191
chuang2021_082,阿克朱力,外表独树一帜无辜脸,3,0.001191
chuang2021_082,阿克朱力,大家好,3,0.001191
chuang2021_082,阿克朱力,大家就开始讨厌我,3,0.001191
chuang2021_082,阿克朱力,好希望每个学员都可以来感受一下1002的家的温暖,3,0.001191
chuang2021_082,阿克朱力,如果好高骛远选择一首完全没有办法拿下来的男团歌曲作为我的首秀,3,0.001191
chuang2021_082,阿克朱力,如果有一天我真的成功了,3,0.001191
chuang2021_082,阿克朱力,它在我的人生里永远有份量,3,0.001191
chuang2021_082,阿克朱力,它确实是我梦里到过的地方,3,0.001191
chuang2021_082,阿克朱力,它逼着我去表达了当时的心情,3,0.001191
chuang2021_082,阿克朱力,宿舍,3,0.001191
chuang2021_082,阿克朱力,对于来创造营的初衷是想被更多人认识接受和喜欢这件事,3,0.001191
chuang2021_082,阿克朱力,就把我送到了,3,0.001191
chuang2021_082,阿克朱力,就要被颜值覆盖了,3,0.001191
chuang2021_082,阿克朱力,庄子梦蝶,3,0.001191
chuang2021_082,阿克朱力,开个玩笑,3,0.001191
chuang2021_082,阿克朱力,开始,3,0.001191
chuang2021_082,阿克朱力,快乐最重要,3,0.001191
chuang2021_082,阿克朱力,思考也有,3,0.001191
chuang2021_082,阿克朱力,想被更多的人认识,3,0.001191
chuang2021_082,阿克朱力,感恩,3,0.001191
chuang2021_082,阿克朱力,感谢,3,0.001191
chuang2021_082,阿克朱力,愿意互相迁就才能互相成就,3,0.001191
chuang2021_082,阿克朱力,慢慢来,3,0.001191
chuang2021_082,阿克朱力,我不否认选择它的一小部分原因是因为,3,0.001191
chuang2021_082,阿克朱力,我也知道自己在某些部分上还需要打磨和学习,3,0.001191
chuang2021_082,阿克朱力,我从未后悔,3,0.001191
chuang2021_082,阿克朱力,我们互相管一管吧,3,0.001191
chuang2021_082,阿克朱力,我刚刚打开手机想自拍,3,0.001191
chuang2021_082,阿克朱力,我在营外继续帮你们撑腰,3,0.001191
chuang2021_082,阿克朱力,我很清楚自己关于唱跳的能力,3,0.001191
chuang2021_082,阿克朱力,我才喊着要做real,3,0.001191
chuang2021_082,阿克朱力,我是创造营2021学员邵明明,3,0.001191
chuang2021_082,阿克朱力,我更愿意说它是我创造营的,3,0.001191
chuang2021_082,阿克朱力,我最最最最最最亲爱的小九,3,0.001191
chuang2021_082,阿克朱力,我深知道喜欢我是一件多么辛苦的事情,3,0.001191
chuang2021_082,阿克朱力,我的回答依旧是,3,0.001191
chuang2021_082,阿克朱力,我相信有你们在,3,0.001191
chuang2021_082,阿克朱力,我管你,3,0.001191
chuang2021_082,阿克朱力,我认为每个人都有表达情绪的权利,3,0.001191
chuang2021_082,阿克朱力,我都要做real,3,0.001191
chuang2021_082,阿克朱力,我非常坦然的承认,3,0.001191
chuang2021_082,阿克朱力,所以希望明明唱,3,0.001191
chuang2021_082,阿克朱力,接受和喜欢,3,0.001191
chuang2021_082,阿克朱力,收获有,3,0.001191
chuang2021_082,阿克朱力,是因为我和这个身份再见确实需要一些时间,3,0.001191
chuang2021_082,阿克朱力,是我作为男团的第一课,3,0.001191
chuang2021_082,阿克朱力,最感谢的人,3,0.001191
chuang2021_082,阿克朱力,最感谢的人里一定有一个是我自己,3,0.001191
chuang2021_082,阿克朱力,最重要要说的话还是,3,0.001191
chuang2021_082,阿克朱力,来到海花岛,3,0.001191
chuang2021_082,阿克朱力,梁祝化蝶,3,0.001191
chuang2021_082,阿克朱力,比起宿舍,3,0.001191
chuang2021_082,阿克朱力,深深老师,3,0.001191
chuang2021_082,阿克朱力,温暖,3,0.001191
chuang2021_082,阿克朱力,现在我要说一声我管你怎么讨厌我,3,0.001191
chuang2021_082,阿克朱力,男团稀世珍宝太难得了,3,0.001191
chuang2021_082,阿克朱力,看上去好像是个玩笑,3,0.001191
chuang2021_082,阿克朱力,看了这一期的顺位结果,3,0.001191
chuang2021_082,阿克朱力,真的谢谢你们,3,0.001191
chuang2021_082,阿克朱力,等你出营希望你接着照顾我哈哈哈哈,3,0.001191
chuang2021_082,阿克朱力,等你成团,3,0.001191
chuang2021_082,阿克朱力,算是命运的安排,3,0.001191
chuang2021_082,阿克朱力,绝世美男值得出道,3,0.001191
chuang2021_082,阿克朱力,荣耀forry超话,3,0.001191
chuang2021_082,阿克朱力,虽然好像被更多的人认识了,3,0.001191
chuang2021_082,阿克朱力,虽然实力差一点,3,0.001191
chuang2021_082,阿克朱力,被自己吓到了,3,0.001191
chuang2021_082,阿克朱力,要是我能长吴宇恒那样就太好了,3,0.001191
chuang2021_082,阿克朱力,言归正传,3,0.001191
chuang2021_082,阿克朱力,讨厌的邵明明又出现了哈哈哈哈,3,0.001191
chuang2021_082,阿克朱力,让我们带着热爱一起走下去,3,0.001191
chuang2021_082,阿克朱力,话题,3,0.001191
chuang2021_082,阿克朱力,说明我八面玲珑哈哈哈哈,3,0.001191
chuang2021_082,阿克朱力,请你多笑哦,3,0.001191
chuang2021_082,阿克朱力,请大家给薛八一投票,3,0.001191
chuang2021_082,阿克朱力,超哥,3,0.001191
chuang2021_082,阿克朱力,轮到我冲浪了,3,0.001191
chuang2021_082,阿克朱力,过了这么久才把对于创造营的感受分享出来,3,0.001191
chuang2021_082,阿克朱力,还有一点是我很喜欢蝴蝶这个小动物,3,0.001191
chuang2021_082,阿克朱力,还有我自己,3,0.001191
chuang2021_082,阿克朱力,这一课看上去上的好像不太顺利,3,0.001191
chuang2021_082,阿克朱力,这首歌的态度和我想说的话是不谋而合的,3,0.001191
chuang2021_082,阿克朱力,那么多个日日夜夜你们真的辛苦了,3,0.001191
chuang2021_082,阿克朱力,那你问我,3,0.001191
chuang2021_082,阿克朱力,邵明明回应恶评,3,0.001191
chuang2021_082,阿克朱力,酒醉的蝴蝶,3,0.001191
chuang2021_082,阿克朱力,除了感谢所有的导师,3,0.001191
chuang2021_082,阿克朱力,静姐,3,0.001191
chuang2021_082,阿克朱力,香妃引蝶,3,0.001191
chuang2021_082,阿克朱力,骄傲,3,0.001191
chuang2021_082,阿克朱力,1002宿舍超话,2,0.000794
chuang2021_082,阿克朱力,20,2,0.000794
chuang2021_082,阿克朱力,ak刘彰,2,0.000794
chuang2021_082,阿克朱力,amber刘逸云,2,0.000794
chuang2021_082,阿克朱力,best周柯宇,2,0.000794
chuang2021_082,阿克朱力,ecat,2,0.000794
chuang2021_082,阿克朱力,nene郑乃馨,2,0.000794
chuang2021_082,阿克朱力,qq音乐,2,0.000794
chuang2021_082,阿克朱力,r1se,2,0.000794
chuang2021_082,阿克朱力,top1,2,0.000794
chuang2021_082,阿克朱力,top4,2,0.000794
chuang2021_082,阿克朱力,ye店玩咖,2,0.000794
chuang2021_082,阿克朱力,一之濑asuka,2,0.000794
chuang2021_082,阿克朱力,他们这次是甜还是咸呀,2,0.000794
chuang2021_082,阿克朱力,你会支持有黑料的选秀选手吗,2,0.000794
chuang2021_082,阿克朱力,全程高能,2,0.000794
chuang2021_082,阿克朱力,公主岭市,2,0.000794
chuang2021_082,阿克朱力,分享专辑,2,0.000794
chuang2021_082,阿克朱力,创4学员默契通关全记录,2,0.000794
chuang2021_082,阿克朱力,创4开播,2,0.000794
chuang2021_082,阿克朱力,创二公有正规名额,2,0.000794
chuang2021_082,阿克朱力,创始人们快品品,2,0.000794
chuang2021_082,阿克朱力,创造营2021学员,2,0.000794
chuang2021_082,阿克朱力,创造营2021荣耀超话,2,0.000794
chuang2021_082,阿克朱力,助教,2,0.000794
chuang2021_082,阿克朱力,卡哇伊表情模仿秀,2,0.000794
chuang2021_082,阿克朱力,吃瓜不信瓜,2,0.000794
chuang2021_082,阿克朱力,周深,2,0.000794
chuang2021_082,阿克朱力,周震南,2,0.000794
chuang2021_082,阿克朱力,宁静,2,0.000794
chuang2021_082,阿克朱力,导师,2,0.000794
chuang2021_082,阿克朱力,带来的二创主题曲,2,0.000794
chuang2021_082,阿克朱力,张欣尧超话,2,0.000794
chuang2021_082,阿克朱力,微博正文,2,0.000794
chuang2021_082,阿克朱力,快来康康,2,0.000794
chuang2021_082,阿克朱力,意外惊喜,2,0.000794
chuang2021_082,阿克朱力,我要成团,2,0.000794
chuang2021_082,阿克朱力,据豆瓣瓜组非官方爆料,2,0.000794
chuang2021_082,阿克朱力,李洛尔zok,2,0.000794
chuang2021_082,阿克朱力,李洛尔写给刘宇的信,2,0.000794
chuang2021_082,阿克朱力,李洛尔李沛洋,2,0.000794
chuang2021_082,阿克朱力,模仿,2,0.000794
chuang2021_082,阿克朱力,海南儋州,2,0.000794
chuang2021_082,阿克朱力,玩梗小能手们上线,2,0.000794
chuang2021_082,阿克朱力,生日快乐,2,0.000794
chuang2021_082,阿克朱力,的部分选手存在以下黑料,2,0.000794
chuang2021_082,阿克朱力,目前两大选秀节目,2,0.000794
chuang2021_082,阿克朱力,目前排名,2,0.000794
chuang2021_082,阿克朱力,第一轮淘汰名单,2,0.000794
chuang2021_082,阿克朱力,第二次公演,2,0.000794
chuang2021_082,阿克朱力,羽生田学武,2,0.000794
chuang2021_082,阿克朱力,被恐怖箱支配的创4学员,2,0.000794
chuang2021_082,阿克朱力,要的来,2,0.000794
chuang2021_082,阿克朱力,辉仔,2,0.000794
chuang2021_082,阿克朱力,邓超,2,0.000794
chuang2021_082,阿克朱力,部分选手,2,0.000794
chuang2021_082,阿克朱力,需审核,2,0.000794
chuang2021_082,阿克朱力,青春有你3,2,0.000794
chuang2021_082,阿克朱力,魏宏宇,2,0.000794
chuang2021_082,阿克朱力,鱼塘管理高手,2,0.000794
chuang2021_082,阿克朱力,黑人牙膏白酵素助力创造营荣耀闪耀闯关,2,0.000794
chuang2021_083,钱政宇,钱政宇,103,0.066537
chuang2021_083,钱政宇,钱政宇超话,58,0.037468
chuang2021_083,钱政宇,甜心rapper钱政宇,32,0.020672
chuang2021_083,钱政宇,周柯宇,25,0.01615
chuang2021_083,钱政宇,何懿峻,24,0.015504
chuang2021_083,钱政宇,创造营2021钱政宇,24,0.015504
chuang2021_083,钱政宇,徐圣兹,23,0.014858
chuang2021_083,钱政宇,收起,21,0.013566
chuang2021_083,钱政宇,米卡,20,0.01292
chuang2021_083,钱政宇,吴宇恒,19,0.012274
chuang2021_083,钱政宇,刘宇,18,0.011628
chuang2021_083,钱政宇,甘望星,18,0.011628
chuang2021_083,钱政宇,赞多,18,0.011628
chuang2021_083,钱政宇,林墨,17,0.010982
chuang2021_083,钱政宇,利路修,16,0.010336
chuang2021_083,钱政宇,力丸,16,0.010336
chuang2021_083,钱政宇,庆怜,15,0.00969
chuang2021_083,钱政宇,大卫,12,0.007752
chuang2021_083,钱政宇,曾涵江,12,0.007752
chuang2021_083,钱政宇,魏子越,12,0.007752
chuang2021_083,钱政宇,上原一翔,11,0.007106
chuang2021_083,钱政宇,何屹繁,11,0.007106
chuang2021_083,钱政宇,奥斯卡,11,0.007106
chuang2021_083,钱政宇,尹浩宇,11,0.007106
chuang2021_083,钱政宇,林煜修,11,0.007106
chuang2021_083,钱政宇,醉拳,11,0.007106
chuang2021_083,钱政宇,韩佩泉,11,0.007106
chuang2021_083,钱政宇,高卿尘,11,0.007106
chuang2021_083,钱政宇,一之濑飞鸟,10,0.00646
chuang2021_083,钱政宇,井胧,10,0.00646
chuang2021_083,钱政宇,付思超,10,0.00646
chuang2021_083,钱政宇,伯远,10,0.00646
chuang2021_083,钱政宇,佐藤永翔,10,0.00646
chuang2021_083,钱政宇,俞更寅,10,0.00646
chuang2021_083,钱政宇,原部凌,10,0.00646
chuang2021_083,钱政宇,安迪,10,0.00646
chuang2021_083,钱政宇,张嘉元,10,0.00646
chuang2021_083,钱政宇,张欣尧,10,0.00646
chuang2021_083,钱政宇,张腾,10,0.00646
chuang2021_083,钱政宇,李嘉祥,10,0.00646
chuang2021_083,钱政宇,李家豪,10,0.00646
chuang2021_083,钱政宇,范臻尔,10,0.00646
chuang2021_083,钱政宇,荣耀,10,0.00646
chuang2021_083,钱政宇,蒋敦豪,10,0.00646
chuang2021_083,钱政宇,诺言,10,0.00646
chuang2021_083,钱政宇,谢兴阳,10,0.00646
chuang2021_083,钱政宇,邵明明,10,0.00646
chuang2021_083,钱政宇,阿克朱力,10,0.00646
chuang2021_083,钱政宇,于洋,9,0.005814
chuang2021_083,钱政宇,井汲大翔,9,0.005814
chuang2021_083,钱政宇,代少冬,9,0.005814
chuang2021_083,钱政宇,任胤蓬,9,0.005814
chuang2021_083,钱政宇,何圳煜,9,0.005814
chuang2021_083,钱政宇,凌箫,9,0.005814
chuang2021_083,钱政宇,刘严冬季,9,0.005814
chuang2021_083,钱政宇,刘唐辉,9,0.005814
chuang2021_083,钱政宇,刘彰,9,0.005814
chuang2021_083,钱政宇,刘聪,9,0.005814
chuang2021_083,钱政宇,创造营2021超话,9,0.005814
chuang2021_083,钱政宇,卢克,9,0.005814
chuang2021_083,钱政宇,叶皓然,9,0.005814
chuang2021_083,钱政宇,吴海,9,0.005814
chuang2021_083,钱政宇,和马,9,0.005814
chuang2021_083,钱政宇,喜内优心,9,0.005814
chuang2021_083,钱政宇,屈柏宇,9,0.005814
chuang2021_083,钱政宇,张星特,9,0.005814
chuang2021_083,钱政宇,张璋,9,0.005814
chuang2021_083,钱政宇,徐绍岚,9,0.005814
chuang2021_083,钱政宇,怿涵,9,0.005814
chuang2021_083,钱政宇,曹左,9,0.005814
chuang2021_083,钱政宇,李政庭,9,0.005814
chuang2021_083,钱政宇,李泰龙,9,0.005814
chuang2021_083,钱政宇,李泽坤,9,0.005814
chuang2021_083,钱政宇,林豆,9,0.005814
chuang2021_083,钱政宇,王孝辰,9,0.005814
chuang2021_083,钱政宇,王泽浩,9,0.005814
chuang2021_083,钱政宇,罗言,9,0.005814
chuang2021_083,钱政宇,胡烨韬,9,0.005814
chuang2021_083,钱政宇,薛八一,9,0.005814
chuang2021_083,钱政宇,谷柳霖,9,0.005814
chuang2021_083,钱政宇,贵尚奇,9,0.005814
chuang2021_083,钱政宇,赖耀翔,9,0.005814
chuang2021_083,钱政宇,郑明鑫,9,0.005814
chuang2021_083,钱政宇,都筑雄哉,9,0.005814
chuang2021_083,钱政宇,门胁慎刚,9,0.005814
chuang2021_083,钱政宇,陆定昊,9,0.005814
chuang2021_083,钱政宇,陈俊洁,9,0.005814
chuang2021_083,钱政宇,陈瑞丰,9,0.005814
chuang2021_083,钱政宇,隅田隼平,9,0.005814
chuang2021_083,钱政宇,韦语节,9,0.005814
chuang2021_083,钱政宇,黄鲲,9,0.005814
chuang2021_083,钱政宇,ak刘彰,8,0.005168
chuang2021_083,钱政宇,创造营2021学员,8,0.005168
chuang2021_083,钱政宇,田口馨也,8,0.005168
chuang2021_083,钱政宇,羽生田挙武,8,0.005168
chuang2021_083,钱政宇,肖力桓,8,0.005168
chuang2021_083,钱政宇,霓虹甜心,8,0.005168
chuang2021_083,钱政宇,黑人牙膏白酵素助力创造营钱政宇闪耀闯关,8,0.005168
chuang2021_083,钱政宇,88,7,0.004522
chuang2021_083,钱政宇,boy,7,0.004522
chuang2021_083,钱政宇,butter,7,0.004522
chuang2021_083,钱政宇,fly,7,0.004522
chuang2021_083,钱政宇,lover,7,0.004522
chuang2021_083,钱政宇,me,7,0.004522
chuang2021_083,钱政宇,qzy,7,0.004522
chuang2021_083,钱政宇,radio,7,0.004522
chuang2021_083,钱政宇,ready,7,0.004522
chuang2021_083,钱政宇,yummy,7,0.004522
chuang2021_083,钱政宇,作为怪物,7,0.004522
chuang2021_083,钱政宇,女孩,7,0.004522
chuang2021_083,钱政宇,快去速速点赞评论,7,0.004522
chuang2021_083,钱政宇,我欢喜喜欢你,7,0.004522
chuang2021_083,钱政宇,李沛洋,7,0.004522
chuang2021_083,钱政宇,李洛尔,7,0.004522
chuang2021_083,钱政宇,爱我ready,7,0.004522
chuang2021_083,钱政宇,破茧,7,0.004522
chuang2021_083,钱政宇,羽生田拳武,7,0.004522
chuang2021_083,钱政宇,超级冠军,7,0.004522
chuang2021_083,钱政宇,钱政宇dy更新,7,0.004522
chuang2021_083,钱政宇,lit,6,0.003876
chuang2021_083,钱政宇,you,6,0.003876
chuang2021_083,钱政宇,完成后在此微博下打卡,6,0.003876
chuang2021_083,钱政宇,签名照,6,0.003876
chuang2021_083,钱政宇,150,4,0.002584
chuang2021_083,钱政宇,创4一公分组,4,0.002584
chuang2021_083,钱政宇,学员,4,0.002584
chuang2021_083,钱政宇,完成后在此微博打卡,4,0.002584
chuang2021_083,钱政宇,微博正文,4,0.002584
chuang2021_083,钱政宇,评论,4,0.002584
chuang2021_083,钱政宇,輕輕敲碎月亮的微博视频,4,0.002584
chuang2021_083,钱政宇,转发,4,0.002584
chuang2021_083,钱政宇,钱政宇本人微博,4,0.002584
chuang2021_083,钱政宇,20,3,0.001938
chuang2021_083,钱政宇,30,3,0.001938
chuang2021_083,钱政宇,一公分组,3,0.001938
chuang2021_083,钱政宇,创4排名,3,0.001938
chuang2021_083,钱政宇,嘉行新悦的微博视频,3,0.001938
chuang2021_083,钱政宇,票务超话,3,0.001938
chuang2021_083,钱政宇,钱政宇创造营2021,3,0.001938
chuang2021_083,钱政宇,amber刘逸云,2,0.001292
chuang2021_083,钱政宇,nene郑乃馨,2,0.001292
chuang2021_083,钱政宇,世界那么大,2,0.001292
chuang2021_083,钱政宇,今日的分岔路口只是成长路上必经的考验,2,0.001292
chuang2021_083,钱政宇,何兔九的微博视频,2,0.001292
chuang2021_083,钱政宇,创二公有正规名额,2,0.001292
chuang2021_083,钱政宇,助教,2,0.001292
chuang2021_083,钱政宇,只要相信自己,2,0.001292
chuang2021_083,钱政宇,可爱无敌小淘气,2,0.001292
chuang2021_083,钱政宇,周深,2,0.001292
chuang2021_083,钱政宇,周震南,2,0.001292
chuang2021_083,钱政宇,嘉行新悦,2,0.001292
chuang2021_083,钱政宇,大家,2,0.001292
chuang2021_083,钱政宇,宁静,2,0.001292
chuang2021_083,钱政宇,导师,2,0.001292
chuang2021_083,钱政宇,小魚肉丸o的微博视频,2,0.001292
chuang2021_083,钱政宇,庆怜签名照,2,0.001292
chuang2021_083,钱政宇,开播吧秀人,2,0.001292
chuang2021_083,钱政宇,快来康康,2,0.001292
chuang2021_083,钱政宇,怎敢轻易辜负梦想和每一份支持,2,0.001292
chuang2021_083,钱政宇,总会遇到惊喜,2,0.001292
chuang2021_083,钱政宇,愿弟弟们不失一路向前的勇气,2,0.001292
chuang2021_083,钱政宇,我们一起闯吧,2,0.001292
chuang2021_083,钱政宇,手绘折扇,2,0.001292
chuang2021_083,钱政宇,承载了太多期许的目光,2,0.001292
chuang2021_083,钱政宇,日常可爱调皮偶尔也能酷帅霸气,2,0.001292
chuang2021_083,钱政宇,更大的世界还在前方,2,0.001292
chuang2021_083,钱政宇,未来高处见,2,0.001292
chuang2021_083,钱政宇,李洛尔李沛洋,2,0.001292
chuang2021_083,钱政宇,每一次坚持,2,0.001292
chuang2021_083,钱政宇,海南儋州,2,0.001292
chuang2021_083,钱政宇,禁二改去水印丨抱图留评,2,0.001292
chuang2021_083,钱政宇,第二次公演,2,0.001292
chuang2021_083,钱政宇,网页链接,2,0.001292
chuang2021_083,钱政宇,羽生田学武,2,0.001292
chuang2021_083,钱政宇,腾讯视频,2,0.001292
chuang2021_083,钱政宇,要的来,2,0.001292
chuang2021_083,钱政宇,邓超,2,0.001292
chuang2021_083,钱政宇,都是成功路上的累积,2,0.001292
chuang2021_083,钱政宇,钱政宇官方数据组,2,0.001292
chuang2021_083,钱政宇,钱政宇摸恐怖盒挑战,2,0.001292
chuang2021_083,钱政宇,需审核,2,0.001292
chuang2021_083,钱政宇,预售,2,0.001292
chuang2021_084,卢克,卢克,75,0.036284
chuang2021_084,卢克,收起,36,0.017417
chuang2021_084,卢克,林豆,31,0.014998
chuang2021_084,卢克,屈柏宇,29,0.01403
chuang2021_084,卢克,大卫,28,0.013546
chuang2021_084,卢克,安迪,28,0.013546
chuang2021_084,卢克,贵尚奇,28,0.013546
chuang2021_084,卢克,创造营2021超话,24,0.011611
chuang2021_084,卢克,米卡,23,0.011127
chuang2021_084,卢克,原部凌,22,0.010643
chuang2021_084,卢克,怿涵,22,0.010643
chuang2021_084,卢克,曹左,22,0.010643
chuang2021_084,卢克,钱政宇,22,0.010643
chuang2021_084,卢克,刘严冬季,21,0.01016
chuang2021_084,卢克,李泽坤,21,0.01016
chuang2021_084,卢克,邵明明,21,0.01016
chuang2021_084,卢克,郑明鑫,21,0.01016
chuang2021_084,卢克,都筑雄哉,21,0.01016
chuang2021_084,卢克,门胁慎刚,21,0.01016
chuang2021_084,卢克,陈俊洁,21,0.01016
chuang2021_084,卢克,陈瑞丰,21,0.01016
chuang2021_084,卢克,韩佩泉,21,0.01016
chuang2021_084,卢克,刘聪,20,0.009676
chuang2021_084,卢克,张璋,20,0.009676
chuang2021_084,卢克,李嘉祥,20,0.009676
chuang2021_084,卢克,李政庭,20,0.009676
chuang2021_084,卢克,李泰龙,20,0.009676
chuang2021_084,卢克,王泽浩,20,0.009676
chuang2021_084,卢克,田口馨也,20,0.009676
chuang2021_084,卢克,谷柳霖,20,0.009676
chuang2021_084,卢克,隅田隼平,20,0.009676
chuang2021_084,卢克,韦语节,20,0.009676
chuang2021_084,卢克,上原一翔,19,0.009192
chuang2021_084,卢克,刘宇,19,0.009192
chuang2021_084,卢克,喜内优心,19,0.009192
chuang2021_084,卢克,徐圣兹,19,0.009192
chuang2021_084,卢克,李家豪,19,0.009192
chuang2021_084,卢克,肖力桓,19,0.009192
chuang2021_084,卢克,阿克朱力,19,0.009192
chuang2021_084,卢克,刘唐辉,18,0.008708
chuang2021_084,卢克,庆怜,18,0.008708
chuang2021_084,卢克,李沛洋,18,0.008708
chuang2021_084,卢克,付思超,17,0.008224
chuang2021_084,卢克,任胤蓬,17,0.008224
chuang2021_084,卢克,利路修,17,0.008224
chuang2021_084,卢克,赞多,17,0.008224
chuang2021_084,卢克,2021,16,0.007741
chuang2021_084,卢克,me,16,0.007741
chuang2021_084,卢克,王孝辰,16,0.007741
chuang2021_084,卢克,罗言,16,0.007741
chuang2021_084,卢克,陆定昊,16,0.007741
chuang2021_084,卢克,高卿尘,16,0.007741
chuang2021_084,卢克,张星特,15,0.007257
chuang2021_084,卢克,徐绍岚,15,0.007257
chuang2021_084,卢克,林墨,15,0.007257
chuang2021_084,卢克,蒋敦豪,15,0.007257
chuang2021_084,卢克,一之濑飞鸟,14,0.006773
chuang2021_084,卢克,于洋,14,0.006773
chuang2021_084,卢克,代少冬,14,0.006773
chuang2021_084,卢克,俞更寅,14,0.006773
chuang2021_084,卢克,吴宇恒,14,0.006773
chuang2021_084,卢克,吴海,14,0.006773
chuang2021_084,卢克,尹浩宇,14,0.006773
chuang2021_084,卢克,张嘉元,14,0.006773
chuang2021_084,卢克,范臻尔,14,0.006773
chuang2021_084,卢克,诺言,14,0.006773
chuang2021_084,卢克,佐藤永翔,13,0.006289
chuang2021_084,卢克,何圳煜,13,0.006289
chuang2021_084,卢克,凌箫,13,0.006289
chuang2021_084,卢克,叶皓然,13,0.006289
chuang2021_084,卢克,奥斯卡,13,0.006289
chuang2021_084,卢克,张腾,13,0.006289
chuang2021_084,卢克,甘望星,13,0.006289
chuang2021_084,卢克,胡烨韬,13,0.006289
chuang2021_084,卢克,荣耀,13,0.006289
chuang2021_084,卢克,薛八一,13,0.006289
chuang2021_084,卢克,谢兴阳,13,0.006289
chuang2021_084,卢克,赖耀翔,13,0.006289
chuang2021_084,卢克,黄鲲,13,0.006289
chuang2021_084,卢克,井汲大翔,12,0.005806
chuang2021_084,卢克,井胧,12,0.005806
chuang2021_084,卢克,伯远,12,0.005806
chuang2021_084,卢克,何屹繁,12,0.005806
chuang2021_084,卢克,何懿峻,12,0.005806
chuang2021_084,卢克,周柯宇,12,0.005806
chuang2021_084,卢克,张欣尧,12,0.005806
chuang2021_084,卢克,曾涵江,12,0.005806
chuang2021_084,卢克,林煜修,12,0.005806
chuang2021_084,卢克,魏子越,12,0.005806
chuang2021_084,卢克,力丸,11,0.005322
chuang2021_084,卢克,和马,11,0.005322
chuang2021_084,卢克,刘彰,10,0.004838
chuang2021_084,卢克,李洛尔,10,0.004838
chuang2021_084,卢克,羽生田挙武,10,0.004838
chuang2021_084,卢克,88,9,0.004354
chuang2021_084,卢克,boy,9,0.004354
chuang2021_084,卢克,lover,9,0.004354
chuang2021_084,卢克,我欢喜喜欢你,9,0.004354
chuang2021_084,卢克,radio,8,0.00387
chuang2021_084,卢克,ready,8,0.00387
chuang2021_084,卢克,you,8,0.00387
chuang2021_084,卢克,yummy,8,0.00387
chuang2021_084,卢克,女孩,8,0.00387
chuang2021_084,卢克,醉拳,8,0.00387
chuang2021_084,卢克,霓虹甜心,8,0.00387
chuang2021_084,卢克,作为怪物,7,0.003387
chuang2021_084,卢克,唐僧,7,0.003387
chuang2021_084,卢克,就赶紧去睡觉吧,7,0.003387
chuang2021_084,卢克,爱我ready,7,0.003387
chuang2021_084,卢克,的方式哄你入睡,7,0.003387
chuang2021_084,卢克,破茧,7,0.003387
chuang2021_084,卢克,腾讯视频创造营2021的微博视频,7,0.003387
chuang2021_084,卢克,赖耀祥,7,0.003387
chuang2021_084,卢克,超级冠军,7,0.003387
chuang2021_084,卢克,都这么晚了,7,0.003387
chuang2021_084,卢克,butter,6,0.002903
chuang2021_084,卢克,fly,6,0.002903
chuang2021_084,卢克,lit,6,0.002903
chuang2021_084,卢克,不好意思我来自第一好的普林斯顿大学,6,0.002903
chuang2021_084,卢克,听说你们有来自美国第二好的哈佛大学的,6,0.002903
chuang2021_084,卢克,网页链接,6,0.002903
chuang2021_084,卢克,创造营2021卢克,5,0.002419
chuang2021_084,卢克,自行车安利博的微博视频,5,0.002419
chuang2021_084,卢克,创4一公分组,4,0.001935
chuang2021_084,卢克,创4一公练习室接力版,4,0.001935
chuang2021_084,卢克,创4学员沙滩破冰,4,0.001935
chuang2021_084,卢克,庆怜随时随地学中文,4,0.001935
chuang2021_084,卢克,微博综艺的微博视频,4,0.001935
chuang2021_084,卢克,感觉马庆怜的中文词汇又增加不少呢,4,0.001935
chuang2021_084,卢克,我喜欢你的外套,4,0.001935
chuang2021_084,卢克,我喜欢你的衣服,4,0.001935
chuang2021_084,卢克,的意思,4,0.001935
chuang2021_084,卢克,背着超大行李包边走边学习中文,4,0.001935
chuang2021_084,卢克,贴心的,4,0.001935
chuang2021_084,卢克,还解释了,4,0.001935
chuang2021_084,卢克,ak刘彰,3,0.001451
chuang2021_084,卢克,一公分组,3,0.001451
chuang2021_084,卢克,卢克lukepfleger超话,3,0.001451
chuang2021_084,卢克,学员,3,0.001451
chuang2021_084,卢克,来啦,3,0.001451
chuang2021_084,卢克,请收好,3,0.001451
chuang2021_084,卢克,1定制,2,0.000968
chuang2021_084,卢克,20,2,0.000968
chuang2021_084,卢克,ak,2,0.000968
chuang2021_084,卢克,all,2,0.000968
chuang2021_084,卢克,amber刘逸云,2,0.000968
chuang2021_084,卢克,best周柯宇,2,0.000968
chuang2021_084,卢克,ecat,2,0.000968
chuang2021_084,卢克,nene郑乃馨,2,0.000968
chuang2021_084,卢克,qq音乐,2,0.000968
chuang2021_084,卢克,r1se,2,0.000968
chuang2021_084,卢克,the,2,0.000968
chuang2021_084,卢克,一之濑asuka,2,0.000968
chuang2021_084,卢克,一起为他助力戳,2,0.000968
chuang2021_084,卢克,不忘初心,2,0.000968
chuang2021_084,卢克,不知道的以为在看最强大脑呢,2,0.000968
chuang2021_084,卢克,主题曲盲盒挑战,2,0.000968
chuang2021_084,卢克,你一定能拿下,2,0.000968
chuang2021_084,卢克,分享专辑,2,0.000968
chuang2021_084,卢克,创4学员好多面,2,0.000968
chuang2021_084,卢克,创4学员默契通关全记录,2,0.000968
chuang2021_084,卢克,创4排名,2,0.000968
chuang2021_084,卢克,创二公有正规名额,2,0.000968
chuang2021_084,卢克,创造营2021国际化男团的文化融合,2,0.000968
chuang2021_084,卢克,创造营2021学员,2,0.000968
chuang2021_084,卢克,创造营2021榜,2,0.000968
chuang2021_084,卢克,创造营2021榜好成绩,2,0.000968
chuang2021_084,卢克,助教,2,0.000968
chuang2021_084,卢克,吃瓜不信瓜,2,0.000968
chuang2021_084,卢克,各个国家的元素,2,0.000968
chuang2021_084,卢克,周深,2,0.000968
chuang2021_084,卢克,周震南,2,0.000968
chuang2021_084,卢克,和大家一起见证,2,0.000968
chuang2021_084,卢克,喜内忧心,2,0.000968
chuang2021_084,卢克,好家伙,2,0.000968
chuang2021_084,卢克,娱乐新鲜派,2,0.000968
chuang2021_084,卢克,宁静,2,0.000968
chuang2021_084,卢克,导师,2,0.000968
chuang2021_084,卢克,徐盛兹,2,0.000968
chuang2021_084,卢克,快来康康,2,0.000968
chuang2021_084,卢克,手绘折扇1,2,0.000968
chuang2021_084,卢克,接力版,2,0.000968
chuang2021_084,卢克,收集了,2,0.000968
chuang2021_084,卢克,方得始终,2,0.000968
chuang2021_084,卢克,明星势力榜,2,0.000968
chuang2021_084,卢克,李嘉豪,2,0.000968
chuang2021_084,卢克,李洛尔zok,2,0.000968
chuang2021_084,卢克,李洛尔李沛洋,2,0.000968
chuang2021_084,卢克,派酱手记,2,0.000968
chuang2021_084,卢克,海南儋州,2,0.000968
chuang2021_084,卢克,第一轮淘汰名单,2,0.000968
chuang2021_084,卢克,第二次公演,2,0.000968
chuang2021_084,卢克,练习室直拍,2,0.000968
chuang2021_084,卢克,网易娱乐频道,2,0.000968
chuang2021_084,卢克,羽生田学武,2,0.000968
chuang2021_084,卢克,要的来,2,0.000968
chuang2021_084,卢克,辉仔,2,0.000968
chuang2021_084,卢克,邓超,2,0.000968
chuang2021_084,卢克,闯人花式挑战主题曲,2,0.000968
chuang2021_084,卢克,需审核,2,0.000968
chuang2021_084,卢克,黑人牙膏白酵素助力创造营刘宇闪耀闯关,2,0.000968
chuang2021_084,卢克,黑人牙膏白酵素助力创造营米卡闪耀闯关,2,0.000968
chuang2021_085,陈瑞丰,陈瑞丰,108,0.065139
chuang2021_085,陈瑞丰,陈瑞丰超话,58,0.034982
chuang2021_085,陈瑞丰,陈瑞丰创造营2021,28,0.016888
chuang2021_085,陈瑞丰,收起,24,0.014475
chuang2021_085,陈瑞丰,甘望星,21,0.012666
chuang2021_085,陈瑞丰,创造营2021超话,19,0.01146
chuang2021_085,陈瑞丰,俞更寅,18,0.010856
chuang2021_085,陈瑞丰,屈柏宇,18,0.010856
chuang2021_085,陈瑞丰,张欣尧,18,0.010856
chuang2021_085,陈瑞丰,陆定昊,18,0.010856
chuang2021_085,陈瑞丰,薛八一,17,0.010253
chuang2021_085,陈瑞丰,谢兴阳,17,0.010253
chuang2021_085,陈瑞丰,高卿尘,17,0.010253
chuang2021_085,陈瑞丰,井胧,16,0.00965
chuang2021_085,陈瑞丰,何圳煜,16,0.00965
chuang2021_085,陈瑞丰,吴宇恒,16,0.00965
chuang2021_085,陈瑞丰,尹浩宇,16,0.00965
chuang2021_085,陈瑞丰,张嘉元,16,0.00965
chuang2021_085,陈瑞丰,张腾,16,0.00965
chuang2021_085,陈瑞丰,刘宇,15,0.009047
chuang2021_085,陈瑞丰,周柯宇,15,0.009047
chuang2021_085,陈瑞丰,赞多,15,0.009047
chuang2021_085,陈瑞丰,韩佩泉,15,0.009047
chuang2021_085,陈瑞丰,任胤蓬,14,0.008444
chuang2021_085,陈瑞丰,何屹繁,14,0.008444
chuang2021_085,陈瑞丰,利路修,14,0.008444
chuang2021_085,陈瑞丰,吴海,14,0.008444
chuang2021_085,陈瑞丰,张星特,14,0.008444
chuang2021_085,陈瑞丰,曹左,14,0.008444
chuang2021_085,陈瑞丰,李嘉祥,14,0.008444
chuang2021_085,陈瑞丰,李沛洋,14,0.008444
chuang2021_085,陈瑞丰,范臻尔,14,0.008444
chuang2021_085,陈瑞丰,蒋敦豪,14,0.008444
chuang2021_085,陈瑞丰,郑明鑫,14,0.008444
chuang2021_085,陈瑞丰,伯远,13,0.007841
chuang2021_085,陈瑞丰,原部凌,13,0.007841
chuang2021_085,陈瑞丰,奥斯卡,13,0.007841
chuang2021_085,陈瑞丰,李政庭,13,0.007841
chuang2021_085,陈瑞丰,李泽坤,13,0.007841
chuang2021_085,陈瑞丰,林墨,13,0.007841
chuang2021_085,陈瑞丰,王孝辰,13,0.007841
chuang2021_085,陈瑞丰,罗言,13,0.007841
chuang2021_085,陈瑞丰,胡烨韬,13,0.007841
chuang2021_085,陈瑞丰,陈俊洁,13,0.007841
chuang2021_085,陈瑞丰,魏子越,13,0.007841
chuang2021_085,陈瑞丰,井汲大翔,12,0.007238
chuang2021_085,陈瑞丰,付思超,12,0.007238
chuang2021_085,陈瑞丰,佐藤永翔,12,0.007238
chuang2021_085,陈瑞丰,刘彰,12,0.007238
chuang2021_085,陈瑞丰,刘聪,12,0.007238
chuang2021_085,陈瑞丰,叶皓然,12,0.007238
chuang2021_085,陈瑞丰,李洛尔,12,0.007238
chuang2021_085,陈瑞丰,林煜修,12,0.007238
chuang2021_085,陈瑞丰,林豆,12,0.007238
chuang2021_085,陈瑞丰,米卡,12,0.007238
chuang2021_085,陈瑞丰,羽生田挙武,12,0.007238
chuang2021_085,陈瑞丰,诺言,12,0.007238
chuang2021_085,陈瑞丰,韦语节,12,0.007238
chuang2021_085,陈瑞丰,黄鲲,12,0.007238
chuang2021_085,陈瑞丰,于洋,11,0.006634
chuang2021_085,陈瑞丰,代少冬,11,0.006634
chuang2021_085,陈瑞丰,何懿峻,11,0.006634
chuang2021_085,陈瑞丰,刘唐辉,11,0.006634
chuang2021_085,陈瑞丰,卢克,11,0.006634
chuang2021_085,陈瑞丰,和马,11,0.006634
chuang2021_085,陈瑞丰,大卫,11,0.006634
chuang2021_085,陈瑞丰,庆怜,11,0.006634
chuang2021_085,陈瑞丰,张璋,11,0.006634
chuang2021_085,陈瑞丰,徐圣兹,11,0.006634
chuang2021_085,陈瑞丰,怿涵,11,0.006634
chuang2021_085,陈瑞丰,王泽浩,11,0.006634
chuang2021_085,陈瑞丰,荣耀,11,0.006634
chuang2021_085,陈瑞丰,贵尚奇,11,0.006634
chuang2021_085,陈瑞丰,邵明明,11,0.006634
chuang2021_085,陈瑞丰,钱政宇,11,0.006634
chuang2021_085,陈瑞丰,阿克朱力,11,0.006634
chuang2021_085,陈瑞丰,上原一翔,10,0.006031
chuang2021_085,陈瑞丰,力丸,10,0.006031
chuang2021_085,陈瑞丰,曾涵江,10,0.006031
chuang2021_085,陈瑞丰,李泰龙,10,0.006031
chuang2021_085,陈瑞丰,谷柳霖,10,0.006031
chuang2021_085,陈瑞丰,赖耀翔,10,0.006031
chuang2021_085,陈瑞丰,隅田隼平,10,0.006031
chuang2021_085,陈瑞丰,一之濑飞鸟,9,0.005428
chuang2021_085,陈瑞丰,凌箫,9,0.005428
chuang2021_085,陈瑞丰,刘严冬季,9,0.005428
chuang2021_085,陈瑞丰,喜内优心,9,0.005428
chuang2021_085,陈瑞丰,安迪,9,0.005428
chuang2021_085,陈瑞丰,徐绍岚,9,0.005428
chuang2021_085,陈瑞丰,李家豪,9,0.005428
chuang2021_085,陈瑞丰,田口馨也,9,0.005428
chuang2021_085,陈瑞丰,网页链接,9,0.005428
chuang2021_085,陈瑞丰,都筑雄哉,9,0.005428
chuang2021_085,陈瑞丰,门胁慎刚,9,0.005428
chuang2021_085,陈瑞丰,yummy,8,0.004825
chuang2021_085,陈瑞丰,肖力桓,8,0.004825
chuang2021_085,陈瑞丰,88,7,0.004222
chuang2021_085,陈瑞丰,boy,7,0.004222
chuang2021_085,陈瑞丰,lover,7,0.004222
chuang2021_085,陈瑞丰,you,7,0.004222
chuang2021_085,陈瑞丰,我欢喜喜欢你,7,0.004222
chuang2021_085,陈瑞丰,2021带你解锁,6,0.003619
chuang2021_085,陈瑞丰,butter,6,0.003619
chuang2021_085,陈瑞丰,fly,6,0.003619
chuang2021_085,陈瑞丰,lit,6,0.003619
chuang2021_085,陈瑞丰,me,6,0.003619
chuang2021_085,陈瑞丰,radio,6,0.003619
chuang2021_085,陈瑞丰,ready,6,0.003619
chuang2021_085,陈瑞丰,人间清醒,6,0.003619
chuang2021_085,陈瑞丰,作为怪物,6,0.003619
chuang2021_085,陈瑞丰,在与,6,0.003619
chuang2021_085,陈瑞丰,太想体验了,6,0.003619
chuang2021_085,陈瑞丰,女孩,6,0.003619
chuang2021_085,陈瑞丰,微博综艺的微博视频,6,0.003619
chuang2021_085,陈瑞丰,潮風明空的微博视频,6,0.003619
chuang2021_085,陈瑞丰,爱我ready,6,0.003619
chuang2021_085,陈瑞丰,甘万欣重操旧业做鬼脸,6,0.003619
chuang2021_085,陈瑞丰,的吹纸牌游戏连输两轮后,6,0.003619
chuang2021_085,陈瑞丰,的多种技能,6,0.003619
chuang2021_085,陈瑞丰,破茧,6,0.003619
chuang2021_085,陈瑞丰,超级冠军,6,0.003619
chuang2021_085,陈瑞丰,还化身创4最强按摩师,6,0.003619
chuang2021_085,陈瑞丰,这样的按摩手法,6,0.003619
chuang2021_085,陈瑞丰,醉拳,6,0.003619
chuang2021_085,陈瑞丰,陈瑞丰今天营业了吗,6,0.003619
chuang2021_085,陈瑞丰,霓虹甜心,6,0.003619
chuang2021_085,陈瑞丰,2021,5,0.003016
chuang2021_085,陈瑞丰,瑞雪兆丰年,5,0.003016
chuang2021_085,陈瑞丰,一天一旧照,4,0.002413
chuang2021_085,陈瑞丰,创4一公分组,4,0.002413
chuang2021_085,陈瑞丰,我决定每天找一张旧照来发,4,0.002413
chuang2021_085,陈瑞丰,看到底是我先发完旧照,4,0.002413
chuang2021_085,陈瑞丰,营业,4,0.002413
chuang2021_085,陈瑞丰,还是丰哥先炸,4,0.002413
chuang2021_085,陈瑞丰,一公分组,3,0.001809
chuang2021_085,陈瑞丰,上下班,3,0.001809
chuang2021_085,陈瑞丰,打call,3,0.001809
chuang2021_085,陈瑞丰,甘望星解锁鬼的多种技能,3,0.001809
chuang2021_085,陈瑞丰,纯甄金句瓶,3,0.001809
chuang2021_085,陈瑞丰,陈瑞丰和葛优一样好笑,3,0.001809
chuang2021_085,陈瑞丰,韩美娟,3,0.001809
chuang2021_085,陈瑞丰,11,2,0.001206
chuang2021_085,陈瑞丰,ak刘彰,2,0.001206
chuang2021_085,陈瑞丰,cr,2,0.001206
chuang2021_085,陈瑞丰,logo,2,0.001206
chuang2021_085,陈瑞丰,创4选手路透,2,0.001206
chuang2021_085,陈瑞丰,创造营成团夜,2,0.001206
chuang2021_085,陈瑞丰,加油加油,2,0.001206
chuang2021_085,陈瑞丰,姐妹们,2,0.001206
chuang2021_085,陈瑞丰,实现不了咱就回家,2,0.001206
chuang2021_085,陈瑞丰,尴尬之王宫灯小姐的微博视频,2,0.001206
chuang2021_085,陈瑞丰,快来康康,2,0.001206
chuang2021_085,陈瑞丰,救命,2,0.001206
chuang2021_085,陈瑞丰,旧疾当愈,2,0.001206
chuang2021_085,陈瑞丰,梦那么大,2,0.001206
chuang2021_085,陈瑞丰,爱上哪儿闯上哪儿闯,2,0.001206
chuang2021_085,陈瑞丰,的微博视频,2,0.001206
chuang2021_085,陈瑞丰,第三期,2,0.001206
chuang2021_085,陈瑞丰,纯享,2,0.001206
chuang2021_085,陈瑞丰,腾讯视频,2,0.001206
chuang2021_085,陈瑞丰,腾讯视频创造营2021,2,0.001206
chuang2021_085,陈瑞丰,被恐怖箱支配的创4学员,2,0.001206
chuang2021_085,陈瑞丰,陈瑞丰全球粉丝后援会,2,0.001206
chuang2021_086,李泰龙,李泰龙,94,0.032093
chuang2021_086,李泰龙,收起,44,0.015022
chuang2021_086,李泰龙,刘聪,40,0.013657
chuang2021_086,李泰龙,李泰龙超话,40,0.013657
chuang2021_086,李泰龙,陈俊洁,38,0.012974
chuang2021_086,李泰龙,屈柏宇,37,0.012632
chuang2021_086,李泰龙,李政庭,37,0.012632
chuang2021_086,李泰龙,郑明鑫,35,0.011949
chuang2021_086,李泰龙,李沛洋,34,0.011608
chuang2021_086,李泰龙,怿涵,33,0.011267
chuang2021_086,李泰龙,林豆,32,0.010925
chuang2021_086,李泰龙,任胤蓬,31,0.010584
chuang2021_086,李泰龙,张嘉元,31,0.010584
chuang2021_086,李泰龙,韦语节,31,0.010584
chuang2021_086,李泰龙,原部凌,30,0.010242
chuang2021_086,李泰龙,李泽坤,30,0.010242
chuang2021_086,李泰龙,林墨,30,0.010242
chuang2021_086,李泰龙,何屹繁,29,0.009901
chuang2021_086,李泰龙,创造营2021超话,29,0.009901
chuang2021_086,李泰龙,肖力桓,29,0.009901
chuang2021_086,李泰龙,门胁慎刚,29,0.009901
chuang2021_086,李泰龙,俞更寅,28,0.00956
chuang2021_086,李泰龙,叶皓然,28,0.00956
chuang2021_086,李泰龙,张腾,28,0.00956
chuang2021_086,李泰龙,刘严冬季,27,0.009218
chuang2021_086,李泰龙,刘宇,27,0.009218
chuang2021_086,李泰龙,贵尚奇,27,0.009218
chuang2021_086,李泰龙,付思超,26,0.008877
chuang2021_086,李泰龙,吴宇恒,26,0.008877
chuang2021_086,李泰龙,周柯宇,26,0.008877
chuang2021_086,李泰龙,陆定昊,26,0.008877
chuang2021_086,李泰龙,曹左,25,0.008535
chuang2021_086,李泰龙,李家豪,25,0.008535
chuang2021_086,李泰龙,甘望星,25,0.008535
chuang2021_086,李泰龙,胡烨韬,25,0.008535
chuang2021_086,李泰龙,诺言,25,0.008535
chuang2021_086,李泰龙,谷柳霖,25,0.008535
chuang2021_086,李泰龙,邵明明,25,0.008535
chuang2021_086,李泰龙,井胧,24,0.008194
chuang2021_086,李泰龙,代少冬,24,0.008194
chuang2021_086,李泰龙,刘唐辉,24,0.008194
chuang2021_086,李泰龙,张璋,24,0.008194
chuang2021_086,李泰龙,荣耀,24,0.008194
chuang2021_086,李泰龙,钱政宇,24,0.008194
chuang2021_086,李泰龙,一之濑飞鸟,23,0.007853
chuang2021_086,李泰龙,伯远,23,0.007853
chuang2021_086,李泰龙,吴海,23,0.007853
chuang2021_086,李泰龙,张欣尧,23,0.007853
chuang2021_086,李泰龙,徐圣兹,23,0.007853
chuang2021_086,李泰龙,李嘉祥,23,0.007853
chuang2021_086,李泰龙,阿克朱力,23,0.007853
chuang2021_086,李泰龙,陈瑞丰,23,0.007853
chuang2021_086,李泰龙,大卫,22,0.007511
chuang2021_086,李泰龙,田口馨也,22,0.007511
chuang2021_086,李泰龙,卢克,21,0.00717
chuang2021_086,李泰龙,王泽浩,21,0.00717
chuang2021_086,李泰龙,喜内优心,20,0.006828
chuang2021_086,李泰龙,安迪,20,0.006828
chuang2021_086,李泰龙,隅田隼平,20,0.006828
chuang2021_086,李泰龙,何圳煜,19,0.006487
chuang2021_086,李泰龙,庆怜,19,0.006487
chuang2021_086,李泰龙,张星特,19,0.006487
chuang2021_086,李泰龙,都筑雄哉,19,0.006487
chuang2021_086,李泰龙,黄鲲,19,0.006487
chuang2021_086,李泰龙,何懿峻,18,0.006145
chuang2021_086,李泰龙,力丸,18,0.006145
chuang2021_086,李泰龙,徐绍岚,18,0.006145
chuang2021_086,李泰龙,林煜修,18,0.006145
chuang2021_086,李泰龙,蒋敦豪,18,0.006145
chuang2021_086,李泰龙,谢兴阳,18,0.006145
chuang2021_086,李泰龙,曾涵江,17,0.005804
chuang2021_086,李泰龙,米卡,17,0.005804
chuang2021_086,李泰龙,罗言,17,0.005804
chuang2021_086,李泰龙,刘彰,16,0.005463
chuang2021_086,李泰龙,奥斯卡,16,0.005463
chuang2021_086,李泰龙,尹浩宇,16,0.005463
chuang2021_086,李泰龙,魏子越,16,0.005463
chuang2021_086,李泰龙,上原一翔,15,0.005121
chuang2021_086,李泰龙,于洋,15,0.005121
chuang2021_086,李泰龙,佐藤永翔,15,0.005121
chuang2021_086,李泰龙,利路修,15,0.005121
chuang2021_086,李泰龙,赞多,15,0.005121
chuang2021_086,李泰龙,韩佩泉,15,0.005121
chuang2021_086,李泰龙,井汲大翔,14,0.00478
chuang2021_086,李泰龙,凌箫,14,0.00478
chuang2021_086,李泰龙,和马,14,0.00478
chuang2021_086,李泰龙,王孝辰,14,0.00478
chuang2021_086,李泰龙,薛八一,14,0.00478
chuang2021_086,李泰龙,赖耀翔,14,0.00478
chuang2021_086,李泰龙,高卿尘,14,0.00478
chuang2021_086,李泰龙,创造营2021李泰龙,13,0.004438
chuang2021_086,李泰龙,李洛尔,13,0.004438
chuang2021_086,李泰龙,范臻尔,13,0.004438
chuang2021_086,李泰龙,羽生田挙武,12,0.004097
chuang2021_086,李泰龙,学员,11,0.003756
chuang2021_086,李泰龙,超级冠军,10,0.003414
chuang2021_086,李泰龙,amber刘逸云,9,0.003073
chuang2021_086,李泰龙,amu羽生田挙武,9,0.003073
chuang2021_086,李泰龙,nene郑乃馨,9,0.003073
chuang2021_086,李泰龙,yuu喜内优心,9,0.003073
chuang2021_086,李泰龙,助教,9,0.003073
chuang2021_086,李泰龙,周深,9,0.003073
chuang2021_086,李泰龙,周震南,9,0.003073
chuang2021_086,李泰龙,宁静,9,0.003073
chuang2021_086,李泰龙,导师,9,0.003073
chuang2021_086,李泰龙,戴学霖,9,0.003073
chuang2021_086,李泰龙,邓超,9,0.003073
chuang2021_086,李泰龙,阿克朱立,9,0.003073
chuang2021_086,李泰龙,海南儋州,8,0.002731
chuang2021_086,李泰龙,2021,7,0.00239
chuang2021_086,李泰龙,6位导师,7,0.00239
chuang2021_086,李泰龙,88,7,0.00239
chuang2021_086,李泰龙,boy,7,0.00239
chuang2021_086,李泰龙,lover,7,0.00239
chuang2021_086,李泰龙,全体学员,7,0.00239
chuang2021_086,李泰龙,发起人都在,7,0.00239
chuang2021_086,李泰龙,审核过短信通知,7,0.00239
chuang2021_086,李泰龙,我欢喜喜欢你,7,0.00239
chuang2021_086,李泰龙,正规名额,7,0.00239
chuang2021_086,李泰龙,赖耀祥,7,0.00239
chuang2021_086,李泰龙,butter,6,0.002048
chuang2021_086,李泰龙,fly,6,0.002048
chuang2021_086,李泰龙,lit,6,0.002048
chuang2021_086,李泰龙,me,6,0.002048
chuang2021_086,李泰龙,radio,6,0.002048
chuang2021_086,李泰龙,ready,6,0.002048
chuang2021_086,李泰龙,you,6,0.002048
chuang2021_086,李泰龙,yummy,6,0.002048
chuang2021_086,李泰龙,作为怪物,6,0.002048
chuang2021_086,李泰龙,女孩,6,0.002048
chuang2021_086,李泰龙,想报的速私,6,0.002048
chuang2021_086,李泰龙,爱我ready,6,0.002048
chuang2021_086,李泰龙,破茧,6,0.002048
chuang2021_086,李泰龙,醉拳,6,0.002048
chuang2021_086,李泰龙,霓虹甜心,6,0.002048
chuang2021_086,李泰龙,15举行红毯秀,5,0.001707
chuang2021_086,李泰龙,cr,5,0.001707
chuang2021_086,李泰龙,logo,5,0.001707
chuang2021_086,李泰龙,tai,5,0.001707
chuang2021_086,李泰龙,上下班,5,0.001707
chuang2021_086,李泰龙,龙龙个人站的微博视频,5,0.001707
chuang2021_086,李泰龙,创4一公分组,4,0.001366
chuang2021_086,李泰龙,创4选手路透,4,0.001366
chuang2021_086,李泰龙,生日快乐,4,0.001366
chuang2021_086,李泰龙,纯甄金句瓶,4,0.001366
chuang2021_086,李泰龙,网页链接,4,0.001366
chuang2021_086,李泰龙,ak刘彰,3,0.001024
chuang2021_086,李泰龙,king,3,0.001024
chuang2021_086,李泰龙,一公分组,3,0.001024
chuang2021_086,李泰龙,创4学员好多面,3,0.001024
chuang2021_086,李泰龙,加油,3,0.001024
chuang2021_086,李泰龙,和马打醉拳,3,0.001024
chuang2021_086,李泰龙,我有,3,0.001024
chuang2021_086,李泰龙,腾讯视频,3,0.001024
chuang2021_086,李泰龙,自行车安利博的微博视频,3,0.001024
chuang2021_086,李泰龙,15举行一个红毯秀,2,0.000683
chuang2021_086,李泰龙,20,2,0.000683
chuang2021_086,李泰龙,20210224,2,0.000683
chuang2021_086,李泰龙,best周柯宇,2,0.000683
chuang2021_086,李泰龙,ecat,2,0.000683
chuang2021_086,李泰龙,qq音乐,2,0.000683
chuang2021_086,李泰龙,r1se,2,0.000683
chuang2021_086,李泰龙,一之濑asuka,2,0.000683
chuang2021_086,李泰龙,不得不说一句好帅,2,0.000683
chuang2021_086,李泰龙,不贵,2,0.000683
chuang2021_086,李泰龙,今天是沸羊羊的生日,2,0.000683
chuang2021_086,李泰龙,今天是运动boy,2,0.000683
chuang2021_086,李泰龙,你也快来为喜欢的学员助力吧,2,0.000683
chuang2021_086,李泰龙,元宵节活动录制取消,2,0.000683
chuang2021_086,李泰龙,全部学员,2,0.000683
chuang2021_086,李泰龙,分享专辑,2,0.000683
chuang2021_086,李泰龙,创二公有正规名额,2,0.000683
chuang2021_086,李泰龙,创造营2021于洋,2,0.000683
chuang2021_086,李泰龙,创造营2021学员,2,0.000683
chuang2021_086,李泰龙,创造营2021学员签名,2,0.000683
chuang2021_086,李泰龙,创造营2021纯甄创造营学员能量榜,2,0.000683
chuang2021_086,李泰龙,创造营x黑人牙膏白酵素助力闪耀闯关,2,0.000683
chuang2021_086,李泰龙,加注能量啦,2,0.000683
chuang2021_086,李泰龙,可可爱爱,2,0.000683
chuang2021_086,李泰龙,可按照学员名字首字母查找哦,2,0.000683
chuang2021_086,李泰龙,吃瓜不信瓜,2,0.000683
chuang2021_086,李泰龙,学员能量榜为,2,0.000683
chuang2021_086,李泰龙,张嘉元摸恐怖盒挑战,2,0.000683
chuang2021_086,李泰龙,快来康康,2,0.000683
chuang2021_086,李泰龙,想换,2,0.000683
chuang2021_086,李泰龙,我向着你,2,0.000683
chuang2021_086,李泰龙,我在纯甄,2,0.000683
chuang2021_086,李泰龙,或者谁能出周柯宇的,2,0.000683
chuang2021_086,李泰龙,打羽毛球了,2,0.000683
chuang2021_086,李泰龙,改为3,2,0.000683
chuang2021_086,李泰龙,新的一个月到啦,2,0.000683
chuang2021_086,李泰龙,晚安,2,0.000683
chuang2021_086,李泰龙,曾涵江cup超话,2,0.000683
chuang2021_086,李泰龙,李泰龙帮兄弟一把,2,0.000683
chuang2021_086,李泰龙,李泰龙救兄弟一命,2,0.000683
chuang2021_086,李泰龙,李洛尔zok,2,0.000683
chuang2021_086,李泰龙,李洛尔李沛洋,2,0.000683
chuang2021_086,李泰龙,永远热爱,2,0.000683
chuang2021_086,李泰龙,没舞担,2,0.000683
chuang2021_086,李泰龙,海星鹅在这里祝四月生日的,2,0.000683
chuang2021_086,李泰龙,牛年大吉,2,0.000683
chuang2021_086,李泰龙,看看孩子吧,2,0.000683
chuang2021_086,李泰龙,祝你们心里永远有梦想,2,0.000683
chuang2021_086,李泰龙,第一轮淘汰名单,2,0.000683
chuang2021_086,李泰龙,第二次公演,2,0.000683
chuang2021_086,李泰龙,羽生田学武,2,0.000683
chuang2021_086,李泰龙,胡高兴2020920的微博视频,2,0.000683
chuang2021_086,李泰龙,能为他争取到专属vlog拍摄机会,2,0.000683
chuang2021_086,李泰龙,自爆台上台下性格大反差,2,0.000683
chuang2021_086,李泰龙,蛋丝义贼,2,0.000683
chuang2021_086,李泰龙,被恐怖箱支配的创4学员,2,0.000683
chuang2021_086,李泰龙,要的来,2,0.000683
chuang2021_086,李泰龙,诚邀,2,0.000683
chuang2021_086,李泰龙,辉仔,2,0.000683
chuang2021_086,李泰龙,迷妹专访,2,0.000683
chuang2021_086,李泰龙,闪耀助,2,0.000683
chuang2021_086,李泰龙,需审核,2,0.000683
chuang2021_086,李泰龙,需要的来,2,0.000683
chuang2021_086,李泰龙,麦乐迪,2,0.000683
chuang2021_086,李泰龙,黑人牙膏白酵素助力创造营一之濑飞鸟闪耀闯关,2,0.000683
chuang2021_086,李泰龙,黑人牙膏白酵素助力创造营上原一翔闪耀闯关,2,0.000683
chuang2021_086,李泰龙,黑人牙膏白酵素助力创造营于洋闪耀闯关,2,0.000683
chuang2021_086,李泰龙,黑人牙膏白酵素助力创造营井汲大翔闪耀闯关,2,0.000683
chuang2021_086,李泰龙,黑人牙膏白酵素助力创造营井胧闪耀闯关,2,0.000683
chuang2021_086,李泰龙,黑人牙膏白酵素助力创造营付思超闪耀闯关,2,0.000683
chuang2021_086,李泰龙,黑人牙膏白酵素助力创造营代少冬闪耀闯关,2,0.000683
chuang2021_086,李泰龙,黑人牙膏白酵素助力创造营任胤蓬闪耀闯关,2,0.000683
chuang2021_086,李泰龙,黑人牙膏白酵素助力创造营伯远闪耀闯关,2,0.000683
chuang2021_086,李泰龙,黑人牙膏白酵素助力创造营佐藤永翔闪耀闯关,2,0.000683
chuang2021_086,李泰龙,黑人牙膏白酵素助力创造营何圳煜闪耀闯关,2,0.000683
chuang2021_086,李泰龙,黑人牙膏白酵素助力创造营何屹繁闪耀闯关,2,0.000683
chuang2021_086,李泰龙,黑人牙膏白酵素助力创造营何懿峻闪耀闯关,2,0.000683
chuang2021_086,李泰龙,黑人牙膏白酵素助力创造营俞更寅闪耀闯关,2,0.000683
chuang2021_086,李泰龙,黑人牙膏白酵素助力创造营凌箫闪耀闯关,2,0.000683
chuang2021_086,李泰龙,黑人牙膏白酵素助力创造营刘严冬季闪耀闯关,2,0.000683
chuang2021_086,李泰龙,黑人牙膏白酵素助力创造营刘唐辉闪耀闯关,2,0.000683
chuang2021_086,李泰龙,黑人牙膏白酵素助力创造营刘宇闪耀闯关,2,0.000683
chuang2021_086,李泰龙,黑人牙膏白酵素助力创造营刘彰闪耀闯关,2,0.000683
chuang2021_086,李泰龙,黑人牙膏白酵素助力创造营刘聪闪耀闯关,2,0.000683
chuang2021_086,李泰龙,黑人牙膏白酵素助力创造营利路修闪耀闯关,2,0.000683
chuang2021_086,李泰龙,黑人牙膏白酵素助力创造营力丸闪耀闯关,2,0.000683
chuang2021_086,李泰龙,黑人牙膏白酵素助力创造营卢克闪耀闯关,2,0.000683
chuang2021_086,李泰龙,黑人牙膏白酵素助力创造营原部凌闪耀闯关,2,0.000683
chuang2021_086,李泰龙,黑人牙膏白酵素助力创造营叶皓然闪耀闯关,2,0.000683
chuang2021_086,李泰龙,黑人牙膏白酵素助力创造营吴宇恒闪耀闯关,2,0.000683
chuang2021_086,李泰龙,黑人牙膏白酵素助力创造营吴海闪耀闯关,2,0.000683
chuang2021_086,李泰龙,黑人牙膏白酵素助力创造营周柯宇闪耀闯关,2,0.000683
chuang2021_086,李泰龙,黑人牙膏白酵素助力创造营和马闪耀闯关,2,0.000683
chuang2021_086,李泰龙,黑人牙膏白酵素助力创造营喜内优心闪耀闯关,2,0.000683
chuang2021_086,李泰龙,黑人牙膏白酵素助力创造营大卫闪耀闯关,2,0.000683
chuang2021_086,李泰龙,黑人牙膏白酵素助力创造营奥斯卡闪耀闯关,2,0.000683
chuang2021_086,李泰龙,黑人牙膏白酵素助力创造营安迪闪耀闯关,2,0.000683
chuang2021_086,李泰龙,黑人牙膏白酵素助力创造营尹浩宇闪耀闯关,2,0.000683
chuang2021_086,李泰龙,黑人牙膏白酵素助力创造营屈柏宇闪耀闯关,2,0.000683
chuang2021_086,李泰龙,黑人牙膏白酵素助力创造营庆怜闪耀闯关,2,0.000683
chuang2021_086,李泰龙,黑人牙膏白酵素助力创造营张嘉元闪耀闯关,2,0.000683
chuang2021_086,李泰龙,黑人牙膏白酵素助力创造营张星特闪耀闯关,2,0.000683
chuang2021_086,李泰龙,黑人牙膏白酵素助力创造营张欣尧闪耀闯关,2,0.000683
chuang2021_086,李泰龙,黑人牙膏白酵素助力创造营张璋闪耀闯关,2,0.000683
chuang2021_086,李泰龙,黑人牙膏白酵素助力创造营张腾闪耀闯关,2,0.000683
chuang2021_086,李泰龙,黑人牙膏白酵素助力创造营徐圣兹闪耀闯关,2,0.000683
chuang2021_086,李泰龙,黑人牙膏白酵素助力创造营徐绍岚闪耀闯关,2,0.000683
chuang2021_086,李泰龙,黑人牙膏白酵素助力创造营怿涵闪耀闯关,2,0.000683
chuang2021_086,李泰龙,黑人牙膏白酵素助力创造营曹左闪耀闯关,2,0.000683
chuang2021_086,李泰龙,黑人牙膏白酵素助力创造营曾涵江闪耀闯关,2,0.000683
chuang2021_086,李泰龙,黑人牙膏白酵素助力创造营李嘉祥闪耀闯关,2,0.000683
chuang2021_086,李泰龙,黑人牙膏白酵素助力创造营李家豪闪耀闯关,2,0.000683
chuang2021_086,李泰龙,黑人牙膏白酵素助力创造营李政庭闪耀闯关,2,0.000683
chuang2021_086,李泰龙,黑人牙膏白酵素助力创造营李沛洋闪耀闯关,2,0.000683
chuang2021_086,李泰龙,黑人牙膏白酵素助力创造营李泰龙闪耀闯关,2,0.000683
chuang2021_086,李泰龙,黑人牙膏白酵素助力创造营李泽坤闪耀闯关,2,0.000683
chuang2021_086,李泰龙,黑人牙膏白酵素助力创造营李洛尔闪耀闯关,2,0.000683
chuang2021_086,李泰龙,黑人牙膏白酵素助力创造营林墨闪耀闯关,2,0.000683
chuang2021_086,李泰龙,黑人牙膏白酵素助力创造营林煜修闪耀闯关,2,0.000683
chuang2021_086,李泰龙,黑人牙膏白酵素助力创造营林豆闪耀闯关,2,0.000683
chuang2021_086,李泰龙,黑人牙膏白酵素助力创造营王孝辰闪耀闯关,2,0.000683
chuang2021_086,李泰龙,黑人牙膏白酵素助力创造营王泽浩闪耀闯关,2,0.000683
chuang2021_086,李泰龙,黑人牙膏白酵素助力创造营甘望星闪耀闯关,2,0.000683
chuang2021_086,李泰龙,黑人牙膏白酵素助力创造营田口馨也闪耀闯关,2,0.000683
chuang2021_086,李泰龙,黑人牙膏白酵素助力创造营米卡闪耀闯关,2,0.000683
chuang2021_086,李泰龙,黑人牙膏白酵素助力创造营罗言闪耀闯关,2,0.000683
chuang2021_086,李泰龙,黑人牙膏白酵素助力创造营羽生田挙武闪耀闯关,2,0.000683
chuang2021_086,李泰龙,黑人牙膏白酵素助力创造营肖力桓闪耀闯关,2,0.000683
chuang2021_086,李泰龙,黑人牙膏白酵素助力创造营胡烨韬闪耀闯关,2,0.000683
chuang2021_086,李泰龙,黑人牙膏白酵素助力创造营范臻尔闪耀闯关,2,0.000683
chuang2021_086,李泰龙,黑人牙膏白酵素助力创造营荣耀闪耀闯关,2,0.000683
chuang2021_086,李泰龙,黑人牙膏白酵素助力创造营蒋敦豪闪耀闯关,2,0.000683
chuang2021_086,李泰龙,黑人牙膏白酵素助力创造营薛八一闪耀闯关,2,0.000683
chuang2021_086,李泰龙,黑人牙膏白酵素助力创造营诺言闪耀闯关,2,0.000683
chuang2021_086,李泰龙,黑人牙膏白酵素助力创造营谢兴阳闪耀闯关,2,0.000683
chuang2021_086,李泰龙,黑人牙膏白酵素助力创造营谷柳霖闪耀闯关,2,0.000683
chuang2021_086,李泰龙,黑人牙膏白酵素助力创造营贵尚奇闪耀闯关,2,0.000683
chuang2021_086,李泰龙,黑人牙膏白酵素助力创造营赖耀翔闪耀闯关,2,0.000683
chuang2021_086,李泰龙,黑人牙膏白酵素助力创造营赞多闪耀闯关,2,0.000683
chuang2021_086,李泰龙,黑人牙膏白酵素助力创造营邵明明闪耀闯关,2,0.000683
chuang2021_086,李泰龙,黑人牙膏白酵素助力创造营郑明鑫闪耀闯关,2,0.000683
chuang2021_086,李泰龙,黑人牙膏白酵素助力创造营都筑雄哉闪耀闯关,2,0.000683
chuang2021_086,李泰龙,黑人牙膏白酵素助力创造营钱政宇闪耀闯关,2,0.000683
chuang2021_086,李泰龙,黑人牙膏白酵素助力创造营门胁慎刚闪耀闯关,2,0.000683
chuang2021_086,李泰龙,黑人牙膏白酵素助力创造营阿克朱力闪耀闯关,2,0.000683
chuang2021_086,李泰龙,黑人牙膏白酵素助力创造营陆定昊闪耀闯关,2,0.000683
chuang2021_086,李泰龙,黑人牙膏白酵素助力创造营陈俊洁闪耀闯关,2,0.000683
chuang2021_086,李泰龙,黑人牙膏白酵素助力创造营陈瑞丰闪耀闯关,2,0.000683
chuang2021_086,李泰龙,黑人牙膏白酵素助力创造营隅田隼平闪耀闯关,2,0.000683
chuang2021_086,李泰龙,黑人牙膏白酵素助力创造营韦语节闪耀闯关,2,0.000683
chuang2021_086,李泰龙,黑人牙膏白酵素助力创造营韩佩泉闪耀闯关,2,0.000683
chuang2021_086,李泰龙,黑人牙膏白酵素助力创造营高卿尘闪耀闯关,2,0.000683
chuang2021_086,李泰龙,黑人牙膏白酵素助力创造营魏子越闪耀闯关,2,0.000683
chuang2021_086,李泰龙,黑人牙膏白酵素助力创造营黄鲲闪耀闯关,2,0.000683
chuang2021_086,李泰龙,黑老师已将每位学员话题整理好,2,0.000683
chuang2021_087,隅田隼平,隅田隼平,93,0.057301
chuang2021_087,隅田隼平,收起,31,0.0191
chuang2021_087,隅田隼平,田口馨也,30,0.018484
chuang2021_087,隅田隼平,井汲大翔,27,0.016636
chuang2021_087,隅田隼平,隅田隼平超话,26,0.01602
chuang2021_087,隅田隼平,叶皓然,21,0.012939
chuang2021_087,隅田隼平,徐圣兹,20,0.012323
chuang2021_087,隅田隼平,上原一翔,19,0.011707
chuang2021_087,隅田隼平,佐藤永翔,19,0.011707
chuang2021_087,隅田隼平,羽生田挙武,19,0.011707
chuang2021_087,隅田隼平,门胁慎刚,17,0.010474
chuang2021_087,隅田隼平,霓虹甜心,15,0.009242
chuang2021_087,隅田隼平,创造营2021超话,13,0.00801
chuang2021_087,隅田隼平,喜内优心,13,0.00801
chuang2021_087,隅田隼平,刘宇,12,0.007394
chuang2021_087,隅田隼平,创造营2021隅田隼平,12,0.007394
chuang2021_087,隅田隼平,利路修,12,0.007394
chuang2021_087,隅田隼平,原部凌,12,0.007394
chuang2021_087,隅田隼平,张璋,12,0.007394
chuang2021_087,隅田隼平,曹左,12,0.007394
chuang2021_087,隅田隼平,陈瑞丰,12,0.007394
chuang2021_087,隅田隼平,2021,11,0.006778
chuang2021_087,隅田隼平,于洋,11,0.006778
chuang2021_087,隅田隼平,井胧,11,0.006778
chuang2021_087,隅田隼平,代少冬,11,0.006778
chuang2021_087,隅田隼平,伯远,11,0.006778
chuang2021_087,隅田隼平,何圳煜,11,0.006778
chuang2021_087,隅田隼平,俞更寅,11,0.006778
chuang2021_087,隅田隼平,卢克,11,0.006778
chuang2021_087,隅田隼平,吴宇恒,11,0.006778
chuang2021_087,隅田隼平,吴海,11,0.006778
chuang2021_087,隅田隼平,大卫,11,0.006778
chuang2021_087,隅田隼平,奥斯卡,11,0.006778
chuang2021_087,隅田隼平,安迪,11,0.006778
chuang2021_087,隅田隼平,尹浩宇,11,0.006778
chuang2021_087,隅田隼平,屈柏宇,11,0.006778
chuang2021_087,隅田隼平,庆怜,11,0.006778
chuang2021_087,隅田隼平,张星特,11,0.006778
chuang2021_087,隅田隼平,张欣尧,11,0.006778
chuang2021_087,隅田隼平,李泽坤,11,0.006778
chuang2021_087,隅田隼平,林墨,11,0.006778
chuang2021_087,隅田隼平,林豆,11,0.006778
chuang2021_087,隅田隼平,王孝辰,11,0.006778
chuang2021_087,隅田隼平,甘望星,11,0.006778
chuang2021_087,隅田隼平,胡烨韬,11,0.006778
chuang2021_087,隅田隼平,蒋敦豪,11,0.006778
chuang2021_087,隅田隼平,薛八一,11,0.006778
chuang2021_087,隅田隼平,谷柳霖,11,0.006778
chuang2021_087,隅田隼平,赖耀翔,11,0.006778
chuang2021_087,隅田隼平,都筑雄哉,11,0.006778
chuang2021_087,隅田隼平,高卿尘,11,0.006778
chuang2021_087,隅田隼平,付思超,10,0.006161
chuang2021_087,隅田隼平,任胤蓬,10,0.006161
chuang2021_087,隅田隼平,何屹繁,10,0.006161
chuang2021_087,隅田隼平,何懿峻,10,0.006161
chuang2021_087,隅田隼平,凌箫,10,0.006161
chuang2021_087,隅田隼平,刘严冬季,10,0.006161
chuang2021_087,隅田隼平,刘彰,10,0.006161
chuang2021_087,隅田隼平,刘聪,10,0.006161
chuang2021_087,隅田隼平,张嘉元,10,0.006161
chuang2021_087,隅田隼平,张腾,10,0.006161
chuang2021_087,隅田隼平,徐绍岚,10,0.006161
chuang2021_087,隅田隼平,怿涵,10,0.006161
chuang2021_087,隅田隼平,曾涵江,10,0.006161
chuang2021_087,隅田隼平,李嘉祥,10,0.006161
chuang2021_087,隅田隼平,李政庭,10,0.006161
chuang2021_087,隅田隼平,李泰龙,10,0.006161
chuang2021_087,隅田隼平,林煜修,10,0.006161
chuang2021_087,隅田隼平,王泽浩,10,0.006161
chuang2021_087,隅田隼平,米卡,10,0.006161
chuang2021_087,隅田隼平,罗言,10,0.006161
chuang2021_087,隅田隼平,范臻尔,10,0.006161
chuang2021_087,隅田隼平,荣耀,10,0.006161
chuang2021_087,隅田隼平,诺言,10,0.006161
chuang2021_087,隅田隼平,谢兴阳,10,0.006161
chuang2021_087,隅田隼平,贵尚奇,10,0.006161
chuang2021_087,隅田隼平,赞多,10,0.006161
chuang2021_087,隅田隼平,郑明鑫,10,0.006161
chuang2021_087,隅田隼平,钱政宇,10,0.006161
chuang2021_087,隅田隼平,陆定昊,10,0.006161
chuang2021_087,隅田隼平,陈俊洁,10,0.006161
chuang2021_087,隅田隼平,韦语节,10,0.006161
chuang2021_087,隅田隼平,韩佩泉,10,0.006161
chuang2021_087,隅田隼平,魏子越,10,0.006161
chuang2021_087,隅田隼平,黄鲲,10,0.006161
chuang2021_087,隅田隼平,一之濑飞鸟,9,0.005545
chuang2021_087,隅田隼平,刘唐辉,9,0.005545
chuang2021_087,隅田隼平,力丸,9,0.005545
chuang2021_087,隅田隼平,周柯宇,9,0.005545
chuang2021_087,隅田隼平,李家豪,9,0.005545
chuang2021_087,隅田隼平,李沛洋,9,0.005545
chuang2021_087,隅田隼平,李洛尔,9,0.005545
chuang2021_087,隅田隼平,肖力桓,9,0.005545
chuang2021_087,隅田隼平,邵明明,9,0.005545
chuang2021_087,隅田隼平,阿克朱力,9,0.005545
chuang2021_087,隅田隼平,you,8,0.004929
chuang2021_087,隅田隼平,一起为他助力戳,8,0.004929
chuang2021_087,隅田隼平,不忘初心,8,0.004929
chuang2021_087,隅田隼平,你一定能拿下,8,0.004929
chuang2021_087,隅田隼平,创造营2021榜,8,0.004929
chuang2021_087,隅田隼平,创造营2021榜好成绩,8,0.004929
chuang2021_087,隅田隼平,和马,8,0.004929
chuang2021_087,隅田隼平,方得始终,8,0.004929
chuang2021_087,隅田隼平,明星势力榜,8,0.004929
chuang2021_087,隅田隼平,88,7,0.004313
chuang2021_087,隅田隼平,boy,7,0.004313
chuang2021_087,隅田隼平,lover,7,0.004313
chuang2021_087,隅田隼平,一公练习室趣味接力版新鲜出炉,7,0.004313
chuang2021_087,隅田隼平,复古迪斯科风太强烈了,7,0.004313
chuang2021_087,隅田隼平,弟弟们带来的,7,0.004313
chuang2021_087,隅田隼平,忍不住想要跟他们一起蹦,7,0.004313
chuang2021_087,隅田隼平,我欢喜喜欢你,7,0.004313
chuang2021_087,隅田隼平,新浪综艺的微博视频,7,0.004313
chuang2021_087,隅田隼平,butter,6,0.003697
chuang2021_087,隅田隼平,fly,6,0.003697
chuang2021_087,隅田隼平,hip,6,0.003697
chuang2021_087,隅田隼平,lit,6,0.003697
chuang2021_087,隅田隼平,me,6,0.003697
chuang2021_087,隅田隼平,radio,6,0.003697
chuang2021_087,隅田隼平,ready,6,0.003697
chuang2021_087,隅田隼平,yummy,6,0.003697
chuang2021_087,隅田隼平,作为怪物,6,0.003697
chuang2021_087,隅田隼平,女孩,6,0.003697
chuang2021_087,隅田隼平,爱我ready,6,0.003697
chuang2021_087,隅田隼平,破茧,6,0.003697
chuang2021_087,隅田隼平,超级冠军,6,0.003697
chuang2021_087,隅田隼平,醉拳,6,0.003697
chuang2021_087,隅田隼平,by,5,0.003081
chuang2021_087,隅田隼平,创4一公练习室接力版,5,0.003081
chuang2021_087,隅田隼平,创造营采访ep2,5,0.003081
chuang2021_087,隅田隼平,物料分享,5,0.003081
chuang2021_087,隅田隼平,纯享,5,0.003081
chuang2021_087,隅田隼平,网页链接,5,0.003081
chuang2021_087,隅田隼平,腾讯视频wetv的微博视频,5,0.003081
chuang2021_087,隅田隼平,自行车安利博的微博视频,5,0.003081
chuang2021_087,隅田隼平,霓虹甜心练习室接力版,5,0.003081
chuang2021_087,隅田隼平,创4一公分组,4,0.002465
chuang2021_087,隅田隼平,创造营2021早安唤醒,4,0.002465
chuang2021_087,隅田隼平,加注能量啦,4,0.002465
chuang2021_087,隅田隼平,快和海鹅一起来听听他们pick的导师舞台和最喜欢的中国食物是什么吧,4,0.002465
chuang2021_087,隅田隼平,我在纯甄,4,0.002465
chuang2021_087,隅田隼平,海鹅和她的朋友们,4,0.002465
chuang2021_087,隅田隼平,预告来啦,4,0.002465
chuang2021_087,隅田隼平,00,3,0.001848
chuang2021_087,隅田隼平,rbw,3,0.001848
chuang2021_087,隅田隼平,一公分组,3,0.001848
chuang2021_087,隅田隼平,创4排名,3,0.001848
chuang2021_087,隅田隼平,创造营2021晚安哄睡,3,0.001848
chuang2021_087,隅田隼平,学员能量榜为你,3,0.001848
chuang2021_087,隅田隼平,完整版已在wetv上线,3,0.001848
chuang2021_087,隅田隼平,想让更多人看到如此优秀的你,3,0.001848
chuang2021_087,隅田隼平,我们一起闯,3,0.001848
chuang2021_087,隅田隼平,早上好,3,0.001848
chuang2021_087,隅田隼平,每天都在努力练习的keiya和元气可爱的吉祥弟弟,3,0.001848
chuang2021_087,隅田隼平,海岛中文学霸隅田隼平,3,0.001848
chuang2021_087,隅田隼平,腾讯视频,3,0.001848
chuang2021_087,隅田隼平,请你来看,3,0.001848
chuang2021_087,隅田隼平,这期我们请到的是,3,0.001848
chuang2021_087,隅田隼平,门胁慎刚超话,3,0.001848
chuang2021_087,隅田隼平,are,2,0.001232
chuang2021_087,隅田隼平,janpanese,2,0.001232
chuang2021_087,隅田隼平,rbwjapan,2,0.001232
chuang2021_087,隅田隼平,ver,2,0.001232
chuang2021_087,隅田隼平,we,2,0.001232
chuang2021_087,隅田隼平,世界那么大,2,0.001232
chuang2021_087,隅田隼平,中国,2,0.001232
chuang2021_087,隅田隼平,主题曲盲盒挑战,2,0.001232
chuang2021_087,隅田隼平,井汲大翔超话,2,0.001232
chuang2021_087,隅田隼平,今天一天辛苦啦,2,0.001232
chuang2021_087,隅田隼平,今天也要一起加油呀,2,0.001232
chuang2021_087,隅田隼平,今日,2,0.001232
chuang2021_087,隅田隼平,今日值班学员,2,0.001232
chuang2021_087,隅田隼平,健身,2,0.001232
chuang2021_087,隅田隼平,创4春日少年初见回忆录,2,0.001232
chuang2021_087,隅田隼平,创4闯人舞台请让道,2,0.001232
chuang2021_087,隅田隼平,助你获得惊喜vlog拍摄机会,2,0.001232
chuang2021_087,隅田隼平,后期,2,0.001232
chuang2021_087,隅田隼平,回到日本最想带其他学员去的地方,2,0.001232
chuang2021_087,隅田隼平,图源,2,0.001232
chuang2021_087,隅田隼平,宿舍里发生的有趣故事,2,0.001232
chuang2021_087,隅田隼平,带来的,2,0.001232
chuang2021_087,隅田隼平,快乐的人有华夫饼,2,0.001232
chuang2021_087,隅田隼平,快来康康,2,0.001232
chuang2021_087,隅田隼平,我住在这里的理由,2,0.001232
chuang2021_087,隅田隼平,早点休息,2,0.001232
chuang2021_087,隅田隼平,明天会比今天更好的,2,0.001232
chuang2021_087,隅田隼平,相信,2,0.001232
chuang2021_087,隅田隼平,羅甘羅甘甘,2,0.001232
chuang2021_087,隅田隼平,腾讯视频创造营2021,2,0.001232
chuang2021_087,隅田隼平,腾讯视频创造营2021的微博视频,2,0.001232
chuang2021_087,隅田隼平,说的,2,0.001232
chuang2021_087,隅田隼平,这是免费也能看的健身房小哥哥,2,0.001232
chuang2021_087,隅田隼平,采访正片上线啦,2,0.001232
chuang2021_087,隅田隼平,闯人花式挑战主题曲,2,0.001232
chuang2021_087,隅田隼平,隅田隼平中文首站的微博视频,2,0.001232
chuang2021_087,隅田隼平,頑張,2,0.001232
chuang2021_087,隅田隼平,黑人牙膏白酵素助力创造营隅田隼平闪耀闯关,2,0.001232
chuang2021_088,徐圣兹,徐圣兹,115,0.066206
chuang2021_088,徐圣兹,徐圣兹超话,65,0.037421
chuang2021_088,徐圣兹,创造营2021徐圣兹,60,0.034542
chuang2021_088,徐圣兹,周柯宇,28,0.01612
chuang2021_088,徐圣兹,收起,27,0.015544
chuang2021_088,徐圣兹,钱政宇,26,0.014968
chuang2021_088,徐圣兹,何懿峻,24,0.013817
chuang2021_088,徐圣兹,刘宇,20,0.011514
chuang2021_088,徐圣兹,甘望星,20,0.011514
chuang2021_088,徐圣兹,吴宇恒,19,0.010938
chuang2021_088,徐圣兹,林墨,19,0.010938
chuang2021_088,徐圣兹,力丸,18,0.010363
chuang2021_088,徐圣兹,米卡,18,0.010363
chuang2021_088,徐圣兹,赞多,18,0.010363
chuang2021_088,徐圣兹,我的idol在哪里,17,0.009787
chuang2021_088,徐圣兹,图集,16,0.009211
chuang2021_088,徐圣兹,庆怜,16,0.009211
chuang2021_088,徐圣兹,利路修,15,0.008636
chuang2021_088,徐圣兹,叶皓然,15,0.008636
chuang2021_088,徐圣兹,羽生田挙武,15,0.008636
chuang2021_088,徐圣兹,佐藤永翔,14,0.00806
chuang2021_088,徐圣兹,创造营2021超话,14,0.00806
chuang2021_088,徐圣兹,陈俊洁,14,0.00806
chuang2021_088,徐圣兹,刘聪,13,0.007484
chuang2021_088,徐圣兹,张欣尧,13,0.007484
chuang2021_088,徐圣兹,上原一翔,12,0.006908
chuang2021_088,徐圣兹,伯远,12,0.006908
chuang2021_088,徐圣兹,尹浩宇,12,0.006908
chuang2021_088,徐圣兹,怿涵,12,0.006908
chuang2021_088,徐圣兹,李沛洋,12,0.006908
chuang2021_088,徐圣兹,谢兴阳,12,0.006908
chuang2021_088,徐圣兹,郑明鑫,12,0.006908
chuang2021_088,徐圣兹,隅田隼平,12,0.006908
chuang2021_088,徐圣兹,霓虹甜心,12,0.006908
chuang2021_088,徐圣兹,高卿尘,12,0.006908
chuang2021_088,徐圣兹,井汲大翔,11,0.006333
chuang2021_088,徐圣兹,井胧,11,0.006333
chuang2021_088,徐圣兹,付思超,11,0.006333
chuang2021_088,徐圣兹,任胤蓬,11,0.006333
chuang2021_088,徐圣兹,何圳煜,11,0.006333
chuang2021_088,徐圣兹,俞更寅,11,0.006333
chuang2021_088,徐圣兹,原部凌,11,0.006333
chuang2021_088,徐圣兹,吴海,11,0.006333
chuang2021_088,徐圣兹,和马,11,0.006333
chuang2021_088,徐圣兹,奥斯卡,11,0.006333
chuang2021_088,徐圣兹,屈柏宇,11,0.006333
chuang2021_088,徐圣兹,张嘉元,11,0.006333
chuang2021_088,徐圣兹,张星特,11,0.006333
chuang2021_088,徐圣兹,曹左,11,0.006333
chuang2021_088,徐圣兹,李泰龙,11,0.006333
chuang2021_088,徐圣兹,王孝辰,11,0.006333
chuang2021_088,徐圣兹,胡烨韬,11,0.006333
chuang2021_088,徐圣兹,蒋敦豪,11,0.006333
chuang2021_088,徐圣兹,薛八一,11,0.006333
chuang2021_088,徐圣兹,韩佩泉,11,0.006333
chuang2021_088,徐圣兹,魏子越,11,0.006333
chuang2021_088,徐圣兹,于洋,10,0.005757
chuang2021_088,徐圣兹,何屹繁,10,0.005757
chuang2021_088,徐圣兹,刘彰,10,0.005757
chuang2021_088,徐圣兹,张璋,10,0.005757
chuang2021_088,徐圣兹,张腾,10,0.005757
chuang2021_088,徐圣兹,李嘉祥,10,0.005757
chuang2021_088,徐圣兹,李政庭,10,0.005757
chuang2021_088,徐圣兹,李泽坤,10,0.005757
chuang2021_088,徐圣兹,李洛尔,10,0.005757
chuang2021_088,徐圣兹,林豆,10,0.005757
chuang2021_088,徐圣兹,王泽浩,10,0.005757
chuang2021_088,徐圣兹,罗言,10,0.005757
chuang2021_088,徐圣兹,荣耀,10,0.005757
chuang2021_088,徐圣兹,谷柳霖,10,0.005757
chuang2021_088,徐圣兹,贵尚奇,10,0.005757
chuang2021_088,徐圣兹,赖耀翔,10,0.005757
chuang2021_088,徐圣兹,邵明明,10,0.005757
chuang2021_088,徐圣兹,陆定昊,10,0.005757
chuang2021_088,徐圣兹,陈瑞丰,10,0.005757
chuang2021_088,徐圣兹,韦语节,10,0.005757
chuang2021_088,徐圣兹,黄鲲,10,0.005757
chuang2021_088,徐圣兹,2021,9,0.005181
chuang2021_088,徐圣兹,代少冬,9,0.005181
chuang2021_088,徐圣兹,刘唐辉,9,0.005181
chuang2021_088,徐圣兹,喜内优心,9,0.005181
chuang2021_088,徐圣兹,大卫,9,0.005181
chuang2021_088,徐圣兹,李家豪,9,0.005181
chuang2021_088,徐圣兹,林煜修,9,0.005181
chuang2021_088,徐圣兹,田口馨也,9,0.005181
chuang2021_088,徐圣兹,诺言,9,0.005181
chuang2021_088,徐圣兹,门胁慎刚,9,0.005181
chuang2021_088,徐圣兹,ak刘彰,8,0.004606
chuang2021_088,徐圣兹,boy,8,0.004606
chuang2021_088,徐圣兹,凌箫,8,0.004606
chuang2021_088,徐圣兹,刘严冬季,8,0.004606
chuang2021_088,徐圣兹,创造营2021学员,8,0.004606
chuang2021_088,徐圣兹,卢克,8,0.004606
chuang2021_088,徐圣兹,安迪,8,0.004606
chuang2021_088,徐圣兹,徐绍岚,8,0.004606
chuang2021_088,徐圣兹,曾涵江,8,0.004606
chuang2021_088,徐圣兹,范臻尔,8,0.004606
chuang2021_088,徐圣兹,都筑雄哉,8,0.004606
chuang2021_088,徐圣兹,阿克朱力,8,0.004606
chuang2021_088,徐圣兹,一之濑飞鸟,7,0.00403
chuang2021_088,徐圣兹,女孩,7,0.00403
chuang2021_088,徐圣兹,我欢喜喜欢你,7,0.00403
chuang2021_088,徐圣兹,爱我ready,7,0.00403
chuang2021_088,徐圣兹,羽生田拳武,7,0.00403
chuang2021_088,徐圣兹,肖力桓,7,0.00403
chuang2021_088,徐圣兹,88,6,0.003454
chuang2021_088,徐圣兹,butter,6,0.003454
chuang2021_088,徐圣兹,fly,6,0.003454
chuang2021_088,徐圣兹,lit,6,0.003454
chuang2021_088,徐圣兹,lover,6,0.003454
chuang2021_088,徐圣兹,me,6,0.003454
chuang2021_088,徐圣兹,radio,6,0.003454
chuang2021_088,徐圣兹,ready,6,0.003454
chuang2021_088,徐圣兹,you,6,0.003454
chuang2021_088,徐圣兹,yummy,6,0.003454
chuang2021_088,徐圣兹,作为怪物,6,0.003454
chuang2021_088,徐圣兹,破茧,6,0.003454
chuang2021_088,徐圣兹,签名照,6,0.003454
chuang2021_088,徐圣兹,超级冠军,6,0.003454
chuang2021_088,徐圣兹,醉拳,6,0.003454
chuang2021_088,徐圣兹,一起为他助力戳,5,0.002879
chuang2021_088,徐圣兹,不忘初心,5,0.002879
chuang2021_088,徐圣兹,你一定能拿下,5,0.002879
chuang2021_088,徐圣兹,创造营2021榜,5,0.002879
chuang2021_088,徐圣兹,创造营2021榜好成绩,5,0.002879
chuang2021_088,徐圣兹,徐圣兹数据站,5,0.002879
chuang2021_088,徐圣兹,方得始终,5,0.002879
chuang2021_088,徐圣兹,明星势力榜,5,0.002879
chuang2021_088,徐圣兹,logo,4,0.002303
chuang2021_088,徐圣兹,创4一公分组,4,0.002303
chuang2021_088,徐圣兹,嘉行新悦的微博视频,4,0.002303
chuang2021_088,徐圣兹,微博正文,4,0.002303
chuang2021_088,徐圣兹,网页链接,4,0.002303
chuang2021_088,徐圣兹,蓝的微博视频,4,0.002303
chuang2021_088,徐圣兹,a嘉新生超话,3,0.001727
chuang2021_088,徐圣兹,my,3,0.001727
chuang2021_088,徐圣兹,一公分组,3,0.001727
chuang2021_088,徐圣兹,什么是快乐星球,3,0.001727
chuang2021_088,徐圣兹,回复,3,0.001727
chuang2021_088,徐圣兹,学员,3,0.001727
chuang2021_088,徐圣兹,票务超话,3,0.001727
chuang2021_088,徐圣兹,纯享,3,0.001727
chuang2021_088,徐圣兹,自行车安利博的微博视频,3,0.001727
chuang2021_088,徐圣兹,cr,2,0.001151
chuang2021_088,徐圣兹,cut,2,0.001151
chuang2021_088,徐圣兹,do,2,0.001151
chuang2021_088,徐圣兹,except,2,0.001151
chuang2021_088,徐圣兹,georgexu,2,0.001151
chuang2021_088,徐圣兹,is,2,0.001151
chuang2021_088,徐圣兹,not,2,0.001151
chuang2021_088,徐圣兹,or,2,0.001151
chuang2021_088,徐圣兹,player,2,0.001151
chuang2021_088,徐圣兹,please,2,0.001151
chuang2021_088,徐圣兹,reedit,2,0.001151
chuang2021_088,徐圣兹,the,2,0.001151
chuang2021_088,徐圣兹,一公练习室趣味接力版新鲜出炉,2,0.001151
chuang2021_088,徐圣兹,上下班,2,0.001151
chuang2021_088,徐圣兹,上集,2,0.001151
chuang2021_088,徐圣兹,下集,2,0.001151
chuang2021_088,徐圣兹,主题曲二创学员们颠覆改编,2,0.001151
chuang2021_088,徐圣兹,主题曲盲盒挑战,2,0.001151
chuang2021_088,徐圣兹,主题曲舞台中心位诞生,2,0.001151
chuang2021_088,徐圣兹,今天不高冷是个搞笑鹅,2,0.001151
chuang2021_088,徐圣兹,今日值班学员,2,0.001151
chuang2021_088,徐圣兹,你该起床啦,2,0.001151
chuang2021_088,徐圣兹,催你赶紧去休息啦,2,0.001151
chuang2021_088,徐圣兹,创4学员好多面,2,0.001151
chuang2021_088,徐圣兹,创4排名,2,0.001151
chuang2021_088,徐圣兹,创4选手路透,2,0.001151
chuang2021_088,徐圣兹,创造营2021早安唤醒,2,0.001151
chuang2021_088,徐圣兹,创造营2021晚安哄睡,2,0.001151
chuang2021_088,徐圣兹,加油,2,0.001151
chuang2021_088,徐圣兹,叮铃铃叮铃铃,2,0.001151
chuang2021_088,徐圣兹,吃饭睡觉刷牙洗脸都有一群海星鹅盯着是一种什么体验,2,0.001151
chuang2021_088,徐圣兹,向全世界说一声早安吧,2,0.001151
chuang2021_088,徐圣兹,和兄弟们在一起,2,0.001151
chuang2021_088,徐圣兹,哈哈哈哈哈哈,2,0.001151
chuang2021_088,徐圣兹,在创造营2021的舞台上一步一步正在慢慢地实现,2,0.001151
chuang2021_088,徐圣兹,复古迪斯科风太强烈了,2,0.001151
chuang2021_088,徐圣兹,希望有一天能够听到全世界的赞美,2,0.001151
chuang2021_088,徐圣兹,干啥啥都行,2,0.001151
chuang2021_088,徐圣兹,庆怜签名照,2,0.001151
chuang2021_088,徐圣兹,开播吧秀人,2,0.001151
chuang2021_088,徐圣兹,弟弟们带来的,2,0.001151
chuang2021_088,徐圣兹,忍不住想要跟他们一起蹦,2,0.001151
chuang2021_088,徐圣兹,快来康康,2,0.001151
chuang2021_088,徐圣兹,手绘折扇,2,0.001151
chuang2021_088,徐圣兹,把主题曲唱给你听,2,0.001151
chuang2021_088,徐圣兹,挺好的,2,0.001151
chuang2021_088,徐圣兹,新浪综艺的微博视频,2,0.001151
chuang2021_088,徐圣兹,未来的日子一起闯吧,2,0.001151
chuang2021_088,徐圣兹,深呼吸,2,0.001151
chuang2021_088,徐圣兹,现在这个梦,2,0.001151
chuang2021_088,徐圣兹,的主题曲二创,2,0.001151
chuang2021_088,徐圣兹,看创4记得撑腰么么哒,2,0.001151
chuang2021_088,徐圣兹,睡觉也要第一名哦,2,0.001151
chuang2021_088,徐圣兹,第4期上,2,0.001151
chuang2021_088,徐圣兹,第4期下,2,0.001151
chuang2021_088,徐圣兹,腾讯视频,2,0.001151
chuang2021_088,徐圣兹,腾讯视频创造营2021的微博视频,2,0.001151
chuang2021_088,徐圣兹,补档,2,0.001151
chuang2021_088,徐圣兹,这是我梦里到过的地方,2,0.001151
chuang2021_088,徐圣兹,这次舞台很有趣鹅鹅鹅,2,0.001151
chuang2021_088,徐圣兹,速戳链接查看,2,0.001151
chuang2021_088,徐圣兹,闯人花式挑战主题曲,2,0.001151
chuang2021_088,徐圣兹,预售,2,0.001151
chuang2021_088,徐圣兹,鹅们一起闯,2,0.001151
chuang2021_089,王泽浩,王泽浩,83,0.038462
chuang2021_089,王泽浩,收起,39,0.018072
chuang2021_089,王泽浩,王泽浩超话,29,0.013438
chuang2021_089,王泽浩,刘严冬季,24,0.011121
chuang2021_089,王泽浩,刘聪,24,0.011121
chuang2021_089,王泽浩,怿涵,24,0.011121
chuang2021_089,王泽浩,陈瑞丰,24,0.011121
chuang2021_089,王泽浩,李嘉祥,23,0.010658
chuang2021_089,王泽浩,林豆,23,0.010658
chuang2021_089,王泽浩,赞多,23,0.010658
chuang2021_089,王泽浩,韦语节,23,0.010658
chuang2021_089,王泽浩,曹左,22,0.010195
chuang2021_089,王泽浩,喜内优心,21,0.009731
chuang2021_089,王泽浩,李沛洋,21,0.009731
chuang2021_089,王泽浩,郑明鑫,21,0.009731
chuang2021_089,王泽浩,卢克,20,0.009268
chuang2021_089,王泽浩,大卫,20,0.009268
chuang2021_089,王泽浩,屈柏宇,20,0.009268
chuang2021_089,王泽浩,张璋,20,0.009268
chuang2021_089,王泽浩,李政庭,20,0.009268
chuang2021_089,王泽浩,李泰龙,20,0.009268
chuang2021_089,王泽浩,李泽坤,20,0.009268
chuang2021_089,王泽浩,甘望星,20,0.009268
chuang2021_089,王泽浩,田口馨也,20,0.009268
chuang2021_089,王泽浩,肖力桓,20,0.009268
chuang2021_089,王泽浩,谷柳霖,20,0.009268
chuang2021_089,王泽浩,贵尚奇,20,0.009268
chuang2021_089,王泽浩,钱政宇,20,0.009268
chuang2021_089,王泽浩,门胁慎刚,20,0.009268
chuang2021_089,王泽浩,陈俊洁,20,0.009268
chuang2021_089,王泽浩,隅田隼平,20,0.009268
chuang2021_089,王泽浩,刘唐辉,19,0.008804
chuang2021_089,王泽浩,原部凌,19,0.008804
chuang2021_089,王泽浩,安迪,19,0.008804
chuang2021_089,王泽浩,徐圣兹,19,0.008804
chuang2021_089,王泽浩,李家豪,19,0.008804
chuang2021_089,王泽浩,林墨,19,0.008804
chuang2021_089,王泽浩,都筑雄哉,19,0.008804
chuang2021_089,王泽浩,阿克朱力,19,0.008804
chuang2021_089,王泽浩,高卿尘,19,0.008804
chuang2021_089,王泽浩,凌箫,18,0.008341
chuang2021_089,王泽浩,奥斯卡,18,0.008341
chuang2021_089,王泽浩,徐绍岚,18,0.008341
chuang2021_089,王泽浩,何圳煜,17,0.007878
chuang2021_089,王泽浩,刘宇,17,0.007878
chuang2021_089,王泽浩,力丸,17,0.007878
chuang2021_089,王泽浩,吴宇恒,17,0.007878
chuang2021_089,王泽浩,吴海,17,0.007878
chuang2021_089,王泽浩,周柯宇,17,0.007878
chuang2021_089,王泽浩,庆怜,17,0.007878
chuang2021_089,王泽浩,米卡,17,0.007878
chuang2021_089,王泽浩,范臻尔,17,0.007878
chuang2021_089,王泽浩,于洋,16,0.007414
chuang2021_089,王泽浩,井胧,16,0.007414
chuang2021_089,王泽浩,创造营2021超话,16,0.007414
chuang2021_089,王泽浩,张嘉元,16,0.007414
chuang2021_089,王泽浩,罗言,16,0.007414
chuang2021_089,王泽浩,诺言,16,0.007414
chuang2021_089,王泽浩,韩佩泉,16,0.007414
chuang2021_089,王泽浩,刘彰,15,0.006951
chuang2021_089,王泽浩,利路修,15,0.006951
chuang2021_089,王泽浩,尹浩宇,15,0.006951
chuang2021_089,王泽浩,网页链接,15,0.006951
chuang2021_089,王泽浩,胡烨韬,15,0.006951
chuang2021_089,王泽浩,邵明明,15,0.006951
chuang2021_089,王泽浩,魏子越,15,0.006951
chuang2021_089,王泽浩,任胤蓬,14,0.006487
chuang2021_089,王泽浩,佐藤永翔,14,0.006487
chuang2021_089,王泽浩,叶皓然,14,0.006487
chuang2021_089,王泽浩,和马,14,0.006487
chuang2021_089,王泽浩,薛八一,14,0.006487
chuang2021_089,王泽浩,上原一翔,13,0.006024
chuang2021_089,王泽浩,代少冬,13,0.006024
chuang2021_089,王泽浩,俞更寅,13,0.006024
chuang2021_089,王泽浩,王孝辰,13,0.006024
chuang2021_089,王泽浩,蒋敦豪,13,0.006024
chuang2021_089,王泽浩,赖耀翔,13,0.006024
chuang2021_089,王泽浩,陆定昊,13,0.006024
chuang2021_089,王泽浩,黄鲲,13,0.006024
chuang2021_089,王泽浩,一之濑飞鸟,12,0.005561
chuang2021_089,王泽浩,井汲大翔,12,0.005561
chuang2021_089,王泽浩,付思超,12,0.005561
chuang2021_089,王泽浩,伯远,12,0.005561
chuang2021_089,王泽浩,何屹繁,12,0.005561
chuang2021_089,王泽浩,何懿峻,12,0.005561
chuang2021_089,王泽浩,创造营2021王泽浩,12,0.005561
chuang2021_089,王泽浩,张星特,12,0.005561
chuang2021_089,王泽浩,张欣尧,12,0.005561
chuang2021_089,王泽浩,张腾,12,0.005561
chuang2021_089,王泽浩,曾涵江,12,0.005561
chuang2021_089,王泽浩,林煜修,12,0.005561
chuang2021_089,王泽浩,荣耀,12,0.005561
chuang2021_089,王泽浩,谢兴阳,12,0.005561
chuang2021_089,王泽浩,2021,11,0.005097
chuang2021_089,王泽浩,yummy,11,0.005097
chuang2021_089,王泽浩,羽生田挙武,10,0.004634
chuang2021_089,王泽浩,李洛尔,9,0.004171
chuang2021_089,王泽浩,我欢喜喜欢你,8,0.003707
chuang2021_089,王泽浩,88,7,0.003244
chuang2021_089,王泽浩,boy,7,0.003244
chuang2021_089,王泽浩,lover,7,0.003244
chuang2021_089,王泽浩,女孩,7,0.003244
chuang2021_089,王泽浩,爱我ready,7,0.003244
chuang2021_089,王泽浩,赖耀祥,7,0.003244
chuang2021_089,王泽浩,butter,6,0.00278
chuang2021_089,王泽浩,fly,6,0.00278
chuang2021_089,王泽浩,lit,6,0.00278
chuang2021_089,王泽浩,me,6,0.00278
chuang2021_089,王泽浩,radio,6,0.00278
chuang2021_089,王泽浩,ready,6,0.00278
chuang2021_089,王泽浩,you,6,0.00278
chuang2021_089,王泽浩,作为怪物,6,0.00278
chuang2021_089,王泽浩,你给自己颜值打几分,6,0.00278
chuang2021_089,王泽浩,多面男孩你点开了解就对了,6,0.00278
chuang2021_089,王泽浩,有什么异于常人的体质,6,0.00278
chuang2021_089,王泽浩,爱用自己的表情包吗,6,0.00278
chuang2021_089,王泽浩,王泽浩入营前深度采访,6,0.00278
chuang2021_089,王泽浩,相星力文化的微博视频,6,0.00278
chuang2021_089,王泽浩,看了直呼人间清醒王泽浩,6,0.00278
chuang2021_089,王泽浩,破茧,6,0.00278
chuang2021_089,王泽浩,私下却是个腼腆害羞的纯朴大男孩,6,0.00278
chuang2021_089,王泽浩,舞台上面炸裂舞台的霸气舞担,6,0.00278
chuang2021_089,王泽浩,超级冠军,6,0.00278
chuang2021_089,王泽浩,这个采访很有料,6,0.00278
chuang2021_089,王泽浩,醉拳,6,0.00278
chuang2021_089,王泽浩,霓虹甜心,6,0.00278
chuang2021_089,王泽浩,纯享,5,0.002317
chuang2021_089,王泽浩,腾讯视频,5,0.002317
chuang2021_089,王泽浩,00,4,0.001854
chuang2021_089,王泽浩,创4一公分组,4,0.001854
chuang2021_089,王泽浩,学员,4,0.001854
chuang2021_089,王泽浩,15名是,3,0.00139
chuang2021_089,王泽浩,3名是,3,0.00139
chuang2021_089,王泽浩,9名是,3,0.00139
chuang2021_089,王泽浩,app每日0点更新昨日学员涨粉,3,0.00139
chuang2021_089,王泽浩,funji,3,0.00139
chuang2021_089,王泽浩,一公分组,3,0.00139
chuang2021_089,王泽浩,创造营2021学员成长数据,3,0.00139
chuang2021_089,王泽浩,和funji一起见证他们的每一步成长和蜕变吧,3,0.00139
chuang2021_089,王泽浩,学员超话签到数排名第一的是刘宇,3,0.00139
chuang2021_089,王泽浩,宁静,3,0.00139
chuang2021_089,王泽浩,昨日,3,0.00139
chuang2021_089,王泽浩,王泽浩全球粉丝后援会,3,0.00139
chuang2021_089,王泽浩,生日快乐,3,0.00139
chuang2021_089,王泽浩,第10,3,0.00139
chuang2021_089,王泽浩,第2,3,0.00139
chuang2021_089,王泽浩,第4,3,0.00139
chuang2021_089,王泽浩,签到数据,3,0.00139
chuang2021_089,王泽浩,酷狗首唱会,3,0.00139
chuang2021_089,王泽浩,20,2,0.000927
chuang2021_089,王泽浩,24,2,0.000927
chuang2021_089,王泽浩,4月2日16,2,0.000927
chuang2021_089,王泽浩,8组人气偶像惊喜空降,2,0.000927
chuang2021_089,王泽浩,ak刘彰,2,0.000927
chuang2021_089,王泽浩,amber刘逸云,2,0.000927
chuang2021_089,王泽浩,best周柯宇,2,0.000927
chuang2021_089,王泽浩,ecat,2,0.000927
chuang2021_089,王泽浩,in,2,0.000927
chuang2021_089,王泽浩,lazarus,2,0.000927
chuang2021_089,王泽浩,lindow林豆豆超话,2,0.000927
chuang2021_089,王泽浩,nene郑乃馨,2,0.000927
chuang2021_089,王泽浩,qq音乐,2,0.000927
chuang2021_089,王泽浩,r1se,2,0.000927
chuang2021_089,王泽浩,thx,2,0.000927
chuang2021_089,王泽浩,yuzi,2,0.000927
chuang2021_089,王泽浩,y的微博视频,2,0.000927
chuang2021_089,王泽浩,一之濑asuka,2,0.000927
chuang2021_089,王泽浩,下次我一定要把我们玩的每一天记录下来嘿嘿,2,0.000927
chuang2021_089,王泽浩,不忘初心,2,0.000927
chuang2021_089,王泽浩,不知道大家有没有那种感觉,2,0.000927
chuang2021_089,王泽浩,佩泉老师人超好,2,0.000927
chuang2021_089,王泽浩,公仔,2,0.000927
chuang2021_089,王泽浩,冒个泡,2,0.000927
chuang2021_089,王泽浩,分享专辑,2,0.000927
chuang2021_089,王泽浩,刘严冬季超话,2,0.000927
chuang2021_089,王泽浩,刘聪liucong超话,2,0.000927
chuang2021_089,王泽浩,创4学员好多面,2,0.000927
chuang2021_089,王泽浩,创二公有正规名额,2,0.000927
chuang2021_089,王泽浩,创造营2021学员,2,0.000927
chuang2021_089,王泽浩,助教,2,0.000927
chuang2021_089,王泽浩,吃瓜不信瓜,2,0.000927
chuang2021_089,王泽浩,周深,2,0.000927
chuang2021_089,王泽浩,周震南,2,0.000927
chuang2021_089,王泽浩,喜内优心超话,2,0.000927
chuang2021_089,王泽浩,多学学唱歌,2,0.000927
chuang2021_089,王泽浩,大头贴已送达,2,0.000927
chuang2021_089,王泽浩,大家快来发挥自己的聪明才智动动小手二次创作吧,2,0.000927
chuang2021_089,王泽浩,姐的大眼睛有几个扛得住,2,0.000927
chuang2021_089,王泽浩,学员微博涨粉排名第一的是刘宇,2,0.000927
chuang2021_089,王泽浩,学员微博粉丝增长top20,2,0.000927
chuang2021_089,王泽浩,宿舍日记,2,0.000927
chuang2021_089,王泽浩,导师,2,0.000927
chuang2021_089,王泽浩,干饭人,2,0.000927
chuang2021_089,王泽浩,当一段时间很开心很多人一起嗨,2,0.000927
chuang2021_089,王泽浩,很开心能够认识到你们,2,0.000927
chuang2021_089,王泽浩,快来康康,2,0.000927
chuang2021_089,王泽浩,怿涵超话,2,0.000927
chuang2021_089,王泽浩,想要芋圆的,2,0.000927
chuang2021_089,王泽浩,成都再见,2,0.000927
chuang2021_089,王泽浩,我家芋圆老师也很棒,2,0.000927
chuang2021_089,王泽浩,我要来蹭热度,2,0.000927
chuang2021_089,王泽浩,截止3月6日,2,0.000927
chuang2021_089,王泽浩,所以请记住,2,0.000927
chuang2021_089,王泽浩,敢造,2,0.000927
chuang2021_089,王泽浩,无畏青春,2,0.000927
chuang2021_089,王泽浩,曹左超话,2,0.000927
chuang2021_089,王泽浩,有没有好好吃饭,2,0.000927
chuang2021_089,王泽浩,有言在先,2,0.000927
chuang2021_089,王泽浩,李洛尔zok,2,0.000927
chuang2021_089,王泽浩,李洛尔李沛洋,2,0.000927
chuang2021_089,王泽浩,江子牙,2,0.000927
chuang2021_089,王泽浩,海南儋州,2,0.000927
chuang2021_089,王泽浩,火了可别忘了我哦,2,0.000927
chuang2021_089,王泽浩,然后突然回到家一个人坐在床上的时候会莫名的失落,2,0.000927
chuang2021_089,王泽浩,特此鸣谢,2,0.000927
chuang2021_089,王泽浩,王泽浩生日快乐,2,0.000927
chuang2021_089,王泽浩,王泽浩舞蹈惹宁静脸红,2,0.000927
chuang2021_089,王泽浩,直播抢先预约,2,0.000927
chuang2021_089,王泽浩,第一轮淘汰名单,2,0.000927
chuang2021_089,王泽浩,第二次公演,2,0.000927
chuang2021_089,王泽浩,羽生田学武,2,0.000927
chuang2021_089,王泽浩,舍不得这个地方特别是这个地方的你们,2,0.000927
chuang2021_089,王泽浩,舞蹈能力者等你发现,2,0.000927
chuang2021_089,王泽浩,莫名的空虚感,2,0.000927
chuang2021_089,王泽浩,被恐怖箱支配的创4学员,2,0.000927
chuang2021_089,王泽浩,要做全能爱豆,2,0.000927
chuang2021_089,王泽浩,要的来,2,0.000927
chuang2021_089,王泽浩,要走啦,2,0.000927
chuang2021_089,王泽浩,辉仔,2,0.000927
chuang2021_089,王泽浩,还是那句,2,0.000927
chuang2021_089,王泽浩,邓超,2,0.000927
chuang2021_089,王泽浩,酷乐现场,2,0.000927
chuang2021_089,王泽浩,酷狗直播的微博视频,2,0.000927
chuang2021_089,王泽浩,需审核,2,0.000927
chuang2021_089,王泽浩,静姐,2,0.000927
chuang2021_089,王泽浩,韩佩泉教王泽浩唱歌,2,0.000927
chuang2021_089,王泽浩,鹅在这里,2,0.000927
chuang2021_089,王泽浩,黑人牙膏白酵素助力创造营王泽浩闪耀闯关,2,0.000927
chuang2021_090,和马,和马,97,0.200413
chuang2021_090,和马,mitchell和马超话,35,0.072314
chuang2021_090,和马,收起,33,0.068182
chuang2021_090,和马,庆怜,18,0.03719
chuang2021_090,和马,米卡,17,0.035124
chuang2021_090,和马,三十天安利和马挑战,11,0.022727
chuang2021_090,和马,和马f班,11,0.022727
chuang2021_090,和马,力丸,10,0.020661
chuang2021_090,和马,创造营2021超话,9,0.018595
chuang2021_090,和马,周柯宇,9,0.018595
chuang2021_090,和马,赞多,9,0.018595
chuang2021_090,和马,尹浩宇,7,0.014463
chuang2021_090,和马,创造营排名,6,0.012397
chuang2021_090,和马,吴宇恒,6,0.012397
chuang2021_090,和马,和马mitchell0515生日快乐,6,0.012397
chuang2021_090,和马,奥斯卡,6,0.012397
chuang2021_090,和马,于洋,5,0.010331
chuang2021_090,和马,张嘉元,5,0.010331
chuang2021_090,和马,林墨,5,0.010331
chuang2021_090,和马,腾讯视频创造营2021,5,0.010331
chuang2021_090,和马,intersection,4,0.008264
chuang2021_090,和马,kazuma,4,0.008264
chuang2021_090,和马,伯远,4,0.008264
chuang2021_090,和马,俞更寅,4,0.008264
chuang2021_090,和马,刘宇,4,0.008264
chuang2021_090,和马,创4排名,4,0.008264
chuang2021_090,和马,和马一定要回来,4,0.008264
chuang2021_090,和马,高卿尘,4,0.008264
chuang2021_090,和马,day,3,0.006198
chuang2021_090,和马,forever,3,0.006198
chuang2021_090,和马,intersection超话,3,0.006198
chuang2021_090,和马,ipad,3,0.006198
chuang2021_090,和马,上原一翔,3,0.006198
chuang2021_090,和马,井胧,3,0.006198
chuang2021_090,和马,任胤蓬,3,0.006198
chuang2021_090,和马,和马的衣服变回绿色了,3,0.006198
chuang2021_090,和马,庆怜超话,3,0.006198
chuang2021_090,和马,张腾,3,0.006198
chuang2021_090,和马,诺言,3,0.006198
chuang2021_090,和马,谢兴阳,3,0.006198
chuang2021_090,和马,and,2,0.004132
chuang2021_090,和马,back,2,0.004132
chuang2021_090,和马,be,2,0.004132
chuang2021_090,和马,love,2,0.004132
chuang2021_090,和马,miss,2,0.004132
chuang2021_090,和马,ps,2,0.004132
chuang2021_090,和马,sad,2,0.004132
chuang2021_090,和马,so,2,0.004132
chuang2021_090,和马,will,2,0.004132
chuang2021_090,和马,william,2,0.004132
chuang2021_090,和马,you,2,0.004132
chuang2021_090,和马,不喜欢battle但我为你们而战,2,0.004132
chuang2021_090,和马,井汲大翔,2,0.004132
chuang2021_090,和马,付思超,2,0.004132
chuang2021_090,和马,但是,2,0.004132
chuang2021_090,和马,何屹繁,2,0.004132
chuang2021_090,和马,其余礼物寄出后援会也会发微博告知,2,0.004132
chuang2021_090,和马,具体礼物公告将在生日前发布,2,0.004132
chuang2021_090,和马,冲冲冲,2,0.004132
chuang2021_090,和马,创造营2021尹浩宇,2,0.004132
chuang2021_090,和马,利路修,2,0.004132
chuang2021_090,和马,力丸听徐绍岚发言泪流满面,2,0.004132
chuang2021_090,和马,另外,2,0.004132
chuang2021_090,和马,向全世界安利和马,2,0.004132
chuang2021_090,和马,呜呜呜,2,0.004132
chuang2021_090,和马,和马21岁部分生日礼物已经整理完毕,2,0.004132
chuang2021_090,和马,和马对粉丝说会尽快回来,2,0.004132
chuang2021_090,和马,和马的眼睛太好看了,2,0.004132
chuang2021_090,和马,和马退赛,2,0.004132
chuang2021_090,和马,因为有你们这里才是家,2,0.004132
chuang2021_090,和马,大卫,2,0.004132
chuang2021_090,和马,小九,2,0.004132
chuang2021_090,和马,希望这些礼物能够及时把我们的心意带到,2,0.004132
chuang2021_090,和马,张星特,2,0.004132
chuang2021_090,和马,张欣尧,2,0.004132
chuang2021_090,和马,徐绍岚,2,0.004132
chuang2021_090,和马,意难平,2,0.004132
chuang2021_090,和马,我们一起闯,2,0.004132
chuang2021_090,和马,所以只进行了部分礼物未包装的大合照,2,0.004132
chuang2021_090,和马,明日后援会将包装后寄往日本,2,0.004132
chuang2021_090,和马,明星势力榜,2,0.004132
chuang2021_090,和马,曾涵江,2,0.004132
chuang2021_090,和马,甘望星,2,0.004132
chuang2021_090,和马,由于时间比较紧而且礼物量大,2,0.004132
chuang2021_090,和马,破茧,2,0.004132
chuang2021_090,和马,米卡第一,2,0.004132
chuang2021_090,和马,腾讯视频,2,0.004132
chuang2021_090,和马,范臻尔,2,0.004132
chuang2021_090,和马,蒋敦豪,2,0.004132
chuang2021_090,和马,邵明明,2,0.004132
chuang2021_090,和马,韩佩泉,2,0.004132
chuang2021_090,和马,黑人牙膏白酵素助力创造营和马闪耀闯关,2,0.004132
chuang2021_090,和马,黑人牙膏白酵素助力创造营庆怜闪耀闯关,2,0.004132
