trainee_id,trainee_name,show_name,window_label,window_start,window_end,window_keyword,post_id,post_url,created_at,text_clean,reposts_count,comments_count,attitudes_count,hotness_score,rank
idol_producer_001,蔡徐坤,偶像练习生,主题曲考核阶段,2018-01-27,2018-02-02,蔡徐坤 偶像练习生,4203112077830629,https://m.weibo.cn/detail/4203112077830629,2018-02-02 22:57:00,【 #偶像练习生# 花絮 陈立农舞蹈弱遭降级 蔡徐坤林超泽保留A】练习生等级再评定，陈立农 @超级農農 由A降到C，直言感觉有点丢脸。 @蔡徐坤 @Trainee18-林超泽 成功留在A班。 L 《偶像练习生》花絮 陈立农舞蹈弱遭降级 蔡徐坤林超泽保留A 想知道更多“小秘密”？请继续锁定每周五晚八点半上线的 #偶像有新番# ！ 更多精彩 移动端 O 网页链接 pc端 O 网页链接 收起 d,58,580,411,1629,1
idol_producer_001,蔡徐坤,偶像练习生,总决赛阶段,2018-03-24,2018-04-06,蔡徐坤 偶像练习生,4225943029187481,https://m.weibo.cn/detail/4225943029187481,2018-04-06 22:59:00,偶像练习生九人天团诞生：蔡徐坤第一c位出道， 陈立农第二， ​​​范丞丞第三，Justin黄明昊第四，林彦俊黑马第五，朱正廷第六，王子异第七，小鬼第八，尤长靖第九，可惜了毕文珺第十离出道只有一步之遥……话说这个排名你们还满意吗？ ​​​,11,88,292,479,2
idol_producer_001,蔡徐坤,偶像练习生,合作舞台阶段,2018-03-03,2018-03-23,蔡徐坤 偶像练习生,4220869569761687,https://m.weibo.cn/detail/4220869569761687,2018-03-23 22:59:00,选我，选我，为坤坤打call。蔡徐坤的ikun绝不认输啊 @爱奇艺VIP会员 #偶像练习生千人见面会#,40,8,1,57,3
idol_producer_001,蔡徐坤,偶像练习生,初评级阶段,2018-01-19,2018-01-26,蔡徐坤 偶像练习生,4200575899916473,https://m.weibo.cn/detail/4200575899916473,2018-01-26 22:59:00,@蔡徐坤 坤坤没有公司，只能自己一个人努力，我们没有大公司操控的能力，但是ikun对你不离不弃，永远相随！ #蔡徐坤# #偶像练习生蔡徐坤# #偶像练习生# @爱奇艺偶像练习生 ​,1,6,34,47,4
idol_producer_001,蔡徐坤,偶像练习生,位置测评阶段,2018-02-03,2018-02-16,蔡徐坤 偶像练习生,4208185956925743,https://m.weibo.cn/detail/4208185956925743,2018-02-16 22:59:00,#蔡徐坤# 💛 #偶像练习生# 所以下次是这几个人和坤一组吗？唱巴比龙 @蔡徐坤 ​,0,6,5,17,5
idol_producer_001,蔡徐坤,偶像练习生,总决赛阶段,2018-03-24,2018-04-06,蔡徐坤 偶像练习生,4225943049912823,https://m.weibo.cn/detail/4225943049912823,2018-04-06 23:00:00, 蔡徐坤超话 #蔡徐坤c位出道# 坤坤现在你是无条件C位了，我再也不用为了担心你又把C位让来让去了。坤坤我等你出歌，开演唱会，电视剧电影…哇！我们还有好多好多的事情可以做👍坤坤我们要一起努力做好接下来的事情。 @蔡徐坤 ​,1,1,4,7,6
idol_producer_001,蔡徐坤,偶像练习生,排名发布阶段,2018-02-17,2018-03-02,蔡徐坤 偶像练习生,4213259458339441,https://m.weibo.cn/detail/4213259458339441,2018-03-02 22:59:00,爆肝网投 加油 #偶像练习生蔡徐坤# #蔡徐坤# 蔡徐坤的IKUN疯狂起来连蔡徐坤本人都害怕,1,0,5,6,7
idol_producer_001,蔡徐坤,偶像练习生,排名发布阶段,2018-02-17,2018-03-02,蔡徐坤 偶像练习生,4213259433549732,https://m.weibo.cn/detail/4213259433549732,2018-03-02 22:59:00,OK不生气了反正这也是最后一次这样投票啦 同公司互投的情况应该也不会出现了吧 但还是规则气人 对YHline还蛮有好感 不过坤坤这样的排名一定不会再有一次了 就排第一C位出道吧 #偶像练习生# #蔡徐坤# #偶像练习生蔡徐坤# ​,0,2,1,5,8
idol_producer_001,蔡徐坤,偶像练习生,合作舞台阶段,2018-03-03,2018-03-23,蔡徐坤 偶像练习生,4220869587192289,https://m.weibo.cn/detail/4220869587192289,2018-03-23 22:59:00,第三次第一 ~ @蔡徐坤 #蔡徐坤# #偶像练习生# #偶像练习生蔡徐坤# L 《偶像练习生》蔡徐坤陈立农再度角逐一二位 超级农农心态变开朗 ​,0,0,3,3,9
idol_producer_001,蔡徐坤,偶像练习生,总决赛阶段,2018-03-24,2018-04-06,蔡徐坤 偶像练习生,4225943051161538,https://m.weibo.cn/detail/4225943051161538,2018-04-06 22:59:00,#蔡徐坤# #偶像练习生蔡徐坤# 恭喜蔡徐坤C位出道！ 蔡徐坤实至名归💕 @蔡徐坤 #I Wanna Get Love # ​,0,0,3,3,10
idol_producer_001,蔡徐坤,偶像练习生,位置测评阶段,2018-02-03,2018-02-16,蔡徐坤 偶像练习生,4208186015257059,https://m.weibo.cn/detail/4208186015257059,2018-02-16 22:59:00,#偶像练习生# #蔡徐坤# #偶像练习生蔡徐坤# 不管怎么样就是超爱你 @蔡徐坤 看着坤走向一位真的是太感动了，一路走来真的很不容易，加油加油加油，我们一定要c位出道啊！！ @蔡徐坤 @蔡徐坤粉丝团官微,0,0,2,2,11
idol_producer_001,蔡徐坤,偶像练习生,总决赛阶段,2018-03-24,2018-04-06,蔡徐坤 偶像练习生,4225943050765919,https://m.weibo.cn/detail/4225943050765919,2018-04-06 23:00:00,林彦俊真的没猜到！有鬼吓人那圈粉了吧，综艺咖～ 可以可以～这9个人我是超级喜欢 @蔡徐坤 @超级農農 @Adam0616 @jjjustin0219 @Trainee18-林彦俊 @Zzt-朱正廷 @BBT王子异 @小鬼-王琳凯 @Trainee18-尤长进 #偶像练习生# #Nine Percent# ​,0,0,2,2,12
idol_producer_001,蔡徐坤,偶像练习生,位置测评阶段,2018-02-03,2018-02-16,蔡徐坤 偶像练习生,4208185860516229,https://m.weibo.cn/detail/4208185860516229,2018-02-16 22:59:00,#蔡徐坤# #偶像练习生蔡徐坤# #全世界最好的蔡徐坤# @蔡徐坤 Tip11 我感觉哥哥有点像一个人的朝圣中的哈罗德呢 他们都是可以为了目标不断前进的人 即使遇到了很多困难阻碍 也不会选择放弃 不过哥哥更加年轻可爱啦 ​,0,0,1,1,13
idol_producer_001,蔡徐坤,偶像练习生,合作舞台阶段,2018-03-03,2018-03-23,蔡徐坤 偶像练习生,4220869611475457,https://m.weibo.cn/detail/4220869611475457,2018-03-23 22:59:00,// @蔡徐坤数据站 : #蔡徐坤# #偶像练习生蔡徐坤# #I Wanna Get Love #可爱坤正式上线！ @蔡徐坤 @蔡徐坤 @蔡徐坤,0,0,1,1,14
idol_producer_001,蔡徐坤,偶像练习生,合作舞台阶段,2018-03-03,2018-03-23,蔡徐坤 偶像练习生,4220869608436461,https://m.weibo.cn/detail/4220869608436461,2018-03-23 22:59:00,@蔡徐坤 @爱奇艺 @爱奇艺偶像练习生 收到了最好的生日礼物 必须必须必须说我坤坤太走心了！感谢剪辑小哥哥！感谢节目组今天放这期！坤哥爱你 L MY_萌豆的秒拍视频 ​,0,0,1,1,15
idol_producer_001,蔡徐坤,偶像练习生,总决赛阶段,2018-03-24,2018-04-06,蔡徐坤 偶像练习生,4225943029182314,https://m.weibo.cn/detail/4225943029182314,2018-04-06 22:59:00,// @Jessie-online :偶像练习生9人男团Nine Percent，C位 @蔡徐坤 蔡徐坤，今后请多关照！,0,0,1,1,16
idol_producer_001,蔡徐坤,偶像练习生,总决赛阶段,2018-03-24,2018-04-06,蔡徐坤 偶像练习生,4225943028932844,https://m.weibo.cn/detail/4225943028932844,2018-04-06 22:59:00,👑 蔡徐坤C位出道!👑 @蔡徐坤 #偶像练习生蔡徐坤# #蔡徐坤# 你的努力不会白费，你的身后还有我们Ikun……加油吧，少年！永远守护着你 @蔡徐坤 祝福你今后的每一天都快乐安康 L 《偶像练习生》“Mack Daddy”舞台表演 蔡徐坤C位吸引力十足 ​,0,0,1,1,17
idol_producer_001,蔡徐坤,偶像练习生,初评级阶段,2018-01-19,2018-01-26,蔡徐坤 偶像练习生,4200575618873111,https://m.weibo.cn/detail/4200575618873111,2018-01-26 22:58:00,@蔡徐坤 我在 #偶像练习生# 练习生PICK榜上为你打call！把小心心都给你，赢取节目10s彩蛋！ O 练习生PICK榜 ​,0,0,0,0,18
idol_producer_001,蔡徐坤,偶像练习生,初评级阶段,2018-01-19,2018-01-26,蔡徐坤 偶像练习生,4200575703304000,https://m.weibo.cn/detail/4200575703304000,2018-01-26 22:59:00,// @菜籽油了解一下 :对不起 今晚唯一一笑 // @只磕金瓜 : 姐 你可以在广告位风情万种了// @爱奇艺偶像练习生 : #偶像练习生# 百分九广告位本阶段招租结束，恭喜 @蔡徐坤贴吧官博 获得此次占领广告位的机会~我们会尽快与你联系 #偶像练习生蔡徐坤#,0,0,0,0,19
idol_producer_001,蔡徐坤,偶像练习生,主题曲考核阶段,2018-01-27,2018-02-02,蔡徐坤 偶像练习生,4203111729815696,https://m.weibo.cn/detail/4203111729815696,2018-02-02 22:56:00,@蔡徐坤 我在 #偶像练习生# 练习生PICK榜上为你打call！把小心心都给你，赢取节目10s彩蛋！ O 练习生PICK榜 ​,0,0,0,0,20
idol_producer_001,蔡徐坤,偶像练习生,排名发布阶段,2018-02-17,2018-03-02,蔡徐坤 偶像练习生,4213259470892694,https://m.weibo.cn/detail/4213259470892694,2018-03-02 22:59:00,5// @蔡徐坤粉丝团官微 : #蔡徐坤# #偶像练习生蔡徐坤# #I Wanna Get Love # 想去现场为坤坤 @蔡徐坤 打call 应援,0,0,0,0,21
idol_producer_001,蔡徐坤,偶像练习生,排名发布阶段,2018-02-17,2018-03-02,蔡徐坤 偶像练习生,4213259467473029,https://m.weibo.cn/detail/4213259467473029,2018-03-02 22:59:00,// @蔡徐坤粉丝团官微 : #蔡徐坤# #偶像练习生蔡徐坤# #I Wanna Get Love # 想去现场为坤坤 @蔡徐坤 打call 应援,0,0,0,0,22
idol_producer_001,蔡徐坤,偶像练习生,排名发布阶段,2018-02-17,2018-03-02,蔡徐坤 偶像练习生,4213259463273900,https://m.weibo.cn/detail/4213259463273900,2018-03-02 22:59:00,d// @蔡徐坤粉丝团官微 : #蔡徐坤# #偶像练习生蔡徐坤# #I Wanna Get Love # 想去现场为坤坤 @蔡徐坤 打call 应援,0,0,0,0,23
idol_producer_001,蔡徐坤,偶像练习生,排名发布阶段,2018-02-17,2018-03-02,蔡徐坤 偶像练习生,4213259458286050,https://m.weibo.cn/detail/4213259458286050,2018-03-02 22:59:00,@蔡徐坤 我在 #偶像练习生# 练习生PICK榜上为你打call！把小心心都给你，赢取节目10s彩蛋！ ​,0,0,0,0,24
idol_producer_001,蔡徐坤,偶像练习生,排名发布阶段,2018-02-17,2018-03-02,蔡徐坤 偶像练习生,4213259454862343,https://m.weibo.cn/detail/4213259454862343,2018-03-02 22:59:00,11// @蔡徐坤粉丝团官微 : #蔡徐坤# #偶像练习生蔡徐坤# #I Wanna Get Love # 想去现场为坤坤 @蔡徐坤 打call 应援,0,0,0,0,25
idol_producer_001,蔡徐坤,偶像练习生,排名发布阶段,2018-02-17,2018-03-02,蔡徐坤 偶像练习生,4213259454139033,https://m.weibo.cn/detail/4213259454139033,2018-03-02 22:59:00,【福利活动： #偶像练习生# 录制门票】 各位全民制作人，你们期盼的福利来啦！ 想去看3月9号的《偶像练习生》录制吗？ 截至3月4日10:00 关注 @爱豆华语社区 带话题 #爱豆APP# #偶像练习生# 转发本条微博+ @ 3名好友 热转（转发量）前四名就能获得录制门票一张！ 下载爱豆APP参与相关活动也有机会获取门票哟 活动链接>>【 O 网页链接 】 收起 d,0,0,0,0,26
idol_producer_001,蔡徐坤,偶像练习生,排名发布阶段,2018-02-17,2018-03-02,蔡徐坤 偶像练习生,4213259450656291,https://m.weibo.cn/detail/4213259450656291,2018-03-02 22:59:00,4// @蔡徐坤粉丝团官微 : #蔡徐坤# #偶像练习生蔡徐坤# #I Wanna Get Love # 想去现场为坤坤 @蔡徐坤 打call 应援,0,0,0,0,27
idol_producer_001,蔡徐坤,偶像练习生,排名发布阶段,2018-02-17,2018-03-02,蔡徐坤 偶像练习生,4213259446446256,https://m.weibo.cn/detail/4213259446446256,2018-03-02 22:59:00,？// @蔡徐坤粉丝团官微 : #蔡徐坤# #偶像练习生蔡徐坤# #I Wanna Get Love # 想去现场为坤坤 @蔡徐坤 打call 应援,0,0,0,0,28
idol_producer_001,蔡徐坤,偶像练习生,排名发布阶段,2018-02-17,2018-03-02,蔡徐坤 偶像练习生,4213259445671192,https://m.weibo.cn/detail/4213259445671192,2018-03-02 22:59:00,(๑＞ڡ＜)☆ // @蔡徐坤粉丝团官微 : #蔡徐坤# #偶像练习生蔡徐坤# #I Wanna Get Love # 想去现场为坤坤 @蔡徐坤 打call 应援,0,0,0,0,29
idol_producer_001,蔡徐坤,偶像练习生,排名发布阶段,2018-02-17,2018-03-02,蔡徐坤 偶像练习生,4213259441060261,https://m.weibo.cn/detail/4213259441060261,2018-03-02 22:59:00,s// @蔡徐坤粉丝团官微 : #蔡徐坤# #偶像练习生蔡徐坤# #I Wanna Get Love # 想去现场为坤坤 @蔡徐坤 打call 应援,0,0,0,0,30
idol_producer_002,陈立农,偶像练习生,总决赛阶段,2018-03-24,2018-04-06,陈立农 偶像练习生,4225942978582786,https://m.weibo.cn/detail/4225942978582786,2018-04-06 22:59:00,#海报星图# 《偶像练习生》最终出道九人👉🏻 @蔡徐坤 、陈立农 @超级農農 、范丞丞 @Adam0616 、黄明昊 @jjjustin0219 、 @Trainee18-林彦俊 、 @Zzt-朱正廷 、 @BBT王子异 、 @小鬼-王琳凯 、 @Trainee18-尤长靖 ！期待NINE PERCENT为大家带来的惊喜 越努力，越幸运 #蔡徐坤c位出道# #王子异家# #范丞丞爸妈# #陈建州 陈立农# 收起 d,93,635,359,1722,1
idol_producer_002,陈立农,偶像练习生,主题曲考核阶段,2018-01-27,2018-02-02,陈立农 偶像练习生,4203112077830629,https://m.weibo.cn/detail/4203112077830629,2018-02-02 22:57:00,【 #偶像练习生# 花絮 陈立农舞蹈弱遭降级 蔡徐坤林超泽保留A】练习生等级再评定，陈立农 @超级農農 由A降到C，直言感觉有点丢脸。 @蔡徐坤 @Trainee18-林超泽 成功留在A班。 L 《偶像练习生》花絮 陈立农舞蹈弱遭降级 蔡徐坤林超泽保留A 想知道更多“小秘密”？请继续锁定每周五晚八点半上线的 #偶像有新番# ！ 更多精彩 移动端 O 网页链接 pc端 O 网页链接 收起 d,58,580,411,1629,2
idol_producer_002,陈立农,偶像练习生,总决赛阶段,2018-03-24,2018-04-06,陈立农 偶像练习生,4225942949557649,https://m.weibo.cn/detail/4225942949557649,2018-04-06 22:59:00,#偶像练习生# Nine Percent最终出道成员：蔡徐坤、陈立农、范丞丞、Justin、林彦俊、朱正廷、小鬼、王子异、尤长靖！ ​,48,197,703,1145,3
idol_producer_002,陈立农,偶像练习生,总决赛阶段,2018-03-24,2018-04-06,陈立农 偶像练习生,4225942932737722,https://m.weibo.cn/detail/4225942932737722,2018-04-06 22:59:00,偶像练习生Nine Percent 九人出道 第一名C位出道：蔡徐坤 第二名：陈立农 第三名：范丞丞 第四名：justin黄明昊 第五名：林彦俊 第六名：朱正廷 第七名：王子异 第八名：小鬼王琳凯 第九名：尤长靖 ​​​ 恭喜恭喜 ​,88,200,203,691,4
idol_producer_002,陈立农,偶像练习生,总决赛阶段,2018-03-24,2018-04-06,陈立农 偶像练习生,4225943029187481,https://m.weibo.cn/detail/4225943029187481,2018-04-06 22:59:00,偶像练习生九人天团诞生：蔡徐坤第一c位出道， 陈立农第二， ​​​范丞丞第三，Justin黄明昊第四，林彦俊黑马第五，朱正廷第六，王子异第七，小鬼第八，尤长靖第九，可惜了毕文珺第十离出道只有一步之遥……话说这个排名你们还满意吗？ ​​​,11,88,292,479,5
idol_producer_002,陈立农,偶像练习生,总决赛阶段,2018-03-24,2018-04-06,陈立农 偶像练习生,4225942954073934,https://m.weibo.cn/detail/4225942954073934,2018-04-06 22:59:00,#偶像练习生# 恭喜九强… #蔡徐坤# #陈立农# #范丞丞# #黄明昊# #林彦俊# #朱正廷# #王子异# #小鬼—王琳凯# #尤长靖# 未来的路还很长，愿你们都能成为真正有实力的偶像，别让爱你们的粉丝失望！ ​,102,68,137,375,6
idol_producer_002,陈立农,偶像练习生,合作舞台阶段,2018-03-03,2018-03-23,陈立农 偶像练习生,4220869225904118,https://m.weibo.cn/detail/4220869225904118,2018-03-23 22:58:00,#陈立农# 🌾 #偶像练习生陈立农# 恭喜超级農農陈立农获得第二名，感谢各位全民制作人们的支持，我们一起加油 @超级農農,151,39,80,309,7
idol_producer_002,陈立农,偶像练习生,初评级阶段,2018-01-19,2018-01-26,陈立农 偶像练习生,4200575480161301,https://m.weibo.cn/detail/4200575480161301,2018-01-26 22:58:00,#偶像练习生# 陈立农 第一 第一个获得制作人评级为A的练习生—陈立农，农农！整个人全身上下都透着甜味，全程姨母式笑脸啊…… O 网页链接 ​,11,8,40,67,8
idol_producer_002,陈立农,偶像练习生,位置测评阶段,2018-02-03,2018-02-16,陈立农 偶像练习生,4208185432603547,https://m.weibo.cn/detail/4208185432603547,2018-02-16 22:57:00,#偶像练习生# #陈立农# 看到这里真的很开心了(◐‿◑)﻿ 崽崽和大家关系都很好 看到崽崽笑的那么开心 我也露出了欣慰的笑容 @超级農農 要一直笑下去呀 ​,2,3,59,67,9
idol_producer_002,陈立农,偶像练习生,排名发布阶段,2018-02-17,2018-03-02,陈立农 偶像练习生,4213259056208761,https://m.weibo.cn/detail/4213259056208761,2018-03-02 22:58:00,#偶像练习生# 感受一下周锐的美颜对大家的暴击！👌 王子异为你惊叹，朱正廷夸你好美 李权哲夸你神颜，范丞丞为你跺脚 尤长靖为你张嘴，陈立农为你瞪眼👌 Justin漂亮连发👌 众人还为你迷醉脸👌 ​,2,4,32,42,10
idol_producer_002,陈立农,偶像练习生,总决赛阶段,2018-03-24,2018-04-06,陈立农 偶像练习生,4225943012149478,https://m.weibo.cn/detail/4225943012149478,2018-04-06 22:59:00,@超级農農 农农出道了TOP2真的非常开心。实事证明我们是最能打的浓糖姐姐！！！合肥的小姐姐们有没有，加群到时候巡演合肥站一起应援啊 #陈立农# #偶像练习生陈立农# ​,0,4,18,26,11
idol_producer_002,陈立农,偶像练习生,总决赛阶段,2018-03-24,2018-04-06,陈立农 偶像练习生,4225942916224531,https://m.weibo.cn/detail/4225942916224531,2018-04-06 22:59:00,别骂林彦俊 就凭颜值也够格 NINE PERCENT 第一C位：蔡徐坤（c位） 第二：传奇星娱乐陈立农 第三：乐华娱乐范丞丞 第四：乐华娱乐Justin 第五：香蕉娱乐林彦俊 第六：乐华娱乐朱正廷 第七：简单快乐王子异 第八：果然天空小鬼 第九：香蕉娱乐尤长靖 ​ #偶像练习生# 最爱福西西 @Adam0616 ​​​坤坤 @蔡徐坤 收起 d,0,1,6,8,12
idol_producer_002,陈立农,偶像练习生,初评级阶段,2018-01-19,2018-01-26,陈立农 偶像练习生,4200575422414103,https://m.weibo.cn/detail/4200575422414103,2018-01-26 22:58:00,#偶像练习生# #陈立农# 有点可爱，想粉了... L 吃瓜少女集中站的秒拍视频 ​,0,1,4,6,13
idol_producer_002,陈立农,偶像练习生,主题曲考核阶段,2018-01-27,2018-02-02,陈立农 偶像练习生,4203104453376548,https://m.weibo.cn/detail/4203104453376548,2018-02-02 22:27:00,陈立农吧直通车🚗 【打榜合集】 微博正文 【澄清合集】 微博正文 【持续招新】 微博正文 【粉丝群】 qq703356582 【手幅活动】 微博正文 【贴吧活动 把周五留在这里】 微博正文 手幅和贴吧的活动，结合了相关搜索量和热度，希望大家踊跃参与！ #陈立农# #陈立农快乐大本营# #陈立农偶像练习生# @超级農農 收起 d,0,0,6,6,14
idol_producer_002,陈立农,偶像练习生,合作舞台阶段,2018-03-03,2018-03-23,陈立农 偶像练习生,4220869025017349,https://m.weibo.cn/detail/4220869025017349,2018-03-23 22:57:00,"目前私心希望出道的人有蔡徐坤，朱正廷，范丞丞，Justin，Jeffrey,林彦俊，王子异。陈立农肯定也会有的，剩下一个suprise me 吧!希望是惊喜，不要是惊吓!希望各方面能跟这个团搭一点吧！好像这个团rapper比较多啊，希望大家以后能够balence一下吧!还有，真心喜欢Jeffrey,不是因为他家世多么显赫，而是因为他在那么好的外在条件下还可以这么有礼貌，这么谦虚!可爱哈哈哈!子异也很非常优秀!林彦俊哈哈哈新头发还不错!送走的练习生很多都很不错，罗正，希望去演戏吧！不要浪费那么好的颜!周锐，也可以发展发展演戏道路哈哈!木子洋继续时尚道路吧！丁泽仁继续加油，实力很强的练习生,今天换了发型真的get到颜了!李权哲，很可爱的练习生，也是有实力的练习生，加油!娄滋博确定是要回河南种地吗？哈哈哈，其实还蛮有可塑性的。韩沐伯真的是可惜了，有才唱歌也很好!回去和左叶继续加油!周彦辰，真的，实力也很强!感谢 #偶像练习生# 让我认识了你们!加油!我也要加油! 收起 d",0,3,0,6,15
idol_producer_002,陈立农,偶像练习生,总决赛阶段,2018-03-24,2018-04-06,陈立农 偶像练习生,4225942945345874,https://m.weibo.cn/detail/4225942945345874,2018-04-06 22:59:00,农农了解一下🙈 #偶像练习生陈立农# ​,0,0,5,5,16
idol_producer_002,陈立农,偶像练习生,总决赛阶段,2018-03-24,2018-04-06,陈立农 偶像练习生,4225942983507913,https://m.weibo.cn/detail/4225942983507913,2018-04-06 22:59:00,#偶像练习生# 晚上陪熊孩子没有看直播，在微博和室友 @Sylvanbaby 的解说下看完了，还是激动的哭了半天，我在想，明天看重播我会不会哭的眼肿 蔡徐坤，陈立农，范丞丞，Justin，林彦俊，朱正廷，王子异，小鬼，尤长靖，几个月以来，所有人都辛苦了，你们的努力没有白费，以后的路还很长，慢慢来 收起 d,0,1,2,4,17
idol_producer_002,陈立农,偶像练习生,合作舞台阶段,2018-03-03,2018-03-23,陈立农 偶像练习生,4220869100333117,https://m.weibo.cn/detail/4220869100333117,2018-03-23 22:57:00,#偶像练习生# #偶像练习生出道名# 偶像练习生出道名单预测:蔡徐坤 @蔡徐坤 范丞丞 @范丞丞 Justin，陈立农，卜凡，小鬼，朱正廷，（王子异，尤长靖） #偶像练习生出道名单预测# 其中， @蔡徐坤 将以C位出道。pick you！ ​,0,0,3,3,18
idol_producer_002,陈立农,偶像练习生,总决赛阶段,2018-03-24,2018-04-06,陈立农 偶像练习生,4225942919840730,https://m.weibo.cn/detail/4225942919840730,2018-04-06 22:59:00,宿舍三个人连麦视频三小时哈哈哈哈 我 pick的全部出道啦！ 陈立农 王子异 尤长靖 哈哈哈哈哈哈哈哈哈哈哈 #偶像练习生# ​,0,1,1,3,19
idol_producer_002,陈立农,偶像练习生,排名发布阶段,2018-02-17,2018-03-02,陈立农 偶像练习生,4213259077227006,https://m.weibo.cn/detail/4213259077227006,2018-03-02 22:58:00,#偶像练习生# #偶像练习生陈立农# 为了你 @超级農農 ​,0,1,0,2,20
idol_producer_002,陈立农,偶像练习生,位置测评阶段,2018-02-03,2018-02-16,陈立农 偶像练习生,4208185521432501,https://m.weibo.cn/detail/4208185521432501,2018-02-16 22:57:00,// @瞎搞博主 :优势票对于top真的没什么用啊 舞台吸引路人甚至圈粉才是重点!! #陈立农# ， #偶像练习生陈立农#,1,0,0,1,21
idol_producer_002,陈立农,偶像练习生,合作舞台阶段,2018-03-03,2018-03-23,陈立农 偶像练习生,4220869197336558,https://m.weibo.cn/detail/4220869197336558,2018-03-23 22:58:00,@超级農農 天哪，呆毛也太可爱了吧 #偶像练习生# #陈立农超级话题# // @Misaki_兔大仙 :可爱的呀 @笑到踢腿腿,0,0,1,1,22
idol_producer_002,陈立农,偶像练习生,合作舞台阶段,2018-03-03,2018-03-23,陈立农 偶像练习生,4220869117480299,https://m.weibo.cn/detail/4220869117480299,2018-03-23 22:58:00,#陈立农# ❤️ #偶像练习生陈立农# @超级農農 我们等着,0,0,1,1,23
idol_producer_002,陈立农,偶像练习生,合作舞台阶段,2018-03-03,2018-03-23,陈立农 偶像练习生,4220869406107741,https://m.weibo.cn/detail/4220869406107741,2018-03-23 22:59:00,// @農业科学研究所 : #陈立农# 🌾 #偶像练习生陈立农# 恭喜超级農農陈立农获得第二名，感谢各位全民制作人们的支持，我们一起加油 @超级農農,0,0,1,1,24
idol_producer_002,陈立农,偶像练习生,总决赛阶段,2018-03-24,2018-04-06,陈立农 偶像练习生,4225942995867085,https://m.weibo.cn/detail/4225942995867085,2018-04-06 22:59:00,谢谢偶像练习生让陈立农出道，也谢谢大家对陈立农的照顾，谢谢大家，谢谢 2 莱州·城港路街区 ​,0,0,1,1,25
idol_producer_002,陈立农,偶像练习生,总决赛阶段,2018-03-24,2018-04-06,陈立农 偶像练习生,4225942957603582,https://m.weibo.cn/detail/4225942957603582,2018-04-06 22:59:00,"恭喜蔡徐坤、陈立农、范丞丞、Justin、林彦俊、朱正廷、王子异、小鬼、尤长靖 成功出道！ #偶像练习生# #蔡徐坤,了解一下# #陈立农# #范丞丞# #黄明昊# #林彦俊# #朱正廷# #小鬼—王琳凯# #尤长靖# 2 曲阜·鲁城街区 ​",0,0,1,1,26
idol_producer_002,陈立农,偶像练习生,总决赛阶段,2018-03-24,2018-04-06,陈立农 偶像练习生,4225942937913081,https://m.weibo.cn/detail/4225942937913081,2018-04-06 22:59:00,#偶像练习生# #陈立农# 4个月 结束了 很感慨时光流逝的速度 感动于为梦想拼搏的赤子之心 很庆幸有一个近乎完美的结局 農農 一起走花路呀 ​,0,0,1,1,27
idol_producer_002,陈立农,偶像练习生,总决赛阶段,2018-03-24,2018-04-06,陈立农 偶像练习生,4225943049912176,https://m.weibo.cn/detail/4225943049912176,2018-04-06 23:00:00,出道快乐！谢谢所有投票的人 大家辛苦了 #偶像练习生# #陈立农# ​,0,0,1,1,28
idol_producer_002,陈立农,偶像练习生,主题曲考核阶段,2018-01-27,2018-02-02,陈立农 偶像练习生,4203107565082576,https://m.weibo.cn/detail/4203107565082576,2018-02-02 22:39:00,// @快乐一点叭 :投票！投票！投票！// @知名二刺螈 : #陈立农偶像练习生# #陈立农# 顶顶顶,0,0,0,0,29
idol_producer_002,陈立农,偶像练习生,位置测评阶段,2018-02-03,2018-02-16,陈立农 偶像练习生,4208185176962737,https://m.weibo.cn/detail/4208185176962737,2018-02-16 22:56:00,// @Kallake超级农农资讯站 : #陈立农# #偶像练习生陈立农# 今晚八点爱奇艺，有 @超级農農 有你，一起贺新年！,0,0,0,0,30
idol_producer_003,范丞丞,偶像练习生,总决赛阶段,2018-03-24,2018-04-06,范丞丞 偶像练习生,4225942978582786,https://m.weibo.cn/detail/4225942978582786,2018-04-06 22:59:00,#海报星图# 《偶像练习生》最终出道九人👉🏻 @蔡徐坤 、陈立农 @超级農農 、范丞丞 @Adam0616 、黄明昊 @jjjustin0219 、 @Trainee18-林彦俊 、 @Zzt-朱正廷 、 @BBT王子异 、 @小鬼-王琳凯 、 @Trainee18-尤长靖 ！期待NINE PERCENT为大家带来的惊喜 越努力，越幸运 #蔡徐坤c位出道# #王子异家# #范丞丞爸妈# #陈建州 陈立农# 收起 d,93,635,359,1722,1
idol_producer_003,范丞丞,偶像练习生,总决赛阶段,2018-03-24,2018-04-06,范丞丞 偶像练习生,4225942949557649,https://m.weibo.cn/detail/4225942949557649,2018-04-06 22:59:00,#偶像练习生# Nine Percent最终出道成员：蔡徐坤、陈立农、范丞丞、Justin、林彦俊、朱正廷、小鬼、王子异、尤长靖！ ​,48,197,703,1145,2
idol_producer_003,范丞丞,偶像练习生,总决赛阶段,2018-03-24,2018-04-06,范丞丞 偶像练习生,4225942932737722,https://m.weibo.cn/detail/4225942932737722,2018-04-06 22:59:00,偶像练习生Nine Percent 九人出道 第一名C位出道：蔡徐坤 第二名：陈立农 第三名：范丞丞 第四名：justin黄明昊 第五名：林彦俊 第六名：朱正廷 第七名：王子异 第八名：小鬼王琳凯 第九名：尤长靖 ​​​ 恭喜恭喜 ​,88,200,203,691,3
idol_producer_003,范丞丞,偶像练习生,合作舞台阶段,2018-03-03,2018-03-23,范丞丞 偶像练习生,4220869251120149,https://m.weibo.cn/detail/4220869251120149,2018-03-23 22:58:00,#范丞丞# #偶像练习生范丞丞# 紧急任务 举报垃圾营销 1 O 网页链接 2 O 网页链接 3 O 网页链接 4 O 网页链接 5 O 网页链接 6 O 网页链接 7 O 网页链接 8 O 网页链接 9 O 网页链接 ​,3,280,47,610,4
idol_producer_003,范丞丞,偶像练习生,主题曲考核阶段,2018-01-27,2018-02-02,范丞丞 偶像练习生,4203110664560205,https://m.weibo.cn/detail/4203110664560205,2018-02-02 22:52:00,#范冰冰# 综艺路透 | @爱奇艺偶像练习生 今晚第三期播出时刻，节目练习生们首次和家人进行通话，与家人分享自己的心情和成果。 范丞丞在本环节中联系不到阿姨，节目组又要求与亲人通话，最后只好转接给姐姐 @范冰冰 。冰冰接到电话后，表示收看了节目，同时也给丞丞加油打气！希望 @爱奇艺偶像练习生 贵节目多多剪辑正能量的部分，让我们看到每一位练习生的成长记录，弟弟加油 L 范冰冰吧的秒拍视频 收起 d,64,51,419,585,5
idol_producer_003,范丞丞,偶像练习生,总决赛阶段,2018-03-24,2018-04-06,范丞丞 偶像练习生,4225943029187481,https://m.weibo.cn/detail/4225943029187481,2018-04-06 22:59:00,偶像练习生九人天团诞生：蔡徐坤第一c位出道， 陈立农第二， ​​​范丞丞第三，Justin黄明昊第四，林彦俊黑马第五，朱正廷第六，王子异第七，小鬼第八，尤长靖第九，可惜了毕文珺第十离出道只有一步之遥……话说这个排名你们还满意吗？ ​​​,11,88,292,479,6
idol_producer_003,范丞丞,偶像练习生,总决赛阶段,2018-03-24,2018-04-06,范丞丞 偶像练习生,4225942954073934,https://m.weibo.cn/detail/4225942954073934,2018-04-06 22:59:00,#偶像练习生# 恭喜九强… #蔡徐坤# #陈立农# #范丞丞# #黄明昊# #林彦俊# #朱正廷# #王子异# #小鬼—王琳凯# #尤长靖# 未来的路还很长，愿你们都能成为真正有实力的偶像，别让爱你们的粉丝失望！ ​,102,68,137,375,7
idol_producer_003,范丞丞,偶像练习生,初评级阶段,2018-01-19,2018-01-26,范丞丞 偶像练习生,4200574796397770,https://m.weibo.cn/detail/4200574796397770,2018-01-26 22:55:00,有和烟花一样，在看 #偶像练习生# 这个节目的吗？范丞丞 哭 ，看来他挺火的。不过烟花注意到了另一个高个子的小鲜肉 @MERXIC-ROGER罗杰 ，挺让人合不拢腿的 ，可惜被这孤儿剪辑剪得镜头太少了。 ​,109,42,171,364,8
idol_producer_003,范丞丞,偶像练习生,合作舞台阶段,2018-03-03,2018-03-23,范丞丞 偶像练习生,4220869276337779,https://m.weibo.cn/detail/4220869276337779,2018-03-23 22:58:00,#范丞丞# 🍊 #偶像练习生范丞丞# 解锁了！！！！实名表扬cxjj和qcjj，真的太棒了我们，说范丞丞的票大多是路人投的我非常不认同，无论是小红书还是和我贷，还是直拍，微博数据，这些都是我们实打实的投出来的，这些任务不会有路人来帮的，打投组的小可爱们都明白，这些都是我们爆肝的，我们不佛，有官群也有散粉群，大家都在共同努力，所以，请那些说路人票多的闭嘴吧，真当我家没人吗。 从第三个礼物开始的bug，陷入绝望，但是我们没有放弃，别人有的丞丞也必须有 就这么死磕死磕，是，有人用这个来嘲笑我们，没关系，那就解锁给你看，看，我们成功了呢，今天在念到第七名时，丞丞说“我总觉得是我”，大傻子 @Adam0616 你的cx和qc都超级棒的好吗 接下来的one pick也拜托大家了🙏 重点：投票一定要换ip！！！ 收起 d,1,37,95,170,9
idol_producer_003,范丞丞,偶像练习生,位置测评阶段,2018-02-03,2018-02-16,范丞丞 偶像练习生,4208185411596938,https://m.weibo.cn/detail/4208185411596938,2018-02-16 22:57:00,#偶像练习生# #范丞丞# 第3名，范丞丞。 感觉好像第一次听他一次说这么多话。 感谢你们出现在我的生命中。大家，我来了！ 努力加油↖(^ω^)↗ L 韩冰头儿的秒拍视频 ​,1,4,31,40,10
idol_producer_003,范丞丞,偶像练习生,排名发布阶段,2018-02-17,2018-03-02,范丞丞 偶像练习生,4213259189592293,https://m.weibo.cn/detail/4213259189592293,2018-03-02 22:58:00,#钱正昊# 从中学看的中国新歌声到现在，感觉钱正昊弟弟唱歌真真真真好听！小半里最喜欢他，感觉根本不需要修音！！虽然我不是他的粉，但希望大家可以救救他！！！ #偶像练习生# 当然还有我最喜欢的 #范丞丞# ​,0,2,12,16,11
idol_producer_003,范丞丞,偶像练习生,排名发布阶段,2018-02-17,2018-03-02,范丞丞 偶像练习生,4213259378403308,https://m.weibo.cn/detail/4213259378403308,2018-03-02 22:59:00,#范丞丞# 🍊 #偶像练习生范丞丞# 丞妾可以有啊🍊 @Adam0616 ​,0,0,10,10,12
idol_producer_003,范丞丞,偶像练习生,总决赛阶段,2018-03-24,2018-04-06,范丞丞 偶像练习生,4225942916224531,https://m.weibo.cn/detail/4225942916224531,2018-04-06 22:59:00,别骂林彦俊 就凭颜值也够格 NINE PERCENT 第一C位：蔡徐坤（c位） 第二：传奇星娱乐陈立农 第三：乐华娱乐范丞丞 第四：乐华娱乐Justin 第五：香蕉娱乐林彦俊 第六：乐华娱乐朱正廷 第七：简单快乐王子异 第八：果然天空小鬼 第九：香蕉娱乐尤长靖 ​ #偶像练习生# 最爱福西西 @Adam0616 ​​​坤坤 @蔡徐坤 收起 d,0,1,6,8,13
idol_producer_003,范丞丞,偶像练习生,合作舞台阶段,2018-03-03,2018-03-23,范丞丞 偶像练习生,4220869314165879,https://m.weibo.cn/detail/4220869314165879,2018-03-23 22:58:00,#范丞丞# 🍊 #偶像练习生范丞丞# 感谢每一位辛苦投票的丞星宝宝，礼物终于全部解锁，都是一步一个脚印辛辛苦苦投的！一起继续守护我们的福西西 @Adam0616 ​,0,1,4,6,14
idol_producer_003,范丞丞,偶像练习生,排名发布阶段,2018-02-17,2018-03-02,范丞丞 偶像练习生,4213259412354972,https://m.weibo.cn/detail/4213259412354972,2018-03-02 22:59:00,#偶像练习生范丞丞# 丞丞是要往谐星方面发现吗 啊哈哈 二傻子 ​,0,1,3,5,15
idol_producer_003,范丞丞,偶像练习生,总决赛阶段,2018-03-24,2018-04-06,范丞丞 偶像练习生,4225943037927383,https://m.weibo.cn/detail/4225943037927383,2018-04-06 22:59:00,#偶像练习生范丞丞# ​,0,0,5,5,16
idol_producer_003,范丞丞,偶像练习生,合作舞台阶段,2018-03-03,2018-03-23,范丞丞 偶像练习生,4220869142699697,https://m.weibo.cn/detail/4220869142699697,2018-03-23 22:58:00,#范丞丞# #偶像练习生范丞丞# 是我们的暖心boy了 一直为其他兄弟担心的我们丞丞 愿你的努力能被更多人看见 也希望你变得越来越好 你就是你 你是丞星的范丞丞❤️ 2 杭州·下沙街区 ​,0,0,4,4,17
idol_producer_003,范丞丞,偶像练习生,总决赛阶段,2018-03-24,2018-04-06,范丞丞 偶像练习生,4225942983507913,https://m.weibo.cn/detail/4225942983507913,2018-04-06 22:59:00,#偶像练习生# 晚上陪熊孩子没有看直播，在微博和室友 @Sylvanbaby 的解说下看完了，还是激动的哭了半天，我在想，明天看重播我会不会哭的眼肿 蔡徐坤，陈立农，范丞丞，Justin，林彦俊，朱正廷，王子异，小鬼，尤长靖，几个月以来，所有人都辛苦了，你们的努力没有白费，以后的路还很长，慢慢来 收起 d,0,1,2,4,18
idol_producer_003,范丞丞,偶像练习生,初评级阶段,2018-01-19,2018-01-26,范丞丞 偶像练习生,4200574876866381,https://m.weibo.cn/detail/4200574876866381,2018-01-26 22:55:00,第二期偶像练习生观后感 #偶像练习生# 照样打call蔡徐坤 #偶像练习生蔡徐坤# ，Justin， #偶像练习生justin# 朱正延 #偶像练习生朱正廷# 农农 #偶像练习生陈立农# 这次新进了范丞丞， #偶像练习生范丞丞# 觉得很努力，新进了， 还有香蕉娱乐的林超泽 #林超泽# 编舞够厉害和担任队长 陆定昊 #偶像练习生陆定昊# 尤长靖 #偶像练习生尤长靖# 两个主唱 还有唱歌很厉害的钱正昊 #偶像练习生钱正昊# 还有rapper很厉害的小鬼 #偶像练习生小鬼# 朱星杰 #偶像练习生朱星杰# 还有泰国人很有感染力的黄书豪 #黄书豪# 还有钱明昊我们奶罐朋友，目前还没有get到，看看下期 第二期就多了这么多好感得了！ #偶像练习生# 收起 d,0,1,1,3,19
idol_producer_003,范丞丞,偶像练习生,排名发布阶段,2018-02-17,2018-03-02,范丞丞 偶像练习生,4213259257753214,https://m.weibo.cn/detail/4213259257753214,2018-03-02 22:59:00,"#偶像练习生# #偶像练习生蔡徐坤# 巴比龙 @蔡徐坤完炸 小鬼能没有范丞丞rap的好？全面制作人们大概是x掉了,潜gz ​",0,1,1,3,20
idol_producer_003,范丞丞,偶像练习生,合作舞台阶段,2018-03-03,2018-03-23,范丞丞 偶像练习生,4220869100333117,https://m.weibo.cn/detail/4220869100333117,2018-03-23 22:57:00,#偶像练习生# #偶像练习生出道名# 偶像练习生出道名单预测:蔡徐坤 @蔡徐坤 范丞丞 @范丞丞 Justin，陈立农，卜凡，小鬼，朱正廷，（王子异，尤长靖） #偶像练习生出道名单预测# 其中， @蔡徐坤 将以C位出道。pick you！ ​,0,0,3,3,21
idol_producer_003,范丞丞,偶像练习生,合作舞台阶段,2018-03-03,2018-03-23,范丞丞 偶像练习生,4220869591031118,https://m.weibo.cn/detail/4220869591031118,2018-03-23 22:59:00,#范丞丞# #偶像练习生范丞丞# 加油加油加油 @Adam0616 ​,0,0,3,3,22
idol_producer_003,范丞丞,偶像练习生,排名发布阶段,2018-02-17,2018-03-02,范丞丞 偶像练习生,4213259285827053,https://m.weibo.cn/detail/4213259285827053,2018-03-02 22:59:00,看看撑撑就开心啦// @丞和昊 :太可爱了我的宝贝// @范丞丞数据站 : #范丞丞# 🌟 #偶像练习生范丞丞# 哈哈哈哈 我们宝宝最可爱 @Adam0616,0,0,2,2,23
idol_producer_003,范丞丞,偶像练习生,排名发布阶段,2018-02-17,2018-03-02,范丞丞 偶像练习生,4213259474623205,https://m.weibo.cn/detail/4213259474623205,2018-03-02 23:00:00,#偶像练习生# [小伙伴已观看248.6万次]《偶像练习生》【直拍】位置测评《Very Good》范丞丞 (来自 @爱奇艺 ) L 《偶像练习生》【直拍】位置测评《Very Good》范丞丞 ​,0,1,0,2,24
idol_producer_003,范丞丞,偶像练习生,合作舞台阶段,2018-03-03,2018-03-23,范丞丞 偶像练习生,4220869330711700,https://m.weibo.cn/detail/4220869330711700,2018-03-23 22:58:00,我就纳闷了！！！数据站自己没有轮博群吗？？？？全靠粉丝自觉啊？？？逗我呢？！！！// @范丞丞数据站 : #范丞丞# 😜 #偶像练习生VIP千人见面会# 想见范丞丞 @Adam0616,1,0,1,2,25
idol_producer_003,范丞丞,偶像练习生,合作舞台阶段,2018-03-03,2018-03-23,范丞丞 偶像练习生,4220869176075095,https://m.weibo.cn/detail/4220869176075095,2018-03-23 22:58:00,我正在爱奇艺看【《偶像练习生》范丞丞吃完躺下惨遭朱正廷“拖行”】，快来 @爱奇艺 一起看！ O 网页链接 ​,0,0,2,2,26
idol_producer_003,范丞丞,偶像练习生,主题曲考核阶段,2018-01-27,2018-02-02,范丞丞 偶像练习生,4203108764297475,https://m.weibo.cn/detail/4203108764297475,2018-02-02 22:44:00,#范丞丞# #偶像练习生范丞丞# 加油加油加油加油，大侄子别紧张你可以的，看好你哟，你像等待了150年的月亮，让人难以忘记 @Adam0616 2 普洱·公园一号 ​,0,0,1,1,27
idol_producer_003,范丞丞,偶像练习生,合作舞台阶段,2018-03-03,2018-03-23,范丞丞 偶像练习生,4220869427119954,https://m.weibo.cn/detail/4220869427119954,2018-03-23 22:59:00,真醉了 每次都找好久才能看到// @范丞丞数据站 : #范丞丞# 😜 #偶像练习生VIP千人见面会# 想见范丞丞 @Adam0616,1,0,0,1,28
idol_producer_003,范丞丞,偶像练习生,总决赛阶段,2018-03-24,2018-04-06,范丞丞 偶像练习生,4225942957603582,https://m.weibo.cn/detail/4225942957603582,2018-04-06 22:59:00,"恭喜蔡徐坤、陈立农、范丞丞、Justin、林彦俊、朱正廷、王子异、小鬼、尤长靖 成功出道！ #偶像练习生# #蔡徐坤,了解一下# #陈立农# #范丞丞# #黄明昊# #林彦俊# #朱正廷# #小鬼—王琳凯# #尤长靖# 2 曲阜·鲁城街区 ​",0,0,1,1,29
idol_producer_003,范丞丞,偶像练习生,初评级阶段,2018-01-19,2018-01-26,范丞丞 偶像练习生,4200575295396834,https://m.weibo.cn/detail/4200575295396834,2018-01-26 22:57:00,#芒辰分享# 范丞丞忘词 范丞丞 表演 “我永远都要比别人快一步长大”范冰冰弟弟范丞丞因 #偶像练习生# 等级评价现场表演rap忘词，评级不理想在后台哭了并坦言作为范冰冰弟弟压力大，总要比别人快一步长大。 O 网页链接 ​,0,0,0,0,30
idol_producer_004,黄明昊,偶像练习生,主题曲考核阶段,2018-01-27,2018-02-02,黄明昊 偶像练习生,4203104608182005,https://m.weibo.cn/detail/4203104608182005,2018-02-02 22:28:00,#乐华练习生# 小王子 #黄明昊# 的直拍来了！偶像练习生【直拍】小组对决《Can't stop》快来看黄明昊 @jjjustin0219 L 《偶像练习生》【直拍】小组对决《Can't stop》Justin ​​​,884,430,2974,4718,1
idol_producer_004,黄明昊,偶像练习生,总决赛阶段,2018-03-24,2018-04-06,黄明昊 偶像练习生,4225942978582786,https://m.weibo.cn/detail/4225942978582786,2018-04-06 22:59:00,#海报星图# 《偶像练习生》最终出道九人👉🏻 @蔡徐坤 、陈立农 @超级農農 、范丞丞 @Adam0616 、黄明昊 @jjjustin0219 、 @Trainee18-林彦俊 、 @Zzt-朱正廷 、 @BBT王子异 、 @小鬼-王琳凯 、 @Trainee18-尤长靖 ！期待NINE PERCENT为大家带来的惊喜 越努力，越幸运 #蔡徐坤c位出道# #王子异家# #范丞丞爸妈# #陈建州 陈立农# 收起 d,93,635,359,1722,2
idol_producer_004,黄明昊,偶像练习生,主题曲考核阶段,2018-01-27,2018-02-02,黄明昊 偶像练习生,4203101873921242,https://m.weibo.cn/detail/4203101873921242,2018-02-02 22:17:00,#黄明昊# #偶像练习生justin# #黄明昊justin0219生日快乐# 💙 @jjjustin0219 你的星球是否也有一枝玫瑰花🌹 ​,327,83,1034,1527,3
idol_producer_004,黄明昊,偶像练习生,主题曲考核阶段,2018-01-27,2018-02-02,黄明昊 偶像练习生,4203105874995359,https://m.weibo.cn/detail/4203105874995359,2018-02-02 22:33:00,#黄明昊# 🌱 #偶像练习生justin# 🌱 #黄明昊justin0219生日快乐# @jjjustin0219 🌟 180202 偶像练习生 《Can't Stop》直拍 - Justin L 《偶像练习生》【直拍】小组对决《Can't stop》Justin 🔴 投 票️：【 O 网页链接 】*出道投票* 🔴 送 礼️：【 O 网页链接 】 🔴 Pick榜️：【 O 练习生PICK榜 】 🔴 明星势力榜 ：【 微博正文 】 🔴 小红书打Call️：【 O 网页链接 】 🔴 泡泡圈冲榜：【 O 网页链接 】 📍泡泡圈寄信规则：【 微博正文 】 📍 个人资料页PC端：【 O 网页链接 】 📍 个人资料页手机端：【 O 网页链接 】 📍 小红书主页：【 O 网页链接 】 🌟Justinの加油补血包：【 O 网页链接 】 🎂生日集资【 O 网页链接 】 🎂Owhat生日开屏应援活动【 O 网页链接 】 🎂生日应援Part1【 微博正文 】 📍 招新(都招)【 微博正文 】 📍 每日净化【 微博正文 】 收起 d,311,134,644,1223,4
idol_producer_004,黄明昊,偶像练习生,初评级阶段,2018-01-19,2018-01-26,黄明昊 偶像练习生,4200573580761934,https://m.weibo.cn/detail/4200573580761934,2018-01-26 22:50:00,#偶像练习生# 黄明昊跳舞rap简直不要太精彩，乐华七子的练习生，最看好的就是你了 @黄明昊 加油！ ​,316,1,508,826,5
idol_producer_004,黄明昊,偶像练习生,总决赛阶段,2018-03-24,2018-04-06,黄明昊 偶像练习生,4225942932737722,https://m.weibo.cn/detail/4225942932737722,2018-04-06 22:59:00,偶像练习生Nine Percent 九人出道 第一名C位出道：蔡徐坤 第二名：陈立农 第三名：范丞丞 第四名：justin黄明昊 第五名：林彦俊 第六名：朱正廷 第七名：王子异 第八名：小鬼王琳凯 第九名：尤长靖 ​​​ 恭喜恭喜 ​,88,200,203,691,6
idol_producer_004,黄明昊,偶像练习生,总决赛阶段,2018-03-24,2018-04-06,黄明昊 偶像练习生,4225942891525328,https://m.weibo.cn/detail/4225942891525328,2018-04-06 22:59:00,#黄明昊# ✨ #偶像练习生justin# ✨ #百变精灵justin# 三个多月来的努力没有白费，一步一个脚印，你做到了，Justin出道快乐，nana们永远是你最坚强的后盾 @jjjustin0219,39,44,413,540,7
idol_producer_004,黄明昊,偶像练习生,总决赛阶段,2018-03-24,2018-04-06,黄明昊 偶像练习生,4225943029187481,https://m.weibo.cn/detail/4225943029187481,2018-04-06 22:59:00,偶像练习生九人天团诞生：蔡徐坤第一c位出道， 陈立农第二， ​​​范丞丞第三，Justin黄明昊第四，林彦俊黑马第五，朱正廷第六，王子异第七，小鬼第八，尤长靖第九，可惜了毕文珺第十离出道只有一步之遥……话说这个排名你们还满意吗？ ​​​,11,88,292,479,8
idol_producer_004,黄明昊,偶像练习生,总决赛阶段,2018-03-24,2018-04-06,黄明昊 偶像练习生,4225942954073934,https://m.weibo.cn/detail/4225942954073934,2018-04-06 22:59:00,#偶像练习生# 恭喜九强… #蔡徐坤# #陈立农# #范丞丞# #黄明昊# #林彦俊# #朱正廷# #王子异# #小鬼—王琳凯# #尤长靖# 未来的路还很长，愿你们都能成为真正有实力的偶像，别让爱你们的粉丝失望！ ​,102,68,137,375,9
idol_producer_004,黄明昊,偶像练习生,排名发布阶段,2018-02-17,2018-03-02,黄明昊 偶像练习生,4213258066015068,https://m.weibo.cn/detail/4213258066015068,2018-03-02 22:54:00,#黄明昊# #偶像练习生# 今早上班的Justin 吹干头发再去上班吧 各位多给Justin多投票吧 @jjjustin0219 ​,48,15,151,229,10
idol_producer_004,黄明昊,偶像练习生,位置测评阶段,2018-02-03,2018-02-16,黄明昊 偶像练习生,4208181980472754,https://m.weibo.cn/detail/4208181980472754,2018-02-16 22:43:00,你已经是我们的骄傲了 #偶像练习生justin# #黄明昊# #justin黄明昊# ​,0,4,101,109,11
idol_producer_004,黄明昊,偶像练习生,主题曲考核阶段,2018-01-27,2018-02-02,黄明昊 偶像练习生,4203098844578512,https://m.weibo.cn/detail/4203098844578512,2018-02-02 22:05:00,#偶像练习生# 乐华家上位圈 #范丞丞# 第三 #justin黄明昊# 第四 #朱正廷# 第五，和上周排名对比没升也没降，踏实了？醒醒吧！ 下位圈 #丁泽仁# 21 #毕雯珺# 25 #黄新淳# 29 #李权哲# 30，对比上周排名这是在比谁掉得快呀 各位乐华家的亲别墙头了专心自家吧，给别人投一票就是把自家人往外推了一把，如果第一轮7人有人淘汰，恭喜你成功了。 收起 d,8,18,30,74,12
idol_producer_004,黄明昊,偶像练习生,初评级阶段,2018-01-19,2018-01-26,黄明昊 偶像练习生,4200575447383658,https://m.weibo.cn/detail/4200575447383658,2018-01-26 22:58:00,#黄明昊# #偶像练习生justin# 爱奇艺《偶像练习生》的Justin黄明昊！ 来自温州的2002年的弟弟！可盐可甜 值得入股！喜欢就pick他一票吧！👉 O 网页链接 《shape of you》直拍👉 L 娱乐一番姐的秒拍视频 ​​​,4,11,12,38,13
idol_producer_004,黄明昊,偶像练习生,位置测评阶段,2018-02-03,2018-02-16,黄明昊 偶像练习生,4208182580885190,https://m.weibo.cn/detail/4208182580885190,2018-02-16 22:46:00,#偶像练习生justin# #黄明昊# 人生如若初相见。好像光忘了要将前方照亮，却出现了一片温暖的星光。Justin这个比我小好几岁的弟弟一定会出道，一定会越来越好。 ​,1,0,35,36,14
idol_producer_004,黄明昊,偶像练习生,合作舞台阶段,2018-03-03,2018-03-23,黄明昊 偶像练习生,4220869364704815,https://m.weibo.cn/detail/4220869364704815,2018-03-23 22:58:00,#黄明昊# #偶像练习生# #黄明昊偶像练习生# #justin偶像练习生# 虽然只是个广告，但是崽崽真的好帅！温州少年贾富贵真的不了解一下嘛？ @jjjustin0219 L 浅雪晗晞的秒拍视频 ​,2,3,27,35,15
idol_producer_004,黄明昊,偶像练习生,总决赛阶段,2018-03-24,2018-04-06,黄明昊 偶像练习生,4225942874137451,https://m.weibo.cn/detail/4225942874137451,2018-04-06 22:59:00,#美空推荐# #偶像练习生# 恭喜蔡徐坤 @蔡徐坤 、陈立农 @超级農農 、范丞丞 @Fancyou0616_范丞丞 、Justin黄明昊 @jjjustin0219 、林彦俊 @Trainee18-林彦俊 、朱正廷 @Zzt-朱正廷 、王子异 @BBT王子异 、小鬼 @小鬼-王琳凯 、尤长靖 @Trainee18-尤长靖 以【偶像练习生Nine Percent】男团正式出道，越努力越幸运，不忘初心，加油！ 收起 d,0,5,25,35,16
idol_producer_004,黄明昊,偶像练习生,排名发布阶段,2018-02-17,2018-03-02,黄明昊 偶像练习生,4213259055475142,https://m.weibo.cn/detail/4213259055475142,2018-03-02 22:58:00,#黄明昊# 🍼 #偶像练习生justin# 🍼 @jjjustin0219 谢谢王嘉尔老师的指导，黄明昊的巴比龙超级棒,7,0,27,34,17
idol_producer_004,黄明昊,偶像练习生,合作舞台阶段,2018-03-03,2018-03-23,黄明昊 偶像练习生,4220869335775948,https://m.weibo.cn/detail/4220869335775948,2018-03-23 22:58:00,✨ #黄明昊# ✨ #偶像练习生VIP千人见面会# Justin @泡泡社区 @jjjustin0219,3,0,28,31,18
idol_producer_004,黄明昊,偶像练习生,排名发布阶段,2018-02-17,2018-03-02,黄明昊 偶像练习生,4213257122152342,https://m.weibo.cn/detail/4213257122152342,2018-03-02 22:50:00,看到黄明昊小朋友情绪低落自己眼泪都要流出来可能因为你还小成长真的好明显18岁的时候你当个能养活自己的偶像而不是温州富商啊哈哈哈 刚刚找图的时候也全是给小朋友投票的图片加油nana们和富贵 @jjjustin0219 #偶像练习生justin# #黄明昊# @j ​,0,1,24,26,19
idol_producer_004,黄明昊,偶像练习生,排名发布阶段,2018-02-17,2018-03-02,黄明昊 偶像练习生,4213257189926314,https://m.weibo.cn/detail/4213257189926314,2018-03-02 22:50:00,#黄明昊# 🌱 #偶像练习生justin# dbq我在干嘛我不知道 但我知道在别人视频里夹缝找汀真的绝望 今天快结束了 礼物四解锁了吗 还没有 溜了 L 白勺糖_的秒拍视频 ​,1,3,17,24,20
idol_producer_004,黄明昊,偶像练习生,排名发布阶段,2018-02-17,2018-03-02,黄明昊 偶像练习生,4213258469225459,https://m.weibo.cn/detail/4213258469225459,2018-03-02 22:56:00,#偶像练习生justin# #黄明昊# 可给我的小宝贝吓坏了！胡撸胡撸毛！不怕不怕！ L 全都要半糖的秒拍视频 ​,1,1,18,21,21
idol_producer_004,黄明昊,偶像练习生,排名发布阶段,2018-02-17,2018-03-02,黄明昊 偶像练习生,4213257235025646,https://m.weibo.cn/detail/4213257235025646,2018-03-02 22:51:00,看偶像练习生要笑死 乐华line太逗了，尤其wuli崽 #justin黄明昊# 和 #范丞丞# ，黄新淳舞台那会儿突然叫起来说爱你打call，旁边的人都被搞懵圈了哈哈哈哈哈哈一个个表情太逗了 ​,0,1,5,7,22
idol_producer_004,黄明昊,偶像练习生,排名发布阶段,2018-02-17,2018-03-02,黄明昊 偶像练习生,4213259017577958,https://m.weibo.cn/detail/4213259017577958,2018-03-02 22:58:00,#偶像练习生# 第七期正片震撼来袭！正片传送门戳这里 >>> L 偶像练习生之张艺兴表白粉丝 “霸总”范丞丞原创歌词惹人心疼 九组精彩热血舞台轮番轰炸你的视听感受，与下次淘汰息息相关的十五万票“争夺战”紧张刺激，从幕后到台前所有欢笑、拼搏和泪水全部呈现！ 全民制作人代表张艺兴 @努力努力再努力x 携手导师团 @李荣浩 @王嘉尔 @欧阳靖MCjin @宇宙少女_程潇 @周洁琼_OFFICIAL 给你元宵节超享受舞台盛宴！ 收起 d,0,2,0,4,23
idol_producer_004,黄明昊,偶像练习生,合作舞台阶段,2018-03-03,2018-03-23,黄明昊 偶像练习生,4220869116876099,https://m.weibo.cn/detail/4220869116876099,2018-03-23 22:58:00,#黄明昊# 🌱 #偶像练习生justin# 黄明昊Justin加油！ @jjjustin0219 @jjjustin0219 @jjjustin0219 // @Justinmyeyes明昊中文首站 : #黄明昊# 🌱 #偶像练习生justin# @jjjustin0219 告别脆弱，发现强韧自己 感谢把我们justin拍的这么帅！,0,0,4,4,24
idol_producer_004,黄明昊,偶像练习生,总决赛阶段,2018-03-24,2018-04-06,黄明昊 偶像练习生,4225942986973509,https://m.weibo.cn/detail/4225942986973509,2018-04-06 22:59:00,#黄明昊# #偶像练习生justin# 今天是你人生中最重要的一天之一 出道快乐 justin nana们保证 以后给你最好的 @jjjustin0219 ​,0,0,3,3,25
idol_producer_004,黄明昊,偶像练习生,主题曲考核阶段,2018-01-27,2018-02-02,黄明昊 偶像练习生,4203108797918390,https://m.weibo.cn/detail/4203108797918390,2018-02-02 22:44:00,#justin黄明昊# #黄明昊# #偶像练习生# 啊啊啊啊富贵要努力哦～掉到B不要害怕 这次一定努力送你出道 ​,0,1,0,2,26
idol_producer_004,黄明昊,偶像练习生,排名发布阶段,2018-02-17,2018-03-02,黄明昊 偶像练习生,4213257516722805,https://m.weibo.cn/detail/4213257516722805,2018-03-02 22:52:00,#偶像练习生# #范丞丞# #justin黄明昊# #卜凡# 为你们打call不要停哈哈哈哈 ​,0,1,0,2,27
idol_producer_004,黄明昊,偶像练习生,合作舞台阶段,2018-03-03,2018-03-23,黄明昊 偶像练习生,4220869083519052,https://m.weibo.cn/detail/4220869083519052,2018-03-23 22:57:00,#黄明昊# 🌱 #偶像练习生justin# 黄明昊Justin加油！ @jjjustin0219 @jjjustin0219 @jjjustin0219 // @Justinmyeyes明昊中文首站 : #黄明昊# 🌱 #偶像练习生justin# @jjjustin0219 告别脆弱，发现强韧自己 感谢把我们justin拍的这么帅！,0,0,2,2,28
idol_producer_004,黄明昊,偶像练习生,合作舞台阶段,2018-03-03,2018-03-23,黄明昊 偶像练习生,4220869293151490,https://m.weibo.cn/detail/4220869293151490,2018-03-23 22:58:00,#黄明昊# 🌱 #偶像练习生justin# 黄明昊Justin @jjjustin0219 @jjjustin0219 @jjjustin0219,0,0,1,1,29
idol_producer_004,黄明昊,偶像练习生,总决赛阶段,2018-03-24,2018-04-06,黄明昊 偶像练习生,4225942957603582,https://m.weibo.cn/detail/4225942957603582,2018-04-06 22:59:00,"恭喜蔡徐坤、陈立农、范丞丞、Justin、林彦俊、朱正廷、王子异、小鬼、尤长靖 成功出道！ #偶像练习生# #蔡徐坤,了解一下# #陈立农# #范丞丞# #黄明昊# #林彦俊# #朱正廷# #小鬼—王琳凯# #尤长靖# 2 曲阜·鲁城街区 ​",0,0,1,1,30
idol_producer_005,林彦俊,偶像练习生,总决赛阶段,2018-03-24,2018-04-06,林彦俊 偶像练习生,4225942978582786,https://m.weibo.cn/detail/4225942978582786,2018-04-06 22:59:00,#海报星图# 《偶像练习生》最终出道九人👉🏻 @蔡徐坤 、陈立农 @超级農農 、范丞丞 @Adam0616 、黄明昊 @jjjustin0219 、 @Trainee18-林彦俊 、 @Zzt-朱正廷 、 @BBT王子异 、 @小鬼-王琳凯 、 @Trainee18-尤长靖 ！期待NINE PERCENT为大家带来的惊喜 越努力，越幸运 #蔡徐坤c位出道# #王子异家# #范丞丞爸妈# #陈建州 陈立农# 收起 d,93,635,359,1722,1
idol_producer_005,林彦俊,偶像练习生,总决赛阶段,2018-03-24,2018-04-06,林彦俊 偶像练习生,4225942949557649,https://m.weibo.cn/detail/4225942949557649,2018-04-06 22:59:00,#偶像练习生# Nine Percent最终出道成员：蔡徐坤、陈立农、范丞丞、Justin、林彦俊、朱正廷、小鬼、王子异、尤长靖！ ​,48,197,703,1145,2
idol_producer_005,林彦俊,偶像练习生,总决赛阶段,2018-03-24,2018-04-06,林彦俊 偶像练习生,4225942932737722,https://m.weibo.cn/detail/4225942932737722,2018-04-06 22:59:00,偶像练习生Nine Percent 九人出道 第一名C位出道：蔡徐坤 第二名：陈立农 第三名：范丞丞 第四名：justin黄明昊 第五名：林彦俊 第六名：朱正廷 第七名：王子异 第八名：小鬼王琳凯 第九名：尤长靖 ​​​ 恭喜恭喜 ​,88,200,203,691,3
idol_producer_005,林彦俊,偶像练习生,总决赛阶段,2018-03-24,2018-04-06,林彦俊 偶像练习生,4225943029187481,https://m.weibo.cn/detail/4225943029187481,2018-04-06 22:59:00,偶像练习生九人天团诞生：蔡徐坤第一c位出道， 陈立农第二， ​​​范丞丞第三，Justin黄明昊第四，林彦俊黑马第五，朱正廷第六，王子异第七，小鬼第八，尤长靖第九，可惜了毕文珺第十离出道只有一步之遥……话说这个排名你们还满意吗？ ​​​,11,88,292,479,4
idol_producer_005,林彦俊,偶像练习生,总决赛阶段,2018-03-24,2018-04-06,林彦俊 偶像练习生,4225942954073934,https://m.weibo.cn/detail/4225942954073934,2018-04-06 22:59:00,#偶像练习生# 恭喜九强… #蔡徐坤# #陈立农# #范丞丞# #黄明昊# #林彦俊# #朱正廷# #王子异# #小鬼—王琳凯# #尤长靖# 未来的路还很长，愿你们都能成为真正有实力的偶像，别让爱你们的粉丝失望！ ​,102,68,137,375,5
idol_producer_005,林彦俊,偶像练习生,位置测评阶段,2018-02-03,2018-02-16,林彦俊 偶像练习生,4208183649934897,https://m.weibo.cn/detail/4208183649934897,2018-02-16 22:50:00,#偶像练习生# 第一轮前60名： 蔡徐坤/陈立农/范丞丞/Justin/朱正廷/小鬼/卜凡/李权哲/何东东/尤长靖/王子异/Jeffrey/秦奋/林超泽/朱星杰/灵超/钱正昊/董岩磊/韩沐伯/丁泽仁/岳岳/左叶/徐凯皓/木子洋/郑锐彬/毕雯珺/周彦辰/林彦俊/李希侃/陆定昊/周锐/黄书豪/黄新淳/罗正/张达源/李让/贝汯璘/李长庚/陈斯琪/韩雍杰/秦子墨/武连杰/覃俊毅/娄滋博/靖佩瑶/余明君/陈名豪/明鹏/杨非同/朱匀一/伽里/凌崎/朱匀天/徐圣恩/李俊毅/张奕轩/王艺龙/姜达赫/胡致邦/梁辉 乐华女孩绝不认输 收起 d,2,32,106,172,6
idol_producer_005,林彦俊,偶像练习生,总决赛阶段,2018-03-24,2018-04-06,林彦俊 偶像练习生,4225943046001670,https://m.weibo.cn/detail/4225943046001670,2018-04-06 22:59:00,谁能想到我这个看偶像练习生的路人突然最后出道这一期get了尤长靖跟林彦俊的cp！！！！那个拥抱！！！！那个眼神！！！啊啊啊啊啊~~~原来叫长得俊~~~~啊啊啊啊，老夫的少女心~~~~ ​,2,15,78,110,7
idol_producer_005,林彦俊,偶像练习生,主题曲考核阶段,2018-01-27,2018-02-02,林彦俊 偶像练习生,4203098828438812,https://m.weibo.cn/detail/4203098828438812,2018-02-02 22:05:00,#林彦俊# 来来来！我正在爱奇艺看《偶像练习生》【直拍】小组对决《代号魂斗罗》林彦俊，快来 @爱奇艺 一起看！ L 《偶像练习生》【直拍】小组对决《代号魂斗罗》林彦俊 ​,42,4,53,103,8
idol_producer_005,林彦俊,偶像练习生,排名发布阶段,2018-02-17,2018-03-02,林彦俊 偶像练习生,4213257034125827,https://m.weibo.cn/detail/4213257034125827,2018-03-02 22:50:00,#林彦俊# 💕 #偶像练习生林彦俊# 【林彦俊 Jeffrey】【 O 林彦俊 Jeffrey 】甜甜的林彦俊了解一下 @Trainee18-林彦俊,25,5,8,43,9
idol_producer_005,林彦俊,偶像练习生,排名发布阶段,2018-02-17,2018-03-02,林彦俊 偶像练习生,4213258388935689,https://m.weibo.cn/detail/4213258388935689,2018-03-02 22:55:00,#林彦俊# #偶像练习生林彦俊# 暗搓搓分享几个表情包哈哈哈哈 ​,2,10,20,42,10
idol_producer_005,林彦俊,偶像练习生,排名发布阶段,2018-02-17,2018-03-02,林彦俊 偶像练习生,4213257340676362,https://m.weibo.cn/detail/4213257340676362,2018-03-02 22:51:00,看了新一期偶像练习生，真的很想骂271 很多小哥哥颜值实力都在线，镜头却给的很少 mmp镜头这么少，怎么吸引路人啊 还是说你们早就决定出道的9个人了 心疼我们林彦俊，灵超，朱匀天，朱匀一，周锐 ​,0,8,25,41,11
idol_producer_005,林彦俊,偶像练习生,总决赛阶段,2018-03-24,2018-04-06,林彦俊 偶像练习生,4225942966685455,https://m.weibo.cn/detail/4225942966685455,2018-04-06 22:59:00,偶像练习生出道九人团终于出来了，其实已经注定八个了，万万没想到林彦俊竟然前九还是第五 我的灵超DIDI就这样淘汰了 NINE PERCENT组合正式成立了 以后我就不pick你们了，还是好好的喜欢我鹿哥，绝无二心 ​,0,6,16,28,12
idol_producer_005,林彦俊,偶像练习生,排名发布阶段,2018-02-17,2018-03-02,林彦俊 偶像练习生,4213259378127298,https://m.weibo.cn/detail/4213259378127298,2018-03-02 22:59:00,#偶像练习生林彦俊# #偶像练习生# 我想的事有： 将春风留给你 将诗歌赠予你 将星月装进你的眼眸 将桃花酿盛进你的酒窝 我想同你步入森林里的蜿蜒小径，将花香还给你。你是一场风花雪月，又是活在我脉络里的唯一。 整个世间的颜色因你的存在变为黑白，你是调色盘、亦是画笔，寥落山海皆作你的衬托。 你伴着晨光降临，又在无人知晓的夜晚，伴着薄雾消失。 已经是深夜了，嘘。 林彦俊——晚安 @Trainee18-林彦俊 收起 d,2,0,18,20,13
idol_producer_005,林彦俊,偶像练习生,合作舞台阶段,2018-03-03,2018-03-23,林彦俊 偶像练习生,4220869053751370,https://m.weibo.cn/detail/4220869053751370,2018-03-23 22:57:00,#哔哩哔哩# O 网页链接 喜欢死这首歌了 要是能听到第一期节目里唱的那个版本就更开心了 #林彦俊# #偶像练习生# ​,1,3,4,11,14
idol_producer_005,林彦俊,偶像练习生,合作舞台阶段,2018-03-03,2018-03-23,林彦俊 偶像练习生,4220869025017349,https://m.weibo.cn/detail/4220869025017349,2018-03-23 22:57:00,"目前私心希望出道的人有蔡徐坤，朱正廷，范丞丞，Justin，Jeffrey,林彦俊，王子异。陈立农肯定也会有的，剩下一个suprise me 吧!希望是惊喜，不要是惊吓!希望各方面能跟这个团搭一点吧！好像这个团rapper比较多啊，希望大家以后能够balence一下吧!还有，真心喜欢Jeffrey,不是因为他家世多么显赫，而是因为他在那么好的外在条件下还可以这么有礼貌，这么谦虚!可爱哈哈哈!子异也很非常优秀!林彦俊哈哈哈新头发还不错!送走的练习生很多都很不错，罗正，希望去演戏吧！不要浪费那么好的颜!周锐，也可以发展发展演戏道路哈哈!木子洋继续时尚道路吧！丁泽仁继续加油，实力很强的练习生,今天换了发型真的get到颜了!李权哲，很可爱的练习生，也是有实力的练习生，加油!娄滋博确定是要回河南种地吗？哈哈哈，其实还蛮有可塑性的。韩沐伯真的是可惜了，有才唱歌也很好!回去和左叶继续加油!周彦辰，真的，实力也很强!感谢 #偶像练习生# 让我认识了你们!加油!我也要加油! 收起 d",0,3,0,6,15
idol_producer_005,林彦俊,偶像练习生,主题曲考核阶段,2018-01-27,2018-02-02,林彦俊 偶像练习生,4203088014972710,https://m.weibo.cn/detail/4203088014972710,2018-02-02 21:22:00,#偶像练习生# #林彦俊# #偶像练习生林彦俊# 正片到啦！今天的正片超级超级长有没有！快快看起来吧！同时，不要忘记给俊俊投票呀 我正在爱奇艺看偶像练习生之选手再评级惹张艺兴发火 主题曲舞台拉响C位争夺战，快来 @爱奇艺 一起看！ L 偶像练习生之选手再评级惹张艺兴发火 主题曲舞台拉响C位争夺战 ​,2,1,0,4,16
idol_producer_005,林彦俊,偶像练习生,主题曲考核阶段,2018-01-27,2018-02-02,林彦俊 偶像练习生,4203102351246458,https://m.weibo.cn/detail/4203102351246458,2018-02-02 22:19:00,#偶像练习生# #林彦俊# 来看满屏都是俊俊的舞台吧！总是给我们无限惊喜的俊俊！加油 我正在爱奇艺看《偶像练习生》【直拍】小组对决《代号魂斗罗》林彦俊，快来 @爱奇艺 一起看！ L 《偶像练习生》【直拍】小组对决《代号魂斗罗》林彦俊 ​,0,0,4,4,17
idol_producer_005,林彦俊,偶像练习生,合作舞台阶段,2018-03-03,2018-03-23,林彦俊 偶像练习生,4220869569520899,https://m.weibo.cn/detail/4220869569520899,2018-03-23 22:59:00,哈哈哈哈哈哈哈哈哈哈哈哈哈哈哈哈哈哈// @林彦俊资源博 : #林彦俊# 💚 #偶像练习生林彦俊# 180323 下班【饭拍】【视频】 一则,0,2,0,4,18
idol_producer_005,林彦俊,偶像练习生,总决赛阶段,2018-03-24,2018-04-06,林彦俊 偶像练习生,4225942983507913,https://m.weibo.cn/detail/4225942983507913,2018-04-06 22:59:00,#偶像练习生# 晚上陪熊孩子没有看直播，在微博和室友 @Sylvanbaby 的解说下看完了，还是激动的哭了半天，我在想，明天看重播我会不会哭的眼肿 蔡徐坤，陈立农，范丞丞，Justin，林彦俊，朱正廷，王子异，小鬼，尤长靖，几个月以来，所有人都辛苦了，你们的努力没有白费，以后的路还很长，慢慢来 收起 d,0,1,2,4,19
idol_producer_005,林彦俊,偶像练习生,总决赛阶段,2018-03-24,2018-04-06,林彦俊 偶像练习生,4225942928843452,https://m.weibo.cn/detail/4225942928843452,2018-04-06 22:59:00,"圆满了 感动，坤坤是偶像练习生之王，恭喜坤坤C位出道，巨C,拉断层 @蔡徐坤 #蔡徐坤# 今后我们一起成长一起加油吧 内心默默支持的尤长靖和林彦俊也顺利出道了，恭喜 @尤长靖 @林彦俊 披金成王，伴坤远航！坤坤你是舞台之王，你是最优秀的！ @蔡徐坤 今后希望可以多看看你在舞台上绽放自我，自信的样子，真不愧是我喜欢的 @蔡徐坤 ！！ 接下来，我也要努力了，朝着我的目标前进，谢谢你给我带来动力，我也会加油的，一起加油吧！ 坤坤 @蔡徐坤 永远爱你，作为ikun永远支持你！！！ 2 台州·三甲街区 收起 d",0,0,4,4,20
idol_producer_005,林彦俊,偶像练习生,主题曲考核阶段,2018-01-27,2018-02-02,林彦俊 偶像练习生,4203090519971879,https://m.weibo.cn/detail/4203090519971879,2018-02-02 21:32:00,#偶像练习生林彦俊# #偶像练习生# 本周排名27，比上周前进了4名，大家继续努力～一起加油加油！ ​,1,0,2,3,21
idol_producer_005,林彦俊,偶像练习生,主题曲考核阶段,2018-01-27,2018-02-02,林彦俊 偶像练习生,4203081321836141,https://m.weibo.cn/detail/4203081321836141,2018-02-02 20:55:00,#偶像练习生# #偶像练习生林彦俊# 等待节目的时候，一起来看偶像有新番吧，有很多帅气的俊俊在！ 我正在爱奇艺看《偶像有新番》Justin打呼似火车 朱正廷深夜叫妈妈，快来 @爱奇艺 一起看！ L 《偶像有新番》Justin打呼似火车 朱正廷深夜叫妈妈 ​,0,1,0,2,22
idol_producer_005,林彦俊,偶像练习生,合作舞台阶段,2018-03-03,2018-03-23,林彦俊 偶像练习生,4220869180272582,https://m.weibo.cn/detail/4220869180272582,2018-03-23 22:58:00,我正在爱奇艺看【 #明星来了# O 3月24日晚7点林彦俊在线互动 】Hello，全民制作人们，我是林彦俊，谢谢大家对《偶像练习生》的喜爱与支持，也非常感谢你们为我投票，在泡泡圈为我打榜。有你们的爱和鼓励，未来 O 网页链接 ​,0,1,0,2,23
idol_producer_005,林彦俊,偶像练习生,总决赛阶段,2018-03-24,2018-04-06,林彦俊 偶像练习生,4225943050537162,https://m.weibo.cn/detail/4225943050537162,2018-04-06 22:59:00,【偶像练习生 出道九人团名单】今晚，《偶像练习生》总决赛最终排名出炉！恭喜蔡徐坤、陈立农、范丞丞、Justin、林彦俊、朱正廷、王子异、小鬼、尤长靖出道！ O 《偶练》九人团名单公布 第一名 @蔡徐坤 ：4764万0887票 第二名陈立农 @超级農農 ：2044万1802票 第三名范丞丞 @Adam0616 ：1551万7014票 第四名Justin @jjjustin0219 ：1457万4594票 第五名 @Trainee18-林彦俊 ：1213万1367票 第六名 @Zzt-朱正廷 ：1193万8796票 第七名 @BBT王子异 ：856万1329票 第八名 @小鬼-王琳凯 ：785万6601票 第九名 @Trainee18-尤长靖 ：770万6054票 收起 d,0,1,0,2,24
idol_producer_005,林彦俊,偶像练习生,总决赛阶段,2018-03-24,2018-04-06,林彦俊 偶像练习生,4225942983763419,https://m.weibo.cn/detail/4225942983763419,2018-04-06 22:59:00,#偶像练习生# #林彦俊# 好了，追了这么久的大厂练习生们终于选出来了 不过，林彦俊啊 妈呀，第五名出来的时候我在客厅叫出了声啊 真的就泪奔了 我真的没想到过，哭死我了 孩子真的熬出来了，虽然，我很难过的是我家大田哥要回家种田了，可是林彦俊真的给了我欣慰了 ​,0,0,2,2,25
idol_producer_005,林彦俊,偶像练习生,总决赛阶段,2018-03-24,2018-04-06,林彦俊 偶像练习生,4225942945924144,https://m.weibo.cn/detail/4225942945924144,2018-04-06 22:59:00,#偶像练习生# 第九名公布时真的紧张得我直发抖！！！结果出来后直接尖叫！！！恭喜尤长靖！ 实力vocal 真的和林彦俊一起出道了 看到你俩抱在一起超开心超感动啊 其他孩子也都很棒啊！恭喜九位练习生出道了！！！ ​,2,0,0,2,26
idol_producer_005,林彦俊,偶像练习生,总决赛阶段,2018-03-24,2018-04-06,林彦俊 偶像练习生,4225943050765919,https://m.weibo.cn/detail/4225943050765919,2018-04-06 23:00:00,林彦俊真的没猜到！有鬼吓人那圈粉了吧，综艺咖～ 可以可以～这9个人我是超级喜欢 @蔡徐坤 @超级農農 @Adam0616 @jjjustin0219 @Trainee18-林彦俊 @Zzt-朱正廷 @BBT王子异 @小鬼-王琳凯 @Trainee18-尤长进 #偶像练习生# #Nine Percent# ​,0,0,2,2,27
idol_producer_005,林彦俊,偶像练习生,排名发布阶段,2018-02-17,2018-03-02,林彦俊 偶像练习生,4213257969594985,https://m.weibo.cn/detail/4213257969594985,2018-03-02 22:54:00,林彦俊 Jeffrey// @智慧树下俊和我 : #林彦俊# 💕 #偶像练习生林彦俊# // @林彦俊数据站 : #林彦俊# 💕 #偶像练习生林彦俊# 【林彦俊 Jeffrey】【 O 林彦俊 Jeffrey 】甜甜的林彦俊了解一下 @Trainee18-林彦俊,1,0,0,1,28
idol_producer_005,林彦俊,偶像练习生,合作舞台阶段,2018-03-03,2018-03-23,林彦俊 偶像练习生,4220869037013998,https://m.weibo.cn/detail/4220869037013998,2018-03-23 22:57:00,#林彦俊# 彦俊obba真的太帅了！又man又帅！鬼屋特辑了解一下？ #偶像练习生#,0,0,1,1,29
idol_producer_005,林彦俊,偶像练习生,合作舞台阶段,2018-03-03,2018-03-23,林彦俊 偶像练习生,4220869422683010,https://m.weibo.cn/detail/4220869422683010,2018-03-23 22:59:00,#偶像练习生林彦俊# #林彦俊 鬼屋# #林彦俊# 抡一抡话题,1,0,0,1,30
idol_producer_006,朱正廷,偶像练习生,总决赛阶段,2018-03-24,2018-04-06,朱正廷 偶像练习生,4225942978582786,https://m.weibo.cn/detail/4225942978582786,2018-04-06 22:59:00,#海报星图# 《偶像练习生》最终出道九人👉🏻 @蔡徐坤 、陈立农 @超级農農 、范丞丞 @Adam0616 、黄明昊 @jjjustin0219 、 @Trainee18-林彦俊 、 @Zzt-朱正廷 、 @BBT王子异 、 @小鬼-王琳凯 、 @Trainee18-尤长靖 ！期待NINE PERCENT为大家带来的惊喜 越努力，越幸运 #蔡徐坤c位出道# #王子异家# #范丞丞爸妈# #陈建州 陈立农# 收起 d,93,635,359,1722,1
idol_producer_006,朱正廷,偶像练习生,总决赛阶段,2018-03-24,2018-04-06,朱正廷 偶像练习生,4225942949557649,https://m.weibo.cn/detail/4225942949557649,2018-04-06 22:59:00,#偶像练习生# Nine Percent最终出道成员：蔡徐坤、陈立农、范丞丞、Justin、林彦俊、朱正廷、小鬼、王子异、尤长靖！ ​,48,197,703,1145,2
idol_producer_006,朱正廷,偶像练习生,总决赛阶段,2018-03-24,2018-04-06,朱正廷 偶像练习生,4225942932737722,https://m.weibo.cn/detail/4225942932737722,2018-04-06 22:59:00,偶像练习生Nine Percent 九人出道 第一名C位出道：蔡徐坤 第二名：陈立农 第三名：范丞丞 第四名：justin黄明昊 第五名：林彦俊 第六名：朱正廷 第七名：王子异 第八名：小鬼王琳凯 第九名：尤长靖 ​​​ 恭喜恭喜 ​,88,200,203,691,3
idol_producer_006,朱正廷,偶像练习生,总决赛阶段,2018-03-24,2018-04-06,朱正廷 偶像练习生,4225943029187481,https://m.weibo.cn/detail/4225943029187481,2018-04-06 22:59:00,偶像练习生九人天团诞生：蔡徐坤第一c位出道， 陈立农第二， ​​​范丞丞第三，Justin黄明昊第四，林彦俊黑马第五，朱正廷第六，王子异第七，小鬼第八，尤长靖第九，可惜了毕文珺第十离出道只有一步之遥……话说这个排名你们还满意吗？ ​​​,11,88,292,479,4
idol_producer_006,朱正廷,偶像练习生,总决赛阶段,2018-03-24,2018-04-06,朱正廷 偶像练习生,4225942954073934,https://m.weibo.cn/detail/4225942954073934,2018-04-06 22:59:00,#偶像练习生# 恭喜九强… #蔡徐坤# #陈立农# #范丞丞# #黄明昊# #林彦俊# #朱正廷# #王子异# #小鬼—王琳凯# #尤长靖# 未来的路还很长，愿你们都能成为真正有实力的偶像，别让爱你们的粉丝失望！ ​,102,68,137,375,5
idol_producer_006,朱正廷,偶像练习生,排名发布阶段,2018-02-17,2018-03-02,朱正廷 偶像练习生,4213259316356816,https://m.weibo.cn/detail/4213259316356816,2018-03-02 22:59:00,#朱正廷偶像练习生# #朱正廷# 你说你要给张pd一个惊喜，你做到！感谢张艺兴pd的歌，给了正正展现自己的机会！堪称完美的舞台，精准的踩点让每一个观众忍不住为你打call！踩点仙子！【朱正廷 sheep】 ​,3,14,150,181,6
idol_producer_006,朱正廷,偶像练习生,合作舞台阶段,2018-03-03,2018-03-23,朱正廷 偶像练习生,4220869494367196,https://m.weibo.cn/detail/4220869494367196,2018-03-23 22:59:00,#偶像练习生# 天天pick的两个小哥哥在争最后一个晋级名额，真是看的扎心，乐华的justin和朱正廷排名都掉了，难过！ ​,0,5,25,35,7
idol_producer_006,朱正廷,偶像练习生,排名发布阶段,2018-02-17,2018-03-02,朱正廷 偶像练习生,4213259437755314,https://m.weibo.cn/detail/4213259437755314,2018-03-02 22:59:00,#朱正廷偶像练习生# #朱正廷# 请大家来品一品什么叫仙子嗲 这就是传说中的不油不腻 清新自然的仙子嗲了 L 我忙着可爱呐的秒拍视频 ​,0,0,9,9,8
idol_producer_006,朱正廷,偶像练习生,总决赛阶段,2018-03-24,2018-04-06,朱正廷 偶像练习生,4225942916224531,https://m.weibo.cn/detail/4225942916224531,2018-04-06 22:59:00,别骂林彦俊 就凭颜值也够格 NINE PERCENT 第一C位：蔡徐坤（c位） 第二：传奇星娱乐陈立农 第三：乐华娱乐范丞丞 第四：乐华娱乐Justin 第五：香蕉娱乐林彦俊 第六：乐华娱乐朱正廷 第七：简单快乐王子异 第八：果然天空小鬼 第九：香蕉娱乐尤长靖 ​ #偶像练习生# 最爱福西西 @Adam0616 ​​​坤坤 @蔡徐坤 收起 d,0,1,6,8,9
idol_producer_006,朱正廷,偶像练习生,排名发布阶段,2018-02-17,2018-03-02,朱正廷 偶像练习生,4213259235742752,https://m.weibo.cn/detail/4213259235742752,2018-03-02 22:59:00,#偶像练习生# #人间仙子朱正廷# 朱正廷能进前三吗!!!第二才是正常名次 现在前三全是rap担当不行啊 Vocal也没有 哎 啧啧啧 爱奇艺的鬼剪辑 c位镜头不突出 腹肌这么撩的镜头没拍好! 强烈安利妖灵妖Pop舞台 炸裂 什么发色都能驾驭 但还是深色最好看～ 乐华全是小组第一 十五万票也全拿了 666 ​,1,1,2,5,10
idol_producer_006,朱正廷,偶像练习生,排名发布阶段,2018-02-17,2018-03-02,朱正廷 偶像练习生,4213259336626334,https://m.weibo.cn/detail/4213259336626334,2018-03-02 22:59:00,#朱正廷偶像练习生# #朱正廷# 很好的诠释了sheep，得到pdq认可的弟弟高兴的跟个傻子似的！来看看朱正廷精准度的踩点！,1,1,1,4,11
idol_producer_006,朱正廷,偶像练习生,合作舞台阶段,2018-03-03,2018-03-23,朱正廷 偶像练习生,4220869499160281,https://m.weibo.cn/detail/4220869499160281,2018-03-23 22:59:00,#偶像练习生朱正廷# 求求各位全民制作人别放弃他好吗？他这么努力这么温柔这么善良这么有实力。他真的很优秀优秀到无话可说，难道就因为这点所以没有话题就不选他吗？做一个完美的人有错吗？ 他也要需要安慰也需要关心啊。他不是不难过只是微笑带给我们欢乐怕我们难过。这么善良的正正，求求你们好吗？ @爱奇艺偶像练习生 @爱奇艺偶像练习生 @爱奇艺偶像练习生 @Zzt-朱正廷 @Zzt-朱正廷 @Zzt-朱正廷 你一直是我们心中的第一名 无人代替 收起 d,0,1,2,4,12
idol_producer_006,朱正廷,偶像练习生,总决赛阶段,2018-03-24,2018-04-06,朱正廷 偶像练习生,4225942983507913,https://m.weibo.cn/detail/4225942983507913,2018-04-06 22:59:00,#偶像练习生# 晚上陪熊孩子没有看直播，在微博和室友 @Sylvanbaby 的解说下看完了，还是激动的哭了半天，我在想，明天看重播我会不会哭的眼肿 蔡徐坤，陈立农，范丞丞，Justin，林彦俊，朱正廷，王子异，小鬼，尤长靖，几个月以来，所有人都辛苦了，你们的努力没有白费，以后的路还很长，慢慢来 收起 d,0,1,2,4,13
idol_producer_006,朱正廷,偶像练习生,总决赛阶段,2018-03-24,2018-04-06,朱正廷 偶像练习生,4225942957603582,https://m.weibo.cn/detail/4225942957603582,2018-04-06 22:59:00,"恭喜蔡徐坤、陈立农、范丞丞、Justin、林彦俊、朱正廷、王子异、小鬼、尤长靖 成功出道！ #偶像练习生# #蔡徐坤,了解一下# #陈立农# #范丞丞# #黄明昊# #林彦俊# #朱正廷# #小鬼—王琳凯# #尤长靖# 2 曲阜·鲁城街区 ​",0,0,1,1,14
idol_producer_006,朱正廷,偶像练习生,排名发布阶段,2018-02-17,2018-03-02,朱正廷 偶像练习生,4213259462037000,https://m.weibo.cn/detail/4213259462037000,2018-03-02 22:59:00,#超级星饭团# #偶像练习生出道名# 继年前团长趁着领导不在偷偷疯了一次之后 ，今天又来给大家送上偶像练习生小哥哥们的福利了 ～而且这次签名照由你选 ！接下来的参与规则详细阅读哦～转发此条微博带 #超级星饭团# + #偶像练习生出道名# 并写出你想为偶像练习生们起的出道名，以及你想获得的签名照，热转前三名将有机会获得签名照⚠️「注意」因为每位选手只有1张签名照，如果热转前三名里想要的签名照为同一人，则排名在前者有优先选择权！而且你们的出道名也有机会被节目组收纳选入正式名称哦！追星更愉快，就在星饭团哦！团长总能给你你想要 收起 d,0,0,0,0,15
idol_producer_006,朱正廷,偶像练习生,排名发布阶段,2018-02-17,2018-03-02,朱正廷 偶像练习生,4213259441467289,https://m.weibo.cn/detail/4213259441467289,2018-03-02 22:59:00,【朱正廷组《sheep》送“惊喜” 获张艺兴肯定】本周， #偶像练习生# 位置测评继续上演！ #朱正廷# 带领着“羊”队友们专门为张PD #张艺兴# 送上了惊喜——一首《sheep》表演得十分卖力。领头羊、小黑羊、懒羊羊的表现也得到了原唱小绵羊 @努力努力再努力x 的认可 选手们对张艺兴的感谢都在这首歌里啦 L 新浪综艺的秒拍视频 收起 d,0,0,0,0,16
idol_producer_006,朱正廷,偶像练习生,排名发布阶段,2018-02-17,2018-03-02,朱正廷 偶像练习生,4213259441060016,https://m.weibo.cn/detail/4213259441060016,2018-03-02 22:59:00,#超级星饭团# #偶像练习生出道名# 继年前团长趁着领导不在偷偷疯了一次之后 ，今天又来给大家送上偶像练习生小哥哥们的福利了 ～而且这次签名照由你选 ！接下来的参与规则详细阅读哦～转发此条微博带 #超级星饭团# + #偶像练习生出道名# 并写出你想为偶像练习生们起的出道名，以及你想获得的签名照，热转前三名将有机会获得签名照⚠️「注意」因为每位选手只有1张签名照，如果热转前三名里想要的签名照为同一人，则排名在前者有优先选择权！而且你们的出道名也有机会被节目组收纳选入正式名称哦！追星更愉快，就在星饭团哦！团长总能给你你想要 收起 d,0,0,0,0,17
idol_producer_006,朱正廷,偶像练习生,排名发布阶段,2018-02-17,2018-03-02,朱正廷 偶像练习生,4213259424648045,https://m.weibo.cn/detail/4213259424648045,2018-03-02 22:59:00,#超级星饭团# #偶像练习生出道名# 继年前团长趁着领导不在偷偷疯了一次之后 ，今天又来给大家送上偶像练习生小哥哥们的福利了 ～而且这次签名照由你选 ！接下来的参与规则详细阅读哦～转发此条微博带 #超级星饭团# + #偶像练习生出道名# 并写出你想为偶像练习生们起的出道名，以及你想获得的签名照，热转前三名将有机会获得签名照⚠️「注意」因为每位选手只有1张签名照，如果热转前三名里想要的签名照为同一人，则排名在前者有优先选择权！而且你们的出道名也有机会被节目组收纳选入正式名称哦！追星更愉快，就在星饭团哦！团长总能给你你想要 收起 d,0,0,0,0,18
idol_producer_006,朱正廷,偶像练习生,排名发布阶段,2018-02-17,2018-03-02,朱正廷 偶像练习生,4213259403946719,https://m.weibo.cn/detail/4213259403946719,2018-03-02 22:59:00,#超级星饭团# #偶像练习生出道名# 继年前团长趁着领导不在偷偷疯了一次之后 ，今天又来给大家送上偶像练习生小哥哥们的福利了 ～而且这次签名照由你选 ！接下来的参与规则详细阅读哦～转发此条微博带 #超级星饭团# + #偶像练习生出道名# 并写出你想为偶像练习生们起的出道名，以及你想获得的签名照，热转前三名将有机会获得签名照⚠️「注意」因为每位选手只有1张签名照，如果热转前三名里想要的签名照为同一人，则排名在前者有优先选择权！而且你们的出道名也有机会被节目组收纳选入正式名称哦！追星更愉快，就在星饭团哦！团长总能给你你想要 收起 d,0,0,0,0,19
idol_producer_006,朱正廷,偶像练习生,排名发布阶段,2018-02-17,2018-03-02,朱正廷 偶像练习生,4213259395993608,https://m.weibo.cn/detail/4213259395993608,2018-03-02 22:59:00,#偶像练习生# 好了，直至今日主要pick 朱正廷，周彦辰，贾富贵，郑锐彬，尤长靖，蔡徐坤，范丞丞，林彦俊，王子异 好了好了就这样 2 温岭·城南镇 ​,0,0,0,0,20
idol_producer_006,朱正廷,偶像练习生,排名发布阶段,2018-02-17,2018-03-02,朱正廷 偶像练习生,4213259387118351,https://m.weibo.cn/detail/4213259387118351,2018-03-02 22:59:00,#朱正廷# #偶像练习生# 不得不说小姐姐剪的比271好多了,0,0,0,0,21
idol_producer_006,朱正廷,偶像练习生,排名发布阶段,2018-02-17,2018-03-02,朱正廷 偶像练习生,4213259382323550,https://m.weibo.cn/detail/4213259382323550,2018-03-02 22:59:00,#超级星饭团# #偶像练习生出道名# 继年前团长趁着领导不在偷偷疯了一次之后 ，今天又来给大家送上偶像练习生小哥哥们的福利了 ～而且这次签名照由你选 ！接下来的参与规则详细阅读哦～转发此条微博带 #超级星饭团# + #偶像练习生出道名# 并写出你想为偶像练习生们起的出道名，以及你想获得的签名照，热转前三名将有机会获得签名照⚠️「注意」因为每位选手只有1张签名照，如果热转前三名里想要的签名照为同一人，则排名在前者有优先选择权！而且你们的出道名也有机会被节目组收纳选入正式名称哦！追星更愉快，就在星饭团哦！团长总能给你你想要 收起 d,0,0,0,0,22
idol_producer_006,朱正廷,偶像练习生,排名发布阶段,2018-02-17,2018-03-02,朱正廷 偶像练习生,4213259374199009,https://m.weibo.cn/detail/4213259374199009,2018-03-02 22:59:00,#朱正廷# #朱正廷0318生日快乐# #偶像练习生朱正廷# 今天的仙子太让人心疼了 @Zzt-朱正廷 // @_正牌女友-_ : 我劝爱奇艺立马给睡觉下聘书 @爱奇艺偶像练习生,0,0,0,0,23
idol_producer_006,朱正廷,偶像练习生,排名发布阶段,2018-02-17,2018-03-02,朱正廷 偶像练习生,4213259366103052,https://m.weibo.cn/detail/4213259366103052,2018-03-02 22:59:00,#超级星饭团# #偶像练习生出道名# 继年前团长趁着领导不在偷偷疯了一次之后 ，今天又来给大家送上偶像练习生小哥哥们的福利了 ～而且这次签名照由你选 ！接下来的参与规则详细阅读哦～转发此条微博带 #超级星饭团# + #偶像练习生出道名# 并写出你想为偶像练习生们起的出道名，以及你想获得的签名照，热转前三名将有机会获得签名照⚠️「注意」因为每位选手只有1张签名照，如果热转前三名里想要的签名照为同一人，则排名在前者有优先选择权！而且你们的出道名也有机会被节目组收纳选入正式名称哦！追星更愉快，就在星饭团哦！团长总能给你你想要 收起 d,0,0,0,0,24
idol_producer_006,朱正廷,偶像练习生,排名发布阶段,2018-02-17,2018-03-02,朱正廷 偶像练习生,4213259361899582,https://m.weibo.cn/detail/4213259361899582,2018-03-02 22:59:00,#朱正廷# #偶像练习生朱正廷# #朱正廷直拍# 朱正廷 sheep💞 今天是超帅的正正噢，八块腹肌的正正hhhh，我们陪你出道 @Zzt-朱正廷,0,0,0,0,25
idol_producer_006,朱正廷,偶像练习生,排名发布阶段,2018-02-17,2018-03-02,朱正廷 偶像练习生,4213259349280067,https://m.weibo.cn/detail/4213259349280067,2018-03-02 22:59:00,#超级星饭团# #偶像练习生出道名# 继年前团长趁着领导不在偷偷疯了一次之后 ，今天又来给大家送上偶像练习生小哥哥们的福利了 ～而且这次签名照由你选 ！接下来的参与规则详细阅读哦～转发此条微博带 #超级星饭团# + #偶像练习生出道名# 并写出你想为偶像练习生们起的出道名，以及你想获得的签名照，热转前三名将有机会获得签名照⚠️「注意」因为每位选手只有1张签名照，如果热转前三名里想要的签名照为同一人，则排名在前者有优先选择权！而且你们的出道名也有机会被节目组收纳选入正式名称哦！追星更愉快，就在星饭团哦！团长总能给你你想要 收起 d,0,0,0,0,26
idol_producer_006,朱正廷,偶像练习生,排名发布阶段,2018-02-17,2018-03-02,朱正廷 偶像练习生,4213259340876524,https://m.weibo.cn/detail/4213259340876524,2018-03-02 22:59:00,#朱正廷# #朱正廷直拍# #偶像练习生朱正廷# 朱正廷 sheep 小姐姐辛苦啦,0,0,0,0,27
idol_producer_006,朱正廷,偶像练习生,排名发布阶段,2018-02-17,2018-03-02,朱正廷 偶像练习生,4213259328523174,https://m.weibo.cn/detail/4213259328523174,2018-03-02 22:59:00,#超级星饭团# #偶像练习生出道名# 继年前团长趁着领导不在偷偷疯了一次之后 ，今天又来给大家送上偶像练习生小哥哥们的福利了 ～而且这次签名照由你选 ！接下来的参与规则详细阅读哦～转发此条微博带 #超级星饭团# + #偶像练习生出道名# 并写出你想为偶像练习生们起的出道名，以及你想获得的签名照，热转前三名将有机会获得签名照⚠️「注意」因为每位选手只有1张签名照，如果热转前三名里想要的签名照为同一人，则排名在前者有优先选择权！而且你们的出道名也有机会被节目组收纳选入正式名称哦！追星更愉快，就在星饭团哦！团长总能给你你想要 收起 d,0,0,0,0,28
idol_producer_006,朱正廷,偶像练习生,排名发布阶段,2018-02-17,2018-03-02,朱正廷 偶像练习生,4213259315606226,https://m.weibo.cn/detail/4213259315606226,2018-03-02 22:59:00,#偶像练习生# 我向 @Zzt-朱正廷 送出了加油卡！我pick的小哥哥全世界最棒！大家快来一起给你喜欢的选手打call吧！ O 练习生PICK榜 ​,0,0,0,0,29
idol_producer_006,朱正廷,偶像练习生,排名发布阶段,2018-02-17,2018-03-02,朱正廷 偶像练习生,4213259298783381,https://m.weibo.cn/detail/4213259298783381,2018-03-02 22:59:00,37// @超级多墙头 :4// @超级多墙头 :9// @超级多墙头 :6// @朱正廷的海底捞 :😢// @朱正廷的海底捞 ： #朱正廷# #偶像练习生朱正廷# @Zzt-朱正廷 我来晚了T T 评论配图,0,0,0,0,30
idol_producer_007,王子异,偶像练习生,排名发布阶段,2018-02-17,2018-03-02,王子异 偶像练习生,4213258694525568,https://m.weibo.cn/detail/4213258694525568,2018-03-02 22:56:00,#偶像练习生# 论在原唱面前去改他的歌是什么体验 台下四只baby龙们 @蔡徐坤 @jjjustin0219 @BBT王子异 @卜凡KATTO 表示敲紧张！ 幸好有专业负责的王导师 @王嘉尔 ，帮少年们一个个抓细节 “要把练习室当现场”才能把舞台燃炸！ L 《偶像练习生》【小课堂】王嘉尔直言要把排练当舞台 ​,12073,3459,7102,26093,1
idol_producer_007,王子异,偶像练习生,主题曲考核阶段,2018-01-27,2018-02-02,王子异 偶像练习生,4203090036849647,https://m.weibo.cn/detail/4203090036849647,2018-02-02 21:30:00,#偶像练习生# 少年们的微博卡片都是他们带着满满的爱意写的 蔡徐坤 陈立农 范丞丞 韩沐伯 朱正廷 木子洋 王子异 灵超 钱正昊等 你们pick谁 ​,238,663,713,2277,2
idol_producer_007,王子异,偶像练习生,总决赛阶段,2018-03-24,2018-04-06,王子异 偶像练习生,4225942978582786,https://m.weibo.cn/detail/4225942978582786,2018-04-06 22:59:00,#海报星图# 《偶像练习生》最终出道九人👉🏻 @蔡徐坤 、陈立农 @超级農農 、范丞丞 @Adam0616 、黄明昊 @jjjustin0219 、 @Trainee18-林彦俊 、 @Zzt-朱正廷 、 @BBT王子异 、 @小鬼-王琳凯 、 @Trainee18-尤长靖 ！期待NINE PERCENT为大家带来的惊喜 越努力，越幸运 #蔡徐坤c位出道# #王子异家# #范丞丞爸妈# #陈建州 陈立农# 收起 d,93,635,359,1722,3
idol_producer_007,王子异,偶像练习生,初评级阶段,2018-01-19,2018-01-26,王子异 偶像练习生,4200571004889442,https://m.weibo.cn/detail/4200571004889442,2018-01-26 22:40:00,得到导师的“努力”认证，但得不到节目的“幸运”呈现。 #偶像练习生# 仅7秒的现场表演，获得导师1个A，4个B的肯定。节目里无法看到，只能给你看练习室版《Mr. Lee》。我们依然相信越努力越幸运，加油BBT。 @BBT孙浩然 @BBT林浩楷 @BBT王子异 @BBT李志杰 @BBT金逸涵 L BBTofficial的秒拍视频 ​,196,269,724,1458,4
idol_producer_007,王子异,偶像练习生,总决赛阶段,2018-03-24,2018-04-06,王子异 偶像练习生,4225942949557649,https://m.weibo.cn/detail/4225942949557649,2018-04-06 22:59:00,#偶像练习生# Nine Percent最终出道成员：蔡徐坤、陈立农、范丞丞、Justin、林彦俊、朱正廷、小鬼、王子异、尤长靖！ ​,48,197,703,1145,5
idol_producer_007,王子异,偶像练习生,总决赛阶段,2018-03-24,2018-04-06,王子异 偶像练习生,4225942932737722,https://m.weibo.cn/detail/4225942932737722,2018-04-06 22:59:00,偶像练习生Nine Percent 九人出道 第一名C位出道：蔡徐坤 第二名：陈立农 第三名：范丞丞 第四名：justin黄明昊 第五名：林彦俊 第六名：朱正廷 第七名：王子异 第八名：小鬼王琳凯 第九名：尤长靖 ​​​ 恭喜恭喜 ​,88,200,203,691,6
idol_producer_007,王子异,偶像练习生,初评级阶段,2018-01-19,2018-01-26,王子异 偶像练习生,4200566706532481,https://m.weibo.cn/detail/4200566706532481,2018-01-26 22:23:00,今晚没有你们的镜头，唯一一个A组没有表演镜头的 @BBT王子异 ，其他所有成员均在B组的 @BBT孙浩然 @BBT林浩楷 @BBT李志杰 @BBT金逸涵 ，节目剪辑分配可以不均匀，但导师们给了你们1A4B的肯定评价。我们以你们为荣！ #偶像练习生# ​,87,84,316,571,7
idol_producer_007,王子异,偶像练习生,总决赛阶段,2018-03-24,2018-04-06,王子异 偶像练习生,4225942954073934,https://m.weibo.cn/detail/4225942954073934,2018-04-06 22:59:00,#偶像练习生# 恭喜九强… #蔡徐坤# #陈立农# #范丞丞# #黄明昊# #林彦俊# #朱正廷# #王子异# #小鬼—王琳凯# #尤长靖# 未来的路还很长，愿你们都能成为真正有实力的偶像，别让爱你们的粉丝失望！ ​,102,68,137,375,8
idol_producer_007,王子异,偶像练习生,排名发布阶段,2018-02-17,2018-03-02,王子异 偶像练习生,4213259172810445,https://m.weibo.cn/detail/4213259172810445,2018-03-02 22:58:00,#王子异# #偶像练习生王子异# 感谢王嘉尔导师和欧阳靖导师的认可和鼓励 希望 @BBT王子异 的表现让大家满意 查看图片,36,19,158,232,9
idol_producer_007,王子异,偶像练习生,位置测评阶段,2018-02-03,2018-02-16,王子异 偶像练习生,4208183649934897,https://m.weibo.cn/detail/4208183649934897,2018-02-16 22:50:00,#偶像练习生# 第一轮前60名： 蔡徐坤/陈立农/范丞丞/Justin/朱正廷/小鬼/卜凡/李权哲/何东东/尤长靖/王子异/Jeffrey/秦奋/林超泽/朱星杰/灵超/钱正昊/董岩磊/韩沐伯/丁泽仁/岳岳/左叶/徐凯皓/木子洋/郑锐彬/毕雯珺/周彦辰/林彦俊/李希侃/陆定昊/周锐/黄书豪/黄新淳/罗正/张达源/李让/贝汯璘/李长庚/陈斯琪/韩雍杰/秦子墨/武连杰/覃俊毅/娄滋博/靖佩瑶/余明君/陈名豪/明鹏/杨非同/朱匀一/伽里/凌崎/朱匀天/徐圣恩/李俊毅/张奕轩/王艺龙/姜达赫/胡致邦/梁辉 乐华女孩绝不认输 收起 d,2,32,106,172,10
idol_producer_007,王子异,偶像练习生,主题曲考核阶段,2018-01-27,2018-02-02,王子异 偶像练习生,4203093844963691,https://m.weibo.cn/detail/4203093844963691,2018-02-02 21:45:00,【 #偶像有新番# 】 各位制作人们是不是也很想知道练习生训练基地的内部是什么 L 《偶像有新番》香蕉娱乐探秘训练室 当 @BBT王子异 遇到化身成TA的“番番”...... L 《偶像有新番》王子异唱情歌，竟为ta？ 这里还有喜欢可乐味唇膏的处女座 @秦奋Roi L 《偶像有新番》是谁逼死处女座秦奋 “番番”还被“冤家CP”吐槽有一股“乡土气息” L 《偶像有新番》秦奋、韩沐伯“冤家CP”已上线 更多精彩 移动端 O 网页链接 pc端 O 网页链接 收起 d,6,18,97,139,11
idol_producer_007,王子异,偶像练习生,总决赛阶段,2018-03-24,2018-04-06,王子异 偶像练习生,4225942899123539,https://m.weibo.cn/detail/4225942899123539,2018-04-06 22:59:00,原来不是我一个人注意到 #王子异家# ，富红火贵，出道了还是让我很兴奋的，bro cool boy嘻嘻哈哈 #偶像练习生# ​,1,2,35,40,12
idol_producer_007,王子异,偶像练习生,总决赛阶段,2018-03-24,2018-04-06,王子异 偶像练习生,4225942874137451,https://m.weibo.cn/detail/4225942874137451,2018-04-06 22:59:00,#美空推荐# #偶像练习生# 恭喜蔡徐坤 @蔡徐坤 、陈立农 @超级農農 、范丞丞 @Fancyou0616_范丞丞 、Justin黄明昊 @jjjustin0219 、林彦俊 @Trainee18-林彦俊 、朱正廷 @Zzt-朱正廷 、王子异 @BBT王子异 、小鬼 @小鬼-王琳凯 、尤长靖 @Trainee18-尤长靖 以【偶像练习生Nine Percent】男团正式出道，越努力越幸运，不忘初心，加油！ 收起 d,0,5,25,35,13
idol_producer_007,王子异,偶像练习生,排名发布阶段,2018-02-17,2018-03-02,王子异 偶像练习生,4213259445981725,https://m.weibo.cn/detail/4213259445981725,2018-03-02 22:59:00,#偶像练习生# #偶像练习生王子异# 心疼王子异。不说了，一定要送老公出道！ @BBT王子异 ​,0,5,16,26,14
idol_producer_007,王子异,偶像练习生,排名发布阶段,2018-02-17,2018-03-02,王子异 偶像练习生,4213258523603882,https://m.weibo.cn/detail/4213258523603882,2018-03-02 22:56:00,王子异太帅了！！！ #偶像练习生王子异# ​,0,2,15,19,15
idol_producer_007,王子异,偶像练习生,初评级阶段,2018-01-19,2018-01-26,王子异 偶像练习生,4200563300841037,https://m.weibo.cn/detail/4200563300841037,2018-01-26 22:09:00,#偶像练习生# 从第一集等到第二集想看个王子异 结果人家拿了A 表演也没有30秒镜头 🥝的剪辑real迷醉 ​,0,3,11,17,16
idol_producer_007,王子异,偶像练习生,总决赛阶段,2018-03-24,2018-04-06,王子异 偶像练习生,4225942866305227,https://m.weibo.cn/detail/4225942866305227,2018-04-06 22:59:00,#偶像练习生# 了解一下 《偶像练习》排名 第一名 蔡徐坤 第二名 陈立农 第三名 范丞丞 第四名 Justin 第五名 林彦俊 第六名 朱正廷 第七名 王子异 第八名 小鬼 第九名 尤长靖 ​,0,0,15,15,17
idol_producer_007,王子异,偶像练习生,排名发布阶段,2018-02-17,2018-03-02,王子异 偶像练习生,4213259181613787,https://m.weibo.cn/detail/4213259181613787,2018-03-02 22:58:00,加油我的男孩，越努力越幸运，现在这样子也很好，享受自己就好啦 @BBT王子异 #偶像练习生# 2 开封·鼓楼 ​,1,0,12,13,18
idol_producer_007,王子异,偶像练习生,初评级阶段,2018-01-19,2018-01-26,王子异 偶像练习生,4200568538316160,https://m.weibo.cn/detail/4200568538316160,2018-01-26 22:30:00,#偶像练习生# 从第一期 蔡徐坤 朱正廷 Justin →_→ 到第二期 坤坤♡ 小鬼 朱正廷 J~ 卜凡:) 王子异 就不能让我凑够九个pick吗!!! ​,0,0,12,12,19
idol_producer_007,王子异,偶像练习生,总决赛阶段,2018-03-24,2018-04-06,王子异 偶像练习生,4225942916224531,https://m.weibo.cn/detail/4225942916224531,2018-04-06 22:59:00,别骂林彦俊 就凭颜值也够格 NINE PERCENT 第一C位：蔡徐坤（c位） 第二：传奇星娱乐陈立农 第三：乐华娱乐范丞丞 第四：乐华娱乐Justin 第五：香蕉娱乐林彦俊 第六：乐华娱乐朱正廷 第七：简单快乐王子异 第八：果然天空小鬼 第九：香蕉娱乐尤长靖 ​ #偶像练习生# 最爱福西西 @Adam0616 ​​​坤坤 @蔡徐坤 收起 d,0,1,6,8,20
idol_producer_007,王子异,偶像练习生,合作舞台阶段,2018-03-03,2018-03-23,王子异 偶像练习生,4220869091658641,https://m.weibo.cn/detail/4220869091658641,2018-03-23 22:57:00,// @isee_9 :// @isee_9 :// @isee_9 :// @isee_9 :// @isee_9 :// @isee_9 :// @isee_9 :// @isee_9 :// @isee_9 :// @isee_9 :// @isee_9 :// @Boogie_王子异全球粉丝后援会 : #偶像练习生VIP千人见面会# #王子异# #王子异为你而战# 为你而战，助力前行 @爱奇艺VIP会员,6,0,0,6,21
idol_producer_007,王子异,偶像练习生,合作舞台阶段,2018-03-03,2018-03-23,王子异 偶像练习生,4220869322932470,https://m.weibo.cn/detail/4220869322932470,2018-03-23 22:58:00,#偶像练习生王子异# 累了一天竟然等到现在才看 ​,0,2,2,6,22
idol_producer_007,王子异,偶像练习生,总决赛阶段,2018-03-24,2018-04-06,王子异 偶像练习生,4225942853108296,https://m.weibo.cn/detail/4225942853108296,2018-04-06 22:59:00,#偶像练习生# Nine Percent组合出道名单 1 蔡徐坤 2 陈立农 3 范丞丞 4 justin 5 林彦俊 6 朱正廷 7 王子异 8 小鬼 9 尤长靖 ​​​,0,1,4,6,23
idol_producer_007,王子异,偶像练习生,合作舞台阶段,2018-03-03,2018-03-23,王子异 偶像练习生,4220869209704720,https://m.weibo.cn/detail/4220869209704720,2018-03-23 22:58:00,// @isee_9 :// @isee_9 :// @isee_9 :// @isee_9 :// @isee_9 :// @isee_9 :// @isee_9 :// @isee_9 :// @isee_9 :// @isee_9 :// @isee_9 :// @isee_9 :// @Boogie_王子异全球粉丝后援会 : #偶像练习生VIP千人见面会# #王子异# #王子异为你而战# 为你而战，助力前行 @爱奇艺VIP会员,5,0,0,5,24
idol_producer_007,王子异,偶像练习生,合作舞台阶段,2018-03-03,2018-03-23,王子异 偶像练习生,4220869482021065,https://m.weibo.cn/detail/4220869482021065,2018-03-23 22:59:00,// @isee_9 :// @isee_9 :// @isee_9 :// @isee_9 :// @isee_9 :// @isee_9 :// @isee_9 :// @isee_9 :// @isee_9 :// @isee_9 :// @isee_9 :// @isee_9 :// @isee_9 :// @Boogie_王子异全球粉丝后援会 : #偶像练习生VIP千人见面会# #王子异# #王子异为你而战# 为你而战，助力前行 @爱奇艺VIP会员,4,0,0,4,25
idol_producer_007,王子异,偶像练习生,总决赛阶段,2018-03-24,2018-04-06,王子异 偶像练习生,4225942983507913,https://m.weibo.cn/detail/4225942983507913,2018-04-06 22:59:00,#偶像练习生# 晚上陪熊孩子没有看直播，在微博和室友 @Sylvanbaby 的解说下看完了，还是激动的哭了半天，我在想，明天看重播我会不会哭的眼肿 蔡徐坤，陈立农，范丞丞，Justin，林彦俊，朱正廷，王子异，小鬼，尤长靖，几个月以来，所有人都辛苦了，你们的努力没有白费，以后的路还很长，慢慢来 收起 d,0,1,2,4,26
idol_producer_007,王子异,偶像练习生,合作舞台阶段,2018-03-03,2018-03-23,王子异 偶像练习生,4220869100333117,https://m.weibo.cn/detail/4220869100333117,2018-03-23 22:57:00,#偶像练习生# #偶像练习生出道名# 偶像练习生出道名单预测:蔡徐坤 @蔡徐坤 范丞丞 @范丞丞 Justin，陈立农，卜凡，小鬼，朱正廷，（王子异，尤长靖） #偶像练习生出道名单预测# 其中， @蔡徐坤 将以C位出道。pick you！ ​,0,0,3,3,27
idol_producer_007,王子异,偶像练习生,合作舞台阶段,2018-03-03,2018-03-23,王子异 偶像练习生,4220869594693572,https://m.weibo.cn/detail/4220869594693572,2018-03-23 22:59:00,// @isee_9 :// @isee_9 :// @isee_9 :// @isee_9 :// @isee_9 :// @isee_9 :// @isee_9 :// @isee_9 :// @isee_9 :// @isee_9 :// @isee_9 :// @isee_9 :// @isee_9 :// @isee_9 :// @Boogie_王子异全球粉丝后援会 : #偶像练习生VIP千人见面会# #王子异# #王子异为你而战# 为你而战，助力前行 @爱奇艺VIP会员,3,0,0,3,28
idol_producer_007,王子异,偶像练习生,总决赛阶段,2018-03-24,2018-04-06,王子异 偶像练习生,4225942919840730,https://m.weibo.cn/detail/4225942919840730,2018-04-06 22:59:00,宿舍三个人连麦视频三小时哈哈哈哈 我 pick的全部出道啦！ 陈立农 王子异 尤长靖 哈哈哈哈哈哈哈哈哈哈哈 #偶像练习生# ​,0,1,1,3,29
idol_producer_007,王子异,偶像练习生,排名发布阶段,2018-02-17,2018-03-02,王子异 偶像练习生,4213257952772569,https://m.weibo.cn/detail/4213257952772569,2018-03-02 22:53:00,#偶像练习生王子异# 坤坤最爱的子异…… #偶像练习生蔡徐坤# 今晚你们的rap 排名不公平啊……要哭(´;︵;`) 子异为你打call 哦 你的努力我们都会看到的，嘻嘻，， 加油(ง •̀_•́)ง怀挺 ​,0,1,0,2,30
idol_producer_008,小鬼,偶像练习生,总决赛阶段,2018-03-24,2018-04-06,小鬼 偶像练习生,4225942978582786,https://m.weibo.cn/detail/4225942978582786,2018-04-06 22:59:00,#海报星图# 《偶像练习生》最终出道九人👉🏻 @蔡徐坤 、陈立农 @超级農農 、范丞丞 @Adam0616 、黄明昊 @jjjustin0219 、 @Trainee18-林彦俊 、 @Zzt-朱正廷 、 @BBT王子异 、 @小鬼-王琳凯 、 @Trainee18-尤长靖 ！期待NINE PERCENT为大家带来的惊喜 越努力，越幸运 #蔡徐坤c位出道# #王子异家# #范丞丞爸妈# #陈建州 陈立农# 收起 d,93,635,359,1722,1
idol_producer_008,小鬼,偶像练习生,总决赛阶段,2018-03-24,2018-04-06,小鬼 偶像练习生,4225942949557649,https://m.weibo.cn/detail/4225942949557649,2018-04-06 22:59:00,#偶像练习生# Nine Percent最终出道成员：蔡徐坤、陈立农、范丞丞、Justin、林彦俊、朱正廷、小鬼、王子异、尤长靖！ ​,48,197,703,1145,2
idol_producer_008,小鬼,偶像练习生,总决赛阶段,2018-03-24,2018-04-06,小鬼 偶像练习生,4225942932737722,https://m.weibo.cn/detail/4225942932737722,2018-04-06 22:59:00,偶像练习生Nine Percent 九人出道 第一名C位出道：蔡徐坤 第二名：陈立农 第三名：范丞丞 第四名：justin黄明昊 第五名：林彦俊 第六名：朱正廷 第七名：王子异 第八名：小鬼王琳凯 第九名：尤长靖 ​​​ 恭喜恭喜 ​,88,200,203,691,3
idol_producer_008,小鬼,偶像练习生,总决赛阶段,2018-03-24,2018-04-06,小鬼 偶像练习生,4225943029187481,https://m.weibo.cn/detail/4225943029187481,2018-04-06 22:59:00,偶像练习生九人天团诞生：蔡徐坤第一c位出道， 陈立农第二， ​​​范丞丞第三，Justin黄明昊第四，林彦俊黑马第五，朱正廷第六，王子异第七，小鬼第八，尤长靖第九，可惜了毕文珺第十离出道只有一步之遥……话说这个排名你们还满意吗？ ​​​,11,88,292,479,4
idol_producer_008,小鬼,偶像练习生,排名发布阶段,2018-02-17,2018-03-02,小鬼 偶像练习生,4213259206374209,https://m.weibo.cn/detail/4213259206374209,2018-03-02 22:58:00,这期偶像练习生我个人觉得各组第一，舞蹈组里面丁泽仁，说唱里面小鬼，声音部分钱正昊，丁泽仁是这两期最惊到我的那个，小鬼RAP确实天赋蛮好的。 ​,3,58,268,387,5
idol_producer_008,小鬼,偶像练习生,总决赛阶段,2018-03-24,2018-04-06,小鬼 偶像练习生,4225942954073934,https://m.weibo.cn/detail/4225942954073934,2018-04-06 22:59:00,#偶像练习生# 恭喜九强… #蔡徐坤# #陈立农# #范丞丞# #黄明昊# #林彦俊# #朱正廷# #王子异# #小鬼—王琳凯# #尤长靖# 未来的路还很长，愿你们都能成为真正有实力的偶像，别让爱你们的粉丝失望！ ​,102,68,137,375,6
idol_producer_008,小鬼,偶像练习生,排名发布阶段,2018-02-17,2018-03-02,小鬼 偶像练习生,4213258879458489,https://m.weibo.cn/detail/4213258879458489,2018-03-02 22:57:00,【推特】 #偶像练习生# 话题下1小时pick #小鬼王琳凯# #蔡徐坤# #偶像练习生蔡徐坤# #林超泽# #陈名豪# #范丞丞# #朱星杰# #周锐zee# #秦子墨# #卜凡# #偶像练习生黄书豪# #毕雯珺# #黄新淳# #陆定昊# ​,3,99,70,271,7
idol_producer_008,小鬼,偶像练习生,主题曲考核阶段,2018-01-27,2018-02-02,小鬼 偶像练习生,4203105086701453,https://m.weibo.cn/detail/4203105086701453,2018-02-02 22:30:00,【偶像练习生第三期排名出炉 】今晚的 #偶像练习生# 虽然推迟了，但很快推出的加长版也算弥补了粉丝的期待！ #北音学子# 朱星杰、万宇贤、小鬼 、韩雍杰、吕晨瑜、靖佩瑶、王宥辰、赵俞澈、金逸涵、朱匀天、朱匀一、韩沐伯、丁泽仁、北音附中武连杰 加油！ #偶像练习生排名# ​,6,13,54,86,8
idol_producer_008,小鬼,偶像练习生,主题曲考核阶段,2018-01-27,2018-02-02,小鬼 偶像练习生,4203108706196674,https://m.weibo.cn/detail/4203108706196674,2018-02-02 22:44:00,#Max一下，意犹未尽# 中国嘻哈元年，就连咖啡都有自己的MAX节奏， @AKA_imp小鬼 联合 @麦斯威尔咖啡中国 推出超魔性的嘻哈单曲，10秒尝鲜试听MV抢先撩，一起来感受史上最洗脑的咖啡RAP，保证你第三秒就忍不住跟着唱起来！完整版MV请关注【麦斯威尔咖啡】官方微信，更有机会获得小鬼签名照哦 @IMP小鬼粉丝后援会 @中国有嘻哈 L 麦斯威尔咖啡中国的秒拍视频 收起 d,4,11,46,72,9
idol_producer_008,小鬼,偶像练习生,总决赛阶段,2018-03-24,2018-04-06,小鬼 偶像练习生,4225942916228782,https://m.weibo.cn/detail/4225942916228782,2018-04-06 22:59:00,恭喜小鬼出道！来日可期！ @小鬼-王琳凯 #小鬼王琳凯# // @小鬼王琳凯的鬼屋 : #小鬼王琳凯# #偶像练习生小鬼# 你好，Nine Percent的小鬼 @小鬼-王琳凯,49,0,0,49,10
idol_producer_008,小鬼,偶像练习生,总决赛阶段,2018-03-24,2018-04-06,小鬼 偶像练习生,4225942874137451,https://m.weibo.cn/detail/4225942874137451,2018-04-06 22:59:00,#美空推荐# #偶像练习生# 恭喜蔡徐坤 @蔡徐坤 、陈立农 @超级農農 、范丞丞 @Fancyou0616_范丞丞 、Justin黄明昊 @jjjustin0219 、林彦俊 @Trainee18-林彦俊 、朱正廷 @Zzt-朱正廷 、王子异 @BBT王子异 、小鬼 @小鬼-王琳凯 、尤长靖 @Trainee18-尤长靖 以【偶像练习生Nine Percent】男团正式出道，越努力越幸运，不忘初心，加油！ 收起 d,0,5,25,35,11
idol_producer_008,小鬼,偶像练习生,主题曲考核阶段,2018-01-27,2018-02-02,小鬼 偶像练习生,4203110740410411,https://m.weibo.cn/detail/4203110740410411,2018-02-02 22:52:00,#偶像练习生# 蔡徐坤，小鬼再次表演深受张艺兴，李荣浩喜欢！ #小梅花情怀# L 小梅花情怀的秒拍视频 ​,2,1,21,25,12
idol_producer_008,小鬼,偶像练习生,主题曲考核阶段,2018-01-27,2018-02-02,小鬼 偶像练习生,4203110345523666,https://m.weibo.cn/detail/4203110345523666,2018-02-02 22:50:00,#小鬼王琳凯# #偶像练习生小鬼# #偶像练习生# ​“脱胎换骨”的小鬼，导师们都不认识这样的小鬼了！好想看小鬼完整版的主题曲《EiEi》了 L 童星圈那点事儿的秒拍视频 ​,2,1,13,17,13
idol_producer_008,小鬼,偶像练习生,总决赛阶段,2018-03-24,2018-04-06,小鬼 偶像练习生,4225942866305227,https://m.weibo.cn/detail/4225942866305227,2018-04-06 22:59:00,#偶像练习生# 了解一下 《偶像练习》排名 第一名 蔡徐坤 第二名 陈立农 第三名 范丞丞 第四名 Justin 第五名 林彦俊 第六名 朱正廷 第七名 王子异 第八名 小鬼 第九名 尤长靖 ​,0,0,15,15,14
idol_producer_008,小鬼,偶像练习生,排名发布阶段,2018-02-17,2018-03-02,小鬼 偶像练习生,4213258518314445,https://m.weibo.cn/detail/4213258518314445,2018-03-02 22:56:00,#小鬼王琳凯# #偶像练习生# Dear 小鬼，写给你的第四篇晚安博 我以前没爱过别人😘 你是第一个😍 我怕我做的不好😖 让你这个没有安全感的大男孩😡 误以为没有人喜欢你😚 但是 我想说的是👇 王琳凯 余生请多指教👻👻👻 @小鬼-王琳凯 ​,0,4,6,14,15
idol_producer_008,小鬼,偶像练习生,总决赛阶段,2018-03-24,2018-04-06,小鬼 偶像练习生,4225942911709801,https://m.weibo.cn/detail/4225942911709801,2018-04-06 22:59:00,#偶像练习生# 蔡徐坤 第一 陈立农 第二 范丞丞 第三 Justin 第四 林彦俊 第五 朱正廷 第六 王子异第七 小鬼 第八 尤长靖 第九 ​,0,0,14,14,16
idol_producer_008,小鬼,偶像练习生,初评级阶段,2018-01-19,2018-01-26,小鬼 偶像练习生,4200575417950211,https://m.weibo.cn/detail/4200575417950211,2018-01-26 22:58:00,小鬼跳舞 #偶像练习生# 小鬼单独表演，Rap和街舞。一直在说balance的导师 @努力努力再努力x ，都放下了严肃的嘴脸，说：“你的balance没问题！” 不过大婊姐觉得，小鬼的舞真的跳的很棒，帅到流哈喇子 L 扒圈大婊姐的秒拍视频 ​,0,2,6,10,17
idol_producer_008,小鬼,偶像练习生,总决赛阶段,2018-03-24,2018-04-06,小鬼 偶像练习生,4225942987964570,https://m.weibo.cn/detail/4225942987964570,2018-04-06 22:59:00,#偶像练习生# 偶像练习生Nine Percent 九人出道 恭喜蔡徐坤，恭喜小鬼 这段日子的投票也算值得了，可惜了朱星杰，毕雯珺，卜凡，秦奋，钱正昊…还有早早被淘汰的磊子，在其他地方继续加油！～ ​,0,0,8,8,18
idol_producer_008,小鬼,偶像练习生,总决赛阶段,2018-03-24,2018-04-06,小鬼 偶像练习生,4225942916224531,https://m.weibo.cn/detail/4225942916224531,2018-04-06 22:59:00,别骂林彦俊 就凭颜值也够格 NINE PERCENT 第一C位：蔡徐坤（c位） 第二：传奇星娱乐陈立农 第三：乐华娱乐范丞丞 第四：乐华娱乐Justin 第五：香蕉娱乐林彦俊 第六：乐华娱乐朱正廷 第七：简单快乐王子异 第八：果然天空小鬼 第九：香蕉娱乐尤长靖 ​ #偶像练习生# 最爱福西西 @Adam0616 ​​​坤坤 @蔡徐坤 收起 d,0,1,6,8,19
idol_producer_008,小鬼,偶像练习生,初评级阶段,2018-01-19,2018-01-26,小鬼 偶像练习生,4200572963498545,https://m.weibo.cn/detail/4200572963498545,2018-01-26 22:48:00,看完第二期偶像练习生终于可以认真投出我这个全民制作人的9票了 蔡徐坤 灵超 陈立农 朱正廷 Justin 朱星杰 尤长靖 小鬼 何东东 哇，照片放出来感觉莫名的般配 #偶像练习生# ​,0,0,7,7,20
idol_producer_008,小鬼,偶像练习生,排名发布阶段,2018-02-17,2018-03-02,小鬼 偶像练习生,4213259084904829,https://m.weibo.cn/detail/4213259084904829,2018-03-02 22:58:00,#偶像练习生# #小鬼王琳凯# 奶酷小鬼超棒了，小鬼开心就很高兴🙈继续加油，小鬼可以更好，为酷酷的小鬼打call 是我们超机灵的小鬼鬼 ​,0,1,5,7,21
idol_producer_008,小鬼,偶像练习生,合作舞台阶段,2018-03-03,2018-03-23,小鬼 偶像练习生,4220868424442539,https://m.weibo.cn/detail/4220868424442539,2018-03-23 22:55:00,#偶像练习生出道名# 蔡徐坤、陈立农、范丞丞、Justin、朱正廷、小鬼、尤长靖这几个是几率最大的，接着是灵超和王子异，个人觉得这样组rap是不是有点多，应该加上郑锐彬 ​,2,1,3,7,22
idol_producer_008,小鬼,偶像练习生,合作舞台阶段,2018-03-03,2018-03-23,小鬼 偶像练习生,4220869053822033,https://m.weibo.cn/detail/4220869053822033,2018-03-23 22:57:00,【 #偶像练习生# 小鬼获考核排名第六 告诫自己勿忘初心】 @小鬼-王琳凯 继续稳居第六，非常swag的上台发表感言：不忘初心，方得始终。欲戴王冠，必承其重。还有，一定要开心！恭喜everytime都非常开心的小鬼！ L 《偶像练习生》小鬼获考核排名第六 告诫自己勿忘初心 了解更多独家幕后花絮，请锁定每周五晚八点半 #偶像有新番# 更多精彩 移动端> O 网页链接 pc端> O 网页链接 收起 d,0,0,7,7,23
idol_producer_008,小鬼,偶像练习生,总决赛阶段,2018-03-24,2018-04-06,小鬼 偶像练习生,4225942853108296,https://m.weibo.cn/detail/4225942853108296,2018-04-06 22:59:00,#偶像练习生# Nine Percent组合出道名单 1 蔡徐坤 2 陈立农 3 范丞丞 4 justin 5 林彦俊 6 朱正廷 7 王子异 8 小鬼 9 尤长靖 ​​​,0,1,4,6,24
idol_producer_008,小鬼,偶像练习生,合作舞台阶段,2018-03-03,2018-03-23,小鬼 偶像练习生,4220868769064844,https://m.weibo.cn/detail/4220868769064844,2018-03-23 22:56:00,#偶像练习生# 立个flag 希望不被推翻打脸 蔡徐坤 陈立农 范丞丞 Justin 尤长靖 朱正廷 林彦俊 王子异 灵超 （卜凡，秦奋，小鬼，） 哇，这个组合rap，主唱，舞蹈，各种担当都有好吧。 ​,0,1,3,5,25
idol_producer_008,小鬼,偶像练习生,合作舞台阶段,2018-03-03,2018-03-23,小鬼 偶像练习生,4220868685665438,https://m.weibo.cn/detail/4220868685665438,2018-03-23 22:56:00,#偶像练习生# 之前的微博排名真是骗人 还好jeffrey 秦奋 林超泽都留下来了hhh 听听我说的吧组拿第一真真真der不容易 我的甜心农终于回到第二了 只是可惜了锐姐[胡巴伤心] 为了你的生活会继续pick你滴！ 🙏🏻希望蔡徐坤陈立农王子异尤长靖林彦俊小鬼朱星杰jeffrey卜凡秦奋能前九出道啊！加油！ 收起 d,0,2,0,4,26
idol_producer_008,小鬼,偶像练习生,总决赛阶段,2018-03-24,2018-04-06,小鬼 偶像练习生,4225942983507913,https://m.weibo.cn/detail/4225942983507913,2018-04-06 22:59:00,#偶像练习生# 晚上陪熊孩子没有看直播，在微博和室友 @Sylvanbaby 的解说下看完了，还是激动的哭了半天，我在想，明天看重播我会不会哭的眼肿 蔡徐坤，陈立农，范丞丞，Justin，林彦俊，朱正廷，王子异，小鬼，尤长靖，几个月以来，所有人都辛苦了，你们的努力没有白费，以后的路还很长，慢慢来 收起 d,0,1,2,4,27
idol_producer_008,小鬼,偶像练习生,初评级阶段,2018-01-19,2018-01-26,小鬼 偶像练习生,4200574876866381,https://m.weibo.cn/detail/4200574876866381,2018-01-26 22:55:00,第二期偶像练习生观后感 #偶像练习生# 照样打call蔡徐坤 #偶像练习生蔡徐坤# ，Justin， #偶像练习生justin# 朱正延 #偶像练习生朱正廷# 农农 #偶像练习生陈立农# 这次新进了范丞丞， #偶像练习生范丞丞# 觉得很努力，新进了， 还有香蕉娱乐的林超泽 #林超泽# 编舞够厉害和担任队长 陆定昊 #偶像练习生陆定昊# 尤长靖 #偶像练习生尤长靖# 两个主唱 还有唱歌很厉害的钱正昊 #偶像练习生钱正昊# 还有rapper很厉害的小鬼 #偶像练习生小鬼# 朱星杰 #偶像练习生朱星杰# 还有泰国人很有感染力的黄书豪 #黄书豪# 还有钱明昊我们奶罐朋友，目前还没有get到，看看下期 第二期就多了这么多好感得了！ #偶像练习生# 收起 d,0,1,1,3,28
idol_producer_008,小鬼,偶像练习生,排名发布阶段,2018-02-17,2018-03-02,小鬼 偶像练习生,4213259257753214,https://m.weibo.cn/detail/4213259257753214,2018-03-02 22:59:00,"#偶像练习生# #偶像练习生蔡徐坤# 巴比龙 @蔡徐坤完炸 小鬼能没有范丞丞rap的好？全面制作人们大概是x掉了,潜gz ​",0,1,1,3,29
idol_producer_008,小鬼,偶像练习生,合作舞台阶段,2018-03-03,2018-03-23,小鬼 偶像练习生,4220869100333117,https://m.weibo.cn/detail/4220869100333117,2018-03-23 22:57:00,#偶像练习生# #偶像练习生出道名# 偶像练习生出道名单预测:蔡徐坤 @蔡徐坤 范丞丞 @范丞丞 Justin，陈立农，卜凡，小鬼，朱正廷，（王子异，尤长靖） #偶像练习生出道名单预测# 其中， @蔡徐坤 将以C位出道。pick you！ ​,0,0,3,3,30
idol_producer_009,尤长靖,偶像练习生,总决赛阶段,2018-03-24,2018-04-06,尤长靖 偶像练习生,4225942949557649,https://m.weibo.cn/detail/4225942949557649,2018-04-06 22:59:00,#偶像练习生# Nine Percent最终出道成员：蔡徐坤、陈立农、范丞丞、Justin、林彦俊、朱正廷、小鬼、王子异、尤长靖！ ​,48,197,703,1145,1
idol_producer_009,尤长靖,偶像练习生,总决赛阶段,2018-03-24,2018-04-06,尤长靖 偶像练习生,4225943029187481,https://m.weibo.cn/detail/4225943029187481,2018-04-06 22:59:00,偶像练习生九人天团诞生：蔡徐坤第一c位出道， 陈立农第二， ​​​范丞丞第三，Justin黄明昊第四，林彦俊黑马第五，朱正廷第六，王子异第七，小鬼第八，尤长靖第九，可惜了毕文珺第十离出道只有一步之遥……话说这个排名你们还满意吗？ ​​​,11,88,292,479,2
idol_producer_009,尤长靖,偶像练习生,总决赛阶段,2018-03-24,2018-04-06,尤长靖 偶像练习生,4225942954073934,https://m.weibo.cn/detail/4225942954073934,2018-04-06 22:59:00,#偶像练习生# 恭喜九强… #蔡徐坤# #陈立农# #范丞丞# #黄明昊# #林彦俊# #朱正廷# #王子异# #小鬼—王琳凯# #尤长靖# 未来的路还很长，愿你们都能成为真正有实力的偶像，别让爱你们的粉丝失望！ ​,102,68,137,375,3
idol_producer_009,尤长靖,偶像练习生,排名发布阶段,2018-02-17,2018-03-02,尤长靖 偶像练习生,4213259151833538,https://m.weibo.cn/detail/4213259151833538,2018-03-02 22:58:00,#偶像练习生尤长靖# #偶像练习生# 【视频】180302 @爱奇艺偶像练习生 《偶像有新番》 @Trainee18-尤长靖 相关 小哥哥过敏了就不要吃口味虾了 咱忍忍 L 《偶像有新番》尤长靖竟“冒死”吃口味虾 ​,15,25,112,177,4
idol_producer_009,尤长靖,偶像练习生,位置测评阶段,2018-02-03,2018-02-16,尤长靖 偶像练习生,4208183649934897,https://m.weibo.cn/detail/4208183649934897,2018-02-16 22:50:00,#偶像练习生# 第一轮前60名： 蔡徐坤/陈立农/范丞丞/Justin/朱正廷/小鬼/卜凡/李权哲/何东东/尤长靖/王子异/Jeffrey/秦奋/林超泽/朱星杰/灵超/钱正昊/董岩磊/韩沐伯/丁泽仁/岳岳/左叶/徐凯皓/木子洋/郑锐彬/毕雯珺/周彦辰/林彦俊/李希侃/陆定昊/周锐/黄书豪/黄新淳/罗正/张达源/李让/贝汯璘/李长庚/陈斯琪/韩雍杰/秦子墨/武连杰/覃俊毅/娄滋博/靖佩瑶/余明君/陈名豪/明鹏/杨非同/朱匀一/伽里/凌崎/朱匀天/徐圣恩/李俊毅/张奕轩/王艺龙/姜达赫/胡致邦/梁辉 乐华女孩绝不认输 收起 d,2,32,106,172,5
idol_producer_009,尤长靖,偶像练习生,位置测评阶段,2018-02-03,2018-02-16,尤长靖 偶像练习生,4208182592538720,https://m.weibo.cn/detail/4208182592538720,2018-02-16 22:46:00,第一个《听听我说的吧》小鬼 （Rap不错感觉适合） 第二个《我永远记得》尤长靖 杨非桐（V需要实力 我喜欢他们） 第三个《Boom Boom Boom》空（真心不知道谁） 第四个《Dream》蔡徐坤 （歌一出来 脑子里第一个出现的） 第五个《Firewalking》Justin 朱正廷（只能选一个诶！ 太坑了） #偶像练习生# ————亲以上个人观点不喜勿喷哦！真的太难选择了 收起 d,1,44,29,118,6
idol_producer_009,尤长靖,偶像练习生,总决赛阶段,2018-03-24,2018-04-06,尤长靖 偶像练习生,4225943046001670,https://m.weibo.cn/detail/4225943046001670,2018-04-06 22:59:00,谁能想到我这个看偶像练习生的路人突然最后出道这一期get了尤长靖跟林彦俊的cp！！！！那个拥抱！！！！那个眼神！！！啊啊啊啊啊~~~原来叫长得俊~~~~啊啊啊啊，老夫的少女心~~~~ ​,2,15,78,110,7
idol_producer_009,尤长靖,偶像练习生,排名发布阶段,2018-02-17,2018-03-02,尤长靖 偶像练习生,4213257495309119,https://m.weibo.cn/detail/4213257495309119,2018-03-02 22:52:00,#尤长靖# #偶像练习生尤长靖# 所有人都震惊到嘴巴里能塞下一个拳头的时候，我们小尤哈哈哈哈哈哈哈哈哈太可爱了吧表情 ​,1,10,22,43,8
idol_producer_009,尤长靖,偶像练习生,排名发布阶段,2018-02-17,2018-03-02,尤长靖 偶像练习生,4213259056208761,https://m.weibo.cn/detail/4213259056208761,2018-03-02 22:58:00,#偶像练习生# 感受一下周锐的美颜对大家的暴击！👌 王子异为你惊叹，朱正廷夸你好美 李权哲夸你神颜，范丞丞为你跺脚 尤长靖为你张嘴，陈立农为你瞪眼👌 Justin漂亮连发👌 众人还为你迷醉脸👌 ​,2,4,32,42,9
idol_producer_009,尤长靖,偶像练习生,总决赛阶段,2018-03-24,2018-04-06,尤长靖 偶像练习生,4225942995863468,https://m.weibo.cn/detail/4225942995863468,2018-04-06 22:59:00,#偶像练习生# 预测全中，稳了稳了，有图为证。🎉🎉🎊🎊啊啊啊啊啊。第九名公布的时候一直紧张，就怕尤长靖不是，确定是的时候，激动的跳起来。感觉比我坤坤进都紧张啊。nine percent 走花路吧！🌸🌸💐💐 ​​​,0,2,21,25,10
idol_producer_009,尤长靖,偶像练习生,合作舞台阶段,2018-03-03,2018-03-23,尤长靖 偶像练习生,4220869028579032,https://m.weibo.cn/detail/4220869028579032,2018-03-23 22:57:00,《偶像练习生》没想到你是这样的尤长靖，可以承包我一年的笑点！ L Ms美伢伢的秒拍视频 ​,1,2,6,11,11
idol_producer_009,尤长靖,偶像练习生,初评级阶段,2018-01-19,2018-01-26,尤长靖 偶像练习生,4200572963498545,https://m.weibo.cn/detail/4200572963498545,2018-01-26 22:48:00,看完第二期偶像练习生终于可以认真投出我这个全民制作人的9票了 蔡徐坤 灵超 陈立农 朱正廷 Justin 朱星杰 尤长靖 小鬼 何东东 哇，照片放出来感觉莫名的般配 #偶像练习生# ​,0,0,7,7,12
idol_producer_009,尤长靖,偶像练习生,合作舞台阶段,2018-03-03,2018-03-23,尤长靖 偶像练习生,4220869154712384,https://m.weibo.cn/detail/4220869154712384,2018-03-23 22:58:00,我男朋友站谁身边都是女主角 #尤长靖# #偶像练习生尤长靖# 2 长春·新春 ​,0,1,4,6,13
idol_producer_009,尤长靖,偶像练习生,合作舞台阶段,2018-03-03,2018-03-23,尤长靖 偶像练习生,4220868769064844,https://m.weibo.cn/detail/4220868769064844,2018-03-23 22:56:00,#偶像练习生# 立个flag 希望不被推翻打脸 蔡徐坤 陈立农 范丞丞 Justin 尤长靖 朱正廷 林彦俊 王子异 灵超 （卜凡，秦奋，小鬼，） 哇，这个组合rap，主唱，舞蹈，各种担当都有好吧。 ​,0,1,3,5,14
idol_producer_009,尤长靖,偶像练习生,合作舞台阶段,2018-03-03,2018-03-23,尤长靖 偶像练习生,4220868685665438,https://m.weibo.cn/detail/4220868685665438,2018-03-23 22:56:00,#偶像练习生# 之前的微博排名真是骗人 还好jeffrey 秦奋 林超泽都留下来了hhh 听听我说的吧组拿第一真真真der不容易 我的甜心农终于回到第二了 只是可惜了锐姐[胡巴伤心] 为了你的生活会继续pick你滴！ 🙏🏻希望蔡徐坤陈立农王子异尤长靖林彦俊小鬼朱星杰jeffrey卜凡秦奋能前九出道啊！加油！ 收起 d,0,2,0,4,15
idol_producer_009,尤长靖,偶像练习生,总决赛阶段,2018-03-24,2018-04-06,尤长靖 偶像练习生,4225942995865212,https://m.weibo.cn/detail/4225942995865212,2018-04-06 22:59:00,Nine Percent 尤长靖，请多关照 @Trainee18-尤长靖 // @尤长靖_有长进中文首站 : #尤长靖# #偶像练习生尤长靖# Nine Percent 尤长靖，请多关照 查看图片,3,0,1,4,16
idol_producer_009,尤长靖,偶像练习生,总决赛阶段,2018-03-24,2018-04-06,尤长靖 偶像练习生,4225942983507913,https://m.weibo.cn/detail/4225942983507913,2018-04-06 22:59:00,#偶像练习生# 晚上陪熊孩子没有看直播，在微博和室友 @Sylvanbaby 的解说下看完了，还是激动的哭了半天，我在想，明天看重播我会不会哭的眼肿 蔡徐坤，陈立农，范丞丞，Justin，林彦俊，朱正廷，王子异，小鬼，尤长靖，几个月以来，所有人都辛苦了，你们的努力没有白费，以后的路还很长，慢慢来 收起 d,0,1,2,4,17
idol_producer_009,尤长靖,偶像练习生,初评级阶段,2018-01-19,2018-01-26,尤长靖 偶像练习生,4200574876866381,https://m.weibo.cn/detail/4200574876866381,2018-01-26 22:55:00,第二期偶像练习生观后感 #偶像练习生# 照样打call蔡徐坤 #偶像练习生蔡徐坤# ，Justin， #偶像练习生justin# 朱正延 #偶像练习生朱正廷# 农农 #偶像练习生陈立农# 这次新进了范丞丞， #偶像练习生范丞丞# 觉得很努力，新进了， 还有香蕉娱乐的林超泽 #林超泽# 编舞够厉害和担任队长 陆定昊 #偶像练习生陆定昊# 尤长靖 #偶像练习生尤长靖# 两个主唱 还有唱歌很厉害的钱正昊 #偶像练习生钱正昊# 还有rapper很厉害的小鬼 #偶像练习生小鬼# 朱星杰 #偶像练习生朱星杰# 还有泰国人很有感染力的黄书豪 #黄书豪# 还有钱明昊我们奶罐朋友，目前还没有get到，看看下期 第二期就多了这么多好感得了！ #偶像练习生# 收起 d,0,1,1,3,18
idol_producer_009,尤长靖,偶像练习生,合作舞台阶段,2018-03-03,2018-03-23,尤长靖 偶像练习生,4220869100333117,https://m.weibo.cn/detail/4220869100333117,2018-03-23 22:57:00,#偶像练习生# #偶像练习生出道名# 偶像练习生出道名单预测:蔡徐坤 @蔡徐坤 范丞丞 @范丞丞 Justin，陈立农，卜凡，小鬼，朱正廷，（王子异，尤长靖） #偶像练习生出道名单预测# 其中， @蔡徐坤 将以C位出道。pick you！ ​,0,0,3,3,19
idol_producer_009,尤长靖,偶像练习生,总决赛阶段,2018-03-24,2018-04-06,尤长靖 偶像练习生,4225943050541873,https://m.weibo.cn/detail/4225943050541873,2018-04-06 23:00:00,#偶像练习生尤长靖# #主唱大人尤长靖# 不一样的尤长靖，你做到了 主唱大人 @Trainee18-尤长靖 ​,0,0,3,3,20
idol_producer_009,尤长靖,偶像练习生,合作舞台阶段,2018-03-03,2018-03-23,尤长靖 偶像练习生,4220868559176651,https://m.weibo.cn/detail/4220868559176651,2018-03-23 22:55:00,@Trainee18-尤长靖 #尤长靖# #偶像练习生尤长靖# #偶像练习生# 啊哈哈哈哈哈哈哈哈哈哈 真的是够我笑一个晚上的了 预告我只是看到帽子被吓歪了 怎么没人说把人鬼姐姐的假发撤掉了 真的好可爱哦 啊哈哈哈哈哈哈哈哈哈哈 L Z_姑娘彡的秒拍视频 ​,0,0,2,2,21
idol_producer_009,尤长靖,偶像练习生,合作舞台阶段,2018-03-03,2018-03-23,尤长靖 偶像练习生,4220869405901939,https://m.weibo.cn/detail/4220869405901939,2018-03-23 22:59:00,vocal!!出道好吗~~！尤长靖！！尤长靖！！ 团霸 ！！请投票！！！！！！！出团综吧！ @Trainee18-尤长靖 #尤长靖# #偶像练习生# ​,0,0,2,2,22
idol_producer_009,尤长靖,偶像练习生,总决赛阶段,2018-03-24,2018-04-06,尤长靖 偶像练习生,4225943050537162,https://m.weibo.cn/detail/4225943050537162,2018-04-06 22:59:00,【偶像练习生 出道九人团名单】今晚，《偶像练习生》总决赛最终排名出炉！恭喜蔡徐坤、陈立农、范丞丞、Justin、林彦俊、朱正廷、王子异、小鬼、尤长靖出道！ O 《偶练》九人团名单公布 第一名 @蔡徐坤 ：4764万0887票 第二名陈立农 @超级農農 ：2044万1802票 第三名范丞丞 @Adam0616 ：1551万7014票 第四名Justin @jjjustin0219 ：1457万4594票 第五名 @Trainee18-林彦俊 ：1213万1367票 第六名 @Zzt-朱正廷 ：1193万8796票 第七名 @BBT王子异 ：856万1329票 第八名 @小鬼-王琳凯 ：785万6601票 第九名 @Trainee18-尤长靖 ：770万6054票 收起 d,0,1,0,2,23
idol_producer_009,尤长靖,偶像练习生,总决赛阶段,2018-03-24,2018-04-06,尤长靖 偶像练习生,4225942945924144,https://m.weibo.cn/detail/4225942945924144,2018-04-06 22:59:00,#偶像练习生# 第九名公布时真的紧张得我直发抖！！！结果出来后直接尖叫！！！恭喜尤长靖！ 实力vocal 真的和林彦俊一起出道了 看到你俩抱在一起超开心超感动啊 其他孩子也都很棒啊！恭喜九位练习生出道了！！！ ​,2,0,0,2,24
idol_producer_009,尤长靖,偶像练习生,总决赛阶段,2018-03-24,2018-04-06,尤长靖 偶像练习生,4225942957603582,https://m.weibo.cn/detail/4225942957603582,2018-04-06 22:59:00,"恭喜蔡徐坤、陈立农、范丞丞、Justin、林彦俊、朱正廷、王子异、小鬼、尤长靖 成功出道！ #偶像练习生# #蔡徐坤,了解一下# #陈立农# #范丞丞# #黄明昊# #林彦俊# #朱正廷# #小鬼—王琳凯# #尤长靖# 2 曲阜·鲁城街区 ​",0,0,1,1,25
idol_producer_009,尤长靖,偶像练习生,总决赛阶段,2018-03-24,2018-04-06,尤长靖 偶像练习生,4225942949210755,https://m.weibo.cn/detail/4225942949210755,2018-04-06 22:59:00,// @尤长靖_有长进中文首站 : #尤长靖# #偶像练习生尤长靖# Nine Percent 尤长靖，请多关照 查看图片,0,0,1,1,26
idol_producer_009,尤长靖,偶像练习生,初评级阶段,2018-01-19,2018-01-26,尤长靖 偶像练习生,4200569960459119,https://m.weibo.cn/detail/4200569960459119,2018-01-26 22:36:00,我看完了偶像练习生 看101男孩还蛮喜欢justin 的 怎么现在感觉他有点飘～同时关注韩沐伯，当年的白队，可惜镜头太少。范丞丞长得不错，但是镜头太多，一看就是节目组拿来当噱头，香蕉的记住了尤长靖，那个蔡徐坤，讲道理第一期那个打扮太妖娆了，不喜欢，但是主题曲里c位还蛮干净的很好看……老阿姨开启pick模式，目前无从下手。要不然朱正廷吧 收起 d,0,0,0,0,27
idol_producer_009,尤长靖,偶像练习生,排名发布阶段,2018-02-17,2018-03-02,尤长靖 偶像练习生,4213258292517701,https://m.weibo.cn/detail/4213258292517701,2018-03-02 22:55:00,@Trainee18-尤长靖 我在 #偶像练习生# 练习生PICK榜上为你打call！把小心心都给你，赢取节目10s彩蛋！ O 练习生PICK榜 ​,0,0,0,0,28
idol_producer_009,尤长靖,偶像练习生,排名发布阶段,2018-02-17,2018-03-02,尤长靖 偶像练习生,4213258501930160,https://m.weibo.cn/detail/4213258501930160,2018-03-02 22:56:00,@Trainee18-尤长靖 我在 #偶像练习生# 练习生PICK榜上为你打call！把小心心都给你，赢取节目10s彩蛋！ O 练习生PICK榜 ​,0,0,0,0,29
idol_producer_009,尤长靖,偶像练习生,排名发布阶段,2018-02-17,2018-03-02,尤长靖 偶像练习生,4213258485115903,https://m.weibo.cn/detail/4213258485115903,2018-03-02 22:56:00,@Trainee18-尤长靖 我在 #偶像练习生# 练习生PICK榜上为你打call！把小心心都给你，赢取节目10s彩蛋！// @Trainee18-尤长靖 : 我是 #偶像练习生# 尤长靖，全民制作人，请多关照。,0,0,0,0,30
idol_producer_010,毕雯珺,偶像练习生,初评级阶段,2018-01-19,2018-01-26,毕雯珺 偶像练习生,4200536683004768,https://m.weibo.cn/detail/4200536683004768,2018-01-26 20:24:00,#偶像练习生# 少年初长成，Justin @jjjustin0219 朱正廷 @Zzt-朱正廷 丁泽仁 @Dzr_丁泽仁 毕雯珺 @Biiiii毕雯珺 范丞丞 @Adam0616 李权哲 @Lee权哲 黄新淳 @MONKEY_OFFICIAL 乐华七子黑色小西装一穿，炫酷的舞台表演让所有人都疯狂点头认证！ L 《偶像练习生》舞台纯享：乐华娱乐—《EOEO》 ​,1617,1272,4303,8464,1
idol_producer_010,毕雯珺,偶像练习生,总决赛阶段,2018-03-24,2018-04-06,毕雯珺 偶像练习生,4225942774073568,https://m.weibo.cn/detail/4225942774073568,2018-04-06 22:58:00,哇好心机呀！ 偶像练习生也太可怕了！ 朴凡去跟一起竞选第九位的练习生握手 到尤长靖那尤长靖竟然翻个白眼摇摇头表示不屑了？！ 不管是朴凡想多几个镜头还是真重情义 我真的觉得尤长靖真的很不礼貌啊 何况这还是直播 而且为什么他进了？我觉得毕雯珺就真的比他优秀很多呀！思聪爸爸果然有钱任性啊！感觉尤长靖就好像本来就知道自己会出道才高高在上的样子呢 #偶像练习生# #偶像练习生尤长靖# L 钟大蚊子的秒拍视频 收起 d,25,442,311,1220,2
idol_producer_010,毕雯珺,偶像练习生,初评级阶段,2018-01-19,2018-01-26,毕雯珺 偶像练习生,4200540030177568,https://m.weibo.cn/detail/4200540030177568,2018-01-26 20:37:00,#偶像练习生# 第二期中，你们期待的乐华娱乐练习生表演来啦～Justin @jjjustin0219 朱正廷 @Zzt-朱正廷 丁泽仁 @Dzr_丁泽仁 毕雯珺 @Biiiii毕雯珺 范丞丞 @Adam0616 李权哲 @Lee权哲 黄新淳 @MONKEY_OFFICIAL 一起带来了uniq的《EOEO》，你们觉得帅不帅？ L 《偶像练习生》舞台纯享：乐华娱乐—《EOEO》 更多有关《偶像练习生》的幕后花絮尽在每周五晚八点半 #偶像有新番# ！ 更多精彩 移动端 O 网页链接 pc端 O 网页链接 收起 d,128,182,558,1050,3
idol_producer_010,毕雯珺,偶像练习生,合作舞台阶段,2018-03-03,2018-03-23,毕雯珺 偶像练习生,4220868190436637,https://m.weibo.cn/detail/4220868190436637,2018-03-23 22:54:00,#毕雯珺# 💌 #偶像练习生毕雯珺# 0323 真是阳光可爱的大男孩啊！！！ @Biiiii毕雯珺 ​,115,36,259,446,4
idol_producer_010,毕雯珺,偶像练习生,初评级阶段,2018-01-19,2018-01-26,毕雯珺 偶像练习生,4200554928722824,https://m.weibo.cn/detail/4200554928722824,2018-01-26 21:36:00,#偶像练习生# 在今晚播出的节目中，万众瞩目的乐华七子表演了UNIQ的《EOEO》。丁泽仁舞蹈受导师好评，范丞丞把自己失误比喻成“种的菜被偷了一样”。范丞丞、justin黄明昊、朱正廷、毕雯珺、黄新淳、丁泽仁、李权哲，这么多帅气的小哥哥，你会pick谁？ L 旷视OnlyGenie的秒拍视频 ​,71,27,313,438,5
idol_producer_010,毕雯珺,偶像练习生,初评级阶段,2018-01-19,2018-01-26,毕雯珺 偶像练习生,4200531670738313,https://m.weibo.cn/detail/4200531670738313,2018-01-26 20:04:00,【范丞丞 哭 】 #偶像练习生# 乐华练习生YH_NEXT 黄明昊Justin 李权哲 丁泽仁 黄新淳 朱正廷 范丞丞 毕雯珺 《EOEO》cut L 娱乐神算子的秒拍视频 ​,40,54,145,293,6
idol_producer_010,毕雯珺,偶像练习生,排名发布阶段,2018-02-17,2018-03-02,毕雯珺 偶像练习生,4213258879458489,https://m.weibo.cn/detail/4213258879458489,2018-03-02 22:57:00,【推特】 #偶像练习生# 话题下1小时pick #小鬼王琳凯# #蔡徐坤# #偶像练习生蔡徐坤# #林超泽# #陈名豪# #范丞丞# #朱星杰# #周锐zee# #秦子墨# #卜凡# #偶像练习生黄书豪# #毕雯珺# #黄新淳# #陆定昊# ​,3,99,70,271,7
idol_producer_010,毕雯珺,偶像练习生,排名发布阶段,2018-02-17,2018-03-02,毕雯珺 偶像练习生,4213256082677789,https://m.weibo.cn/detail/4213256082677789,2018-03-02 22:46:00,嘴上说着喜欢小鬼 壁纸全是范丞丞 左眼装着Justin 右眼装着朱正廷 可是心里却想着毕雯珺 心心念念着黄新淳的可爱 看见张艺兴跳舞就迈不开腿 还想着和周彦辰公开恋情 又忍不住偷偷摸摸找易烊千玺照片 我还记得我说过我只喜欢GD 现在你们知道了吧 其实我不是一个三心二意的人 我把别人说的给改了 以表达在看《偶像练习生》的心情 真的很喜欢范丞丞 收起 d,5,8,175,196,8
idol_producer_010,毕雯珺,偶像练习生,位置测评阶段,2018-02-03,2018-02-16,毕雯珺 偶像练习生,4208183649934897,https://m.weibo.cn/detail/4208183649934897,2018-02-16 22:50:00,#偶像练习生# 第一轮前60名： 蔡徐坤/陈立农/范丞丞/Justin/朱正廷/小鬼/卜凡/李权哲/何东东/尤长靖/王子异/Jeffrey/秦奋/林超泽/朱星杰/灵超/钱正昊/董岩磊/韩沐伯/丁泽仁/岳岳/左叶/徐凯皓/木子洋/郑锐彬/毕雯珺/周彦辰/林彦俊/李希侃/陆定昊/周锐/黄书豪/黄新淳/罗正/张达源/李让/贝汯璘/李长庚/陈斯琪/韩雍杰/秦子墨/武连杰/覃俊毅/娄滋博/靖佩瑶/余明君/陈名豪/明鹏/杨非同/朱匀一/伽里/凌崎/朱匀天/徐圣恩/李俊毅/张奕轩/王艺龙/姜达赫/胡致邦/梁辉 乐华女孩绝不认输 收起 d,2,32,106,172,9
idol_producer_010,毕雯珺,偶像练习生,排名发布阶段,2018-02-17,2018-03-02,毕雯珺 偶像练习生,4213256765992139,https://m.weibo.cn/detail/4213256765992139,2018-03-02 22:49:00,看了第七期偶像练习生之后疯狂的pick毕雯珺 ​,0,11,124,146,10
idol_producer_010,毕雯珺,偶像练习生,主题曲考核阶段,2018-01-27,2018-02-02,毕雯珺 偶像练习生,4203098844578512,https://m.weibo.cn/detail/4203098844578512,2018-02-02 22:05:00,#偶像练习生# 乐华家上位圈 #范丞丞# 第三 #justin黄明昊# 第四 #朱正廷# 第五，和上周排名对比没升也没降，踏实了？醒醒吧！ 下位圈 #丁泽仁# 21 #毕雯珺# 25 #黄新淳# 29 #李权哲# 30，对比上周排名这是在比谁掉得快呀 各位乐华家的亲别墙头了专心自家吧，给别人投一票就是把自家人往外推了一把，如果第一轮7人有人淘汰，恭喜你成功了。 收起 d,8,18,30,74,11
idol_producer_010,毕雯珺,偶像练习生,位置测评阶段,2018-02-03,2018-02-16,毕雯珺 偶像练习生,4208174795837055,https://m.weibo.cn/detail/4208174795837055,2018-02-16 22:15:00,看个偶像练习生看的人惊心动魄！喜欢的全晋级了，没晋级的基本上都是镜头很少存在感太低的人，可能是实力不够可能是爱奇艺的套路，反正总是有去有留了。蔡徐坤第一当之无愧，李权哲前九是你值得，还有坤音四子王子异Jeffrey毕雯珺林彦俊恭喜恭喜啦 ​,0,0,59,59,12
idol_producer_010,毕雯珺,偶像练习生,总决赛阶段,2018-03-24,2018-04-06,毕雯珺 偶像练习生,4225942886746277,https://m.weibo.cn/detail/4225942886746277,2018-04-06 22:59:00,#CPA打卡# 倒计时190 △会计：张志凤第一、二讲 △审计：刘圣妮第三讲 今天超开心，蔡徐坤c位出道，我喜欢的陈立农朱正廷林彦俊王子异都顺利出道了 可惜了毕雯珺和坤音四子 今天弟弟过生日出去吃饭了，晚上又看了偶像练习生，学习时间有点不够，以后不会了！ ​,0,5,8,18,13
idol_producer_010,毕雯珺,偶像练习生,排名发布阶段,2018-02-17,2018-03-02,毕雯珺 偶像练习生,4213258305131678,https://m.weibo.cn/detail/4213258305131678,2018-03-02 22:55:00,#偶像练习生# #爱奇艺# #李权哲# #毕雯珺# 说乐华抱团的有没有考虑过李权哲的感受 P1 队友都抱着庆祝，他在后面很慌张，又想一起庆祝又担心有长靖难过。 P2 他放弃了陪队友庆祝选择了陪尤。 P3 听到并列第一的时候才放心高兴了起来。 都是努力的孩子，不要恶言相对了 ​,0,7,1,15,14
idol_producer_010,毕雯珺,偶像练习生,合作舞台阶段,2018-03-03,2018-03-23,毕雯珺 偶像练习生,4220867988953275,https://m.weibo.cn/detail/4220867988953275,2018-03-23 22:53:00,#偶像练习生# 今天这期唯一能让我哭的地方大概只有乐华了 从毕雯珺发表感言开始 到朱正廷范丞丞丁泽仁每次说起七人时就想哭 阿我的乐华 最近几期乐华一直都在被黑 我真的不敢相信正正的排名居然掉到第七了 连出道都不稳了救救我们仙子正吧 最近这波黑对朱正廷的影响真是太大了 心疼生日那天还要被人身攻击的正正 当我看到正正第七立马拿起手机就给他投票了 社长的排名这次进步真的好大阿 在韩国两年做到出道预备役丁泽仁实力真的是可以进到前二十的前九都行 奈何人气不够 心好累 我只想做我的乐华女孩 还有韩沐伯淘汰也让我哭了 一直希望他能进前二十 之前看爆料知道他已经走了 所以当听到秦奋说我今天不会哭除非大伯走的时候真的叹气 希望大家之后都能有好的归宿吧 收起 d,0,5,3,13,15
idol_producer_010,毕雯珺,偶像练习生,总决赛阶段,2018-03-24,2018-04-06,毕雯珺 偶像练习生,4225942701916397,https://m.weibo.cn/detail/4225942701916397,2018-04-06 22:58:00,@爱奇艺偶像练习生 灵超毕雯珺郑锐彬杨非同了解一下，防爆少年团，全都长得俊 ​,0,1,10,12,16
idol_producer_010,毕雯珺,偶像练习生,总决赛阶段,2018-03-24,2018-04-06,毕雯珺 偶像练习生,4225942933715083,https://m.weibo.cn/detail/4225942933715083,2018-04-06 22:59:00,宣布第九那一刻就完全绷不住了 “就差一步” 毕雯珺 等你. 再见了 偶像练习生毕雯珺 等待你 偶像毕雯珺. ​,0,0,10,10,17
idol_producer_010,毕雯珺,偶像练习生,总决赛阶段,2018-03-24,2018-04-06,毕雯珺 偶像练习生,4225942848772953,https://m.weibo.cn/detail/4225942848772953,2018-04-06 22:59:00,#毕雯珺# #偶像练习生毕雯珺# @Biiiii毕雯珺 即使知道剧本，也期待有转折，即使知道结局，也还是会难过 离出道就差一点，不是别的，只差一名，反正我心里不好受，短时间内自己经历一次，喜欢的你也经历一次，不知道你在祝贺别人的笑容背后心里是不是在哭泣，抱一抱 毕雯珺很棒了 人生从来没有淘汰，老毕加油 收起 d,0,0,10,10,18
idol_producer_010,毕雯珺,偶像练习生,合作舞台阶段,2018-03-03,2018-03-23,毕雯珺 偶像练习生,4220867938040849,https://m.weibo.cn/detail/4220867938040849,2018-03-23 22:53:00,我冷彦俊第一次上热搜竟然是跟鬼在一起 看完偶像练习生贼开心了 心中pick的出道位 林彦俊 尤长靖 蔡徐坤 范丞丞 justin 小鬼 朱星杰 朱正廷 毕雯珺 🙈 不知道能中几个 追星使人幸福感爆棚 每周都有期待感 ​,0,4,1,9,19
idol_producer_010,毕雯珺,偶像练习生,排名发布阶段,2018-02-17,2018-03-02,毕雯珺 偶像练习生,4213257431950949,https://m.weibo.cn/detail/4213257431950949,2018-03-02 22:51:00,#毕雯珺# #偶像练习生# juju可爱 ​,2,0,6,8,20
idol_producer_010,毕雯珺,偶像练习生,合作舞台阶段,2018-03-03,2018-03-23,毕雯珺 偶像练习生,4220867599134333,https://m.weibo.cn/detail/4220867599134333,2018-03-23 22:51:00,#偶像练习生# #偶像练习生毕雯珺# #毕雯珺# 这一期看到毕毕惊吓的表情真的很欣慰！！！有颜有实力有腿有性格的毕毕不去上位圈真的说不过去啊！爆肝让很苏的 @Biiiii毕雯珺 毕社长走花路吧！ ​,0,2,4,8,21
idol_producer_010,毕雯珺,偶像练习生,总决赛阶段,2018-03-24,2018-04-06,毕雯珺 偶像练习生,4225942987964570,https://m.weibo.cn/detail/4225942987964570,2018-04-06 22:59:00,#偶像练习生# 偶像练习生Nine Percent 九人出道 恭喜蔡徐坤，恭喜小鬼 这段日子的投票也算值得了，可惜了朱星杰，毕雯珺，卜凡，秦奋，钱正昊…还有早早被淘汰的磊子，在其他地方继续加油！～ ​,0,0,8,8,22
idol_producer_010,毕雯珺,偶像练习生,总决赛阶段,2018-03-24,2018-04-06,毕雯珺 偶像练习生,4225942903561614,https://m.weibo.cn/detail/4225942903561614,2018-04-06 22:59:00,#偶像练习生# 虽然跟我心里的出道组不是完全相同，但是还是祝福希望继续加油！还有丁泽仁、朱星杰、杨非同、钱正昊、毕雯珺、卜凡和所有优秀努力的练习生们，你们也要加油，不要失落，你们很优秀！期待你们！ ​,0,0,8,8,23
idol_producer_010,毕雯珺,偶像练习生,总决赛阶段,2018-03-24,2018-04-06,毕雯珺 偶像练习生,4225942718822906,https://m.weibo.cn/detail/4225942718822906,2018-04-06 22:58:00,哭哭，乐华女孩哭哭，社长竟然第10名！！真的气！被科普后重新发了一条吐槽微博！！对不起JBJ粉丝！我的吐槽只是希望卜凡，灵超，毕雯珺还有后面几个小哥哥也能出道，他们淘汰真的可惜！ #偶像练习生# ​​​,0,2,3,7,24
idol_producer_010,毕雯珺,偶像练习生,排名发布阶段,2018-02-17,2018-03-02,毕雯珺 偶像练习生,4213256249767819,https://m.weibo.cn/detail/4213256249767819,2018-03-02 22:47:00,乐华娱乐太牛了，三大组第一都是乐华的。范丞丞 朱正廷 毕雯珺！！！小组第一还有 黄新淳 丁泽仁 黄明昊！！！！太牛逼啦！！！ #偶像练习生# 🙋🙋🙋 ​,0,2,2,6,25
idol_producer_010,毕雯珺,偶像练习生,总决赛阶段,2018-03-24,2018-04-06,毕雯珺 偶像练习生,4225942782226426,https://m.weibo.cn/detail/4225942782226426,2018-04-06 22:58:00,等你回来 #偶像练习生# #偶像练习生毕雯珺# #毕雯珺# ​,0,0,6,6,26
idol_producer_010,毕雯珺,偶像练习生,总决赛阶段,2018-03-24,2018-04-06,毕雯珺 偶像练习生,4225942777970345,https://m.weibo.cn/detail/4225942777970345,2018-04-06 22:58:00,#偶像练习生# 制霸林彦俊 今晚简直出乎意料 ！！！ 第九尤长靖也是完美 . 每天坚持投票的两个人全进 ⁄(⁄ ⁄ ⁄ω⁄ ⁄ ⁄)⁄ . 最最最可惜就差一个 毕雯珺 第十名 . 如果 … 没有那个X就好了 ​,0,0,6,6,27
idol_producer_010,毕雯珺,偶像练习生,排名发布阶段,2018-02-17,2018-03-02,毕雯珺 偶像练习生,4213256132309869,https://m.weibo.cn/detail/4213256132309869,2018-03-02 22:46:00,#偶像练习生# #范丞丞 第一# 现场选手排名 1.范丞丞 2.朱正廷 3.毕雯珺 3.尤长靖 5.丁泽仁 6.小鬼 7.周锐 8.Justin 9.秦奋 ，人气练习生蔡徐坤位列第15，陈立农第34，和你想的一样吗？ ​,0,2,0,4,28
idol_producer_010,毕雯珺,偶像练习生,合作舞台阶段,2018-03-03,2018-03-23,毕雯珺 偶像练习生,4220868181715041,https://m.weibo.cn/detail/4220868181715041,2018-03-23 22:54:00,别问，这次zqsg追星。 #毕雯珺# #偶像练习生毕雯珺# ​,1,1,1,4,29
idol_producer_010,毕雯珺,偶像练习生,总决赛阶段,2018-03-24,2018-04-06,毕雯珺 偶像练习生,4225942819474406,https://m.weibo.cn/detail/4225942819474406,2018-04-06 22:59:00,#偶像练习生# #范丞丞# 来自一个96年老阿姨的暴肝追星，从第一期到现在坐在楼梯间看到现在，首先恭喜福西西👏恭喜其他人👏有很多槽点想吐槽哈哈哈哈，真的心疼凡子 #卜凡# 心疼毕雯珺 #毕雯珺# 小哥哥，今天真的觉得小哥哥帅，竟然还有一个泪痣我的妈，其他没有进前九的小哥哥们你们也很棒，希望你们也希望我越努力越幸运👌 收起 d,0,0,4,4,30
idol_producer_011,钱正昊,偶像练习生,初评级阶段,2018-01-19,2018-01-26,钱正昊 偶像练习生,4200574658506618,https://m.weibo.cn/detail/4200574658506618,2018-01-26 22:55:00,来安利一个 #偶像练习生# ，让 @李荣浩 眼睛都瞪大一圈的小可爱 @钱正昊 ，唱歌的样子简直迷死人，啊，这迎面扑来的汹涌少年感…… L 韩饭桶的秒拍视频 ​,689,507,471,2174,1
idol_producer_011,钱正昊,偶像练习生,初评级阶段,2018-01-19,2018-01-26,钱正昊 偶像练习生,4200573845156071,https://m.weibo.cn/detail/4200573845156071,2018-01-26 22:51:00,【钱正昊 唱歌】偶像练习生钱正昊唱的这首《City Of Stars》（爱乐之城），我全程姨母笑的听完！王嘉尔投入的感觉要跳舞了，李荣浩话点评就是：“我觉得钱正昊是开口跪的那个人“。真的是很厉害的小哥哥了 L 扒圈青年的秒拍视频 ​,89,51,416,607,2
idol_producer_011,钱正昊,偶像练习生,主题曲考核阶段,2018-01-27,2018-02-02,钱正昊 偶像练习生,4203110530189242,https://m.weibo.cn/detail/4203110530189242,2018-02-02 22:51:00,【 #偶像练习生# 李荣浩继续严苛点评：太让我失望了】在上一期节目中，被 @李荣浩 导师称为“今天唱得最好”的 @钱正昊 ，在最新一期节目中，却因声乐课表现不佳，让他直言：我对你有点失望，我不太想听你唱下去。到底发生了什么？猛戳视频看！ L 《偶像练习生》花絮 李荣浩直言对钱正昊失望 更多关于《偶像练习生》的幕后花絮只在每周五晚八点半上线的 #偶像有新番# ！更多精彩 移动端 O 网页链接 pc端 O 网页链接 收起 d,34,122,213,491,3
idol_producer_011,钱正昊,偶像练习生,排名发布阶段,2018-02-17,2018-03-02,钱正昊 偶像练习生,4213259206374209,https://m.weibo.cn/detail/4213259206374209,2018-03-02 22:58:00,这期偶像练习生我个人觉得各组第一，舞蹈组里面丁泽仁，说唱里面小鬼，声音部分钱正昊，丁泽仁是这两期最惊到我的那个，小鬼RAP确实天赋蛮好的。 ​,3,58,268,387,4
idol_producer_011,钱正昊,偶像练习生,位置测评阶段,2018-02-03,2018-02-16,钱正昊 偶像练习生,4208183649934897,https://m.weibo.cn/detail/4208183649934897,2018-02-16 22:50:00,#偶像练习生# 第一轮前60名： 蔡徐坤/陈立农/范丞丞/Justin/朱正廷/小鬼/卜凡/李权哲/何东东/尤长靖/王子异/Jeffrey/秦奋/林超泽/朱星杰/灵超/钱正昊/董岩磊/韩沐伯/丁泽仁/岳岳/左叶/徐凯皓/木子洋/郑锐彬/毕雯珺/周彦辰/林彦俊/李希侃/陆定昊/周锐/黄书豪/黄新淳/罗正/张达源/李让/贝汯璘/李长庚/陈斯琪/韩雍杰/秦子墨/武连杰/覃俊毅/娄滋博/靖佩瑶/余明君/陈名豪/明鹏/杨非同/朱匀一/伽里/凌崎/朱匀天/徐圣恩/李俊毅/张奕轩/王艺龙/姜达赫/胡致邦/梁辉 乐华女孩绝不认输 收起 d,2,32,106,172,5
idol_producer_011,钱正昊,偶像练习生,排名发布阶段,2018-02-17,2018-03-02,钱正昊 偶像练习生,4213257495523217,https://m.weibo.cn/detail/4213257495523217,2018-03-02 22:52:00,#钱正昊# #偶像练习生# #偶像练习生钱正昊# 钱正昊 音色 @钱正昊 在实时热点啦！ 请粉丝小伙伴们助力热度，搜索“钱正昊 高音色”，进入页面停留十秒。 一起加油！ ————————————— ⭕️【爱奇艺站内投票】（最重要）👉 O 网页链接 ❗️【寄信相关事宜】👉 微博正文 ❗️【爱奇艺站内投票送礼物】（可按头像进送礼物页面）👉 O 网页链接 ​ ❗️【微博练习生pick榜】（送加油卡、发博跟转发）👉 O 练习生PICK榜 📌【工作组招新】👉 微博正文 收起 d,6,15,91,127,6
idol_producer_011,钱正昊,偶像练习生,排名发布阶段,2018-02-17,2018-03-02,钱正昊 偶像练习生,4213259310999517,https://m.weibo.cn/detail/4213259310999517,2018-03-02 22:59:00,#偶像练习生# 哎哟我好多想pick的小弟弟 这期真是惊艳！小半的四个人唱歌都这么好听 锐姐盛世美颜人间仙子！灵超弟弟忧郁王子有点小抠 郑锐彬声线好听长相帅气 钱正昊就不说了，本来就pick的，唱歌非常非常棒（而且感觉他声音实在太大所以融进队友特别难） 爱你组四个人各有各的可爱，Jeffrey实在太呆萌了，林彦俊酒窝带您走向更远，陆定昊声音太好听了，黄新淳实力甩熊 very good组每个人的词都写的太棒了👏🏻因为都很好所以在场的观众真不知道投给谁吧，范丞丞有点让我刮目相看了 之前以为这大哥只知道偷菜现在看看词写的真的非常棒了！flow组非常让人惋惜啊，这么短时间内把弟弟的part重新编排分担真是太厉害了，看着台上三人叠起来的样子俺的心就好痛 me too组真是心疼各位排名靠后的，娄滋博实力第一，真是和谐的组，叫公司名字什么的有点可爱了，而且随机应变能力max 杨非同果然是我爱的颜和声音啊，跳得也hin好嘛～暂且先看了这么多，该去睡个好觉💤明儿早再看巴比龙（其实我已经看过坤坤的直拍了 收起 d,1,3,26,33,7
idol_producer_011,钱正昊,偶像练习生,合作舞台阶段,2018-03-03,2018-03-23,钱正昊 偶像练习生,4220869507238242,https://m.weibo.cn/detail/4220869507238242,2018-03-23 22:59:00,#偶像练习生# 蔡徐坤第一！听听我说的吧，第一！这次的排名大概是我想的吧。一大批小哥哥还是走了 追了三个月也快要结束了 这期互相吐槽好有爱啊，好可爱啊都！ 喜欢！喜欢！这种有竞争，又和谐，颜值高，又可爱的节目！多放两期好么！ 钱正昊的外星人衣服也太搞笑了吧！ Jeffrey的鸡蛋，哈哈哈哈哈哈！可爱！！！！！ 收起 d,0,0,30,30,8
idol_producer_011,钱正昊,偶像练习生,初评级阶段,2018-01-19,2018-01-26,钱正昊 偶像练习生,4200573849084162,https://m.weibo.cn/detail/4200573849084162,2018-01-26 22:51:00,【钱正昊 唱歌】偶像练习生钱正昊唱的这首《City Of Stars》（爱乐之城），我全程姨母笑的听完！王嘉尔投入的感觉要跳舞了，李荣浩话点评就是：“我觉得钱正昊是开口跪的那个人“。真的是很厉害的小哥哥了 L 扒圈青年的秒拍视频 ​,3,1,23,28,9
idol_producer_011,钱正昊,偶像练习生,合作舞台阶段,2018-03-03,2018-03-23,钱正昊 偶像练习生,4220868391269311,https://m.weibo.cn/detail/4220868391269311,2018-03-23 22:55:00,小钱和坤坤这个动图真是太有爱了 之前吃到的瓜有小钱凉了的有末位进20的 然后看到小钱第十名真的贼激动 作为one pick的路人四月六号还是会守着出道直播看的！！！ #偶像练习生钱正昊# ​,0,1,22,24,10
idol_producer_011,钱正昊,偶像练习生,位置测评阶段,2018-02-03,2018-02-16,钱正昊 偶像练习生,4208175341791341,https://m.weibo.cn/detail/4208175341791341,2018-02-16 22:17:00,我觉得第五首那个电音肯定很多人选，所以很容易跟有人气的选手撞上，所以我觉得选dream不错，也可以展现弟弟的rap实力和唱功，各位怎么想? #钱正昊# #偶像练习生# ​,0,6,7,19,11
idol_producer_011,钱正昊,偶像练习生,排名发布阶段,2018-02-17,2018-03-02,钱正昊 偶像练习生,4213258258634521,https://m.weibo.cn/detail/4213258258634521,2018-03-02 22:55:00,#偶像练习生# 周锐你快点出道吧！！！！！ 你太好看了！！！！！！这个妆容太漂亮了！四个人的服装妆容都好看！钱正昊弟弟这场也好看！回到实力上！这一场太炸了！太好听了！配合的也特别好！！！！ 我严重怀疑周锐你吃了灵超的糖，才说灵超表情忧郁 纯欣赏一遍！截图一遍！带弹幕一遍！晚点我得自己录屏再刷！ 收起 d,1,4,8,17,12
idol_producer_011,钱正昊,偶像练习生,总决赛阶段,2018-03-24,2018-04-06,钱正昊 偶像练习生,4225942857163478,https://m.weibo.cn/detail/4225942857163478,2018-04-06 22:59:00,idol会过期，音乐人却永远不会过期 小钱答应我们一定要坚持下去 17岁只是开始，jam都相信你未来可期 一直要保持初心，一直拯救不开心的人类吧，一嗓子超人钱正昊 @钱正昊 @钱正昊 #偶像练习生# #钱正昊# ​,0,0,17,17,13
idol_producer_011,钱正昊,偶像练习生,排名发布阶段,2018-02-17,2018-03-02,钱正昊 偶像练习生,4213259189592293,https://m.weibo.cn/detail/4213259189592293,2018-03-02 22:58:00,#钱正昊# 从中学看的中国新歌声到现在，感觉钱正昊弟弟唱歌真真真真好听！小半里最喜欢他，感觉根本不需要修音！！虽然我不是他的粉，但希望大家可以救救他！！！ #偶像练习生# 当然还有我最喜欢的 #范丞丞# ​,0,2,12,16,14
idol_producer_011,钱正昊,偶像练习生,排名发布阶段,2018-02-17,2018-03-02,钱正昊 偶像练习生,4213258518741734,https://m.weibo.cn/detail/4213258518741734,2018-03-02 22:56:00,#偶像练习生# 周锐，郑锐彬，钱正昊，灵超—《小半》 L 国组安利博的秒拍视频 ​,2,0,7,9,15
idol_producer_011,钱正昊,偶像练习生,合作舞台阶段,2018-03-03,2018-03-23,钱正昊 偶像练习生,4220868391660732,https://m.weibo.cn/detail/4220868391660732,2018-03-23 22:55:00,#钱正昊# #偶像练习生# 钱正昊弟弟好可爱啊～吃jiojio～ 钱弟弟不仅可爱！！也是实力超强的孩子！！！加油让他出道呀！！！！！！！临门一脚了 ​,0,0,9,9,16
idol_producer_011,钱正昊,偶像练习生,总决赛阶段,2018-03-24,2018-04-06,钱正昊 偶像练习生,4225942987964570,https://m.weibo.cn/detail/4225942987964570,2018-04-06 22:59:00,#偶像练习生# 偶像练习生Nine Percent 九人出道 恭喜蔡徐坤，恭喜小鬼 这段日子的投票也算值得了，可惜了朱星杰，毕雯珺，卜凡，秦奋，钱正昊…还有早早被淘汰的磊子，在其他地方继续加油！～ ​,0,0,8,8,17
idol_producer_011,钱正昊,偶像练习生,总决赛阶段,2018-03-24,2018-04-06,钱正昊 偶像练习生,4225942903561614,https://m.weibo.cn/detail/4225942903561614,2018-04-06 22:59:00,#偶像练习生# 虽然跟我心里的出道组不是完全相同，但是还是祝福希望继续加油！还有丁泽仁、朱星杰、杨非同、钱正昊、毕雯珺、卜凡和所有优秀努力的练习生们，你们也要加油，不要失落，你们很优秀！期待你们！ ​,0,0,8,8,18
idol_producer_011,钱正昊,偶像练习生,总决赛阶段,2018-03-24,2018-04-06,钱正昊 偶像练习生,4225942744788262,https://m.weibo.cn/detail/4225942744788262,2018-04-06 22:58:00,公布第十一名是弟弟的时候 弟弟没哭 反而自己先不争气的哭了 嗯弟弟以后一起走花路吧 不管怎么说还是要感谢偶像练习生 让我认识了钱正昊这么棒的弟弟 这四个月发生了很多的事情 但是我相信也是最难忘的回忆吧/:heart 加油吧 钱正昊 一起走钱路 #偶像练习生钱正昊# ​,0,0,7,7,19
idol_producer_011,钱正昊,偶像练习生,总决赛阶段,2018-03-24,2018-04-06,钱正昊 偶像练习生,4225942577147360,https://m.weibo.cn/detail/4225942577147360,2018-04-06 22:58:00,偶像练习生🔚 恭喜9人男团出道啦，看的时候那个揪心啊，不小心哭出来了，但是我支持的全部出道啦，也感谢你们的努力，爱你们每一个，姐姐永远支持你们，你们最棒的！！🙋打板啦 梦也开始了 还有卜凡，灵超，钱正昊，Jeffrey，秦奋我还是会继续支持你们的🙋🙋加油加油，一切都会变好的👌都是最棒的自己 收起 d,0,2,3,7,20
idol_producer_011,钱正昊,偶像练习生,排名发布阶段,2018-02-17,2018-03-02,钱正昊 偶像练习生,4213257839966340,https://m.weibo.cn/detail/4213257839966340,2018-03-02 22:53:00,音色 👍// @BonBonQ_钱正昊安利博 :钱正昊音色真的一绝 // @BonBonQ_钱正昊安利博 : #钱正昊# #偶像练习生# #偶像练习生钱正昊# 为大家点播一首小钱的翻唱《dream a little dream》（Cover.Beautiful South）在线地址👉 O 网页链接,4,0,2,6,21
idol_producer_011,钱正昊,偶像练习生,合作舞台阶段,2018-03-03,2018-03-23,钱正昊 偶像练习生,4220868152935936,https://m.weibo.cn/detail/4220868152935936,2018-03-23 22:54:00,#钱正昊# #偶像练习生# #钱正昊 高音# 弟弟加油继续努力，金子一定会发光！ ​,0,1,4,6,22
idol_producer_011,钱正昊,偶像练习生,初评级阶段,2018-01-19,2018-01-26,钱正昊 偶像练习生,4200574876866381,https://m.weibo.cn/detail/4200574876866381,2018-01-26 22:55:00,第二期偶像练习生观后感 #偶像练习生# 照样打call蔡徐坤 #偶像练习生蔡徐坤# ，Justin， #偶像练习生justin# 朱正延 #偶像练习生朱正廷# 农农 #偶像练习生陈立农# 这次新进了范丞丞， #偶像练习生范丞丞# 觉得很努力，新进了， 还有香蕉娱乐的林超泽 #林超泽# 编舞够厉害和担任队长 陆定昊 #偶像练习生陆定昊# 尤长靖 #偶像练习生尤长靖# 两个主唱 还有唱歌很厉害的钱正昊 #偶像练习生钱正昊# 还有rapper很厉害的小鬼 #偶像练习生小鬼# 朱星杰 #偶像练习生朱星杰# 还有泰国人很有感染力的黄书豪 #黄书豪# 还有钱明昊我们奶罐朋友，目前还没有get到，看看下期 第二期就多了这么多好感得了！ #偶像练习生# 收起 d,0,1,1,3,23
idol_producer_011,钱正昊,偶像练习生,合作舞台阶段,2018-03-03,2018-03-23,钱正昊 偶像练习生,4220867497847436,https://m.weibo.cn/detail/4220867497847436,2018-03-23 22:51:00,#钱正昊# ✨ #偶像练习生钱正昊# ✨ #偶像练习生# 非常优秀的钱正昊了解一下👇🏻👇🏻👇🏻,2,0,1,3,24
idol_producer_011,钱正昊,偶像练习生,合作舞台阶段,2018-03-03,2018-03-23,钱正昊 偶像练习生,4220867116099456,https://m.weibo.cn/detail/4220867116099456,2018-03-23 22:50:00,百分之九！独一无二！// @钱正昊官方后援会 : #钱正昊# #偶像练习生# #偶像练习生钱正昊# 你的点滴成长与进步，大家都看到了，越努力越幸运！小钱儿，加油，JAM陪着你成为百分之九 @钱正昊,0,0,2,2,25
idol_producer_011,钱正昊,偶像练习生,合作舞台阶段,2018-03-03,2018-03-23,钱正昊 偶像练习生,4220869444197993,https://m.weibo.cn/detail/4220869444197993,2018-03-23 22:59:00,#钱正昊# 😊 #偶像练习生钱正昊# 出道team里缺一个钱正昊！！,0,0,2,2,26
idol_producer_011,钱正昊,偶像练习生,排名发布阶段,2018-02-17,2018-03-02,钱正昊 偶像练习生,4213256882828094,https://m.weibo.cn/detail/4213256882828094,2018-03-02 22:49:00,#偶像练习生# 我向 @钱正昊 送出了加油卡！我pick的小哥哥全世界最棒！大家快来一起给你喜欢的选手打call吧！ O 练习生PICK榜 ​,0,0,1,1,27
idol_producer_011,钱正昊,偶像练习生,排名发布阶段,2018-02-17,2018-03-02,钱正昊 偶像练习生,4213256979256342,https://m.weibo.cn/detail/4213256979256342,2018-03-02 22:50:00,@钱正昊 我在 #偶像练习生# 练习生PICK榜上为你打call！把小心心都给你，赢取节目10s彩蛋！ O 练习生PICK榜 ​,0,0,1,1,28
idol_producer_011,钱正昊,偶像练习生,排名发布阶段,2018-02-17,2018-03-02,钱正昊 偶像练习生,4213256958700264,https://m.weibo.cn/detail/4213256958700264,2018-03-02 22:50:00,我又笑了 // @BonBonQ_钱正昊安利博 : #钱正昊# 💚 #偶像练习生钱正昊# 弟弟的低音真的很棒很迷人,1,0,0,1,29
idol_producer_011,钱正昊,偶像练习生,总决赛阶段,2018-03-24,2018-04-06,钱正昊 偶像练习生,4225942484344035,https://m.weibo.cn/detail/4225942484344035,2018-04-06 22:57:00,#钱正昊# 🌟 #偶像练习生钱正昊# @钱正昊 钱路可期 未来有我,0,0,1,1,30
idol_producer_012,卜凡,偶像练习生,排名发布阶段,2018-02-17,2018-03-02,卜凡 偶像练习生,4213258694525568,https://m.weibo.cn/detail/4213258694525568,2018-03-02 22:56:00,#偶像练习生# 论在原唱面前去改他的歌是什么体验 台下四只baby龙们 @蔡徐坤 @jjjustin0219 @BBT王子异 @卜凡KATTO 表示敲紧张！ 幸好有专业负责的王导师 @王嘉尔 ，帮少年们一个个抓细节 “要把练习室当现场”才能把舞台燃炸！ L 《偶像练习生》【小课堂】王嘉尔直言要把排练当舞台 ​,12073,3459,7102,26093,1
idol_producer_012,卜凡,偶像练习生,合作舞台阶段,2018-03-03,2018-03-23,卜凡 偶像练习生,4220869360131549,https://m.weibo.cn/detail/4220869360131549,2018-03-23 22:58:00,#偶像练习生# #BC221# #岳岳pinkray# #卜凡# #灵超# #木子洋# 坤音的这段视频太搞笑了，我也就看了十几遍 L 偶练生搬运小巴士的秒拍视频 ​,396,247,1261,2151,2
idol_producer_012,卜凡,偶像练习生,排名发布阶段,2018-02-17,2018-03-02,卜凡 偶像练习生,4213258879458489,https://m.weibo.cn/detail/4213258879458489,2018-03-02 22:57:00,【推特】 #偶像练习生# 话题下1小时pick #小鬼王琳凯# #蔡徐坤# #偶像练习生蔡徐坤# #林超泽# #陈名豪# #范丞丞# #朱星杰# #周锐zee# #秦子墨# #卜凡# #偶像练习生黄书豪# #毕雯珺# #黄新淳# #陆定昊# ​,3,99,70,271,3
idol_producer_012,卜凡,偶像练习生,主题曲考核阶段,2018-01-27,2018-02-02,卜凡 偶像练习生,4203111989848513,https://m.weibo.cn/detail/4203111989848513,2018-02-02 22:57:00,#卜凡# #偶像练习生# 《半兽人》直拍 only pick @卜凡KATTO L 《偶像练习生》【直拍】小组对决《半兽人》卜凡 ​,32,26,125,209,4
idol_producer_012,卜凡,偶像练习生,合作舞台阶段,2018-03-03,2018-03-23,卜凡 偶像练习生,4220869041487789,https://m.weibo.cn/detail/4220869041487789,2018-03-23 22:57:00,今天的偶像练习生看得我真是一会笑一会哭哭完了笑笑完了哭 这个节目真的挺变态的 不仅折磨练习生们还折磨全民制作人阿！！ 我看到岳岳和洋哥被淘汰的时候真的是哭到泣不成声了吧 看到灵超弟弟那么难过心里真的很难受很难受 凡子虽然话说的不多但其实也能体会到他的难过… 人各有命 富贵在天 这里只是一个起点 无论是岳岳还是木子洋 还有被淘汰的每一个练习生们 周美锐阿周彦辰啦罗正小哥哥啦…每一个你们都是很优秀很棒的人 梦想的路永远不止这一条 想对你们每一个人说一句加油！ 最后就是凡子和弟弟继续努力🙏坤音女孩陪你们走到最后 坤音四子绝不认输 我们坤音永不放弃❤ #偶像练习生# #卜凡# #坤音四子# 收起 d,0,2,27,31,5
idol_producer_012,卜凡,偶像练习生,排名发布阶段,2018-02-17,2018-03-02,卜凡 偶像练习生,4213257277616652,https://m.weibo.cn/detail/4213257277616652,2018-03-02 22:51:00,看完偶像练习生马上来微博暗戳戳的收集卜凡的表情包哈哈哈哈哈哈 ​,0,2,22,26,6
idol_producer_012,卜凡,偶像练习生,合作舞台阶段,2018-03-03,2018-03-23,卜凡 偶像练习生,4220868483478305,https://m.weibo.cn/detail/4220868483478305,2018-03-23 22:55:00,#偶像练习生# 怎么只能投一票啊啊啊啊！我的选择恐惧症犯了！卜凡、范丞丞、蔡徐坤、小鬼，我对不起你们 你们猜我投给了谁 ​,0,10,1,21,7
idol_producer_012,卜凡,偶像练习生,合作舞台阶段,2018-03-03,2018-03-23,卜凡 偶像练习生,4220868568246642,https://m.weibo.cn/detail/4220868568246642,2018-03-23 22:55:00,卜凡你赢了，被你打败了 哈仙 你问过二哈的感受么 坤音最傻 #偶像练习生# #坤音四子# #卜凡# @卜凡KATTO ​,0,1,18,20,8
idol_producer_012,卜凡,偶像练习生,合作舞台阶段,2018-03-03,2018-03-23,卜凡 偶像练习生,4220868802429484,https://m.weibo.cn/detail/4220868802429484,2018-03-23 22:56:00,#偶像练习生# PD在前面公布第16名的人的投票，在公布姓名前形容这个人：温柔，可爱。 岳岳扭头跟旁边的卜凡说：跟你，跟你没关系了。 哈哈哈哈哈哈哈哈哈哈哈哈哈哈哈（我要萌这俩人了！ ​,0,4,12,20,9
idol_producer_012,卜凡,偶像练习生,排名发布阶段,2018-02-17,2018-03-02,卜凡 偶像练习生,4213256446657039,https://m.weibo.cn/detail/4213256446657039,2018-03-02 22:47:00,#蔡徐坤# 这期偶像练习生看完，有一个疑问。 蔡徐坤是不是天使啊？ 走过去帮助别人的时候简直是天使本人。 套用卜凡的话，没想到你这么有人格魅力哦。 ​,0,0,8,8,10
idol_producer_012,卜凡,偶像练习生,总决赛阶段,2018-03-24,2018-04-06,卜凡 偶像练习生,4225942987964570,https://m.weibo.cn/detail/4225942987964570,2018-04-06 22:59:00,#偶像练习生# 偶像练习生Nine Percent 九人出道 恭喜蔡徐坤，恭喜小鬼 这段日子的投票也算值得了，可惜了朱星杰，毕雯珺，卜凡，秦奋，钱正昊…还有早早被淘汰的磊子，在其他地方继续加油！～ ​,0,0,8,8,11
idol_producer_012,卜凡,偶像练习生,总决赛阶段,2018-03-24,2018-04-06,卜凡 偶像练习生,4225942903561614,https://m.weibo.cn/detail/4225942903561614,2018-04-06 22:59:00,#偶像练习生# 虽然跟我心里的出道组不是完全相同，但是还是祝福希望继续加油！还有丁泽仁、朱星杰、杨非同、钱正昊、毕雯珺、卜凡和所有优秀努力的练习生们，你们也要加油，不要失落，你们很优秀！期待你们！ ​,0,0,8,8,12
idol_producer_012,卜凡,偶像练习生,排名发布阶段,2018-02-17,2018-03-02,卜凡 偶像练习生,4213258598612266,https://m.weibo.cn/detail/4213258598612266,2018-03-02 22:56:00,@卜凡KATTO 这么酷的卜凡你确定不pick一下？？ #偶像练习生# #卜凡# ​,0,1,3,5,13
idol_producer_012,卜凡,偶像练习生,合作舞台阶段,2018-03-03,2018-03-23,卜凡 偶像练习生,4220868769064844,https://m.weibo.cn/detail/4220868769064844,2018-03-23 22:56:00,#偶像练习生# 立个flag 希望不被推翻打脸 蔡徐坤 陈立农 范丞丞 Justin 尤长靖 朱正廷 林彦俊 王子异 灵超 （卜凡，秦奋，小鬼，） 哇，这个组合rap，主唱，舞蹈，各种担当都有好吧。 ​,0,1,3,5,14
idol_producer_012,卜凡,偶像练习生,总决赛阶段,2018-03-24,2018-04-06,卜凡 偶像练习生,4225943012686055,https://m.weibo.cn/detail/4225943012686055,2018-04-06 22:59:00,#偶像练习生# #坤音娱乐# #坤音女孩绝不认输# #坤音四子# #BC221# 这个晚上又哭又笑的hhh 今晚过後我就可以做个吃瓜群衆笑看土偶饭圈各种瓜了WWW 毕竟pick的小可爱们都没进qqq 坤音自己崽自己疼！！！其实最想也是你们自己出道！！！ 坤音大势，未来可期！！！！ 我爱你们！！（笔芯 @木子洋KWIN @灵超DIDI @卜凡KATTO @岳岳PINKRA 收起 d,0,2,1,5,15
idol_producer_012,卜凡,偶像练习生,合作舞台阶段,2018-03-03,2018-03-23,卜凡 偶像练习生,4220868685665438,https://m.weibo.cn/detail/4220868685665438,2018-03-23 22:56:00,#偶像练习生# 之前的微博排名真是骗人 还好jeffrey 秦奋 林超泽都留下来了hhh 听听我说的吧组拿第一真真真der不容易 我的甜心农终于回到第二了 只是可惜了锐姐[胡巴伤心] 为了你的生活会继续pick你滴！ 🙏🏻希望蔡徐坤陈立农王子异尤长靖林彦俊小鬼朱星杰jeffrey卜凡秦奋能前九出道啊！加油！ 收起 d,0,2,0,4,16
idol_producer_012,卜凡,偶像练习生,合作舞台阶段,2018-03-03,2018-03-23,卜凡 偶像练习生,4220869330977876,https://m.weibo.cn/detail/4220869330977876,2018-03-23 22:58:00,#偶像练习生# 卜凡大名卜凡凡 我要笑死了 怎么那么可爱啊他 还我就不能是仙子了 我哈仙 天哪 ​,0,0,4,4,17
idol_producer_012,卜凡,偶像练习生,总决赛阶段,2018-03-24,2018-04-06,卜凡 偶像练习生,4225942819474406,https://m.weibo.cn/detail/4225942819474406,2018-04-06 22:59:00,#偶像练习生# #范丞丞# 来自一个96年老阿姨的暴肝追星，从第一期到现在坐在楼梯间看到现在，首先恭喜福西西👏恭喜其他人👏有很多槽点想吐槽哈哈哈哈，真的心疼凡子 #卜凡# 心疼毕雯珺 #毕雯珺# 小哥哥，今天真的觉得小哥哥帅，竟然还有一个泪痣我的妈，其他没有进前九的小哥哥们你们也很棒，希望你们也希望我越努力越幸运👌 收起 d,0,0,4,4,18
idol_producer_012,卜凡,偶像练习生,合作舞台阶段,2018-03-03,2018-03-23,卜凡 偶像练习生,4220869100333117,https://m.weibo.cn/detail/4220869100333117,2018-03-23 22:57:00,#偶像练习生# #偶像练习生出道名# 偶像练习生出道名单预测:蔡徐坤 @蔡徐坤 范丞丞 @范丞丞 Justin，陈立农，卜凡，小鬼，朱正廷，（王子异，尤长靖） #偶像练习生出道名单预测# 其中， @蔡徐坤 将以C位出道。pick you！ ​,0,0,3,3,19
idol_producer_012,卜凡,偶像练习生,总决赛阶段,2018-03-24,2018-04-06,卜凡 偶像练习生,4225942992305243,https://m.weibo.cn/detail/4225942992305243,2018-04-06 22:59:00,#bc221# #偶像练习生# 欢迎回家！ 希望这样好的你们 会被更多的人发现 喜爱 珍惜 你们都很棒 但还可以更棒 那样就不会辜负现在付出的你们了 你们的故事还没有结束 我们依然也还没有💐 @岳岳PINKRAY @木子洋KWIN @卜凡KATTO @灵超DIDI ​,0,1,1,3,20
idol_producer_012,卜凡,偶像练习生,总决赛阶段,2018-03-24,2018-04-06,卜凡 偶像练习生,4225942827879951,https://m.weibo.cn/detail/4225942827879951,2018-04-06 22:59:00,#偶像练习生# 我不是不喜欢林彦俊 但他第五我就是莫名不开心 想把他换成卜凡。。 ​,0,1,1,3,21
idol_producer_012,卜凡,偶像练习生,排名发布阶段,2018-02-17,2018-03-02,卜凡 偶像练习生,4213257516722805,https://m.weibo.cn/detail/4213257516722805,2018-03-02 22:52:00,#偶像练习生# #范丞丞# #justin黄明昊# #卜凡# 为你们打call不要停哈哈哈哈 ​,0,1,0,2,22
idol_producer_012,卜凡,偶像练习生,排名发布阶段,2018-02-17,2018-03-02,卜凡 偶像练习生,4213258136788673,https://m.weibo.cn/detail/4213258136788673,2018-03-02 22:54:00,#偶像练习生# #亮点# #排名# ✔第七期，为我解答了上一期遗留的些许问题 ☞朱正廷的腹肌在公演上没有被拍到(｀_ゝ´) ☞朱匀一的眼睛是在跳舞时被衣服的带子抽到然后流血的 一定要小心啊 ☞卜凡的渔网据他自己说是借的坤坤的，然后染绿了 ✔一些小发现 -直拍是彩排时拍的，与公演的不同 -娄滋博戴眼镜真好看 -范丞丞真的太搞笑了 ♚对于这次的排名，其实有诸多因素影响着，我认为接纳已定结果，专注本家多多投票是最好的，毕竟idol的关系那么好，粉丝争吵太伤情 ↪喜欢每一位努力的练习生 收起 d,0,0,2,2,23
idol_producer_012,卜凡,偶像练习生,排名发布阶段,2018-02-17,2018-03-02,卜凡 偶像练习生,4213255608634321,https://m.weibo.cn/detail/4213255608634321,2018-03-02 22:44:00,@卜凡KATTO 我在 #偶像练习生# 练习生PICK榜上为你打call！把小心心都给你，赢取节目10s彩蛋！ O 练习生PICK榜 ​,0,0,1,1,24
idol_producer_012,卜凡,偶像练习生,排名发布阶段,2018-02-17,2018-03-02,卜凡 偶像练习生,4213256756973120,https://m.weibo.cn/detail/4213256756973120,2018-03-02 22:49:00,#木子洋# #岳岳pinkray# #卜凡# #灵超# #坤音女孩绝不认输# #偶像练习生# 起码我要为他们做到我能做到一切,0,0,1,1,25
idol_producer_012,卜凡,偶像练习生,排名发布阶段,2018-02-17,2018-03-02,卜凡 偶像练习生,4213257172395764,https://m.weibo.cn/detail/4213257172395764,2018-03-02 22:50:00,#木子洋# #岳岳pinkray# #卜凡# #灵超# #坤音女孩绝不认输# #偶像练习生# 大家打投组了解一下！！个人打投或者全团打投！！无论团还是唯 目前为他们投票才是最重要的！！,0,0,1,1,26
idol_producer_012,卜凡,偶像练习生,总决赛阶段,2018-03-24,2018-04-06,卜凡 偶像练习生,4225943025943040,https://m.weibo.cn/detail/4225943025943040,2018-04-06 22:59:00,// @卜凡KATTO :我是 #偶像练习生# 卜凡，全民制作人，谢谢关照。,1,0,0,1,27
idol_producer_012,卜凡,偶像练习生,主题曲考核阶段,2018-01-27,2018-02-02,卜凡 偶像练习生,4203107204825515,https://m.weibo.cn/detail/4203107204825515,2018-02-02 22:38:00,@卜凡KATTO 我在 #偶像练习生# 练习生PICK榜上为你打call！把小心心都给你，赢取节目10s彩蛋！ O 练习生PICK榜 ​,0,0,0,0,28
idol_producer_012,卜凡,偶像练习生,排名发布阶段,2018-02-17,2018-03-02,卜凡 偶像练习生,4213255616294142,https://m.weibo.cn/detail/4213255616294142,2018-03-02 22:44:00,@卜凡KATTO 为你打爆电话！我们一起用爱发电，向 #偶像练习生# 练习生PICK榜第一名进击，赢取节目10s彩蛋！ // @卜凡KATTO : #偶像练习生# 记住我叫卜凡！K A double～T O！pick 我！ 越努力越幸运！ #卜凡#,0,0,0,0,29
idol_producer_012,卜凡,偶像练习生,排名发布阶段,2018-02-17,2018-03-02,卜凡 偶像练习生,4213255452476863,https://m.weibo.cn/detail/4213255452476863,2018-03-02 22:44:00,@卜凡KATTO 为你打爆电话！我们一起用爱发电，向 #偶像练习生# 练习生PICK榜第8一名进击，赢取节目10s彩蛋！ // @卜凡KATTO : #偶像练习生# 记住我叫卜凡！K A double～T O！pick 我！ 越努力越幸运！ #卜凡#,0,0,0,0,30
idol_producer_013,李希侃,偶像练习生,主题曲考核阶段,2018-01-27,2018-02-02,李希侃 偶像练习生,4203104062389053,https://m.weibo.cn/detail/4203104062389053,2018-02-02 22:26:00,#偶像练习生# #偶像练习生李希侃# 李希侃《半兽人》舞台个人直拍公开 麦麦已经叫救护车了，大家请自行点开感受小狐狸 @李希侃_LXK 一定要记得投侃侃一票哦！ L 《偶像练习生》【直拍】小组对决《半兽人》李希侃 ​,341,466,948,2221,1
idol_producer_013,李希侃,偶像练习生,主题曲考核阶段,2018-01-27,2018-02-02,李希侃 偶像练习生,4203102741416044,https://m.weibo.cn/detail/4203102741416044,2018-02-02 22:20:00,180107 第一次竞演舞台《半兽人》 心上人扭过头时的脸 从来都是最最好看的 好看到在少女心上烧火 熏的人辨不清先爱他哪里好 你把虚构的火苗摆在胸前 从今以后我以此来爱你 @李希侃_LXK #李希侃# ✨ #偶像练习生李希侃# ​,236,36,316,624,2
idol_producer_013,李希侃,偶像练习生,排名发布阶段,2018-02-17,2018-03-02,李希侃 偶像练习生,4213252005516499,https://m.weibo.cn/detail/4213252005516499,2018-03-02 22:30:00,#偶像练习生# 不是知道是不是我的误会 总觉得这一期271剪辑试图捞一波人啊： 李希侃 娄滋博 杨非同 李俊毅 双胞胎 灵超(小王几其实不用捞只是镜头变多2333 捞的还是一批挺有实力的练习生 表白剪辑了 ​,1,57,133,248,3
idol_producer_013,李希侃,偶像练习生,位置测评阶段,2018-02-03,2018-02-16,李希侃 偶像练习生,4208183649934897,https://m.weibo.cn/detail/4208183649934897,2018-02-16 22:50:00,#偶像练习生# 第一轮前60名： 蔡徐坤/陈立农/范丞丞/Justin/朱正廷/小鬼/卜凡/李权哲/何东东/尤长靖/王子异/Jeffrey/秦奋/林超泽/朱星杰/灵超/钱正昊/董岩磊/韩沐伯/丁泽仁/岳岳/左叶/徐凯皓/木子洋/郑锐彬/毕雯珺/周彦辰/林彦俊/李希侃/陆定昊/周锐/黄书豪/黄新淳/罗正/张达源/李让/贝汯璘/李长庚/陈斯琪/韩雍杰/秦子墨/武连杰/覃俊毅/娄滋博/靖佩瑶/余明君/陈名豪/明鹏/杨非同/朱匀一/伽里/凌崎/朱匀天/徐圣恩/李俊毅/张奕轩/王艺龙/姜达赫/胡致邦/梁辉 乐华女孩绝不认输 收起 d,2,32,106,172,4
idol_producer_013,李希侃,偶像练习生,总决赛阶段,2018-03-24,2018-04-06,李希侃 偶像练习生,4225941167438304,https://m.weibo.cn/detail/4225941167438304,2018-04-06 22:52:00,追了这么久的偶像练习生告一段落，蔡徐坤c位出道，我喜欢的小鬼 范丞丞 王子异也前九出道，不过可惜了林超泽，卜凡，李希侃，希望他们自己以后也能好好发展，接下来就看我杰哥参与的女版偶像练习生啦，虽然节目还没播出就出现了好多事，可是我不在乎我完全就是为了张杰看的呀 #偶像练习生# #蔡徐坤c位出道# #小鬼—王琳凯# 收起 d,0,9,126,144,5
idol_producer_013,李希侃,偶像练习生,合作舞台阶段,2018-03-03,2018-03-23,李希侃 偶像练习生,4220865702958649,https://m.weibo.cn/detail/4220865702958649,2018-03-23 22:44:00,偶像练习生温州小分队Justin #黄明昊# 、 #林超泽# 、 #李希侃# 都进TOP20啦 富贵下滑了两位，跟全民制作人道谢鞠躬都出框了 本来挺心疼结果画面一转，说把汗都擦范丞丞身上了，傻乐的范丞丞哭了，欺负完还是得安慰他 你心中的出道组有谁？ ​,1,4,31,40,6
idol_producer_013,李希侃,偶像练习生,主题曲考核阶段,2018-01-27,2018-02-02,李希侃 偶像练习生,4203102657337803,https://m.weibo.cn/detail/4203102657337803,2018-02-02 22:20:00,#李希侃# #李希侃偶像练习生# 第三期《偶像练习生》排名已出，累计排名28，感谢这一周时间大家努力的投票 但是，我们还要更加努力才行 希望大家可以加入我们，我们一起加油 ​,1,4,30,39,7
idol_producer_013,李希侃,偶像练习生,总决赛阶段,2018-03-24,2018-04-06,李希侃 偶像练习生,4225942681242794,https://m.weibo.cn/detail/4225942681242794,2018-04-06 22:58:00,#偶像练习生# 恭喜蔡徐坤 陈立农 范丞丞 justin 朱正廷 王子异 小鬼 尤长靖八个练习生成功出道，还有没出道的我喜欢的罗正 李希侃 董岩磊 靖佩瑶 韩沐伯 朱星杰 丁泽仁 李俊毅 灵超 木子洋 周锐 山不转水转，我们江湖再见，未来可期！ ​,0,5,28,38,8
idol_producer_013,李希侃,偶像练习生,合作舞台阶段,2018-03-03,2018-03-23,李希侃 偶像练习生,4220864503046407,https://m.weibo.cn/detail/4220864503046407,2018-03-23 22:39:00,真的偶像练习生一看到晋级就要哭死，舍不得周美锐，丁泽仁，杨非同，陆定昊，周彦辰啊，真的真的不想让你们走，你们真的很努力了，徐圣恩李希侃进了20超开心，没有想到，郑锐彬20我也很开心，我喜欢的留下的越来越少了，哭死，Justin崽崽加油 ​,0,7,23,37,9
idol_producer_013,李希侃,偶像练习生,总决赛阶段,2018-03-24,2018-04-06,李希侃 偶像练习生,4225942605544601,https://m.weibo.cn/detail/4225942605544601,2018-04-06 22:58:00,#李希侃# @李希侃_LXK 真的超爱你 出不出道没关系啦。你一直有我们的 我们会一直在你身边陪伴你守护你左右 #偶像练习生李希侃# ​,1,3,19,26,10
idol_producer_013,李希侃,偶像练习生,位置测评阶段,2018-02-03,2018-02-16,李希侃 偶像练习生,4208184480498370,https://m.weibo.cn/detail/4208184480498370,2018-02-16 22:53:00,#偶像练习生# 💜都碎了👈🏻 @李希侃_LXK 没热度 活下来了29也是形同虚设 路人小姐姐能不能睁开眼睛看看看看看看看看看？？？嗯？ ​,1,0,12,13,11
idol_producer_013,李希侃,偶像练习生,总决赛阶段,2018-03-24,2018-04-06,李希侃 偶像练习生,4225941192658155,https://m.weibo.cn/detail/4225941192658155,2018-04-06 22:52:00,#李希侃# 我很感谢 #偶像练习生# 认识了你，在我心中你已经出到了，虽然没在这个9人团没关系，个人觉得团体人多了不好发展。你已经拥有了我们这么多粉丝，你的后盾很坚强未来一直为你加油，期待你以后的表现李希侃加油！姐姐一直看好你。可爱的孩子 @李希侃_LXK ​ 2 南充 ​,0,0,7,7,12
idol_producer_013,李希侃,偶像练习生,总决赛阶段,2018-03-24,2018-04-06,李希侃 偶像练习生,4225941058807570,https://m.weibo.cn/detail/4225941058807570,2018-04-06 22:52:00,#偶像练习生李希侃# @李希侃_LXK 没关系的已经很好了我们知道你很努力，就算最后没有出道我们还是会一直喜欢你的一直支持你的！加油啊李希侃！冲啊！ @李希侃_LXK ​,0,0,6,6,13
idol_producer_013,李希侃,偶像练习生,总决赛阶段,2018-03-24,2018-04-06,李希侃 偶像练习生,4225939925277131,https://m.weibo.cn/detail/4225939925277131,2018-04-06 22:47:00,再见啦 #偶像练习生# 以后也一起走吧 就算不是9%的李希侃而是练习生李希侃 #李希侃# @李希侃_LXK ​,0,0,4,4,14
idol_producer_013,李希侃,偶像练习生,总决赛阶段,2018-03-24,2018-04-06,李希侃 偶像练习生,4225940931763836,https://m.weibo.cn/detail/4225940931763836,2018-04-06 22:51:00,宝贝你最棒！姐姐们爱你… @李希侃_LXK #李希侃# #偶像练习生# @奔跑的蹄蹄蹄蹄 2 深圳·西乡街区 ​,1,1,1,4,15
idol_producer_013,李希侃,偶像练习生,总决赛阶段,2018-03-24,2018-04-06,李希侃 偶像练习生,4225942161546175,https://m.weibo.cn/detail/4225942161546175,2018-04-06 22:56:00,#偶像练习生# 反正不管喜欢的不喜欢的基本是意料之中的那几个人，还好蔡徐坤是第一，其实看久了挺多人都觉得还蛮不错的，大家也挺不容易的，尤其是最近喜欢的李希侃和秦奋，希望他们以后更好。 ​,0,0,3,3,16
idol_producer_013,李希侃,偶像练习生,排名发布阶段,2018-02-17,2018-03-02,李希侃 偶像练习生,4213252935967403,https://m.weibo.cn/detail/4213252935967403,2018-03-02 22:34:00,#偶像练习生# 我向 @李希侃_LXK 送出了加油卡！我pick的小哥哥全世界最棒！大家快来一起给你喜欢的选手打call吧！ O 练习生PICK榜 ​,0,0,1,1,17
idol_producer_013,李希侃,偶像练习生,排名发布阶段,2018-02-17,2018-03-02,李希侃 偶像练习生,4213258900946414,https://m.weibo.cn/detail/4213258900946414,2018-03-02 22:57:00,我在 @明星势力榜 练习生榜上为 #偶像练习生# @李希侃_LXK 加油啦！你是我的取向狙击，是我的固定pick，见证你的成长，陪你一起出道！ 明星势力榜第665位 李希侃相信自己 ​,0,0,1,1,18
idol_producer_013,李希侃,偶像练习生,合作舞台阶段,2018-03-03,2018-03-23,李希侃 偶像练习生,4220864116830010,https://m.weibo.cn/detail/4220864116830010,2018-03-23 22:38:00,#偶像练习生# #李希侃# 你就是可爱本人，不要拒绝了，当然了你也很帅且有型！ @李希侃_LXK,0,0,1,1,19
idol_producer_013,李希侃,偶像练习生,总决赛阶段,2018-03-24,2018-04-06,李希侃 偶像练习生,4225940533419125,https://m.weibo.cn/detail/4225940533419125,2018-04-06 22:50:00,偶像练习生 有两个没pick的都出道了 灵超和李希侃啊心痛 ​,0,0,1,1,20
idol_producer_013,李希侃,偶像练习生,排名发布阶段,2018-02-17,2018-03-02,李希侃 偶像练习生,4213251748971835,https://m.weibo.cn/detail/4213251748971835,2018-03-02 22:29:00,// @坚持叉皮炎 :// @不要逼我啊 :// @刘海侃俏 :// @李希侃粉丝后援会 : #偶像练习生# #李希侃# 表白我们sense超棒的李pd，小狐狸变身懒羊羊，发型相似度100% @爱奇艺偶像练习生 @李希侃_LXK,0,0,0,0,21
idol_producer_013,李希侃,偶像练习生,排名发布阶段,2018-02-17,2018-03-02,李希侃 偶像练习生,4213252130452330,https://m.weibo.cn/detail/4213252130452330,2018-03-02 22:30:00,#李希侃# #李希侃偶像练习生# 我侃的虚红日常,0,0,0,0,22
idol_producer_013,李希侃,偶像练习生,排名发布阶段,2018-02-17,2018-03-02,李希侃 偶像练习生,4213252886423293,https://m.weibo.cn/detail/4213252886423293,2018-03-02 22:33:00,@李希侃_LXK 为你打爆电话！我们一起用爱发电，向 #偶像练习生# 练习生PICK榜第一名进击，赢取节目10s彩蛋！ // @李希侃_LXK :我是 #偶像练习生# 李希侃，全民制作人，请多关照。,0,0,0,0,23
idol_producer_013,李希侃,偶像练习生,排名发布阶段,2018-02-17,2018-03-02,李希侃 偶像练习生,4213252865399830,https://m.weibo.cn/detail/4213252865399830,2018-03-02 22:33:00,@李希侃_LXK 我在 #偶像练习生# 练习生PICK榜上为你打call！把小心心都给你，赢取节目10s彩蛋！ O 练习生PICK榜 ​,0,0,0,0,24
idol_producer_013,李希侃,偶像练习生,排名发布阶段,2018-02-17,2018-03-02,李希侃 偶像练习生,4213253682943944,https://m.weibo.cn/detail/4213253682943944,2018-03-02 22:36:00,// @李希侃粉丝后援会 : #偶像练习生# #李希侃# 表白我们sense超棒的李pd，小狐狸变身懒羊羊，发型相似度100% @爱奇艺偶像练习生 @李希侃_LXK,0,0,0,0,25
idol_producer_013,李希侃,偶像练习生,排名发布阶段,2018-02-17,2018-03-02,李希侃 偶像练习生,4213253703967098,https://m.weibo.cn/detail/4213253703967098,2018-03-02 22:37:00,// @麦锐娱乐 : #李希侃# #偶像练习生李希侃# “冒牌PD李希侃” 小狐狸，每天皮一下很开心的哦～ @李希侃_LXK 大家看《SHEEP》的完整舞台了吗？,0,0,0,0,26
idol_producer_013,李希侃,偶像练习生,排名发布阶段,2018-02-17,2018-03-02,李希侃 偶像练习生,4213254319963411,https://m.weibo.cn/detail/4213254319963411,2018-03-02 22:39:00,@李希侃_LXK 为你打爆电话！我们一起用爱发电，向 #偶像练习生# 练习生PICK榜第一名进击，赢取节目10s彩蛋！ // @李希侃_LXK :我是 #偶像练习生# 李希侃，全民制作人，请多关照。,0,0,0,0,27
idol_producer_013,李希侃,偶像练习生,排名发布阶段,2018-02-17,2018-03-02,李希侃 偶像练习生,4213254227917996,https://m.weibo.cn/detail/4213254227917996,2018-03-02 22:39:00,@李希侃_LXK 我在 #偶像练习生# 练习生PICK榜上为你打call！把小心心都给你，赢取节目10s彩蛋！ @李希侃_LXK 我在 #偶像练习生# 练习生PICK榜上为你打call！把小心心都给你，赢取节目10s彩蛋！ O 练习生PICK榜 ​,0,0,0,0,28
idol_producer_013,李希侃,偶像练习生,排名发布阶段,2018-02-17,2018-03-02,李希侃 偶像练习生,4213254216008696,https://m.weibo.cn/detail/4213254216008696,2018-03-02 22:39:00,#偶像练习生# 我向 @李希侃_LXK 送出了加油卡！我pick的小哥哥全世界最棒！大家快来一起给你喜欢的选手打call吧！ O 练习生PICK榜 ​,0,0,0,0,29
idol_producer_013,李希侃,偶像练习生,排名发布阶段,2018-02-17,2018-03-02,李希侃 偶像练习生,4213255095862784,https://m.weibo.cn/detail/4213255095862784,2018-03-02 22:42:00,樂🌸🌸的笔记 #偶像练习生[话题]# @李希侃 大家快來幫...（想看更多？下载 @小红书 APP: O 应用详情 ） O 网页链接 ​,0,0,0,0,30
idol_producer_014,朱星杰,偶像练习生,总决赛阶段,2018-03-24,2018-04-06,朱星杰 偶像练习生,4225942471141020,https://m.weibo.cn/detail/4225942471141020,2018-04-06 22:57:00,#偶像练习生# #小鬼王琳凯# #朱星杰# 恭喜 @小鬼-王琳凯 以第八位的成绩，从Nine Percent组合成员出道！ @朱星杰J_zen 以第十四名的成绩从偶像练习生节目毕业！ 不负时光不负你，一段旅程走到终点代表另一段旅程的开启，感谢全民制作人们这四个月的支持与陪伴，少年们的舞台因你而存在，请继续支持果然娱乐这群追梦的少年！ 收起 d,2410,1345,3171,8271,1
idol_producer_014,朱星杰,偶像练习生,初评级阶段,2018-01-19,2018-01-26,朱星杰 偶像练习生,4200571000690338,https://m.weibo.cn/detail/4200571000690338,2018-01-26 22:40:00,#偶像练习生# @朱星杰J_zen 朱星杰rapcut ！ L 果然天空-的秒拍视频 ​,102,116,287,621,2
idol_producer_014,朱星杰,偶像练习生,排名发布阶段,2018-02-17,2018-03-02,朱星杰 偶像练习生,4213258879458489,https://m.weibo.cn/detail/4213258879458489,2018-03-02 22:57:00,【推特】 #偶像练习生# 话题下1小时pick #小鬼王琳凯# #蔡徐坤# #偶像练习生蔡徐坤# #林超泽# #陈名豪# #范丞丞# #朱星杰# #周锐zee# #秦子墨# #卜凡# #偶像练习生黄书豪# #毕雯珺# #黄新淳# #陆定昊# ​,3,99,70,271,3
idol_producer_014,朱星杰,偶像练习生,主题曲考核阶段,2018-01-27,2018-02-02,朱星杰 偶像练习生,4203105086701453,https://m.weibo.cn/detail/4203105086701453,2018-02-02 22:30:00,【偶像练习生第三期排名出炉 】今晚的 #偶像练习生# 虽然推迟了，但很快推出的加长版也算弥补了粉丝的期待！ #北音学子# 朱星杰、万宇贤、小鬼 、韩雍杰、吕晨瑜、靖佩瑶、王宥辰、赵俞澈、金逸涵、朱匀天、朱匀一、韩沐伯、丁泽仁、北音附中武连杰 加油！ #偶像练习生排名# ​,6,13,54,86,4
idol_producer_014,朱星杰,偶像练习生,总决赛阶段,2018-03-24,2018-04-06,朱星杰 偶像练习生,4225942890731435,https://m.weibo.cn/detail/4225942890731435,2018-04-06 22:59:00,#朱星杰# #偶像练习生# 我不管，你就是最棒的！ 给我走花路！ @朱星杰J_zen ​,1,10,60,81,5
idol_producer_014,朱星杰,偶像练习生,总决赛阶段,2018-03-24,2018-04-06,朱星杰 偶像练习生,4225942865555672,https://m.weibo.cn/detail/4225942865555672,2018-04-06 22:59:00,#偶像练习生# 在天津旅游也一定要赶回酒店看练习生 蔡徐坤C位出道 不负众望 路人粉表示听到个人练习生蔡徐坤的时候开心到尖叫，朱星杰却是最遗憾 感谢偶练的三个多月 ​,0,1,79,81,6
idol_producer_014,朱星杰,偶像练习生,合作舞台阶段,2018-03-03,2018-03-23,朱星杰 偶像练习生,4220864490649837,https://m.weibo.cn/detail/4220864490649837,2018-03-23 22:39:00,突然觉得9个人出道不够啊…真的不够 从35进20开始 突然就好舍不得每一个人啊… 35个人… 每一个人都好好啊… 钱正昊是团宠没错了 坤坤正正还有大家都对昊昊好暖 从一开始觉得朱星杰好凶 到现在觉得胡巴真的好可爱啊 看到周彦辰淘汰…真的意想不到……我之前觉得最后的九个人中应该有他的 泪奔 不管是谁 以后你们会越来越好的 #偶像练习生# 收起 d,1,11,47,70,7
idol_producer_014,朱星杰,偶像练习生,合作舞台阶段,2018-03-03,2018-03-23,朱星杰 偶像练习生,4220866537545850,https://m.weibo.cn/detail/4220866537545850,2018-03-23 22:47:00,#朱星杰# #偶像练习生朱星杰# 那些努力不是白费，而是不破不立我相信。 今天14名，我们用出道位一起去打破。 ​,0,10,44,64,8
idol_producer_014,朱星杰,偶像练习生,合作舞台阶段,2018-03-03,2018-03-23,朱星杰 偶像练习生,4220869305212509,https://m.weibo.cn/detail/4220869305212509,2018-03-23 22:58:00,#朱星杰# ❤ #偶像练习生朱星杰# 如果这个位置不被动的情况下，4月6直播那天，小⭐的位置应该是这里↓（副主唱6） 。。。什么都不说了，加油肝吧。。 ​,2,15,30,62,9
idol_producer_014,朱星杰,偶像练习生,总决赛阶段,2018-03-24,2018-04-06,朱星杰 偶像练习生,4225942597019295,https://m.weibo.cn/detail/4225942597019295,2018-04-06 22:58:00,杰哥 即使你没出道 我也永远爱你 永远喜欢你 喜欢你的台风 喜欢你的帅气 我会等着你 总有一天你会出道 让所有人都会记得当时偶像练习生胡巴 爱你爱你 @朱星杰J_zen ​,1,3,49,56,10
idol_producer_014,朱星杰,偶像练习生,总决赛阶段,2018-03-24,2018-04-06,朱星杰 偶像练习生,4225942681242794,https://m.weibo.cn/detail/4225942681242794,2018-04-06 22:58:00,#偶像练习生# 恭喜蔡徐坤 陈立农 范丞丞 justin 朱正廷 王子异 小鬼 尤长靖八个练习生成功出道，还有没出道的我喜欢的罗正 李希侃 董岩磊 靖佩瑶 韩沐伯 朱星杰 丁泽仁 李俊毅 灵超 木子洋 周锐 山不转水转，我们江湖再见，未来可期！ ​,0,5,28,38,11
idol_producer_014,朱星杰,偶像练习生,合作舞台阶段,2018-03-03,2018-03-23,朱星杰 偶像练习生,4220867615635549,https://m.weibo.cn/detail/4220867615635549,2018-03-23 22:52:00,#偶像练习生# @朱星杰J_zen 为朱星杰打call 从见到你的第一眼就喜欢 听到你最棒的rap 惊艳的vocal 老寒腿的Dance to the music 帅气的模样 超强的台风 全能的胡巴 不pick你怎么行 虽然对不起正正、非同、锐彬 但只能选一个的话 我还是喜欢星杰多一点 你们都是最棒哒！ 2 长春·东北师范大学 ​,0,0,13,13,12
idol_producer_014,朱星杰,偶像练习生,合作舞台阶段,2018-03-03,2018-03-23,朱星杰 偶像练习生,4220865690060515,https://m.weibo.cn/detail/4220865690060515,2018-03-23 22:44:00,活捉一只可爱的胡巴 @朱星杰J_zen ，可以说是相当搞笑了，半夜笑成鸡叫， #偶像练习生朱星杰# ​,0,6,0,12,13
idol_producer_014,朱星杰,偶像练习生,合作舞台阶段,2018-03-03,2018-03-23,朱星杰 偶像练习生,4220867938040849,https://m.weibo.cn/detail/4220867938040849,2018-03-23 22:53:00,我冷彦俊第一次上热搜竟然是跟鬼在一起 看完偶像练习生贼开心了 心中pick的出道位 林彦俊 尤长靖 蔡徐坤 范丞丞 justin 小鬼 朱星杰 朱正廷 毕雯珺 🙈 不知道能中几个 追星使人幸福感爆棚 每周都有期待感 ​,0,4,1,9,14
idol_producer_014,朱星杰,偶像练习生,总决赛阶段,2018-03-24,2018-04-06,朱星杰 偶像练习生,4225942476103586,https://m.weibo.cn/detail/4225942476103586,2018-04-06 22:57:00,#偶像练习生# 行吧 坤音四个可以一起出道了也挺好。 正昊弟弟这实力希望公司给他solo，也不要做爱豆，就做一个有实力的音乐人。 决赛才发现毕社长真的真的好看啊，尤其是笑起来，以后关注一下 还有朱星杰，郑锐彬，Jeffery，秦奋都是很棒很棒的人，未来可期。 蔡徐坤真的实至名归，粉丝十分社会，投票次次甩第二几条街，综合实力也是不用说的top。 各位男孩子们都朝着更好的未来出发吧，之前辛苦了，希望以后也能保持初心，像现在一样懂得感恩，努力努力再努力，一起走上钻石大道吧。 收起 d,0,0,8,8,15
idol_producer_014,朱星杰,偶像练习生,总决赛阶段,2018-03-24,2018-04-06,朱星杰 偶像练习生,4225942987964570,https://m.weibo.cn/detail/4225942987964570,2018-04-06 22:59:00,#偶像练习生# 偶像练习生Nine Percent 九人出道 恭喜蔡徐坤，恭喜小鬼 这段日子的投票也算值得了，可惜了朱星杰，毕雯珺，卜凡，秦奋，钱正昊…还有早早被淘汰的磊子，在其他地方继续加油！～ ​,0,0,8,8,16
idol_producer_014,朱星杰,偶像练习生,总决赛阶段,2018-03-24,2018-04-06,朱星杰 偶像练习生,4225942903561614,https://m.weibo.cn/detail/4225942903561614,2018-04-06 22:59:00,#偶像练习生# 虽然跟我心里的出道组不是完全相同，但是还是祝福希望继续加油！还有丁泽仁、朱星杰、杨非同、钱正昊、毕雯珺、卜凡和所有优秀努力的练习生们，你们也要加油，不要失落，你们很优秀！期待你们！ ​,0,0,8,8,17
idol_producer_014,朱星杰,偶像练习生,初评级阶段,2018-01-19,2018-01-26,朱星杰 偶像练习生,4200572963498545,https://m.weibo.cn/detail/4200572963498545,2018-01-26 22:48:00,看完第二期偶像练习生终于可以认真投出我这个全民制作人的9票了 蔡徐坤 灵超 陈立农 朱正廷 Justin 朱星杰 尤长靖 小鬼 何东东 哇，照片放出来感觉莫名的般配 #偶像练习生# ​,0,0,7,7,18
idol_producer_014,朱星杰,偶像练习生,初评级阶段,2018-01-19,2018-01-26,朱星杰 偶像练习生,4200574876866381,https://m.weibo.cn/detail/4200574876866381,2018-01-26 22:55:00,第二期偶像练习生观后感 #偶像练习生# 照样打call蔡徐坤 #偶像练习生蔡徐坤# ，Justin， #偶像练习生justin# 朱正延 #偶像练习生朱正廷# 农农 #偶像练习生陈立农# 这次新进了范丞丞， #偶像练习生范丞丞# 觉得很努力，新进了， 还有香蕉娱乐的林超泽 #林超泽# 编舞够厉害和担任队长 陆定昊 #偶像练习生陆定昊# 尤长靖 #偶像练习生尤长靖# 两个主唱 还有唱歌很厉害的钱正昊 #偶像练习生钱正昊# 还有rapper很厉害的小鬼 #偶像练习生小鬼# 朱星杰 #偶像练习生朱星杰# 还有泰国人很有感染力的黄书豪 #黄书豪# 还有钱明昊我们奶罐朋友，目前还没有get到，看看下期 第二期就多了这么多好感得了！ #偶像练习生# 收起 d,0,1,1,3,19
idol_producer_014,朱星杰,偶像练习生,合作舞台阶段,2018-03-03,2018-03-23,朱星杰 偶像练习生,4220867229789658,https://m.weibo.cn/detail/4220867229789658,2018-03-23 22:50:00,#张艺兴# #张艺兴偶像练习生# 艺兴出道以来一直都是懂礼貌的正能量偶像 对每一位前辈都非常尊敬 现在越来越皮了？？？ 今天是什么节 朱星杰 哈哈哈哈 @努力努力再努力x ​,1,0,2,3,20
idol_producer_014,朱星杰,偶像练习生,总决赛阶段,2018-03-24,2018-04-06,朱星杰 偶像练习生,4225942634781401,https://m.weibo.cn/detail/4225942634781401,2018-04-06 22:58:00,我的朱星杰啊…好难过… 个人出道吧真的！太可惜了！ #偶像练习生# ​,0,1,1,3,21
idol_producer_014,朱星杰,偶像练习生,合作舞台阶段,2018-03-03,2018-03-23,朱星杰 偶像练习生,4220865383575234,https://m.weibo.cn/detail/4220865383575234,2018-03-23 22:43:00,感觉 @BBT王子异 进前九比较稳了（我自己来投 ），那么我的墙头现在最悬的就是 @朱星杰J_zen 抓了几个舍友主攻胡巴，反正我已经放话了，朱星杰进不了前九我就把她们灭了 #偶像练习生# #偶像练习生朱星杰# ​,0,1,0,2,22
idol_producer_014,朱星杰,偶像练习生,合作舞台阶段,2018-03-03,2018-03-23,朱星杰 偶像练习生,4220866491570624,https://m.weibo.cn/detail/4220866491570624,2018-03-23 22:47:00,今天是什么节，朱星杰 #朱星杰# #偶像练习生朱星杰# ​,0,0,1,1,23
idol_producer_014,朱星杰,偶像练习生,合作舞台阶段,2018-03-03,2018-03-23,朱星杰 偶像练习生,4220868089820182,https://m.weibo.cn/detail/4220868089820182,2018-03-23 22:53:00,#偶像练习生# 预测出道：蔡徐坤，陈立农，范丞丞，Justin，小鬼，王子异，朱正廷，尤长靖，灵超。朱星杰和卜凡也有希望，但其实更希望Jeffrey和秦奋进。。。只能投一票，好烦。。。ps:不觉得灵超像改版的lh么 ​,1,0,0,1,24
idol_producer_014,朱星杰,偶像练习生,排名发布阶段,2018-02-17,2018-03-02,朱星杰 偶像练习生,4213259203091709,https://m.weibo.cn/detail/4213259203091709,2018-03-02 22:58:00,我在 @明星势力榜 练习生榜上pick了 #偶像练习生# @朱星杰J_zen ，我们一起努力拿下第一名！❤️🌟,0,0,0,0,25
idol_producer_014,朱星杰,偶像练习生,排名发布阶段,2018-02-17,2018-03-02,朱星杰 偶像练习生,4213259181331817,https://m.weibo.cn/detail/4213259181331817,2018-03-02 22:58:00,我在 @明星势力榜 练习生榜上pick了 #偶像练习生# @朱星杰J_zen ，我们一起努力拿下第一名！🌟,0,0,0,0,26
idol_producer_014,朱星杰,偶像练习生,排名发布阶段,2018-02-17,2018-03-02,朱星杰 偶像练习生,4213259160591238,https://m.weibo.cn/detail/4213259160591238,2018-03-02 22:58:00,我在 @明星势力榜 练习生榜上pick了 #偶像练习生# @朱星杰J_zen ，我们一起努力拿下第一名！❤️,0,0,0,0,27
idol_producer_014,朱星杰,偶像练习生,排名发布阶段,2018-02-17,2018-03-02,朱星杰 偶像练习生,4213259143774304,https://m.weibo.cn/detail/4213259143774304,2018-03-02 22:58:00,我在 @明星势力榜 练习生榜上pick了 #偶像练习生# @朱星杰J_zen ，我们一起努力拿下第一名！,0,0,0,0,28
idol_producer_014,朱星杰,偶像练习生,排名发布阶段,2018-02-17,2018-03-02,朱星杰 偶像练习生,4213259471679965,https://m.weibo.cn/detail/4213259471679965,2018-03-02 22:59:00,我在 @明星势力榜 练习生榜上pick了 #偶像练习生# @朱星杰J_zen ，我们一起努力拿下第一名！❤️🌟// @朱星杰J_zen : #偶像练习生# 今晚就要开播了，希望大家能慢慢了解真实的我，看到我每一次的努力和进步，见证我的成长🙏我会加倍努力的，越努力，越幸运！,0,0,0,0,29
idol_producer_014,朱星杰,偶像练习生,排名发布阶段,2018-02-17,2018-03-02,朱星杰 偶像练习生,4213259449925878,https://m.weibo.cn/detail/4213259449925878,2018-03-02 22:59:00,我在 @明星势力榜 练习生榜上pick了 #偶像练习生# @朱星杰J_zen ，我们一起努力拿下第一名！🌟// @朱星杰J_zen : #偶像练习生# 今晚就要开播了，希望大家能慢慢了解真实的我，看到我每一次的努力和进步，见证我的成长🙏我会加倍努力的，越努力，越幸运！,0,0,0,0,30
idol_producer_015,灵超,偶像练习生,合作舞台阶段,2018-03-03,2018-03-23,灵超 偶像练习生,4220869360131549,https://m.weibo.cn/detail/4220869360131549,2018-03-23 22:58:00,#偶像练习生# #BC221# #岳岳pinkray# #卜凡# #灵超# #木子洋# 坤音的这段视频太搞笑了，我也就看了十几遍 L 偶练生搬运小巴士的秒拍视频 ​,396,247,1261,2151,1
idol_producer_015,灵超,偶像练习生,位置测评阶段,2018-02-03,2018-02-16,灵超 偶像练习生,4208183649934897,https://m.weibo.cn/detail/4208183649934897,2018-02-16 22:50:00,#偶像练习生# 第一轮前60名： 蔡徐坤/陈立农/范丞丞/Justin/朱正廷/小鬼/卜凡/李权哲/何东东/尤长靖/王子异/Jeffrey/秦奋/林超泽/朱星杰/灵超/钱正昊/董岩磊/韩沐伯/丁泽仁/岳岳/左叶/徐凯皓/木子洋/郑锐彬/毕雯珺/周彦辰/林彦俊/李希侃/陆定昊/周锐/黄书豪/黄新淳/罗正/张达源/李让/贝汯璘/李长庚/陈斯琪/韩雍杰/秦子墨/武连杰/覃俊毅/娄滋博/靖佩瑶/余明君/陈名豪/明鹏/杨非同/朱匀一/伽里/凌崎/朱匀天/徐圣恩/李俊毅/张奕轩/王艺龙/姜达赫/胡致邦/梁辉 乐华女孩绝不认输 收起 d,2,32,106,172,2
idol_producer_015,灵超,偶像练习生,排名发布阶段,2018-02-17,2018-03-02,灵超 偶像练习生,4213257805642422,https://m.weibo.cn/detail/4213257805642422,2018-03-02 22:53:00,【小半 周锐 】 #偶像练习生# 位置测评vocal组《小半》登场！一出场就引爆全体练习生大呼“仙子神颜”的 @周锐Zee 和“忧郁小王子” @灵超DIDI ，四位身着白衣的仙子来人间唱歌了！你有被惊艳到吗？ L 《偶像练习生》小半组美男集结 盛世美颜融入唯美意境 ​,1,15,90,121,3
idol_producer_015,灵超,偶像练习生,合作舞台阶段,2018-03-03,2018-03-23,灵超 偶像练习生,4220868844175752,https://m.weibo.cn/detail/4220868844175752,2018-03-23 22:56:00,#偶像练习生# ◽️ #灵超# @灵超DIDI 一闪一闪亮晶晶✨ 你的眼里有星星🌟 ​,5,6,27,44,4
idol_producer_015,灵超,偶像练习生,排名发布阶段,2018-02-17,2018-03-02,灵超 偶像练习生,4213257340676362,https://m.weibo.cn/detail/4213257340676362,2018-03-02 22:51:00,看了新一期偶像练习生，真的很想骂271 很多小哥哥颜值实力都在线，镜头却给的很少 mmp镜头这么少，怎么吸引路人啊 还是说你们早就决定出道的9个人了 心疼我们林彦俊，灵超，朱匀天，朱匀一，周锐 ​,0,8,25,41,5
idol_producer_015,灵超,偶像练习生,总决赛阶段,2018-03-24,2018-04-06,灵超 偶像练习生,4225942681242794,https://m.weibo.cn/detail/4225942681242794,2018-04-06 22:58:00,#偶像练习生# 恭喜蔡徐坤 陈立农 范丞丞 justin 朱正廷 王子异 小鬼 尤长靖八个练习生成功出道，还有没出道的我喜欢的罗正 李希侃 董岩磊 靖佩瑶 韩沐伯 朱星杰 丁泽仁 李俊毅 灵超 木子洋 周锐 山不转水转，我们江湖再见，未来可期！ ​,0,5,28,38,6
idol_producer_015,灵超,偶像练习生,总决赛阶段,2018-03-24,2018-04-06,灵超 偶像练习生,4225942731710282,https://m.weibo.cn/detail/4225942731710282,2018-04-06 22:58:00,尤长靖我爱你啊！这么戏剧性地成为第九位，紧张死我了！这样以后我就是Nine Percent的迷妹了，没有你的话可能就是黑粉了 不过感觉毕文郡、灵超鹅还有朱兴杰都蛮可惜的，也都很喜欢的，又好像有点难过…… 果然大家在一起是最热闹的，现在就九人了 队名的意义我很喜欢💕 永远记得一百个人的Ei Ei 最后，尤长靖你值得！ #偶像练习生# #尤长靖# 收起 d,0,8,21,37,7
idol_producer_015,灵超,偶像练习生,总决赛阶段,2018-03-24,2018-04-06,灵超 偶像练习生,4225942937915724,https://m.weibo.cn/detail/4225942937915724,2018-04-06 22:59:00,卧槽 真他妈垃圾偶像练习生 灵超没出道，劳资的四个月白追了， 妈的 ，灵超弟弟以后怎么办啊 卧槽劳资今天竟然哭了 劳资追老吴都没哭过 垃圾爱奇艺 妈的 卸了卸了， 坤音一个都没有进，他们以后可怎么办啊，他们连个海蛎子也吃不起啊，他们以后怎么办啊 ，卧槽，以后不追了，太累了，灵超弟弟还有大田以后走花路吧 @秦奋Roi @灵超DIDI 收起 d,1,5,24,35,8
idol_producer_015,灵超,偶像练习生,排名发布阶段,2018-02-17,2018-03-02,灵超 偶像练习生,4213259310999517,https://m.weibo.cn/detail/4213259310999517,2018-03-02 22:59:00,#偶像练习生# 哎哟我好多想pick的小弟弟 这期真是惊艳！小半的四个人唱歌都这么好听 锐姐盛世美颜人间仙子！灵超弟弟忧郁王子有点小抠 郑锐彬声线好听长相帅气 钱正昊就不说了，本来就pick的，唱歌非常非常棒（而且感觉他声音实在太大所以融进队友特别难） 爱你组四个人各有各的可爱，Jeffrey实在太呆萌了，林彦俊酒窝带您走向更远，陆定昊声音太好听了，黄新淳实力甩熊 very good组每个人的词都写的太棒了👏🏻因为都很好所以在场的观众真不知道投给谁吧，范丞丞有点让我刮目相看了 之前以为这大哥只知道偷菜现在看看词写的真的非常棒了！flow组非常让人惋惜啊，这么短时间内把弟弟的part重新编排分担真是太厉害了，看着台上三人叠起来的样子俺的心就好痛 me too组真是心疼各位排名靠后的，娄滋博实力第一，真是和谐的组，叫公司名字什么的有点可爱了，而且随机应变能力max 杨非同果然是我爱的颜和声音啊，跳得也hin好嘛～暂且先看了这么多，该去睡个好觉💤明儿早再看巴比龙（其实我已经看过坤坤的直拍了 收起 d,1,3,26,33,9
idol_producer_015,灵超,偶像练习生,合作舞台阶段,2018-03-03,2018-03-23,灵超 偶像练习生,4220869041487789,https://m.weibo.cn/detail/4220869041487789,2018-03-23 22:57:00,今天的偶像练习生看得我真是一会笑一会哭哭完了笑笑完了哭 这个节目真的挺变态的 不仅折磨练习生们还折磨全民制作人阿！！ 我看到岳岳和洋哥被淘汰的时候真的是哭到泣不成声了吧 看到灵超弟弟那么难过心里真的很难受很难受 凡子虽然话说的不多但其实也能体会到他的难过… 人各有命 富贵在天 这里只是一个起点 无论是岳岳还是木子洋 还有被淘汰的每一个练习生们 周美锐阿周彦辰啦罗正小哥哥啦…每一个你们都是很优秀很棒的人 梦想的路永远不止这一条 想对你们每一个人说一句加油！ 最后就是凡子和弟弟继续努力🙏坤音女孩陪你们走到最后 坤音四子绝不认输 我们坤音永不放弃❤ #偶像练习生# #卜凡# #坤音四子# 收起 d,0,2,27,31,10
idol_producer_015,灵超,偶像练习生,总决赛阶段,2018-03-24,2018-04-06,灵超 偶像练习生,4225942966685455,https://m.weibo.cn/detail/4225942966685455,2018-04-06 22:59:00,偶像练习生出道九人团终于出来了，其实已经注定八个了，万万没想到林彦俊竟然前九还是第五 我的灵超DIDI就这样淘汰了 NINE PERCENT组合正式成立了 以后我就不pick你们了，还是好好的喜欢我鹿哥，绝无二心 ​,0,6,16,28,11
idol_producer_015,灵超,偶像练习生,总决赛阶段,2018-03-24,2018-04-06,灵超 偶像练习生,4225942656630275,https://m.weibo.cn/detail/4225942656630275,2018-04-06 22:58:00,#偶像练习生# 嗑了这么久，坤音最后全程陪跑，一直稳9的凡子对不起，灵超弟弟对不起，是贫穷限制了我的想象力，不懂为什么从来不是前10的可以第5，而且还有cx🙃🙃🙃，努力的娃最后一个名额都没抢到。坤音4子，自己出道吧，你们永远是最棒的！ ​,0,9,3,21,12
idol_producer_015,灵超,偶像练习生,排名发布阶段,2018-02-17,2018-03-02,灵超 偶像练习生,4213258258634521,https://m.weibo.cn/detail/4213258258634521,2018-03-02 22:55:00,#偶像练习生# 周锐你快点出道吧！！！！！ 你太好看了！！！！！！这个妆容太漂亮了！四个人的服装妆容都好看！钱正昊弟弟这场也好看！回到实力上！这一场太炸了！太好听了！配合的也特别好！！！！ 我严重怀疑周锐你吃了灵超的糖，才说灵超表情忧郁 纯欣赏一遍！截图一遍！带弹幕一遍！晚点我得自己录屏再刷！ 收起 d,1,4,8,17,13
idol_producer_015,灵超,偶像练习生,排名发布阶段,2018-02-17,2018-03-02,灵超 偶像练习生,4213258553033803,https://m.weibo.cn/detail/4213258553033803,2018-03-02 22:56:00,希望大家能多转发一下我弟弟 #小半# 的现场 有亲发了 对 没修音的那种哦 修不修基本没差哦 另外再强调一百遍 我弟弟 真 美颜暴击 素颜能打 并且 浓妆淡抹 总相宜 #灵超# #偶像练习生# #坤音四子# #灵超 小半# ​,0,3,11,17,14
idol_producer_015,灵超,偶像练习生,总决赛阶段,2018-03-24,2018-04-06,灵超 偶像练习生,4225942853831136,https://m.weibo.cn/detail/4225942853831136,2018-04-06 22:59:00,#偶像练习生# 灵超弟弟，没出道姐姐很伤心，希望以后能看到你在舞台上的样子，看着你的小眼神，蛮心疼你，希望以后经常看到你跟你洋哥在一块的样子，开心最重要，加油，不管怎么样，姐姐永远pick你 ​​​ 2 杭州·长河 ​,0,6,5,17,15
idol_producer_015,灵超,偶像练习生,总决赛阶段,2018-03-24,2018-04-06,灵超 偶像练习生,4225942701916397,https://m.weibo.cn/detail/4225942701916397,2018-04-06 22:58:00,@爱奇艺偶像练习生 灵超毕雯珺郑锐彬杨非同了解一下，防爆少年团，全都长得俊 ​,0,1,10,12,16
idol_producer_015,灵超,偶像练习生,排名发布阶段,2018-02-17,2018-03-02,灵超 偶像练习生,4213258518741734,https://m.weibo.cn/detail/4213258518741734,2018-03-02 22:56:00,#偶像练习生# 周锐，郑锐彬，钱正昊，灵超—《小半》 L 国组安利博的秒拍视频 ​,2,0,7,9,17
idol_producer_015,灵超,偶像练习生,合作舞台阶段,2018-03-03,2018-03-23,灵超 偶像练习生,4220866755416196,https://m.weibo.cn/detail/4220866755416196,2018-03-23 22:48:00,最后九名蔡徐坤.陈立农，灵超，justin.范丞丞，朱正廷，小鬼，尤长靖，王子异我感觉就是他们了 一定要加油哈 #偶像练习生# ​,0,3,3,9,18
idol_producer_015,灵超,偶像练习生,初评级阶段,2018-01-19,2018-01-26,灵超 偶像练习生,4200572963498545,https://m.weibo.cn/detail/4200572963498545,2018-01-26 22:48:00,看完第二期偶像练习生终于可以认真投出我这个全民制作人的9票了 蔡徐坤 灵超 陈立农 朱正廷 Justin 朱星杰 尤长靖 小鬼 何东东 哇，照片放出来感觉莫名的般配 #偶像练习生# ​,0,0,7,7,19
idol_producer_015,灵超,偶像练习生,排名发布阶段,2018-02-17,2018-03-02,灵超 偶像练习生,4213256408780849,https://m.weibo.cn/detail/4213256408780849,2018-03-02 22:47:00,#偶像练习生# 《小半》组“忧郁小王子”倾情演唱， @钱正昊 浪漫婉转的嗓音+ @周锐Zee 仙气满满的颜值，还有 @灵超DIDI @郑锐彬_ 温暖来袭！ #钱正昊# #周锐# #灵超# #郑锐彬# L 卫视综艺盘点的秒拍视频 ​,0,2,3,7,20
idol_producer_015,灵超,偶像练习生,合作舞台阶段,2018-03-03,2018-03-23,灵超 偶像练习生,4220868424442539,https://m.weibo.cn/detail/4220868424442539,2018-03-23 22:55:00,#偶像练习生出道名# 蔡徐坤、陈立农、范丞丞、Justin、朱正廷、小鬼、尤长靖这几个是几率最大的，接着是灵超和王子异，个人觉得这样组rap是不是有点多，应该加上郑锐彬 ​,2,1,3,7,21
idol_producer_015,灵超,偶像练习生,总决赛阶段,2018-03-24,2018-04-06,灵超 偶像练习生,4225942718822906,https://m.weibo.cn/detail/4225942718822906,2018-04-06 22:58:00,哭哭，乐华女孩哭哭，社长竟然第10名！！真的气！被科普后重新发了一条吐槽微博！！对不起JBJ粉丝！我的吐槽只是希望卜凡，灵超，毕雯珺还有后面几个小哥哥也能出道，他们淘汰真的可惜！ #偶像练习生# ​​​,0,2,3,7,22
idol_producer_015,灵超,偶像练习生,合作舞台阶段,2018-03-03,2018-03-23,灵超 偶像练习生,4220868769064844,https://m.weibo.cn/detail/4220868769064844,2018-03-23 22:56:00,#偶像练习生# 立个flag 希望不被推翻打脸 蔡徐坤 陈立农 范丞丞 Justin 尤长靖 朱正廷 林彦俊 王子异 灵超 （卜凡，秦奋，小鬼，） 哇，这个组合rap，主唱，舞蹈，各种担当都有好吧。 ​,0,1,3,5,23
idol_producer_015,灵超,偶像练习生,总决赛阶段,2018-03-24,2018-04-06,灵超 偶像练习生,4225943012686055,https://m.weibo.cn/detail/4225943012686055,2018-04-06 22:59:00,#偶像练习生# #坤音娱乐# #坤音女孩绝不认输# #坤音四子# #BC221# 这个晚上又哭又笑的hhh 今晚过後我就可以做个吃瓜群衆笑看土偶饭圈各种瓜了WWW 毕竟pick的小可爱们都没进qqq 坤音自己崽自己疼！！！其实最想也是你们自己出道！！！ 坤音大势，未来可期！！！！ 我爱你们！！（笔芯 @木子洋KWIN @灵超DIDI @卜凡KATTO @岳岳PINKRA 收起 d,0,2,1,5,24
idol_producer_015,灵超,偶像练习生,合作舞台阶段,2018-03-03,2018-03-23,灵超 偶像练习生,4220867384248226,https://m.weibo.cn/detail/4220867384248226,2018-03-23 22:51:00,#灵超# 【180323偶像练习生外出 高清 2P】 @灵超DIDI,2,0,2,4,25
idol_producer_015,灵超,偶像练习生,合作舞台阶段,2018-03-03,2018-03-23,灵超 偶像练习生,4220868903393870,https://m.weibo.cn/detail/4220868903393870,2018-03-23 22:57:00,【 #偶像有新番# 灵超自述“团霸”往事】面对“谁是团宠”的问题， @灵超DIDI 自信直言：“我是团霸！” @韩沐伯 称：“团宠真的就是灵超。” @木子洋KWIN ：“我肯定觉得是我的小弟——他大哥我了！”究竟谁是“百男斩”？谁又让 @秦奋Roi 直言“他老会粘着你”？ L 《偶像有新番》灵超自述团霸往事 想知道更多关于 #偶像练习生# 的“小秘密”？请锁定每周五晚八点半上线的《偶像有新番》！ 更多精彩 移动端 O 网页链接 pc端 O 网页链接 收起 d,2,0,1,3,26
idol_producer_015,灵超,偶像练习生,总决赛阶段,2018-03-24,2018-04-06,灵超 偶像练习生,4225942992305243,https://m.weibo.cn/detail/4225942992305243,2018-04-06 22:59:00,#bc221# #偶像练习生# 欢迎回家！ 希望这样好的你们 会被更多的人发现 喜爱 珍惜 你们都很棒 但还可以更棒 那样就不会辜负现在付出的你们了 你们的故事还没有结束 我们依然也还没有💐 @岳岳PINKRAY @木子洋KWIN @卜凡KATTO @灵超DIDI ​,0,1,1,3,27
idol_producer_015,灵超,偶像练习生,排名发布阶段,2018-02-17,2018-03-02,灵超 偶像练习生,4213256808034913,https://m.weibo.cn/detail/4213256808034913,2018-03-02 22:49:00,我的天 一条纯文字的打call 灵超太好看了吧我的天 这一场表演真的不错！ 我朋友说之前没怎么关注他 结果这一次完全路转粉啊 didi这一次发挥得太戳我了！ #偶像练习生# #灵超# @灵超DIDI ​,0,1,0,2,28
idol_producer_015,灵超,偶像练习生,合作舞台阶段,2018-03-03,2018-03-23,灵超 偶像练习生,4220867909062430,https://m.weibo.cn/detail/4220867909062430,2018-03-23 22:53:00,新一期偶像练习生有感 #偶像练习生# 01木子洋暴打灵超这段真的好笑，还有韩沐伯和小尤太可爱了 02周锐太可爱了，快来签他 03韩沐伯一说年龄大我真的爆哭，也心疼小丁的才华 04明明正正也对正昊很好就只拍cxk，服了aqy神剪辑正正都没什么镜头，气的佛系粉丝都想骂 05只想说乐华不是抱团，那是团魂ok 坤音四子也超团结的 06公布20名时周彦辰的那个表情和立马为对方鼓掌的反应，他人品和努力我真的认，这么好的人都淘汰 07卜凡问为什么正正可以是仙子他不可以是也是很可爱 08想不通为什么lcz这种抄袭的也能进还一直在bbb，有好多人都是靠着加票进的吧 这次看真的哭了好几次，也终于知道小姐姐们为什么说pick不起了，真的累，真的也不公平. 这次真的在投票在切实地感受到，都有些希望乐华自己组团出道了. 但还是要加油投票！ 收起 d,0,1,0,2,29
idol_producer_015,灵超,偶像练习生,排名发布阶段,2018-02-17,2018-03-02,灵超 偶像练习生,4213256014855273,https://m.weibo.cn/detail/4213256014855273,2018-03-02 22:46:00,@灵超DIDI 为你打爆电话！我们一起用爱发电，向 #偶像练习生# 练习生PICK榜第一名进击，赢取节目10s彩蛋！ // @灵超DIDI :我是 #偶像练习生# DIDI #灵超# ，全民制作人，请多关照。,0,0,1,1,30
idol_producer_016,郑锐彬,偶像练习生,主题曲考核阶段,2018-01-27,2018-02-02,郑锐彬 偶像练习生,4203100350461556,https://m.weibo.cn/detail/4203100350461556,2018-02-02 22:11:00,#郑锐彬# ❤️ #偶像练习生郑锐彬# 宝宝们！！！直拍！！！ 打开！！！看！！！ @郑锐彬_ L 《偶像练习生》【直拍】小组对决《Can't stop》郑锐彬 ​,174,37,150,398,1
idol_producer_016,郑锐彬,偶像练习生,初评级阶段,2018-01-19,2018-01-26,郑锐彬 偶像练习生,4200551878833822,https://m.weibo.cn/detail/4200551878833822,2018-01-26 21:24:00,#偶像练习生# 🦁️ #郑锐彬# 华谊兄弟郑锐彬《头发乱了》舞台纯享 @郑锐彬_ L 《偶像练习生》舞台纯享：华谊兄弟—《头发乱了》 ​,104,27,138,296,2
idol_producer_016,郑锐彬,偶像练习生,初评级阶段,2018-01-19,2018-01-26,郑锐彬 偶像练习生,4200548117032967,https://m.weibo.cn/detail/4200548117032967,2018-01-26 21:09:00,#偶像练习生# 🦁️ #郑锐彬# 多点镜头 好吗 @爱奇艺偶像练习生 L 郑锐彬全球后援会的秒拍视频 ​,41,30,103,204,3
idol_producer_016,郑锐彬,偶像练习生,位置测评阶段,2018-02-03,2018-02-16,郑锐彬 偶像练习生,4208183649934897,https://m.weibo.cn/detail/4208183649934897,2018-02-16 22:50:00,#偶像练习生# 第一轮前60名： 蔡徐坤/陈立农/范丞丞/Justin/朱正廷/小鬼/卜凡/李权哲/何东东/尤长靖/王子异/Jeffrey/秦奋/林超泽/朱星杰/灵超/钱正昊/董岩磊/韩沐伯/丁泽仁/岳岳/左叶/徐凯皓/木子洋/郑锐彬/毕雯珺/周彦辰/林彦俊/李希侃/陆定昊/周锐/黄书豪/黄新淳/罗正/张达源/李让/贝汯璘/李长庚/陈斯琪/韩雍杰/秦子墨/武连杰/覃俊毅/娄滋博/靖佩瑶/余明君/陈名豪/明鹏/杨非同/朱匀一/伽里/凌崎/朱匀天/徐圣恩/李俊毅/张奕轩/王艺龙/姜达赫/胡致邦/梁辉 乐华女孩绝不认输 收起 d,2,32,106,172,4
idol_producer_016,郑锐彬,偶像练习生,主题曲考核阶段,2018-01-27,2018-02-02,郑锐彬 偶像练习生,4203088208569199,https://m.weibo.cn/detail/4203088208569199,2018-02-02 21:23:00,#郑锐彬# ❤️ #偶像练习生郑锐彬# 继续加油 他值得更好的 O 网页链接 @郑锐彬_ ​,14,3,40,60,5
idol_producer_016,郑锐彬,偶像练习生,总决赛阶段,2018-03-24,2018-04-06,郑锐彬 偶像练习生,4225942664681037,https://m.weibo.cn/detail/4225942664681037,2018-04-06 22:58:00,偶像练习生总结 林彦俊黑马 可惜了我的卜凡 不过还是pick朱正廷 王子异 蔡徐坤 范丞丞 还有超帅的郑锐彬 ​,0,14,26,54,6
idol_producer_016,郑锐彬,偶像练习生,排名发布阶段,2018-02-17,2018-03-02,郑锐彬 偶像练习生,4213259310999517,https://m.weibo.cn/detail/4213259310999517,2018-03-02 22:59:00,#偶像练习生# 哎哟我好多想pick的小弟弟 这期真是惊艳！小半的四个人唱歌都这么好听 锐姐盛世美颜人间仙子！灵超弟弟忧郁王子有点小抠 郑锐彬声线好听长相帅气 钱正昊就不说了，本来就pick的，唱歌非常非常棒（而且感觉他声音实在太大所以融进队友特别难） 爱你组四个人各有各的可爱，Jeffrey实在太呆萌了，林彦俊酒窝带您走向更远，陆定昊声音太好听了，黄新淳实力甩熊 very good组每个人的词都写的太棒了👏🏻因为都很好所以在场的观众真不知道投给谁吧，范丞丞有点让我刮目相看了 之前以为这大哥只知道偷菜现在看看词写的真的非常棒了！flow组非常让人惋惜啊，这么短时间内把弟弟的part重新编排分担真是太厉害了，看着台上三人叠起来的样子俺的心就好痛 me too组真是心疼各位排名靠后的，娄滋博实力第一，真是和谐的组，叫公司名字什么的有点可爱了，而且随机应变能力max 杨非同果然是我爱的颜和声音啊，跳得也hin好嘛～暂且先看了这么多，该去睡个好觉💤明儿早再看巴比龙（其实我已经看过坤坤的直拍了 收起 d,1,3,26,33,7
idol_producer_016,郑锐彬,偶像练习生,合作舞台阶段,2018-03-03,2018-03-23,郑锐彬 偶像练习生,4220866286207243,https://m.weibo.cn/detail/4220866286207243,2018-03-23 22:46:00,当你全寝室都看 #偶像练习生# 简直是群疯人院 认识一下余二高A104 #郑锐彬# 等我给你疯狂爆肝！！！！ ​,0,2,22,26,8
idol_producer_016,郑锐彬,偶像练习生,总决赛阶段,2018-03-24,2018-04-06,郑锐彬 偶像练习生,4225939426841653,https://m.weibo.cn/detail/4225939426841653,2018-04-06 22:45:00,#偶像练习生# mmp爱奇艺配不上毕雯珺 郑锐彬 李希侃 ​,0,1,18,20,9
idol_producer_016,郑锐彬,偶像练习生,总决赛阶段,2018-03-24,2018-04-06,郑锐彬 偶像练习生,4225941100071553,https://m.weibo.cn/detail/4225941100071553,2018-04-06 22:52:00,”越努力越幸运” 辛苦了你们真的非常棒 ♡Nine Percent♡ 按公布顺序：小鬼 王子异 朱正廷 林彦俊 黄明昊 范丞丞 蔡徐坤 陈立农 尤长靖 ”未来的路很长 希望你们怀着满腔热血一直走下去” 郑锐彬 你一定会很好的走下去的 谢谢所有练习生 眼泪真的止不住了 #偶像练习生# K Ei Ei 收起 d,0,1,18,20,10
idol_producer_016,郑锐彬,偶像练习生,合作舞台阶段,2018-03-03,2018-03-23,郑锐彬 偶像练习生,4220869540153528,https://m.weibo.cn/detail/4220869540153528,2018-03-23 22:59:00,#郑锐彬# #偶像练习生# 讲道理如果我是路人只看节目，会觉得他中规中矩又太正经，不是王炸不算黑马，没有爆点也没有镜头，即使在中位圈也很少人看到他的努力为他叫好。 可我喜欢他，看着他每一次尽心准备的精彩舞台，看着花絮里他的认真与刻苦，看着粉丝镜头下的帅气可爱，虽然我们基数小也努力的打榜投票了，坚持咬牙陪他走到了这里送他进了前二十。 他说“为了你们，哪怕我觉得天是黑的，我闭着眼睛也要走下去。”除了“你们”就只有“我”。不华丽不煽情，就像一个战士笔直的站在镜头前向我们宣誓他会走下去。 真的是最后了。再搏一把为他做好我们能做的，剩下的就交给他吧，相信他越努力越幸运。 加油哇小狮子 收起 d,1,2,12,17,11
idol_producer_016,郑锐彬,偶像练习生,合作舞台阶段,2018-03-03,2018-03-23,郑锐彬 偶像练习生,4220866990271660,https://m.weibo.cn/detail/4220866990271660,2018-03-23 22:49:00,#郑锐彬# #偶像练习生郑锐彬# 关注郑锐彬只是因为他和我的本命zxc同专业。 喜欢上他是因为他的签名。 今天发表感言，他仍旧是这样说的。嗯，很优秀有谱的小哥哥了 @郑锐彬_ ​,0,2,11,15,12
idol_producer_016,郑锐彬,偶像练习生,总决赛阶段,2018-03-24,2018-04-06,郑锐彬 偶像练习生,4225941800054959,https://m.weibo.cn/detail/4225941800054959,2018-04-06 22:55:00,在家熬到这个点看直播值得了 恭喜蔡徐坤 陈立农 范丞丞 justin 林彦俊 朱正廷 王子异 小鬼 尤长靖 成功出道 越努力越幸运 还有郑锐彬加油，你也是最棒的 坤坤 #蔡徐坤# 农农 #陈立农# 丞丞 #范丞丞# 我最爱的加油 恭喜Nine percent #ninepercent百分九# 晚安 #偶像练习生# 收起 d,0,4,4,12,13
idol_producer_016,郑锐彬,偶像练习生,总决赛阶段,2018-03-24,2018-04-06,郑锐彬 偶像练习生,4225942701916397,https://m.weibo.cn/detail/4225942701916397,2018-04-06 22:58:00,@爱奇艺偶像练习生 灵超毕雯珺郑锐彬杨非同了解一下，防爆少年团，全都长得俊 ​,0,1,10,12,14
idol_producer_016,郑锐彬,偶像练习生,排名发布阶段,2018-02-17,2018-03-02,郑锐彬 偶像练习生,4213258518741734,https://m.weibo.cn/detail/4213258518741734,2018-03-02 22:56:00,#偶像练习生# 周锐，郑锐彬，钱正昊，灵超—《小半》 L 国组安利博的秒拍视频 ​,2,0,7,9,15
idol_producer_016,郑锐彬,偶像练习生,总决赛阶段,2018-03-24,2018-04-06,郑锐彬 偶像练习生,4225940001069150,https://m.weibo.cn/detail/4225940001069150,2018-04-06 22:47:00,#偶像练习生# 林彦俊！！！！！！ Jeffery，郑锐彬加油！爱你们！ ​,0,4,0,8,16
idol_producer_016,郑锐彬,偶像练习生,总决赛阶段,2018-03-24,2018-04-06,郑锐彬 偶像练习生,4225942476103586,https://m.weibo.cn/detail/4225942476103586,2018-04-06 22:57:00,#偶像练习生# 行吧 坤音四个可以一起出道了也挺好。 正昊弟弟这实力希望公司给他solo，也不要做爱豆，就做一个有实力的音乐人。 决赛才发现毕社长真的真的好看啊，尤其是笑起来，以后关注一下 还有朱星杰，郑锐彬，Jeffery，秦奋都是很棒很棒的人，未来可期。 蔡徐坤真的实至名归，粉丝十分社会，投票次次甩第二几条街，综合实力也是不用说的top。 各位男孩子们都朝着更好的未来出发吧，之前辛苦了，希望以后也能保持初心，像现在一样懂得感恩，努力努力再努力，一起走上钻石大道吧。 收起 d,0,0,8,8,17
idol_producer_016,郑锐彬,偶像练习生,排名发布阶段,2018-02-17,2018-03-02,郑锐彬 偶像练习生,4213256408780849,https://m.weibo.cn/detail/4213256408780849,2018-03-02 22:47:00,#偶像练习生# 《小半》组“忧郁小王子”倾情演唱， @钱正昊 浪漫婉转的嗓音+ @周锐Zee 仙气满满的颜值，还有 @灵超DIDI @郑锐彬_ 温暖来袭！ #钱正昊# #周锐# #灵超# #郑锐彬# L 卫视综艺盘点的秒拍视频 ​,0,2,3,7,18
idol_producer_016,郑锐彬,偶像练习生,合作舞台阶段,2018-03-03,2018-03-23,郑锐彬 偶像练习生,4220868424442539,https://m.weibo.cn/detail/4220868424442539,2018-03-23 22:55:00,#偶像练习生出道名# 蔡徐坤、陈立农、范丞丞、Justin、朱正廷、小鬼、尤长靖这几个是几率最大的，接着是灵超和王子异，个人觉得这样组rap是不是有点多，应该加上郑锐彬 ​,2,1,3,7,19
idol_producer_016,郑锐彬,偶像练习生,总决赛阶段,2018-03-24,2018-04-06,郑锐彬 偶像练习生,4225939473090858,https://m.weibo.cn/detail/4225939473090858,2018-04-06 22:45:00,偶像练习生郑锐彬，再见。 @郑锐彬_ 你好，初次见面，请多关照。 ​,0,0,6,6,20
idol_producer_016,郑锐彬,偶像练习生,总决赛阶段,2018-03-24,2018-04-06,郑锐彬 偶像练习生,4225940337326170,https://m.weibo.cn/detail/4225940337326170,2018-04-06 22:49:00,#偶像练习生# 我的 Jeffrey 心疼的想抱抱你 还有灵超弟弟卜凡毕雯珺郑锐彬徐圣恩…… 都很棒 虽然没有出道成功 希望江湖再见 ​,0,0,6,6,21
idol_producer_016,郑锐彬,偶像练习生,总决赛阶段,2018-03-24,2018-04-06,郑锐彬 偶像练习生,4225941670418899,https://m.weibo.cn/detail/4225941670418899,2018-04-06 22:54:00,偶像练习生出道名单(Nine percent) 第一名个人练习生蔡徐坤 第二名传奇星娱乐陈立农 第三名乐华娱乐范丞丞 第四名乐华娱乐Justin 第五名香蕉娱乐林彦俊 第六名乐华娱乐朱正廷 第七名简单快乐王子异 第八名果然天空小鬼 第九名香蕉娱乐尤长靖 毕雯郡遗憾卡10 郑锐彬来日可期 2 苏州·盛泽 ​,0,2,2,6,22
idol_producer_016,郑锐彬,偶像练习生,总决赛阶段,2018-03-24,2018-04-06,郑锐彬 偶像练习生,4225940320510773,https://m.weibo.cn/detail/4225940320510773,2018-04-06 22:49:00,恭喜 @郑锐彬_ 完成综艺节目偶像练习生拍摄任务，即日返程，享受您的光辉灿烂的人生。,0,0,5,5,23
idol_producer_016,郑锐彬,偶像练习生,总决赛阶段,2018-03-24,2018-04-06,郑锐彬 偶像练习生,4225942266150477,https://m.weibo.cn/detail/4225942266150477,2018-04-06 22:56:00,9人中8人都是预期中的 可为什么还有一人抄袭都能出道 可惜了有实力的朱星杰，郑锐彬。。。 #偶像练习生# 2 苏州·苏州大学(独墅湖校区) ​,0,0,5,5,24
idol_producer_016,郑锐彬,偶像练习生,合作舞台阶段,2018-03-03,2018-03-23,郑锐彬 偶像练习生,4220868727394815,https://m.weibo.cn/detail/4220868727394815,2018-03-23 22:56:00,@郑锐彬_ 为你打爆电话！我们一起用爱发电，向 #偶像练习生# 练习生PICK榜第一名进击，赢取节目10s彩蛋！！！！！！,0,0,1,1,25
idol_producer_016,郑锐彬,偶像练习生,合作舞台阶段,2018-03-03,2018-03-23,郑锐彬 偶像练习生,4220868705730791,https://m.weibo.cn/detail/4220868705730791,2018-03-23 22:56:00,@郑锐彬_ 我在 #偶像练习生# 练习生PICK榜上为你打call！把小心心都给你，赢取节目10s彩蛋！！ O 练习生PICK榜 ​,0,0,1,1,26
idol_producer_016,郑锐彬,偶像练习生,总决赛阶段,2018-03-24,2018-04-06,郑锐彬 偶像练习生,4225942064397127,https://m.weibo.cn/detail/4225942064397127,2018-04-06 22:56:00,// @Keenness_郑锐彬资源博 : #郑锐彬# #偶像练习生郑锐彬# #全能主唱郑锐彬# 以后你的每一次舞台都会比前一次大 相信你 @郑锐彬_,0,0,1,1,27
idol_producer_016,郑锐彬,偶像练习生,总决赛阶段,2018-03-24,2018-04-06,郑锐彬 偶像练习生,4225942710412921,https://m.weibo.cn/detail/4225942710412921,2018-04-06 22:58:00,炒鸡炒鸡帅 // @Keenness_郑锐彬资源博 : #郑锐彬# #偶像练习生郑锐彬# #全能主唱郑锐彬# 180406偶像练习生决赛 8p @郑锐彬_,0,0,1,1,28
idol_producer_016,郑锐彬,偶像练习生,初评级阶段,2018-01-19,2018-01-26,郑锐彬 偶像练习生,4200561953266836,https://m.weibo.cn/detail/4200561953266836,2018-01-26 22:04:00,@郑锐彬_ 为你打爆电话！我们一起用爱发电，向 #偶像练习生# 练习生PICK榜第一名进击，赢取节目10s彩蛋！ // @郑锐彬_ : #偶像练习生# 全民制作人们大家好 我是来自中戏15音乐剧班的华谊练习生郑锐彬 今天晚上节目就要开播了 这段时间我们每位练习生都为了得到大家的关注付出了自己的全部努力,0,0,0,0,29
idol_producer_016,郑锐彬,偶像练习生,初评级阶段,2018-01-19,2018-01-26,郑锐彬 偶像练习生,4200561874250039,https://m.weibo.cn/detail/4200561874250039,2018-01-26 22:04:00,@郑锐彬_ 我在 #偶像练习生# 练习生PICK榜上为你打call！把小心心都给你，赢取节目10s彩蛋！ O 练习生PICK榜 ​,0,0,0,0,30
idol_producer_017,董又霖,偶像练习生,位置测评阶段,2018-02-03,2018-02-16,董又霖 偶像练习生,4208182978990257,https://m.weibo.cn/detail/4208182978990257,2018-02-16 22:47:00,#偶像练习生# 最想给妹妹介绍的人？ 秦奋 @秦奋Roi 、Jeffrey @Jeffrey董又霖 两位获A级认证的同学 有某位被吐槽年纪稍大的同学阿偶就不缩是谁啦！ L 【偶像练习生】秦奋：男友力获A级认证 集多重优点与一身 ​,379,1039,4008,6465,1
idol_producer_017,董又霖,偶像练习生,位置测评阶段,2018-02-03,2018-02-16,董又霖 偶像练习生,4208173512070808,https://m.weibo.cn/detail/4208173512070808,2018-02-16 22:10:00,【Justin妹妹 杨丞琳】在 #偶像练习生# 的“选妹夫”环节中，Justin @jjjustin0219 说自己的妹妹长得像杨丞琳？还想把他介绍给李荣浩老师！大过年的，年夜饭已经吃得很饱啦~不带这样帮着老师撒狗粮的 选手们选出来的TOP1是 @Jeffrey董又霖 ，有礼貌爱干净男友力max，最理想男友没跑了！ L 《偶像练习生》Justin曝自家妹妹像杨丞琳 导师李荣浩成不二之选 了解幕后小故事，请锁定每周五八点半上线的 #偶像有新番# 更多精彩 移动端> O 网页链接 pc端> O 网页链接 收起 d,356,340,1618,2654,2
idol_producer_017,董又霖,偶像练习生,合作舞台阶段,2018-03-03,2018-03-23,董又霖 偶像练习生,4220865824916605,https://m.weibo.cn/detail/4220865824916605,2018-03-23 22:44:00,【Jeffrey 胸肌】《偶像练习生》 @Jeffrey董又霖 曝胸肌秘籍！透露因为健身，一定要吃蛋白。还被 @BBT王子异 爆料称有一个粉粉的煮蛋器 看来高大的外表下也有颗粉嫩的心啦 ​,116,276,1042,1710,3
idol_producer_017,董又霖,偶像练习生,排名发布阶段,2018-02-17,2018-03-02,董又霖 偶像练习生,4213255377372862,https://m.weibo.cn/detail/4213255377372862,2018-03-02 22:43:00,【林彦俊 Jeffrey】 #偶像练习生# 《爱你》组的“直男式”化解尴尬了解一下！冷彦俊 @Trainee18-林彦俊 跟呆福瑞 @Jeffrey董又霖 简直笑到头掉！ @李荣浩 老师你觉得林彦俊现在够甜了吗？ L 综艺扒婆的秒拍视频 2 长沙·马栏山 ​,118,98,233,547,4
idol_producer_017,董又霖,偶像练习生,主题曲考核阶段,2018-01-27,2018-02-02,董又霖 偶像练习生,4203107703814096,https://m.weibo.cn/detail/4203107703814096,2018-02-02 22:40:00,#董又霖# #董又霖偶像练习生# 《偶像练习生》小组对决(直拍) @Jeffrey董又霖 《Can't Stop》。 WULI #Jeffrey# 帅翻全场有木有？ L 《偶像练习生》【直拍】小组对决《Can't stop》Jeffrey @董又霖吧 @华谊兄弟时尚 ​,17,13,59,102,5
idol_producer_017,董又霖,偶像练习生,排名发布阶段,2018-02-17,2018-03-02,董又霖 偶像练习生,4213255947667177,https://m.weibo.cn/detail/4213255947667177,2018-03-02 22:45:00,#林彦俊 jeffrey# 哈哈哈哈哈哈哈哈哈哈哈 终于！！！上热搜了！！啊啊啊啊啊！我最最喜欢的两个人！我们的酒窝组合了解一下？请大家一起pick他们好不好！我直女眼光 真的觉得他俩是里面最帅的了 小酒窝真的完全没有抵抗力 还有 冷彦俊你不要欺负我的呆ffrey哦 #董又霖# #董又霖呆ffrey# #偶像练习生# @Jeffrey董又霖 @Trainee18-林彦俊 收起 d,3,10,55,78,6
idol_producer_017,董又霖,偶像练习生,排名发布阶段,2018-02-17,2018-03-02,董又霖 偶像练习生,4213255435693894,https://m.weibo.cn/detail/4213255435693894,2018-03-02 22:43:00,哈哈哈哈哈哈哈哈哈哈 林彦俊和jeffrey在一起有毒啊 在一起的cut根本一条微博发不完！ 1，无表情、无表情 2，呆住x1 呆住x2 3，互尬（蓄力蓄力 ） 4，冷彦俊 ，呆ffrey 5，持续淡定的2人（你看我，我看你 ） 6，猝不及防的body扭动扭动（吃惊、我是谁我在哪里） 7，jeffrey也是直男的反应了 8，哈哈哈哈哈哈肆意妄为的大笑😂 9，“从你开始” “从我开始” 尴尬而不失礼貌的微笑、套路别人反被套路（live图片） #jeffrey董又霖# #林彦俊 jeffrey# #偶像练习生# 收起 d,5,5,23,38,7
idol_producer_017,董又霖,偶像练习生,总决赛阶段,2018-03-24,2018-04-06,董又霖 偶像练习生,4225941486177213,https://m.weibo.cn/detail/4225941486177213,2018-04-06 22:53:00,#董又霖# 💙️ #偶像练习生# 恭喜Jeffrey董又霖个人出道！明天见 @Jeffrey董又霖 ​​​,1,4,26,35,8
idol_producer_017,董又霖,偶像练习生,合作舞台阶段,2018-03-03,2018-03-23,董又霖 偶像练习生,4220863580412476,https://m.weibo.cn/detail/4220863580412476,2018-03-23 22:36:00,jeffrey胸肌了解一下 啊错了、jeffrey鸡蛋了解一下、每天吃很多鸡蛋因为要健身，cool boy～ jeffrey：鸡蛋是我最爱的食物 他们都喜欢弄我的胸 #jeffrey董又霖# #偶像练习生# #jeffrey胸肌# #jeffrey鸡蛋# ​,3,4,20,31,9
idol_producer_017,董又霖,偶像练习生,合作舞台阶段,2018-03-03,2018-03-23,董又霖 偶像练习生,4220863500369744,https://m.weibo.cn/detail/4220863500369744,2018-03-23 22:35:00,#董又霖# 你不知道，看到你排名第16晋级的时候，我尖叫的有多激动 #偶像练习生# 你一直都是我们最好的jeffrey，加油，期待你以后的演唱会 @Jeffrey董又霖 ​,1,0,17,18,10
idol_producer_017,董又霖,偶像练习生,合作舞台阶段,2018-03-03,2018-03-23,董又霖 偶像练习生,4220865669964245,https://m.weibo.cn/detail/4220865669964245,2018-03-23 22:44:00,#董又霖# #偶像练习生# Jeffrey胸肌 Jeffrey的胸肌真的藏不住了 那就悄悄拿出来欣赏一下 酷的bro ​,0,0,12,12,11
idol_producer_017,董又霖,偶像练习生,合作舞台阶段,2018-03-03,2018-03-23,董又霖 偶像练习生,4220866118033558,https://m.weibo.cn/detail/4220866118033558,2018-03-23 22:46:00,你要当一个脱衣有肉 穿衣又瘦的Jeffrey吗嘻嘻 #Jeffrey 腹肌# #董又霖# #偶像练习生# ​,0,0,9,9,12
idol_producer_017,董又霖,偶像练习生,总决赛阶段,2018-03-24,2018-04-06,董又霖 偶像练习生,4225942266150958,https://m.weibo.cn/detail/4225942266150958,2018-04-06 22:56:00,一喜 @BBT王子异 一悲 @Jeffrey董又霖 ！两个最善良的！两个我最爱的！不管结果如何都要好好的走下去！加油！一直走花路吧！ #董又霖# #王子异# #偶像练习生王子异# #偶像练习生jeffrey# #偶像练习生# ​,0,2,5,9,13
idol_producer_017,董又霖,偶像练习生,总决赛阶段,2018-03-24,2018-04-06,董又霖 偶像练习生,4225942303304111,https://m.weibo.cn/detail/4225942303304111,2018-04-06 22:57:00,妈妈和老板都好可爱，在这种环境下才成就了今天的董又霖，未来会更好，我们一直在 @Jeffrey董又霖 #董又霖# #偶像练习生# #董又霖偶像练习生# ​,0,0,9,9,14
idol_producer_017,董又霖,偶像练习生,合作舞台阶段,2018-03-03,2018-03-23,董又霖 偶像练习生,4220864494415350,https://m.weibo.cn/detail/4220864494415350,2018-03-23 22:39:00,#董又霖# #偶像练习生# 皮这几下很开心哦小董 @Jeffrey董又霖 ​,0,0,7,7,15
idol_producer_017,董又霖,偶像练习生,总决赛阶段,2018-03-24,2018-04-06,董又霖 偶像练习生,4225940663988875,https://m.weibo.cn/detail/4225940663988875,2018-04-06 22:50:00,#董又霖# 💙️ #偶像练习生# 恭喜Jeffrey董又霖个人出道！明天见 @Jeffrey董又霖 ​,1,0,6,7,16
idol_producer_017,董又霖,偶像练习生,合作舞台阶段,2018-03-03,2018-03-23,董又霖 偶像练习生,4220864997861449,https://m.weibo.cn/detail/4220864997861449,2018-03-23 22:41:00,jeffrey的胸肌上热搜了 #董又霖# 给大家安利一下初恋嗓音jeffrey #偶像练习生# 肥肠可爱。唱歌好听。走过路过不要错过 人也肥肠帅气。来爱奇艺投一票吧。蟹蟹路过的小哥哥小姐姐。 ​,0,1,3,5,17
idol_producer_017,董又霖,偶像练习生,总决赛阶段,2018-03-24,2018-04-06,董又霖 偶像练习生,4225941611549973,https://m.weibo.cn/detail/4225941611549973,2018-04-06 22:54:00,不知道会不会再见，但至少要好好说再见 #董又霖# 董又霖Jeffrey未来会更好的 #偶像练习生# @Jeffrey董又霖 ​,0,0,5,5,18
idol_producer_017,董又霖,偶像练习生,总决赛阶段,2018-03-24,2018-04-06,董又霖 偶像练习生,4225942332979710,https://m.weibo.cn/detail/4225942332979710,2018-04-06 22:57:00,是开始不是结束 永远的one pick 继续加油哦 @Jeffrey董又霖 #jeffrey# #董又霖jeffrey# #偶像练习生jeffrey# 2 西安·西安外国语大学南区 ​,0,0,4,4,19
idol_producer_017,董又霖,偶像练习生,主题曲考核阶段,2018-01-27,2018-02-02,董又霖 偶像练习生,4203105547119720,https://m.weibo.cn/detail/4203105547119720,2018-02-02 22:31:00,#偶像练习生# 第三期正片奉上！ 全民制作人代表张艺兴 @努力努力再努力x 艰难抉择评级结果 音乐导师 @李荣浩 送上“爱的抱抱”鼓励选手 说唱导师 @王嘉尔 @欧阳靖MCjin 指导练习生第一次分组舞台 舞蹈导师 @宇宙少女_程潇 暖心寄语练习生主题曲舞台， @周洁琼_OFFICIAL 教到炸毛反被逗笑？ 精彩热血的再评级“激战”正在上演，最重要的是！ 应广大全民制作人的要求，本期节目时长增加至…… 点开看一下进度条，绝对有惊喜！感谢各位全民制作人对偶像练习生的耐心等待 快戳链接观战啦>>> L 偶像练习生之选手再评级惹张艺兴发火 主题曲舞台拉响C位争夺战 收起 d,0,0,2,2,20
idol_producer_017,董又霖,偶像练习生,排名发布阶段,2018-02-17,2018-03-02,董又霖 偶像练习生,4213252911381651,https://m.weibo.cn/detail/4213252911381651,2018-03-02 22:33:00,@Jeffrey董又霖 #董又霖# 我不管！搞怪的呆福瑞我要pick了！！！ #爱奇艺偶像练习生# ​,0,1,0,2,21
idol_producer_017,董又霖,偶像练习生,排名发布阶段,2018-02-17,2018-03-02,董又霖 偶像练习生,4213254416459069,https://m.weibo.cn/detail/4213254416459069,2018-03-02 22:39:00,#董又霖呆ffrey# 董又霖偶像练习生连续两次C位，《爱你》实在是太好听了，感觉耳朵怀孕了！！自带呆萌属性唱歌又那么好听的呆ffrey真是让人难以抗拒啊！ L 电影为你写诗1102的秒拍视频 ​,0,1,0,2,22
idol_producer_017,董又霖,偶像练习生,排名发布阶段,2018-02-17,2018-03-02,董又霖 偶像练习生,4213257075709407,https://m.weibo.cn/detail/4213257075709407,2018-03-02 22:50:00,心疼董又霖小哥哥！明明是C位但是镜头那么少，而且唱的真的很好听啊真的很符合《爱你》这首歌！Jeffrey加油！你很棒啦！贫穷少女送富家大少爷出道！ #偶像练习生# #董又霖# #全世界最好的董又霖# #jeffrey# @爱奇艺偶像练习生 ​,0,1,0,2,23
idol_producer_017,董又霖,偶像练习生,总决赛阶段,2018-03-24,2018-04-06,董又霖 偶像练习生,4225940726678149,https://m.weibo.cn/detail/4225940726678149,2018-04-06 22:50:00,#胡巴为朱星杰加油# #偶像练习生毕雯珺# #董又霖呆ffrey# #小王子灵超# 真的舍不得你们 好难过 想每个星期还能看偶练 ​,0,1,0,2,24
idol_producer_017,董又霖,偶像练习生,合作舞台阶段,2018-03-03,2018-03-23,董又霖 偶像练习生,4220865329671724,https://m.weibo.cn/detail/4220865329671724,2018-03-23 22:42:00,#董又霖# jeffrey的胸肌 #偶像练习生# @Jeffrey董又霖,0,0,1,1,25
idol_producer_017,董又霖,偶像练习生,合作舞台阶段,2018-03-03,2018-03-23,董又霖 偶像练习生,4220866080786487,https://m.weibo.cn/detail/4220866080786487,2018-03-23 22:45:00,#偶像练习生# 我男朋友全世界第一完美！！！每天都有新萌点！ @Jeffrey董又霖,0,0,1,1,26
idol_producer_017,董又霖,偶像练习生,总决赛阶段,2018-03-24,2018-04-06,董又霖 偶像练习生,4225940986589505,https://m.weibo.cn/detail/4225940986589505,2018-04-06 22:51:00,#偶像练习生# 100个人我可能记不清楚名字 渐渐的减少看着心蛮痛的 但这并不是最后的路 通过这个舞台让更多人的人认识你们 记得周美瑞说过 我在这个舞台离开了 没关系 以后拍戏拍广告我还在 总之看着最后出道的舞台 这九个人我很喜欢 看着他们的努力到现在 但也同样可惜 我可能对其他人还不是很熟悉吧 胡巴朱星杰 jeffery董又霖 小黑人林超泽 可爱的钱正昊 看着凶的卜凡 等等 未来的道路还会很好 做为全民制作人的我会继续支持你们每一个人 收起 d,0,0,1,1,27
idol_producer_017,董又霖,偶像练习生,初评级阶段,2018-01-19,2018-01-26,董又霖 偶像练习生,4200574364474884,https://m.weibo.cn/detail/4200574364474884,2018-01-26 22:53:00,#偶像练习生# #我的pick安利打卡# #董又霖# 日常打call，别招黑,0,0,0,0,28
idol_producer_017,董又霖,偶像练习生,主题曲考核阶段,2018-01-27,2018-02-02,董又霖 偶像练习生,4203105169742364,https://m.weibo.cn/detail/4203105169742364,2018-02-02 22:30:00,对Jeffrey董又霖印象很深啊，90度鞠躬，原来是成龙的外甥，歌确实好听啊，也不哭哭唧唧 #偶像练习生Jeffrey董又霖# ​,0,0,0,0,29
idol_producer_017,董又霖,偶像练习生,主题曲考核阶段,2018-01-27,2018-02-02,董又霖 偶像练习生,4203105446424668,https://m.weibo.cn/detail/4203105446424668,2018-02-02 22:31:00,背靠大树好乘凉，半个娱乐圈都在给Jeffrey董又霖打CALL原来是成龙的亲外甥 #偶像练习生Jeffrey董又霖# ​,0,0,0,0,30
idol_producer_018,秦奋,偶像练习生,主题曲考核阶段,2018-01-27,2018-02-02,秦奋 偶像练习生,4203080309955520,https://m.weibo.cn/detail/4203080309955520,2018-02-02 20:51:00,#偶像练习生# 最近老鬼发现 @蔡徐坤 @秦奋Roi @Adam0616 @韩沐伯 等人的都发了这样的微博卡片，文案都是他们自己写的哦，有没有你家的爱豆呢，为他打call吧 ​,2594,1593,1319,7099,1
idol_producer_018,秦奋,偶像练习生,位置测评阶段,2018-02-03,2018-02-16,秦奋 偶像练习生,4208182978990257,https://m.weibo.cn/detail/4208182978990257,2018-02-16 22:47:00,#偶像练习生# 最想给妹妹介绍的人？ 秦奋 @秦奋Roi 、Jeffrey @Jeffrey董又霖 两位获A级认证的同学 有某位被吐槽年纪稍大的同学阿偶就不缩是谁啦！ L 【偶像练习生】秦奋：男友力获A级认证 集多重优点与一身 ​,379,1039,4008,6465,2
idol_producer_018,秦奋,偶像练习生,初评级阶段,2018-01-19,2018-01-26,秦奋 偶像练习生,4200564542359538,https://m.weibo.cn/detail/4200564542359538,2018-01-26 22:14:00,#王嘉尔专业# #偶像练习生# 被王嘉尔的专业态度圈粉，他对练习生们的表演不论演唱技巧、舞台走位还是服装搭配都提出专业建议，对铁自己的铁哥们秦奋也不留情面，甚至更加严格？ 毕竟王嘉尔也是从练习生这条路走过来，专业度没话说 L 综艺扒婆的秒拍视频 ​,1161,147,741,2196,3
idol_producer_018,秦奋,偶像练习生,初评级阶段,2018-01-19,2018-01-26,秦奋 偶像练习生,4200564860872359,https://m.weibo.cn/detail/4200564860872359,2018-01-26 22:16:00,秦奋王嘉尔竟然认识！竟然认识…认识…识…这是闹哪样啊？不过还是相信王嘉尔的严格，能给秦奋带来意见的，很多练习生王嘉尔都认识，这样只会让他认真对待 #偶像练习生# ​,210,296,1006,1808,4
idol_producer_018,秦奋,偶像练习生,初评级阶段,2018-01-19,2018-01-26,秦奋 偶像练习生,4200565049278200,https://m.weibo.cn/detail/4200565049278200,2018-01-26 22:16:00,【王嘉尔 专业】 #偶像练习生# 节目中王嘉尔严格点评选手，连自己的铁哥们秦奋也没有“特殊照顾”，从歌曲的演唱、舞台走位到选手服装的搭配，每一个细节都向练习生提出专业建议，他评价自己“不是比其他人有天分，人家做十个，我就做一百个，我就不信我追不上你”。为他的专业态度点赞 L 综艺扒婆的秒拍视频 收起 d,824,213,218,1468,5
idol_producer_018,秦奋,偶像练习生,位置测评阶段,2018-02-03,2018-02-16,秦奋 偶像练习生,4208183649934897,https://m.weibo.cn/detail/4208183649934897,2018-02-16 22:50:00,#偶像练习生# 第一轮前60名： 蔡徐坤/陈立农/范丞丞/Justin/朱正廷/小鬼/卜凡/李权哲/何东东/尤长靖/王子异/Jeffrey/秦奋/林超泽/朱星杰/灵超/钱正昊/董岩磊/韩沐伯/丁泽仁/岳岳/左叶/徐凯皓/木子洋/郑锐彬/毕雯珺/周彦辰/林彦俊/李希侃/陆定昊/周锐/黄书豪/黄新淳/罗正/张达源/李让/贝汯璘/李长庚/陈斯琪/韩雍杰/秦子墨/武连杰/覃俊毅/娄滋博/靖佩瑶/余明君/陈名豪/明鹏/杨非同/朱匀一/伽里/凌崎/朱匀天/徐圣恩/李俊毅/张奕轩/王艺龙/姜达赫/胡致邦/梁辉 乐华女孩绝不认输 收起 d,2,32,106,172,6
idol_producer_018,秦奋,偶像练习生,主题曲考核阶段,2018-01-27,2018-02-02,秦奋 偶像练习生,4203093844963691,https://m.weibo.cn/detail/4203093844963691,2018-02-02 21:45:00,【 #偶像有新番# 】 各位制作人们是不是也很想知道练习生训练基地的内部是什么 L 《偶像有新番》香蕉娱乐探秘训练室 当 @BBT王子异 遇到化身成TA的“番番”...... L 《偶像有新番》王子异唱情歌，竟为ta？ 这里还有喜欢可乐味唇膏的处女座 @秦奋Roi L 《偶像有新番》是谁逼死处女座秦奋 “番番”还被“冤家CP”吐槽有一股“乡土气息” L 《偶像有新番》秦奋、韩沐伯“冤家CP”已上线 更多精彩 移动端 O 网页链接 pc端 O 网页链接 收起 d,6,18,97,139,7
idol_producer_018,秦奋,偶像练习生,排名发布阶段,2018-02-17,2018-03-02,秦奋 偶像练习生,4213253821194992,https://m.weibo.cn/detail/4213253821194992,2018-03-02 22:37:00,卜凡居然又穿貂了 郑锐彬和钱正昊唱得真好听，突然对秦奋有了有了兴趣，年纪大是成熟一些，蔡徐坤我第一期的时候真的get不到他的点，但是几期下来，综合实力真的强。 还有，范丞丞真的……一般（至少目前看来是这样 ） #偶像练习生# ​,0,27,78,132,8
idol_producer_018,秦奋,偶像练习生,总决赛阶段,2018-03-24,2018-04-06,秦奋 偶像练习生,4225942937915724,https://m.weibo.cn/detail/4225942937915724,2018-04-06 22:59:00,卧槽 真他妈垃圾偶像练习生 灵超没出道，劳资的四个月白追了， 妈的 ，灵超弟弟以后怎么办啊 卧槽劳资今天竟然哭了 劳资追老吴都没哭过 垃圾爱奇艺 妈的 卸了卸了， 坤音一个都没有进，他们以后可怎么办啊，他们连个海蛎子也吃不起啊，他们以后怎么办啊 ，卧槽，以后不追了，太累了，灵超弟弟还有大田以后走花路吧 @秦奋Roi @灵超DIDI 收起 d,1,5,24,35,9
idol_producer_018,秦奋,偶像练习生,排名发布阶段,2018-02-17,2018-03-02,秦奋 偶像练习生,4213254601691621,https://m.weibo.cn/detail/4213254601691621,2018-03-02 22:40:00,#范丞丞第一# #偶像练习生# 第二次公演位置现场测评投票排名：范丞丞第一 朱正廷第二 毕雯珺第三 尤长靖第四 丁泽仁第五 小鬼第六 周锐第七 Justin第八 秦奋第九 ​ 你关注的练习生上榜了吗？ L 娱乐头条资讯的秒拍视频 ​,0,1,23,25,10
idol_producer_018,秦奋,偶像练习生,排名发布阶段,2018-02-17,2018-03-02,秦奋 偶像练习生,4213258359260284,https://m.weibo.cn/detail/4213258359260284,2018-03-02 22:55:00,是的，秦奋，你还要继续努力💪，要继续前行。我们会送你走到最远的地方。👏👏👏👏👏👏👏 #秦奋roi# #偶像练习生秦奋# @秦奋Roi ​,2,2,17,23,11
idol_producer_018,秦奋,偶像练习生,总决赛阶段,2018-03-24,2018-04-06,秦奋 偶像练习生,4225942508904714,https://m.weibo.cn/detail/4225942508904714,2018-04-06 22:57:00,偶像练习生全程没关注哈哈哈，看到热搜那个啥秦奋，还以为是那个富二代，没想到还是个宁波人，好感度up！ ​,0,7,1,15,12
idol_producer_018,秦奋,偶像练习生,合作舞台阶段,2018-03-03,2018-03-23,秦奋 偶像练习生,4220867988953275,https://m.weibo.cn/detail/4220867988953275,2018-03-23 22:53:00,#偶像练习生# 今天这期唯一能让我哭的地方大概只有乐华了 从毕雯珺发表感言开始 到朱正廷范丞丞丁泽仁每次说起七人时就想哭 阿我的乐华 最近几期乐华一直都在被黑 我真的不敢相信正正的排名居然掉到第七了 连出道都不稳了救救我们仙子正吧 最近这波黑对朱正廷的影响真是太大了 心疼生日那天还要被人身攻击的正正 当我看到正正第七立马拿起手机就给他投票了 社长的排名这次进步真的好大阿 在韩国两年做到出道预备役丁泽仁实力真的是可以进到前二十的前九都行 奈何人气不够 心好累 我只想做我的乐华女孩 还有韩沐伯淘汰也让我哭了 一直希望他能进前二十 之前看爆料知道他已经走了 所以当听到秦奋说我今天不会哭除非大伯走的时候真的叹气 希望大家之后都能有好的归宿吧 收起 d,0,5,3,13,13
idol_producer_018,秦奋,偶像练习生,排名发布阶段,2018-02-17,2018-03-02,秦奋 偶像练习生,4213250775893871,https://m.weibo.cn/detail/4213250775893871,2018-03-02 22:25:00,每看完一期偶像练习生，我pick李荣浩了，哈哈，太逗了 ，当然秦奋😁也很pick 2 葫芦岛·城郊乡 ​,0,0,8,8,14
idol_producer_018,秦奋,偶像练习生,总决赛阶段,2018-03-24,2018-04-06,秦奋 偶像练习生,4225942501172097,https://m.weibo.cn/detail/4225942501172097,2018-04-06 22:57:00,追了十二期的偶像练习生结束了，再也不用投票了再也不用为给谁投票而烦恼了，每一个都很喜欢，每一个都很努力，从第八名往前公布的时候看到卜凡，秦奋，林超泽脸上失望的神情就好难过，站在第一的位置上就要承受巨大压力，坤坤不哭。我会永远记得作为迷妹的我每当快周五的时候多么激动爱每一个人 ​,0,3,2,8,15
idol_producer_018,秦奋,偶像练习生,总决赛阶段,2018-03-24,2018-04-06,秦奋 偶像练习生,4225942476103586,https://m.weibo.cn/detail/4225942476103586,2018-04-06 22:57:00,#偶像练习生# 行吧 坤音四个可以一起出道了也挺好。 正昊弟弟这实力希望公司给他solo，也不要做爱豆，就做一个有实力的音乐人。 决赛才发现毕社长真的真的好看啊，尤其是笑起来，以后关注一下 还有朱星杰，郑锐彬，Jeffery，秦奋都是很棒很棒的人，未来可期。 蔡徐坤真的实至名归，粉丝十分社会，投票次次甩第二几条街，综合实力也是不用说的top。 各位男孩子们都朝着更好的未来出发吧，之前辛苦了，希望以后也能保持初心，像现在一样懂得感恩，努力努力再努力，一起走上钻石大道吧。 收起 d,0,0,8,8,16
idol_producer_018,秦奋,偶像练习生,总决赛阶段,2018-03-24,2018-04-06,秦奋 偶像练习生,4225942987964570,https://m.weibo.cn/detail/4225942987964570,2018-04-06 22:59:00,#偶像练习生# 偶像练习生Nine Percent 九人出道 恭喜蔡徐坤，恭喜小鬼 这段日子的投票也算值得了，可惜了朱星杰，毕雯珺，卜凡，秦奋，钱正昊…还有早早被淘汰的磊子，在其他地方继续加油！～ ​,0,0,8,8,17
idol_producer_018,秦奋,偶像练习生,排名发布阶段,2018-02-17,2018-03-02,秦奋 偶像练习生,4213255822531576,https://m.weibo.cn/detail/4213255822531576,2018-03-02 22:45:00,褪色的夜晚伴随着痛苦让我无法入眠，忧郁的月光，出乎意料的把你的影子，悬挂在我的窗口。 @秦奋Roi @秦奋Roi @秦奋Roi 既然选择支持你就要一直坚持到底 @秦奋Roi #偶像练习生秦奋# #偶像练习生# ​,0,0,7,7,18
idol_producer_018,秦奋,偶像练习生,合作舞台阶段,2018-03-03,2018-03-23,秦奋 偶像练习生,4220868877801226,https://m.weibo.cn/detail/4220868877801226,2018-03-23 22:57:00,又给弟弟扎小辫子又教舞蹈，这手艺给将来女儿梳头可还行？？ 一起来看看吧 #秦奋roi# #偶像练习生# 《偶像练习生》秦奋秀祖传造型手艺 练习生变身小豆芽，快来 @爱奇艺 一起看！ O 网页链接 ​,0,3,1,7,19
idol_producer_018,秦奋,偶像练习生,总决赛阶段,2018-03-24,2018-04-06,秦奋 偶像练习生,4225942577147360,https://m.weibo.cn/detail/4225942577147360,2018-04-06 22:58:00,偶像练习生🔚 恭喜9人男团出道啦，看的时候那个揪心啊，不小心哭出来了，但是我支持的全部出道啦，也感谢你们的努力，爱你们每一个，姐姐永远支持你们，你们最棒的！！🙋打板啦 梦也开始了 还有卜凡，灵超，钱正昊，Jeffrey，秦奋我还是会继续支持你们的🙋🙋加油加油，一切都会变好的👌都是最棒的自己 收起 d,0,2,3,7,20
idol_producer_018,秦奋,偶像练习生,合作舞台阶段,2018-03-03,2018-03-23,秦奋 偶像练习生,4220866533653564,https://m.weibo.cn/detail/4220866533653564,2018-03-23 22:47:00,#偶像练习生# 其实周锐淘汰我也挺难过的，一直都挺喜欢有实力长得又美的他，可惜了，但我最喜欢的坤坤，朱正廷，小鬼，范丞丞，秦奋，卜凡，李权哲，林超泽，以上这几位不淘汰就好了，其他的练习生也挺好的，希望就这样一直陪着你们出道或者更远 @蔡徐坤 ​,0,2,1,5,21
idol_producer_018,秦奋,偶像练习生,合作舞台阶段,2018-03-03,2018-03-23,秦奋 偶像练习生,4220867209085267,https://m.weibo.cn/detail/4220867209085267,2018-03-23 22:50:00,天啊这都是一群什么样的小可爱！【《偶像练习生》幕后花絮：秦奋秀祖传造型手艺 练习生变身小豆芽】 L 《偶像练习生》幕后花絮：秦奋秀祖传造型手艺 练习生变身小豆芽 ​,0,0,5,5,22
idol_producer_018,秦奋,偶像练习生,合作舞台阶段,2018-03-03,2018-03-23,秦奋 偶像练习生,4220868769064844,https://m.weibo.cn/detail/4220868769064844,2018-03-23 22:56:00,#偶像练习生# 立个flag 希望不被推翻打脸 蔡徐坤 陈立农 范丞丞 Justin 尤长靖 朱正廷 林彦俊 王子异 灵超 （卜凡，秦奋，小鬼，） 哇，这个组合rap，主唱，舞蹈，各种担当都有好吧。 ​,0,1,3,5,23
idol_producer_018,秦奋,偶像练习生,总决赛阶段,2018-03-24,2018-04-06,秦奋 偶像练习生,4225943041521667,https://m.weibo.cn/detail/4225943041521667,2018-04-06 22:59:00,偶像练习生终于播完了！恭喜坤坤获得C位！同时也心疼秦奋！希望各位加油↖(^ω^)↗ 2 福州·城门镇 ​,0,0,5,5,24
idol_producer_018,秦奋,偶像练习生,排名发布阶段,2018-02-17,2018-03-02,秦奋 偶像练习生,4213256132309869,https://m.weibo.cn/detail/4213256132309869,2018-03-02 22:46:00,#偶像练习生# #范丞丞 第一# 现场选手排名 1.范丞丞 2.朱正廷 3.毕雯珺 3.尤长靖 5.丁泽仁 6.小鬼 7.周锐 8.Justin 9.秦奋 ，人气练习生蔡徐坤位列第15，陈立农第34，和你想的一样吗？ ​,0,2,0,4,25
idol_producer_018,秦奋,偶像练习生,合作舞台阶段,2018-03-03,2018-03-23,秦奋 偶像练习生,4220868685665438,https://m.weibo.cn/detail/4220868685665438,2018-03-23 22:56:00,#偶像练习生# 之前的微博排名真是骗人 还好jeffrey 秦奋 林超泽都留下来了hhh 听听我说的吧组拿第一真真真der不容易 我的甜心农终于回到第二了 只是可惜了锐姐[胡巴伤心] 为了你的生活会继续pick你滴！ 🙏🏻希望蔡徐坤陈立农王子异尤长靖林彦俊小鬼朱星杰jeffrey卜凡秦奋能前九出道啊！加油！ 收起 d,0,2,0,4,26
idol_producer_018,秦奋,偶像练习生,总决赛阶段,2018-03-24,2018-04-06,秦奋 偶像练习生,4225942265953209,https://m.weibo.cn/detail/4225942265953209,2018-04-06 22:56:00,偶像练习生要结束了 有点小伤感 看着别人的梦想以节目的方式要暂时离开 感同身受 谁还没有个女团梦.就像尚雯婕说的那样 中国的选秀节目 就像这个名字一样 节目结束出来 不是偶像就会继续是练习生 就没有过超级优质偶像的例子 梦想这个词貌似有些模糊 希望这些喜欢的男孩子 未来红火 一起走花路吧🌸！预测九人：蔡徐坤 尤长靖 陈立农 朱正廷 justing 范成成 小鬼 王子异 灵超 个人也特别喜欢朱星杰 钱正昊 卜凡 秦奋 走花路吧🌸 晚安 #偶像练习生# K 如果你能感同我的身受-偶像练习生 收起 d,0,0,4,4,27
idol_producer_018,秦奋,偶像练习生,排名发布阶段,2018-02-17,2018-03-02,秦奋 偶像练习生,4213252227822989,https://m.weibo.cn/detail/4213252227822989,2018-03-02 22:31:00,#偶像练习生周彦辰# 九人组合 蔡徐坤 justin 尤长靖 朱正廷 周彦辰 秦奋 周锐 林彦俊 jeffery 我希望是这样 @周彦辰 ​,0,0,3,3,28
idol_producer_018,秦奋,偶像练习生,总决赛阶段,2018-03-24,2018-04-06,秦奋 偶像练习生,4225942161546175,https://m.weibo.cn/detail/4225942161546175,2018-04-06 22:56:00,#偶像练习生# 反正不管喜欢的不喜欢的基本是意料之中的那几个人，还好蔡徐坤是第一，其实看久了挺多人都觉得还蛮不错的，大家也挺不容易的，尤其是最近喜欢的李希侃和秦奋，希望他们以后更好。 ​,0,0,3,3,29
idol_producer_018,秦奋,偶像练习生,合作舞台阶段,2018-03-03,2018-03-23,秦奋 偶像练习生,4220868978424426,https://m.weibo.cn/detail/4220868978424426,2018-03-23 22:57:00,@秦奋Roi 秦奋我们答应了做你的小幸运就会坚持 #秦奋roi# 你说过了你想留下来 那我们就要拼尽全力让你披上最后的荣光 加油大田 与你同在 #偶像练习生# ​,0,0,2,2,30
idol_producer_019,林超泽,偶像练习生,位置测评阶段,2018-02-03,2018-02-16,林超泽 偶像练习生,4208163256932561,https://m.weibo.cn/detail/4208163256932561,2018-02-16 21:29:00,#偶像练习生# 主题曲舞蹈二倍速比拼中，小超人林超泽 @Trainee18-林超泽 以惊艳拉丁battle收获了舞蹈导师们 @宇宙少女_程潇 @周洁琼_OFFICIAL 的心，赢得全场爆笑！不过谁是第一不重要，最重要的是去吃海底捞！ L 【偶像练习生】林超泽：小超人拉丁battle完胜撩倒程潇周洁琼 ​,284,1640,4757,8321,1
idol_producer_019,林超泽,偶像练习生,主题曲考核阶段,2018-01-27,2018-02-02,林超泽 偶像练习生,4203112077830629,https://m.weibo.cn/detail/4203112077830629,2018-02-02 22:57:00,【 #偶像练习生# 花絮 陈立农舞蹈弱遭降级 蔡徐坤林超泽保留A】练习生等级再评定，陈立农 @超级農農 由A降到C，直言感觉有点丢脸。 @蔡徐坤 @Trainee18-林超泽 成功留在A班。 L 《偶像练习生》花絮 陈立农舞蹈弱遭降级 蔡徐坤林超泽保留A 想知道更多“小秘密”？请继续锁定每周五晚八点半上线的 #偶像有新番# ！ 更多精彩 移动端 O 网页链接 pc端 O 网页链接 收起 d,58,580,411,1629,2
idol_producer_019,林超泽,偶像练习生,排名发布阶段,2018-02-17,2018-03-02,林超泽 偶像练习生,4213258879458489,https://m.weibo.cn/detail/4213258879458489,2018-03-02 22:57:00,【推特】 #偶像练习生# 话题下1小时pick #小鬼王琳凯# #蔡徐坤# #偶像练习生蔡徐坤# #林超泽# #陈名豪# #范丞丞# #朱星杰# #周锐zee# #秦子墨# #卜凡# #偶像练习生黄书豪# #毕雯珺# #黄新淳# #陆定昊# ​,3,99,70,271,3
idol_producer_019,林超泽,偶像练习生,位置测评阶段,2018-02-03,2018-02-16,林超泽 偶像练习生,4208183649934897,https://m.weibo.cn/detail/4208183649934897,2018-02-16 22:50:00,#偶像练习生# 第一轮前60名： 蔡徐坤/陈立农/范丞丞/Justin/朱正廷/小鬼/卜凡/李权哲/何东东/尤长靖/王子异/Jeffrey/秦奋/林超泽/朱星杰/灵超/钱正昊/董岩磊/韩沐伯/丁泽仁/岳岳/左叶/徐凯皓/木子洋/郑锐彬/毕雯珺/周彦辰/林彦俊/李希侃/陆定昊/周锐/黄书豪/黄新淳/罗正/张达源/李让/贝汯璘/李长庚/陈斯琪/韩雍杰/秦子墨/武连杰/覃俊毅/娄滋博/靖佩瑶/余明君/陈名豪/明鹏/杨非同/朱匀一/伽里/凌崎/朱匀天/徐圣恩/李俊毅/张奕轩/王艺龙/姜达赫/胡致邦/梁辉 乐华女孩绝不认输 收起 d,2,32,106,172,4
idol_producer_019,林超泽,偶像练习生,总决赛阶段,2018-03-24,2018-04-06,林超泽 偶像练习生,4225941167438304,https://m.weibo.cn/detail/4225941167438304,2018-04-06 22:52:00,追了这么久的偶像练习生告一段落，蔡徐坤c位出道，我喜欢的小鬼 范丞丞 王子异也前九出道，不过可惜了林超泽，卜凡，李希侃，希望他们自己以后也能好好发展，接下来就看我杰哥参与的女版偶像练习生啦，虽然节目还没播出就出现了好多事，可是我不在乎我完全就是为了张杰看的呀 #偶像练习生# #蔡徐坤c位出道# #小鬼—王琳凯# 收起 d,0,9,126,144,5
idol_producer_019,林超泽,偶像练习生,排名发布阶段,2018-02-17,2018-03-02,林超泽 偶像练习生,4213252835584505,https://m.weibo.cn/detail/4213252835584505,2018-03-02 22:33:00,#林超泽# #偶像练习生林超泽# 表白林队长！ 跳舞超棒！带队很好！被周洁琼老师夸赞！ @Trainee18-林超泽,8,10,62,90,6
idol_producer_019,林超泽,偶像练习生,排名发布阶段,2018-02-17,2018-03-02,林超泽 偶像练习生,4213249744533982,https://m.weibo.cn/detail/4213249744533982,2018-03-02 22:21:00,#偶像练习生# 第七期了，pick 这九位小哥哥。justin rap门面担当，蔡徐坤门面rap中心担当，尤长靖主唱门面吃货担当，林超泽主舞转圈圈担当，陈立农主唱可爱担当，朱星杰rap胡巴担当，范丞丞 rap耿直担当，小鬼rap担当，朱正庭门面特技担当。喜欢顺序有小改变、哈哈。以上为个人观点哦 #偶像练习生justin# #偶像练习生蔡徐坤# #偶像练习生尤长靖# 收起 d,0,18,39,75,7
idol_producer_019,林超泽,偶像练习生,合作舞台阶段,2018-03-03,2018-03-23,林超泽 偶像练习生,4220859591335163,https://m.weibo.cn/detail/4220859591335163,2018-03-23 22:20:00,#林超泽# #偶像练习生林超泽# 你的好友超高音！小跳蛙！上线！！ 看给我崽委屈的TTT L 赵肖恩的秒拍视频 ​,4,11,41,67,8
idol_producer_019,林超泽,偶像练习生,主题曲考核阶段,2018-01-27,2018-02-02,林超泽 偶像练习生,4203061259851493,https://m.weibo.cn/detail/4203061259851493,2018-02-02 19:35:00,哈哈哈，给哥哥的应援已经整装出发了。有没有想get同款的呀，欢迎私信随时打扰哦。 #偶像练习生林超泽# #林超泽# #偶像练习生# #trainee18林超泽# ​,3,14,35,66,9
idol_producer_019,林超泽,偶像练习生,位置测评阶段,2018-02-03,2018-02-16,林超泽 偶像练习生,4208163613665664,https://m.weibo.cn/detail/4208163613665664,2018-02-16 21:30:00,我们林超泽真的超炸了！快来pick我们的小超人吧。 #偶像练习生林超泽# #偶像练习生林超泽#,1,7,31,46,10
idol_producer_019,林超泽,偶像练习生,位置测评阶段,2018-02-03,2018-02-16,林超泽 偶像练习生,4208167111864209,https://m.weibo.cn/detail/4208167111864209,2018-02-16 21:44:00,#偶像练习生# 看到第61名宣布是寺草姜京佐的时候，真的很难受，眼泪一下子就出来了看到尤长靖眼泪哗一下子就下来了，陆定昊哭的眼都红了，我们林彦俊真的是抬头眼泪都掩盖不住，林超泽真的是哭的不敢直视，他应该也想让香蕉都站上那里，但是已经很棒了。 2 淄博·常家镇 ​,1,5,34,45,11
idol_producer_019,林超泽,偶像练习生,合作舞台阶段,2018-03-03,2018-03-23,林超泽 偶像练习生,4220865702958649,https://m.weibo.cn/detail/4220865702958649,2018-03-23 22:44:00,偶像练习生温州小分队Justin #黄明昊# 、 #林超泽# 、 #李希侃# 都进TOP20啦 富贵下滑了两位，跟全民制作人道谢鞠躬都出框了 本来挺心疼结果画面一转，说把汗都擦范丞丞身上了，傻乐的范丞丞哭了，欺负完还是得安慰他 你心中的出道组有谁？ ​,1,4,31,40,12
idol_producer_019,林超泽,偶像练习生,总决赛阶段,2018-03-24,2018-04-06,林超泽 偶像练习生,4225941847368566,https://m.weibo.cn/detail/4225941847368566,2018-04-06 22:55:00,直播的偶像练习生简直惨不忍睹，蔡徐坤唱功不行走调还破音 不过气场不错。朱星杰，尤长靖，钱正昊，jeffry唱功还是很棒。陈立农如果不挑战rap的话就好了，范丞丞还是比较有实力的唱歌也行rap也行。灵超也还好还有林超泽。特意强调一下Justin气场很不错rap也很不错（个人觉得justin这期发挥得最好）最后说一下我喜欢的小鬼，这家伙从头到都很太稳了，也很棒。 收起 d,0,9,22,40,13
idol_producer_019,林超泽,偶像练习生,位置测评阶段,2018-02-03,2018-02-16,林超泽 偶像练习生,4208176829606241,https://m.weibo.cn/detail/4208176829606241,2018-02-16 22:23:00,二十名都没有的时候我慌得不行 林超泽都出来了我快吓死了 第十离出道还有一步 游泳圈女孩加油 数据操起来 小哥哥那么棒怎么能让他吃不好 #尤长靖# #偶像练习生尤长靖# ​,1,7,18,33,14
idol_producer_019,林超泽,偶像练习生,排名发布阶段,2018-02-17,2018-03-02,林超泽 偶像练习生,4213258422760219,https://m.weibo.cn/detail/4213258422760219,2018-03-02 22:55:00,#偶像练习生# 🙈 #林超泽# 小超人好棒👍加油加油，坚持pick把小超人送上去 附上截到的表情包素材 ​,0,4,14,22,15
idol_producer_019,林超泽,偶像练习生,合作舞台阶段,2018-03-03,2018-03-23,林超泽 偶像练习生,4220856840388279,https://m.weibo.cn/detail/4220856840388279,2018-03-23 22:09:00,公布jeffrey的时候郑锐彬的排名是出来的，然而等到公布林超泽的时候就是？？？这个了 好尴尬啊 @爱奇艺偶像练习生 @爱奇艺偶像练习生 ​,0,6,9,21,16
idol_producer_019,林超泽,偶像练习生,总决赛阶段,2018-03-24,2018-04-06,林超泽 偶像练习生,4225941548559940,https://m.weibo.cn/detail/4225941548559940,2018-04-06 22:54:00,偶像练习生结束了！追了四个月，真的感谢100位小可爱努力付出😢总是会有遗憾和快乐的，让我再看一遍林超泽的舞，徐圣恩的rap，钱正昊的歌声和朱星杰的表演吧 谢谢你们！ #偶像练习生# ​,0,0,16,16,17
idol_producer_019,林超泽,偶像练习生,总决赛阶段,2018-03-24,2018-04-06,林超泽 偶像练习生,4225940315233961,https://m.weibo.cn/detail/4225940315233961,2018-04-06 22:49:00,#偶像练习生# 画个饼，希望淘汰选手也能组个团。舞担丁泽仁林超泽；唱歌毕雯珺灵超；搞笑卜凡；rap有杰哥 ​,0,7,0,14,18
idol_producer_019,林超泽,偶像练习生,总决赛阶段,2018-03-24,2018-04-06,林超泽 偶像练习生,4225937861932318,https://m.weibo.cn/detail/4225937861932318,2018-04-06 22:39:00,#偶像练习生# 『It's OK』 舞台纯享 第一首出道舞台评价曲『It's OK』 由 @Trainee18-林彦俊 担当C位，队内 @Trainee18-林超泽 的舞蹈功力没话说，再一次用实际证明演唱实力的 @灵超DIDI 和 @Jeffrey董又霖 真的是萌坏少女心，小狐狸 @李希侃_LXK 进步超级大，最强vocal @Trainee18-尤长靖 的高音惊艳全场，队内的rap担当 @jjjustin0219 和 @小鬼-王琳凯 非常燃， @Biiiii毕雯珺 和 @郑锐彬_ 也是超级优秀！很圆满的一次舞台 L Tanya-CC的秒拍视频 L Tanya-CC的秒拍视频 收起 d,2,0,10,12,19
idol_producer_019,林超泽,偶像练习生,总决赛阶段,2018-03-24,2018-04-06,林超泽 偶像练习生,4225940059958310,https://m.weibo.cn/detail/4225940059958310,2018-04-06 22:48:00,#偶像练习生# 虽然韩沐伯和林超泽都没进，但是剩下的还是得继续pick，走花路吧 nine percent 蔡徐坤 第一 陈立农 第二 范丞丞 第三 Justin 第四 林彦俊 第五 朱正廷 第六 王子异 第七 小鬼 第八 ​​​ 尤长靖 第九 ​,0,0,9,9,20
idol_producer_019,林超泽,偶像练习生,总决赛阶段,2018-03-24,2018-04-06,林超泽 偶像练习生,4225942501172097,https://m.weibo.cn/detail/4225942501172097,2018-04-06 22:57:00,追了十二期的偶像练习生结束了，再也不用投票了再也不用为给谁投票而烦恼了，每一个都很喜欢，每一个都很努力，从第八名往前公布的时候看到卜凡，秦奋，林超泽脸上失望的神情就好难过，站在第一的位置上就要承受巨大压力，坤坤不哭。我会永远记得作为迷妹的我每当快周五的时候多么激动爱每一个人 ​,0,3,2,8,21
idol_producer_019,林超泽,偶像练习生,初评级阶段,2018-01-19,2018-01-26,林超泽 偶像练习生,4200572423273571,https://m.weibo.cn/detail/4200572423273571,2018-01-26 22:46:00,他是 #抄袭狗# 林超泽，全民制作人，请多辱骂。 // @Trainee18-林超泽 :我是 #偶像练习生# 林超泽，全民制作人，请多关照。,4,1,1,7,22
idol_producer_019,林超泽,偶像练习生,合作舞台阶段,2018-03-03,2018-03-23,林超泽 偶像练习生,4220865572922733,https://m.weibo.cn/detail/4220865572922733,2018-03-23 22:43:00,林超泽进20了进了进了进了！ #林超泽# #偶像练习生林超泽# 那些预测不准的就别瞎几把的测了好嘛？ @Trainee18-林超泽 ​,0,2,3,7,23
idol_producer_019,林超泽,偶像练习生,排名发布阶段,2018-02-17,2018-03-02,林超泽 偶像练习生,4213256703178915,https://m.weibo.cn/detail/4213256703178915,2018-03-02 22:48:00,#朱正廷# #朱正廷直拍# #朱正廷偶像练习生# 朱正廷 sheep 今天的舞台真的超级帅气，稳定扎实的舞蹈基础让现场发挥超棒，还有性感的腹肌 (直拍看的更清楚哦，建议大家可以去pick一下，买不了吃亏，买不了上当)，大家常夸你舞蹈有天分，但你却从来不说，因为你很清楚你是吃了多少苦才一步步练到今天的，你证明了自己，剩下就要交给我们了，之前也许不好，但我们也在一点点进步，是你教会了我们努力和坚持，我们一起成长，我们一定要送你出道，希望大家多多pick我们小哥哥，因为他真的值得(ps:今天正正很安静，有点孤单，但还是善良的仙子哦，虽然节目有些地方安排的容易让人误会，但相信我们都是有着一双慧眼的小姐姐)p1:一直在犹豫上不上前，想去又可能是考虑林超泽已经在了，害怕影响到他们 p2:再来练说明正正之前一段时间都在帮着小狐狸的，但都被剪掉了，不过小哥哥你真的是认真的，真的敷着面膜来练习了，虽然我们年轻 但还是要注意点形象的，刚说你不可爱 @Zzt-朱正廷 收起 d,0,1,3,5,24
idol_producer_019,林超泽,偶像练习生,合作舞台阶段,2018-03-03,2018-03-23,林超泽 偶像练习生,4220866533653564,https://m.weibo.cn/detail/4220866533653564,2018-03-23 22:47:00,#偶像练习生# 其实周锐淘汰我也挺难过的，一直都挺喜欢有实力长得又美的他，可惜了，但我最喜欢的坤坤，朱正廷，小鬼，范丞丞，秦奋，卜凡，李权哲，林超泽，以上这几位不淘汰就好了，其他的练习生也挺好的，希望就这样一直陪着你们出道或者更远 @蔡徐坤 ​,0,2,1,5,25
idol_producer_019,林超泽,偶像练习生,总决赛阶段,2018-03-24,2018-04-06,林超泽 偶像练习生,4225942392066833,https://m.weibo.cn/detail/4225942392066833,2018-04-06 22:57:00,今天《偶像练习生》的最后一期 最喜欢的陆定昊在进20的时候就被淘汰了 追了很久的节目，结束了 有了很多喜欢的小哥哥陈立农，李权哲，林超泽，岳岳，木子洋，尤长靖，周彦辰，林彦俊，黄明昊等等等等，还有好多好多小哥哥。。。 ​,0,0,5,5,26
idol_producer_019,林超泽,偶像练习生,合作舞台阶段,2018-03-03,2018-03-23,林超泽 偶像练习生,4220859823051286,https://m.weibo.cn/detail/4220859823051286,2018-03-23 22:21:00,哈哈哈哈哈大晚上的看 #偶像练习生# 哈哈哈哈哈哈哈笑在床上打滚～ 有长进跟林超泽怕是要把我笑死哈哈哈哈 ​,0,0,4,4,27
idol_producer_019,林超泽,偶像练习生,合作舞台阶段,2018-03-03,2018-03-23,林超泽 偶像练习生,4220866012882120,https://m.weibo.cn/detail/4220866012882120,2018-03-23 22:45:00,紧张的一周❕~ 在抖音上听说你被淘汰了~ 伤心好长时间.. 后来安慰自己说以你的实力一定不会被淘汰💗💗 那些传言都是假的！ 没想到刚看到更新的一期，令我激动的时刻竟然来临了！ 你进了前20❕ 我好激动好激动 怕要跳到天花板上去😳😳 @Trainee18-林超泽 #偶像练习生# #林超泽#,0,0,4,4,28
idol_producer_019,林超泽,偶像练习生,合作舞台阶段,2018-03-03,2018-03-23,林超泽 偶像练习生,4220868685665438,https://m.weibo.cn/detail/4220868685665438,2018-03-23 22:56:00,#偶像练习生# 之前的微博排名真是骗人 还好jeffrey 秦奋 林超泽都留下来了hhh 听听我说的吧组拿第一真真真der不容易 我的甜心农终于回到第二了 只是可惜了锐姐[胡巴伤心] 为了你的生活会继续pick你滴！ 🙏🏻希望蔡徐坤陈立农王子异尤长靖林彦俊小鬼朱星杰jeffrey卜凡秦奋能前九出道啊！加油！ 收起 d,0,2,0,4,29
idol_producer_019,林超泽,偶像练习生,初评级阶段,2018-01-19,2018-01-26,林超泽 偶像练习生,4200574876866381,https://m.weibo.cn/detail/4200574876866381,2018-01-26 22:55:00,第二期偶像练习生观后感 #偶像练习生# 照样打call蔡徐坤 #偶像练习生蔡徐坤# ，Justin， #偶像练习生justin# 朱正延 #偶像练习生朱正廷# 农农 #偶像练习生陈立农# 这次新进了范丞丞， #偶像练习生范丞丞# 觉得很努力，新进了， 还有香蕉娱乐的林超泽 #林超泽# 编舞够厉害和担任队长 陆定昊 #偶像练习生陆定昊# 尤长靖 #偶像练习生尤长靖# 两个主唱 还有唱歌很厉害的钱正昊 #偶像练习生钱正昊# 还有rapper很厉害的小鬼 #偶像练习生小鬼# 朱星杰 #偶像练习生朱星杰# 还有泰国人很有感染力的黄书豪 #黄书豪# 还有钱明昊我们奶罐朋友，目前还没有get到，看看下期 第二期就多了这么多好感得了！ #偶像练习生# 收起 d,0,1,1,3,30
idol_producer_020,徐圣恩,偶像练习生,合作舞台阶段,2018-03-03,2018-03-23,徐圣恩 偶像练习生,4220860069824691,https://m.weibo.cn/detail/4220860069824691,2018-03-23 22:22:00,【卜凡 宝宝】本来以为今晚 #偶像练习生# 的整蛊环节已经够好笑了，没想到差点被选手们的想说就说大会笑折了腰 木子洋说卜凡的大名其实叫“卜凡凡”，还被娄滋博、徐圣恩严厉控诉，说他平常没事儿就喜欢叫别人“宝宝”，他自己还“狡辩”说为什么朱正廷可以这样叫他就不可以，还叫自己“哈仙”，不知道人间仙子朱正廷对哈仙有什么感谢 L Pick的一定火的秒拍视频 收起 d,526,911,3336,5684,1
idol_producer_020,徐圣恩,偶像练习生,排名发布阶段,2018-02-17,2018-03-02,徐圣恩 偶像练习生,4213257319220844,https://m.weibo.cn/detail/4213257319220844,2018-03-02 22:51:00,我真心觉得小鬼、朱星杰、徐圣恩这组的RAP实力才是最强的，这首《Artist》他们再创作后的歌曲真的好好听~真不明白范丞丞怎么能拿到RAP第一名？搞笑吗？本来觉得范还好啦，现在却有点不讨喜了~硬上位有啥好处，觉得观众是傻子吗？【视频：《偶像练习生》舞台纯享：位置测评《Artist》】（分享 @爱奇艺 ） L 《偶像练习生》舞台纯享：位置测评《Artist》 收起 d,22,201,404,828,2
idol_producer_020,徐圣恩,偶像练习生,合作舞台阶段,2018-03-03,2018-03-23,徐圣恩 偶像练习生,4220857238279939,https://m.weibo.cn/detail/4220857238279939,2018-03-23 22:10:00,【 #偶像练习生# 徐圣恩排名第19 Rapper们纷纷为其欢呼】 @徐圣恩 上升9名排名第19，同为Rapper 的范丞丞 @Adam0616 @小鬼-王琳凯 @秦奋Roi 等纷纷起立为他欢呼，更是被 @韩沐伯 直呼：超级逆袭啊！恭喜徐圣恩！还记得那句魔性的“徐圣恩是我们的”吗？ L 《偶像练习生》第19—15名排名公布 秦奋Jeffrey坦言想做好自己 了解更多独家幕后花絮，请锁定每周五晚八点半 #偶像有新番# 更多精彩 移动端> O 网页链接 pc端> O 网页链接 收起 d,29,211,181,632,3
idol_producer_020,徐圣恩,偶像练习生,合作舞台阶段,2018-03-03,2018-03-23,徐圣恩 偶像练习生,4220858966227309,https://m.weibo.cn/detail/4220858966227309,2018-03-23 22:17:00,【卜凡 宝宝】具有超级反差萌的 @卜凡KATTO 真的是 #偶像练习生# 里面画风最爱恶搞队友的选手了，导致好不容易开个想说就说大会，吐槽卜凡的人最多！不仅木子洋爆料说他的大名其实是叫“卜凡凡”，徐圣恩还说他私下喜欢叫别人“宝宝”！卜凡还问为什么仙子朱正廷可以这样叫他不可以？他还是哈仙呢~只要你开心，你怎么叫自己都成 L Pick的一定火的秒拍视频 收起 d,52,77,381,587,4
idol_producer_020,徐圣恩,偶像练习生,位置测评阶段,2018-02-03,2018-02-16,徐圣恩 偶像练习生,4208148753692158,https://m.weibo.cn/detail/4208148753692158,2018-02-16 20:31:00,【 #偶像练习生# 公布59—51排名 胡致邦惊险晋级】第一次排名公布！排在第59—51名的练习生是： @胡致邦Jack @MLody姜达赫 @王艺龙Enki @X-TIME张奕轩 @李俊毅小毅xiah 徐圣恩 @圣恩XII @CATCHERS_朱匀天Z @X-TIME凌崎 @伽里Curry L 《偶像练习生》公布59—51排名 胡致邦惊险晋级 想知道更多关于《偶像练习生》的“小秘密”？请继续锁定每周五晚八点半上线的 #偶像有新番# ！ 更多精彩 移动端 O 网页链接 pc端 O 网页链接 收起 d,57,50,90,247,5
idol_producer_020,徐圣恩,偶像练习生,位置测评阶段,2018-02-03,2018-02-16,徐圣恩 偶像练习生,4208183649934897,https://m.weibo.cn/detail/4208183649934897,2018-02-16 22:50:00,#偶像练习生# 第一轮前60名： 蔡徐坤/陈立农/范丞丞/Justin/朱正廷/小鬼/卜凡/李权哲/何东东/尤长靖/王子异/Jeffrey/秦奋/林超泽/朱星杰/灵超/钱正昊/董岩磊/韩沐伯/丁泽仁/岳岳/左叶/徐凯皓/木子洋/郑锐彬/毕雯珺/周彦辰/林彦俊/李希侃/陆定昊/周锐/黄书豪/黄新淳/罗正/张达源/李让/贝汯璘/李长庚/陈斯琪/韩雍杰/秦子墨/武连杰/覃俊毅/娄滋博/靖佩瑶/余明君/陈名豪/明鹏/杨非同/朱匀一/伽里/凌崎/朱匀天/徐圣恩/李俊毅/张奕轩/王艺龙/姜达赫/胡致邦/梁辉 乐华女孩绝不认输 收起 d,2,32,106,172,6
idol_producer_020,徐圣恩,偶像练习生,合作舞台阶段,2018-03-03,2018-03-23,徐圣恩 偶像练习生,4220861458276736,https://m.weibo.cn/detail/4220861458276736,2018-03-23 22:27:00,#偶像练习生# 看到弹幕有质疑钱正昊和徐圣恩的，我 ，了解了解实力再质疑好嘛╮（﹀＿﹀）╭ ​,0,12,148,172,7
idol_producer_020,徐圣恩,偶像练习生,合作舞台阶段,2018-03-03,2018-03-23,徐圣恩 偶像练习生,4220857733470018,https://m.weibo.cn/detail/4220857733470018,2018-03-23 22:12:00,【卜凡 宝宝】逗比二哈 @卜凡KATTO 实在太搞笑了 木子洋在今晚的 #偶像练习生# 想说就说大会中木子洋爆料说卜凡的大名叫“卜凡凡”，这名字也太可爱了吧！被徐圣恩吐槽喜欢叫别人“宝贝儿”，还反问为什么朱正廷可以他不可以？自封“哈仙”可还行 L Pick的一定火的秒拍视频 ​,20,30,60,140,8
idol_producer_020,徐圣恩,偶像练习生,位置测评阶段,2018-02-03,2018-02-16,徐圣恩 偶像练习生,4208161772373978,https://m.weibo.cn/detail/4208161772373978,2018-02-16 21:23:00,🚩大年初一第一个好消息 《偶像练习生》首轮淘汰赛100进60 徐圣恩凭借243715票顺利晋级 感谢全民制作人们的投票[Salute] 请大家继续支持圣恩的表现！ 番外篇： 范丞丞✖️徐圣恩CP持续升温中… 期待兄弟俩在节目中人更多互动🤣 L 谭灵绮的秒拍视频 ​,7,13,105,138,9
idol_producer_020,徐圣恩,偶像练习生,位置测评阶段,2018-02-03,2018-02-16,徐圣恩 偶像练习生,4208154935987481,https://m.weibo.cn/detail/4208154935987481,2018-02-16 20:56:00,#偶像练习生# #范丞丞# 宣布 #偶像练习生徐圣恩# 徐圣恩排名的时候，范丞丞一脸认真， 然后开心傻笑，就像自己得了奖一样，看多少遍都觉得单纯的可爱，看着就想跟他一起开心。 L 韩冰头儿的秒拍视频 ​,2,6,30,44,10
idol_producer_020,徐圣恩,偶像练习生,合作舞台阶段,2018-03-03,2018-03-23,徐圣恩 偶像练习生,4220864503046407,https://m.weibo.cn/detail/4220864503046407,2018-03-23 22:39:00,真的偶像练习生一看到晋级就要哭死，舍不得周美锐，丁泽仁，杨非同，陆定昊，周彦辰啊，真的真的不想让你们走，你们真的很努力了，徐圣恩李希侃进了20超开心，没有想到，郑锐彬20我也很开心，我喜欢的留下的越来越少了，哭死，Justin崽崽加油 ​,0,7,23,37,11
idol_producer_020,徐圣恩,偶像练习生,主题曲考核阶段,2018-01-27,2018-02-02,徐圣恩 偶像练习生,4202721668580308,https://m.weibo.cn/detail/4202721668580308,2018-02-01 21:06:00,#偶像练习生# 回顾上周Rapen的精彩舞台，迷妹们在哪里！一周的等待，就是明天哟~ @Lee权哲 @余明君_MJ @圣恩XII @哇噻Rapen @韩沐伯 #ETM_Academy# #李权哲# #余明君# #徐圣恩# #罗仁麒# #韩沐伯# L 《偶像练习生》【个人技】Rapen展示酷炫popping ​,1,5,20,31,12
idol_producer_020,徐圣恩,偶像练习生,排名发布阶段,2018-02-17,2018-03-02,徐圣恩 偶像练习生,4213188779697527,https://m.weibo.cn/detail/4213188779697527,2018-03-02 18:19:00,#徐圣恩# 感谢每一位全民制作人为圣恩的大力打call！恭喜 @IF_Lorana @Virus_26 @YaoRyi_ 获得圣恩全宇宙独一份的亲笔自画像 希望你会超级喜欢 以上三位的地址信息请尽快私信小官吧~ 今晚20:00 #偶像练习生# 依旧不见不散呀 ​,3,6,15,30,13
idol_producer_020,徐圣恩,偶像练习生,合作舞台阶段,2018-03-03,2018-03-23,徐圣恩 偶像练习生,4220859750882764,https://m.weibo.cn/detail/4220859750882764,2018-03-23 22:20:00,#偶像练习生# 喜欢朱正廷 范丞丞 Justin 陈立农 尤长靖 林彦俊 卜凡凡 周彦辰 丁泽仁 毕雯珺 徐圣恩 喜欢的人远远超过九个人 为啥只要九个人出道 苦涩呐 手心手背都是肉 大家一起出道岂不是皆大欢喜 ​,0,5,18,28,14
idol_producer_020,徐圣恩,偶像练习生,排名发布阶段,2018-02-17,2018-03-02,徐圣恩 偶像练习生,4213244623268766,https://m.weibo.cn/detail/4213244623268766,2018-03-02 22:00:00,#徐圣恩# 投票！ #偶像练习生徐圣恩# 还有22小时！麻烦圣代们不要太迷之自信好吗？？今天放的只是2.17号的直拍排名而已 完全不能说明问题！！！！！谁知道到底有多少人扶他？路人缘好并不能就保证他会留下来 因为路人扶徐圣恩也不代表不扶别人！！！真的不到明天截止谁都不能保证一定会留下来 求求你们真的支持喜欢圣恩，就来打投组多投个几票啊 今晚和 O 明天20点前有空的都可以来啊啊啊啊啊 加入方式：私信 @徐圣恩个人应援博 加群 收起 d,7,5,9,26,15
idol_producer_020,徐圣恩,偶像练习生,合作舞台阶段,2018-03-03,2018-03-23,徐圣恩 偶像练习生,4220860124207312,https://m.weibo.cn/detail/4220860124207312,2018-03-23 22:22:00,偶像练习生第三次排名公布: 第一名蔡徐坤 依次是陈立农 范丞丞 justin 王子异 小鬼 朱正廷 尤长靖 卜凡 小鬼真的是一直都维持在第六名真的很666 不过我真的很希望你能进前5啊 加油我的小鬼 王子异排名这次上升了很多 不是因为进步了而是你的实力终于有被大家看到 徐圣恩是我们的徐圣恩是我们的徐圣恩要加油啊 今天是什么节 是朱星杰（张艺兴真的是越来越调皮了） 其实说实话这次排名公布真的很难过所以还会有一开始的游戏来让大家开心一点 林彦俊为什么连鬼都要去撩啊 你的酒窝真的是太甜了好吗 淘汰的那些人韩沐伯 周美锐 岳岳 木子洋周彦辰 丁泽仁你们没有输cool bro 收起 d,0,4,17,25,16
idol_producer_020,徐圣恩,偶像练习生,排名发布阶段,2018-02-17,2018-03-02,徐圣恩 偶像练习生,4213248528210737,https://m.weibo.cn/detail/4213248528210737,2018-03-02 22:16:00, 偶像练习生超话 ，我点评了 #偶像练习生# 路人 pick一下 蔡徐坤（好看全能） 胡致邦（邦邦好可爱嘤嘤~） 徐圣恩（rap厉害了~(˘▾˘)~artist最喜欢的part） 尤长靖（综艺感太好了✪ω✪vocal很厉害） 以上小哥哥会固定投票 剩下10票…看剧情…剧情粉每次戳泪点的小哥哥固定投一周 小哥哥们加油咯 收起 d,0,1,13,15,17
idol_producer_020,徐圣恩,偶像练习生,主题曲考核阶段,2018-01-27,2018-02-02,徐圣恩 偶像练习生,4202721206764693,https://m.weibo.cn/detail/4202721206764693,2018-02-01 21:04:00,#偶像练习生# 回顾上周徐圣恩展示暴风poping！星期五终于快到啦，明天爱奇艺我们不见不散！ @Lee权哲 @余明君_MJ @圣恩XII @哇噻Rapen @韩沐伯 #ETM_Academy# #李权哲# #余明君# #徐圣恩# #罗仁麒# #韩沐伯# L 《偶像练习生》【个人技】徐圣恩展示暴风popping ​,0,0,13,13,18
idol_producer_020,徐圣恩,偶像练习生,排名发布阶段,2018-02-17,2018-03-02,徐圣恩 偶像练习生,4213197974223528,https://m.weibo.cn/detail/4213197974223528,2018-03-02 18:55:00,#偶像练习生徐圣恩# 为我们圣恩操碎了心。 ​,0,2,8,12,19
idol_producer_020,徐圣恩,偶像练习生,排名发布阶段,2018-02-17,2018-03-02,徐圣恩 偶像练习生,4213182950364439,https://m.weibo.cn/detail/4213182950364439,2018-03-02 17:55:00,朋友们，周五了，今晚的《偶像练习生》，请pick一下蔡徐坤、富贵justin、小鬼、周彦辰、卜凡、尤长靖、韩沐伯、徐圣恩、Jeffrey董又霖 。 ​,0,2,6,10,20
idol_producer_020,徐圣恩,偶像练习生,合作舞台阶段,2018-03-03,2018-03-23,徐圣恩 偶像练习生,4220860866460707,https://m.weibo.cn/detail/4220860866460707,2018-03-23 22:25:00,【偶像练习生第三轮排名】 今晚，《偶像练习生》35进20排名公布！ 2~9：陈立农、范丞丞、Justin、王子异、小鬼、朱正廷、尤长靖、卜凡 10~20：钱正昊、林彦俊、毕雯珺、灵超、朱星杰、林超泽、Jeffrey、秦奋、李希侃、徐圣恩、郑锐彬 21~35（淘汰）： 周彦辰、木子洋、李权哲、韩沐伯、周锐、丁泽仁、岳岳、杨非同、娄滋博、罗正、陆定昊、黄新淳、何东东、李让、余明君 #偶像练习生# 越努力，越幸运 收起 d,0,1,0,2,21
idol_producer_020,徐圣恩,偶像练习生,排名发布阶段,2018-02-17,2018-03-02,徐圣恩 偶像练习生,4213238097011135,https://m.weibo.cn/detail/4213238097011135,2018-03-02 21:35:00,#徐圣恩# #偶像练习生# #偶像练习生徐圣恩# 圣恩目前在35名，好危险，大家要继续为圣恩投票，加油，看到圣恩、小鬼、卜凡在一组，好棒，他们是第一首歌，不错不错，期待 ​,0,0,1,1,22
idol_producer_020,徐圣恩,偶像练习生,排名发布阶段,2018-02-17,2018-03-02,徐圣恩 偶像练习生,4213245168845642,https://m.weibo.cn/detail/4213245168845642,2018-03-02 22:03:00,#偶像练习生徐圣恩# 啊！！！捞一捞孩子吧！！！！ ​,0,0,1,1,23
idol_producer_020,徐圣恩,偶像练习生,初评级阶段,2018-01-19,2018-01-26,徐圣恩 偶像练习生,4200179291229350,https://m.weibo.cn/detail/4200179291229350,2018-01-25 20:44:00,#辰星娱乐# #偶像练习生# 辰星娱乐_来刷一波安利~ O 明天晚上20:00爱奇艺偶像练习生第二期就要开播啦[嘿哈] ，让你看到星光舞台下闪耀明星背后的艰辛！扫图片当中二维码为他们投票啦[嘿哈]而且每天都可以投票哦[奸笑]…辰星六子~分别是伽里~Rapen~GIGEL~J-ONE~王宥辰~徐圣恩，别投错了！ @M-NATION_辰星娱乐 @爱奇艺偶像练习生 ​,0,0,0,0,24
idol_producer_020,徐圣恩,偶像练习生,排名发布阶段,2018-02-17,2018-03-02,徐圣恩 偶像练习生,4213184351633298,https://m.weibo.cn/detail/4213184351633298,2018-03-02 18:01:00,开奖开奖快开奖// @NGC-Kepler11 :呀呀呀～～阿偶公开的3副圣恩的画作小官来大放送啦！！👉想说给圣恩听的话，在此条微博下留言，获赞最多的前3名都将获得圣恩的唯一亲笔自画像哦！第一名小官再额外多赠一张！！ O 3月2日18：00统计截止 。 #徐圣恩# #偶像练习生# 查看图片,0,0,0,0,25
idol_producer_020,徐圣恩,偶像练习生,排名发布阶段,2018-02-17,2018-03-02,徐圣恩 偶像练习生,4213190047308904,https://m.weibo.cn/detail/4213190047308904,2018-03-02 18:24:00,// @M-NATION_辰星娱乐 : #偶像练习生# #徐圣恩# 粉丝数破十万的时候就和圣恩一起做个公约放个大招啦 PEACE&LOVE 越努力，越幸运 @徐圣恩PLanB,0,0,0,0,26
idol_producer_020,徐圣恩,偶像练习生,排名发布阶段,2018-02-17,2018-03-02,徐圣恩 偶像练习生,4213215892577299,https://m.weibo.cn/detail/4213215892577299,2018-03-02 20:06:00,#偶像练习生# 近期pick名单（已充会员，爱奇艺你赢了）卜凡，陈立农，丁泽仁，范丞丞，Jeffery，Justin，李俊毅，李权哲，李希侃，林彦俊，小鬼，有长进，岳岳，灵超，木子洋，郑锐彬，朱正廷，徐圣恩 ​,0,0,0,0,27
idol_producer_020,徐圣恩,偶像练习生,排名发布阶段,2018-02-17,2018-03-02,徐圣恩 偶像练习生,4213250180077587,https://m.weibo.cn/detail/4213250180077587,2018-03-02 22:23:00,我在 @明星势力榜 练习生榜上为 #偶像练习生# @徐圣恩PLanB 加油啦！你是我的取向狙击，是我的固定pick，见证你的成长，陪你一起出道！ 明星势力榜第202位 圣恩目前刚好在35名，好危险啊，大家要继续为圣恩投票，看到圣恩、小鬼、卜凡在一对[愉快]，好棒，他们是第一首歌，不错不错😊 ​,0,0,0,0,28
idol_producer_020,徐圣恩,偶像练习生,排名发布阶段,2018-02-17,2018-03-02,徐圣恩 偶像练习生,4213253007043745,https://m.weibo.cn/detail/4213253007043745,2018-03-02 22:34:00,@徐圣恩PLanB 我在 #偶像练习生# 练习生PICK榜上为你打call！把小心心都给你，赢取节目10s彩蛋！ O 练习生PICK榜 ​,0,0,0,0,29
idol_producer_020,徐圣恩,偶像练习生,排名发布阶段,2018-02-17,2018-03-02,徐圣恩 偶像练习生,4213256556444042,https://m.weibo.cn/detail/4213256556444042,2018-03-02 22:48:00,@徐圣恩PLanB 我在 #偶像练习生# 练习生PICK榜上为你打call！把小心心都给你，赢取节目10s彩蛋！ O 练习生PICK榜 ​,0,0,0,0,30
idol_producer_021,丁泽仁,偶像练习生,排名发布阶段,2018-02-17,2018-03-02,丁泽仁 偶像练习生,4213259206374209,https://m.weibo.cn/detail/4213259206374209,2018-03-02 22:58:00,这期偶像练习生我个人觉得各组第一，舞蹈组里面丁泽仁，说唱里面小鬼，声音部分钱正昊，丁泽仁是这两期最惊到我的那个，小鬼RAP确实天赋蛮好的。 ​,3,58,268,387,1
idol_producer_021,丁泽仁,偶像练习生,位置测评阶段,2018-02-03,2018-02-16,丁泽仁 偶像练习生,4208183649934897,https://m.weibo.cn/detail/4208183649934897,2018-02-16 22:50:00,#偶像练习生# 第一轮前60名： 蔡徐坤/陈立农/范丞丞/Justin/朱正廷/小鬼/卜凡/李权哲/何东东/尤长靖/王子异/Jeffrey/秦奋/林超泽/朱星杰/灵超/钱正昊/董岩磊/韩沐伯/丁泽仁/岳岳/左叶/徐凯皓/木子洋/郑锐彬/毕雯珺/周彦辰/林彦俊/李希侃/陆定昊/周锐/黄书豪/黄新淳/罗正/张达源/李让/贝汯璘/李长庚/陈斯琪/韩雍杰/秦子墨/武连杰/覃俊毅/娄滋博/靖佩瑶/余明君/陈名豪/明鹏/杨非同/朱匀一/伽里/凌崎/朱匀天/徐圣恩/李俊毅/张奕轩/王艺龙/姜达赫/胡致邦/梁辉 乐华女孩绝不认输 收起 d,2,32,106,172,2
idol_producer_021,丁泽仁,偶像练习生,排名发布阶段,2018-02-17,2018-03-02,丁泽仁 偶像练习生,4213252768956032,https://m.weibo.cn/detail/4213252768956032,2018-03-02 22:33:00,#丁泽仁# #偶像练习生# #偶像练习生丁泽仁# - 【爱奇艺弹幕】 仁者/可步青云/踏江湖/浮沉百步然扶摇而上 恭喜我们的丁泽仁丁师兄现场投票排名第五! 这个名次终于配得上师兄没日没夜的练习 这个名次才是师兄说的越努力越幸运 这个名次虽实至名归但仍可更进一步 师兄尽其所能努力到无能为力 小师妹们为师兄拼尽全力吧 【爱奇艺师兄镜头时间】 35分23秒 37分35秒 51分01秒 1小时9分9秒 1小时27分31秒 1小时38分07秒 2小时10分27秒 2小时13分36秒 2小时31分58秒 2小时41分58秒 2小时42分38秒 弹幕不能停！投票不能停！抡博不能停！ 相濡以泽/舞凤飞龙/侠者仁心/尔雅温文 @Dzr_丁泽仁 收起 d,15,26,48,115,3
idol_producer_021,丁泽仁,偶像练习生,主题曲考核阶段,2018-01-27,2018-02-02,丁泽仁 偶像练习生,4203105086701453,https://m.weibo.cn/detail/4203105086701453,2018-02-02 22:30:00,【偶像练习生第三期排名出炉 】今晚的 #偶像练习生# 虽然推迟了，但很快推出的加长版也算弥补了粉丝的期待！ #北音学子# 朱星杰、万宇贤、小鬼 、韩雍杰、吕晨瑜、靖佩瑶、王宥辰、赵俞澈、金逸涵、朱匀天、朱匀一、韩沐伯、丁泽仁、北音附中武连杰 加油！ #偶像练习生排名# ​,6,13,54,86,4
idol_producer_021,丁泽仁,偶像练习生,主题曲考核阶段,2018-01-27,2018-02-02,丁泽仁 偶像练习生,4203098844578512,https://m.weibo.cn/detail/4203098844578512,2018-02-02 22:05:00,#偶像练习生# 乐华家上位圈 #范丞丞# 第三 #justin黄明昊# 第四 #朱正廷# 第五，和上周排名对比没升也没降，踏实了？醒醒吧！ 下位圈 #丁泽仁# 21 #毕雯珺# 25 #黄新淳# 29 #李权哲# 30，对比上周排名这是在比谁掉得快呀 各位乐华家的亲别墙头了专心自家吧，给别人投一票就是把自家人往外推了一把，如果第一轮7人有人淘汰，恭喜你成功了。 收起 d,8,18,30,74,5
idol_producer_021,丁泽仁,偶像练习生,总决赛阶段,2018-03-24,2018-04-06,丁泽仁 偶像练习生,4225914151938869,https://m.weibo.cn/detail/4225914151938869,2018-04-06 21:05:00,#丁泽仁# 🐤 #偶像练习生丁泽仁# 🐤 #丁泽仁未来可期# 少年还是那个少年，舞台上最耀眼的你💛 不忘初心，继续前进吧！ @Dzr_丁泽仁,6,1,47,55,6
idol_producer_021,丁泽仁,偶像练习生,合作舞台阶段,2018-03-03,2018-03-23,丁泽仁 偶像练习生,4220865538804891,https://m.weibo.cn/detail/4220865538804891,2018-03-23 22:43:00,前几天微博就爆晋级名单，不敢相信真的被淘汰，不敢看最新一期的 #偶像练习生# 。当事实摆在面前时真的好扎心，我超喜欢他们呈现的舞台和认真的样子，超喜欢 @Dzr_丁泽仁 魔性的表情包和眼镜 @周彦辰 的一口白牙，希望他们不是止步于此，今后还能看到他们在更多的舞台上发光发彩。 ​,1,6,40,53,7
idol_producer_021,丁泽仁,偶像练习生,总决赛阶段,2018-03-24,2018-04-06,丁泽仁 偶像练习生,4225935223409616,https://m.weibo.cn/detail/4225935223409616,2018-04-06 22:28:00,偶像练习生最后出道九人跟我想的差不多 很多我觉得应该站在这出道舞台的人都被淘汰了 丁泽仁 钱正昊等，真的希望如果中国想打开娱乐市场，真的该珍惜这些很有实力的孩子 （无贬低任何爱豆的想法 只是个人想法） ​,0,8,25,41,8
idol_producer_021,丁泽仁,偶像练习生,总决赛阶段,2018-03-24,2018-04-06,丁泽仁 偶像练习生,4225942681242794,https://m.weibo.cn/detail/4225942681242794,2018-04-06 22:58:00,#偶像练习生# 恭喜蔡徐坤 陈立农 范丞丞 justin 朱正廷 王子异 小鬼 尤长靖八个练习生成功出道，还有没出道的我喜欢的罗正 李希侃 董岩磊 靖佩瑶 韩沐伯 朱星杰 丁泽仁 李俊毅 灵超 木子洋 周锐 山不转水转，我们江湖再见，未来可期！ ​,0,5,28,38,9
idol_producer_021,丁泽仁,偶像练习生,排名发布阶段,2018-02-17,2018-03-02,丁泽仁 偶像练习生,4213254601691621,https://m.weibo.cn/detail/4213254601691621,2018-03-02 22:40:00,#范丞丞第一# #偶像练习生# 第二次公演位置现场测评投票排名：范丞丞第一 朱正廷第二 毕雯珺第三 尤长靖第四 丁泽仁第五 小鬼第六 周锐第七 Justin第八 秦奋第九 ​ 你关注的练习生上榜了吗？ L 娱乐头条资讯的秒拍视频 ​,0,1,23,25,10
idol_producer_021,丁泽仁,偶像练习生,排名发布阶段,2018-02-17,2018-03-02,丁泽仁 偶像练习生,4213252504165367,https://m.weibo.cn/detail/4213252504165367,2018-03-02 22:32:00,#丁泽仁# 🐤 #偶像练习生丁泽仁# 🐤 #偶像练习生# 🐤 #向全世界安利丁泽仁# 遇见你的时候，就像我喜欢的大白兔奶糖，甜进心里，弥漫在空气里。今天的丁泽仁是奶糖味的🍬 @Dzr_丁泽仁 🔝♥️“爱奇艺官方”站内投票 O 网页链接 🔝♥️“丁泽仁”个人资料页送礼物 ✨PC O 网页链接 ✨手机 O 网页链接 🔝「直拍」丁泽仁 《半兽人》 🔝「直拍」丁泽仁 《双截棍》 🔝所有教程👉🏻 @丁泽仁中首数据站 🔝投票打榜教程： 微博正文 🔝【新粉必读】安利反黑教程🔗 微博正文 收起 d,0,11,0,22,11
idol_producer_021,丁泽仁,偶像练习生,合作舞台阶段,2018-03-03,2018-03-23,丁泽仁 偶像练习生,4220866231879479,https://m.weibo.cn/detail/4220866231879479,2018-03-23 22:46:00,#偶像练习生# 我pick的舞担周彦辰和丁泽仁淘汰了 OK的，未来会更精彩，期待在别处遇见 ​,0,4,10,18,12
idol_producer_021,丁泽仁,偶像练习生,排名发布阶段,2018-02-17,2018-03-02,丁泽仁 偶像练习生,4213254047612515,https://m.weibo.cn/detail/4213254047612515,2018-03-02 22:38:00,#丁泽仁# #偶像练习生# #偶像练习生丁泽仁# - 【爱奇艺弹幕】 仁者/可步青云/踏江湖/浮沉百步然扶摇而上 恭喜我们的丁泽仁丁师兄现场投票排名第五! 这个名次终于配得上师兄没日没夜的练习 这个名次才是师兄说的越努力越幸运 这个名次虽实至名归但仍可更进一步 师兄尽其所能努力到无能为力 小师妹们为师兄拼尽全力吧 【爱奇艺师兄镜头时间】 35分23秒 37分35秒 51分01秒 1小时9分9秒 1小时27分31秒 1小时38分07秒 2小时10分27秒 2小时13分36秒 2小时31分58秒 2小时41分58秒 2小时42分38秒 弹幕不能停！投票不能停！抡博不能停！ 相濡以泽/舞凤飞龙/侠者仁心/尔雅温文 @Dzr_丁泽仁 收起 d,4,0,13,17,13
idol_producer_021,丁泽仁,偶像练习生,总决赛阶段,2018-03-24,2018-04-06,丁泽仁 偶像练习生,4225935929148615,https://m.weibo.cn/detail/4225935929148615,2018-04-06 22:31:00,【偶像练习生】【乐华七子】神七团魂向-你曾是少年【朱正廷】 【justin】【范丞丞】 【黄新淳】 【毕雯珺】 【李权哲】【丁泽仁】 涂山家的狐狸十七 承诺过会发的，朱正廷以后请一直走花路！！永远爱你 #朱正廷# #哔哩哔哩# O 网页链接 ​,1,0,15,16,14
idol_producer_021,丁泽仁,偶像练习生,总决赛阶段,2018-03-24,2018-04-06,丁泽仁 偶像练习生,4225940315233961,https://m.weibo.cn/detail/4225940315233961,2018-04-06 22:49:00,#偶像练习生# 画个饼，希望淘汰选手也能组个团。舞担丁泽仁林超泽；唱歌毕雯珺灵超；搞笑卜凡；rap有杰哥 ​,0,7,0,14,15
idol_producer_021,丁泽仁,偶像练习生,主题曲考核阶段,2018-01-27,2018-02-02,丁泽仁 偶像练习生,4203087260139509,https://m.weibo.cn/detail/4203087260139509,2018-02-02 21:19:00,这数据 《偶像练习生》第三期选手本周迎来残酷地等级再评定，经过3天主题曲学习的他们，竟有27人掉级反转。PD张艺兴黑脸起身，音乐导师李荣浩的“心头好”不再惊艳。紧张极速地练习过后，A班翘楚能否保住战衣？Justin能否突破vocal瓶颈，陈立农又将如何面对舞蹈老师周洁琼的质疑。通过惊人的表现和刻苦排练成功进发前排的张艺凡又是何许人？等级再评定刷新百人排序。 C位之争，蔡徐坤凭借绝对实力与丰富惊艳拔得头筹。惹众人欣羨。ABCD班级彩排获老师敦促，F班练习生无法登台心酸落泪。 主题曲表演百人舞台震撼上演，张艺兴携百名练习生致敬全民制作人，诚意满满。酷帅小鬼变甜笑少年，范丞丞、丁泽仁舞蹈悟性高获张PD大赞。百位少年的极速成长让导师欣慰赞叹。真人秀环节中选手终于在残酷训练中获得与家人通话的宝贵机会，众人通话纷纷感动落泪。范丞丞给家人打电话遭范冰冰“训斥”？ L 偶像练习生之选手再评级惹张艺兴发火 主题曲舞台拉响C位争夺战 收起 d,0,0,13,13,16
idol_producer_021,丁泽仁,偶像练习生,合作舞台阶段,2018-03-03,2018-03-23,丁泽仁 偶像练习生,4220867988953275,https://m.weibo.cn/detail/4220867988953275,2018-03-23 22:53:00,#偶像练习生# 今天这期唯一能让我哭的地方大概只有乐华了 从毕雯珺发表感言开始 到朱正廷范丞丞丁泽仁每次说起七人时就想哭 阿我的乐华 最近几期乐华一直都在被黑 我真的不敢相信正正的排名居然掉到第七了 连出道都不稳了救救我们仙子正吧 最近这波黑对朱正廷的影响真是太大了 心疼生日那天还要被人身攻击的正正 当我看到正正第七立马拿起手机就给他投票了 社长的排名这次进步真的好大阿 在韩国两年做到出道预备役丁泽仁实力真的是可以进到前二十的前九都行 奈何人气不够 心好累 我只想做我的乐华女孩 还有韩沐伯淘汰也让我哭了 一直希望他能进前二十 之前看爆料知道他已经走了 所以当听到秦奋说我今天不会哭除非大伯走的时候真的叹气 希望大家之后都能有好的归宿吧 收起 d,0,5,3,13,17
idol_producer_021,丁泽仁,偶像练习生,总决赛阶段,2018-03-24,2018-04-06,丁泽仁 偶像练习生,4225937258042527,https://m.weibo.cn/detail/4225937258042527,2018-04-06 22:36:00,偶像练习生就是你觉得每个人都很优秀 今晚最大的黑马林彦俊，小哥哥的颜值真的是没话说，皇权富贵➕正廷依旧是稳的，作为一个乐华女孩满满的骄傲，想念我的大师兄丁泽仁 最后要表达我对胡巴的爱，胡巴胡巴，一直爱你😘 2 大连·大连海事大学 ​,0,0,13,13,18
idol_producer_021,丁泽仁,偶像练习生,总决赛阶段,2018-03-24,2018-04-06,丁泽仁 偶像练习生,4225914428588101,https://m.weibo.cn/detail/4225914428588101,2018-04-06 21:06:00,#偶像练习生# 今天，灵超，尤长靖，Justin 蔡徐坤 林彦俊，必须出道，主唱说唱，就是可惜主舞丁泽仁和周彦辰淘汰了，睁开眼看看全民制作人，别为了搞笑有意思投那些没实力的人 ​,0,0,10,10,19
idol_producer_021,丁泽仁,偶像练习生,总决赛阶段,2018-03-24,2018-04-06,丁泽仁 偶像练习生,4225942903561614,https://m.weibo.cn/detail/4225942903561614,2018-04-06 22:59:00,#偶像练习生# 虽然跟我心里的出道组不是完全相同，但是还是祝福希望继续加油！还有丁泽仁、朱星杰、杨非同、钱正昊、毕雯珺、卜凡和所有优秀努力的练习生们，你们也要加油，不要失落，你们很优秀！期待你们！ ​,0,0,8,8,20
idol_producer_021,丁泽仁,偶像练习生,总决赛阶段,2018-03-24,2018-04-06,丁泽仁 偶像练习生,4225940345137570,https://m.weibo.cn/detail/4225940345137570,2018-04-06 22:49:00,第九尤长靖 第八小鬼 第七王子异 第六朱正廷 第五林彦俊 第四黄明昊 第三范丞丞 第二陈立农 第一蔡徐坤 偶像练习生终于结束了 毕雯珺很可惜了 可很可惜实力这么强的丁泽仁20都没进 ​,0,1,5,7,21
idol_producer_021,丁泽仁,偶像练习生,排名发布阶段,2018-02-17,2018-03-02,丁泽仁 偶像练习生,4213256249767819,https://m.weibo.cn/detail/4213256249767819,2018-03-02 22:47:00,乐华娱乐太牛了，三大组第一都是乐华的。范丞丞 朱正廷 毕雯珺！！！小组第一还有 黄新淳 丁泽仁 黄明昊！！！！太牛逼啦！！！ #偶像练习生# 🙋🙋🙋 ​,0,2,2,6,22
idol_producer_021,丁泽仁,偶像练习生,合作舞台阶段,2018-03-03,2018-03-23,丁泽仁 偶像练习生,4220869025017349,https://m.weibo.cn/detail/4220869025017349,2018-03-23 22:57:00,"目前私心希望出道的人有蔡徐坤，朱正廷，范丞丞，Justin，Jeffrey,林彦俊，王子异。陈立农肯定也会有的，剩下一个suprise me 吧!希望是惊喜，不要是惊吓!希望各方面能跟这个团搭一点吧！好像这个团rapper比较多啊，希望大家以后能够balence一下吧!还有，真心喜欢Jeffrey,不是因为他家世多么显赫，而是因为他在那么好的外在条件下还可以这么有礼貌，这么谦虚!可爱哈哈哈!子异也很非常优秀!林彦俊哈哈哈新头发还不错!送走的练习生很多都很不错，罗正，希望去演戏吧！不要浪费那么好的颜!周锐，也可以发展发展演戏道路哈哈!木子洋继续时尚道路吧！丁泽仁继续加油，实力很强的练习生,今天换了发型真的get到颜了!李权哲，很可爱的练习生，也是有实力的练习生，加油!娄滋博确定是要回河南种地吗？哈哈哈，其实还蛮有可塑性的。韩沐伯真的是可惜了，有才唱歌也很好!回去和左叶继续加油!周彦辰，真的，实力也很强!感谢 #偶像练习生# 让我认识了你们!加油!我也要加油! 收起 d",0,3,0,6,23
idol_producer_021,丁泽仁,偶像练习生,合作舞台阶段,2018-03-03,2018-03-23,丁泽仁 偶像练习生,4220869012673863,https://m.weibo.cn/detail/4220869012673863,2018-03-23 22:57:00,#偶像练习生# 丁泽仁，周锐，周彦辰，李权哲，韩沐伯，这期节目看的真心碎 朱正廷名次掉的 ​​,0,0,5,5,24
idol_producer_021,丁泽仁,偶像练习生,排名发布阶段,2018-02-17,2018-03-02,丁泽仁 偶像练习生,4213256132309869,https://m.weibo.cn/detail/4213256132309869,2018-03-02 22:46:00,#偶像练习生# #范丞丞 第一# 现场选手排名 1.范丞丞 2.朱正廷 3.毕雯珺 3.尤长靖 5.丁泽仁 6.小鬼 7.周锐 8.Justin 9.秦奋 ，人气练习生蔡徐坤位列第15，陈立农第34，和你想的一样吗？ ​,0,2,0,4,25
idol_producer_021,丁泽仁,偶像练习生,合作舞台阶段,2018-03-03,2018-03-23,丁泽仁 偶像练习生,4220865094443654,https://m.weibo.cn/detail/4220865094443654,2018-03-23 22:42:00,#偶像练习生# #朱正廷# @Zzt-朱正廷 @Dzr_丁泽仁 @Lee权哲 @MONKEY_OFFICIAL 虽然之前有看到路透，但正式知道结果的我眼泪掉下来，整个人都无力极了……其实走到现在那些努力的孩子们都越来越好，还是不舍啊。 ​,0,0,4,4,26
idol_producer_021,丁泽仁,偶像练习生,总决赛阶段,2018-03-24,2018-04-06,丁泽仁 偶像练习生,4225935630502139,https://m.weibo.cn/detail/4225935630502139,2018-04-06 22:30:00,#偶像练习生# #乐华line# 恭喜朱正廷 范丞丞 justin 这是你们应得的 说实话 这个结果早猜到了有些事情不只是票数那么简单 大家心知肚明 但相信他们自身的实力和我们的支持 未来会越来越好的 乐华在宣传这一块做的太差 多发点日常等会更吸粉 孩子们自己也该多发微博多跟粉丝互动 想要在中国的偶像市场完全立足太不容易 在节目播出期间有些人气 但是随着节目的结束就慢慢被人遗忘的例子比比皆是 毕雯珺 李权哲 丁泽仁 黄新淳加油 我会等属于你们七个人的故事 陪你们星光璀璨 收起 d,0,0,4,4,27
idol_producer_021,丁泽仁,偶像练习生,排名发布阶段,2018-02-17,2018-03-02,丁泽仁 偶像练习生,4213255129807973,https://m.weibo.cn/detail/4213255129807973,2018-03-02 22:42:00,最后一张图，你确定你们仨不是你队长的脑残粉？？？ @Dzr_丁泽仁 @Lee权哲 @MONKEY_OFFICIAL #偶像练习生朱正廷# #偶像练习生# #朱正廷# #乐华line# 加油！！！ ​,0,1,0,2,28
idol_producer_021,丁泽仁,偶像练习生,排名发布阶段,2018-02-17,2018-03-02,丁泽仁 偶像练习生,4213257939918269,https://m.weibo.cn/detail/4213257939918269,2018-03-02 22:53:00,#偶像练习生# #丁泽仁# #胡致邦#,0,1,0,2,29
idol_producer_021,丁泽仁,偶像练习生,合作舞台阶段,2018-03-03,2018-03-23,丁泽仁 偶像练习生,4220869439996209,https://m.weibo.cn/detail/4220869439996209,2018-03-23 22:59:00,可爱的小仓鼠李权哲，黄新淳，还有跳舞超级棒的丁泽仁小哥哥被淘汰了，希望你们以后继续加油 #偶像练习生# ​,0,0,2,2,30
idol_producer_022,万宇贤,偶像练习生,位置测评阶段,2018-02-03,2018-02-16,万宇贤 偶像练习生,4208154289709248,https://m.weibo.cn/detail/4208154289709248,2018-02-16 20:53:00,偶像练习生 99进60的淘汰名单 乐华、坤音、觉醒东方、超能唱片全员安全 香蕉娱乐（9个淘汰4个） 高茂桐 姜京佐 李若天 邱治楷 辰星娱乐（6个淘汰4个） Rapen 王宥辰 J-one Gigel 麦锐娱乐（6个淘汰3个） 邓烺怡 孙凡杰 吕晨瑜 简单快乐（5个淘汰4个） 金逸涵 林浩楷 李志杰 孙浩然 盛夏星空（5个淘汰1个） 王梓豪 新锐杂志（5个淘汰3个） 赵俞澈 应智越 万宇贤 AIF娱乐（全军覆没） 于浩 赵凌峰 杨羿 张艺凡 焕星娱乐（全军覆没） 何嘉庚 李鑫岩 罗杰 张宇晨 铂熠娱乐（4个淘汰2个） 叶泓希 张昕 乐风艺社（全军覆没） 陈义夫 闵喆祥 果然娱乐（4个淘汰1个） 张晏恺 次元文化（2个淘汰1个） 徐鹤尼 新湃传媒（单人） 于斌 天津中视（单人） 朱一文 个人练习生（7个淘汰4个） 甘俊 侯浩然 黄若涵 周腾阳 个人觉得比较可惜的一些：扫地组合（罗杰、姜京佐）、张艺凡（第三期进A组）、闵喆祥（学舞能力突出） 收起 d,220,1591,1046,4448,1
idol_producer_022,万宇贤,偶像练习生,总决赛阶段,2018-03-24,2018-04-06,万宇贤 偶像练习生,4225871344842263,https://m.weibo.cn/detail/4225871344842263,2018-04-06 18:15:00,我是 #偶像练习生# 万宇贤，全民制作人，谢谢关照。,110,221,273,825,2
idol_producer_022,万宇贤,偶像练习生,合作舞台阶段,2018-03-03,2018-03-23,万宇贤 偶像练习生,4219328842670290,https://m.weibo.cn/detail/4219328842670290,2018-03-19 16:57:00,大家最近是不是都被 #偶像练习生# 里100位帅气的小哥哥刷屏了，是不是综艺看不够还想在直播中看到各位小哥哥？ 3月20日16:00偶像练习生 #catchers男团# 成员做客全民直播 #全民星访问# 栏目啦， @CATCHERS_朱匀一 @CATCHERS_朱匀天Z @CATCHERS_赵俞澈 @CATCHERS_应智越 @CATCHERS_万宇贤 ，在直播间等你哦！ @CATCHERS男团工作室 @CATCHERS_赵俞澈全球后援会 @CATCHERS_朱匀天匀一全球后援会 @CATCHERS_应智越全球后援会 @CATCHERS_万宇贤全球后援会 直播传送门： O 网页链接 收起 d,28,61,95,245,3
idol_producer_022,万宇贤,偶像练习生,主题曲考核阶段,2018-01-27,2018-02-02,万宇贤 偶像练习生,4203105086701453,https://m.weibo.cn/detail/4203105086701453,2018-02-02 22:30:00,【偶像练习生第三期排名出炉 】今晚的 #偶像练习生# 虽然推迟了，但很快推出的加长版也算弥补了粉丝的期待！ #北音学子# 朱星杰、万宇贤、小鬼 、韩雍杰、吕晨瑜、靖佩瑶、王宥辰、赵俞澈、金逸涵、朱匀天、朱匀一、韩沐伯、丁泽仁、北音附中武连杰 加油！ #偶像练习生排名# ​,6,13,54,86,4
idol_producer_022,万宇贤,偶像练习生,总决赛阶段,2018-03-24,2018-04-06,万宇贤 偶像练习生,4225883834748463,https://m.weibo.cn/detail/4225883834748463,2018-04-06 19:04:00,历时四个多月，今晚即将画上第一个句号。 #偶像练习生# #catchers男团# #catchers朱匀一# #catchers朱匀天# #catchers万宇贤# #catchers赵俞澈# #catchers应智越# 2 北京·国家新媒体产业基地星光影视园 ​,0,1,8,10,5
idol_producer_022,万宇贤,偶像练习生,初评级阶段,2018-01-19,2018-01-26,万宇贤 偶像练习生,4200463765271414,https://m.weibo.cn/detail/4200463765271414,2018-01-26 15:34:00,#偶像练习生# 我向 @CATCHERS_万宇贤 送出了加油卡！我pick的小哥哥全世界最棒！大家快来一起给你喜欢的选手打call吧！ O 练习生PICK榜 ​,0,0,0,0,6
idol_producer_022,万宇贤,偶像练习生,排名发布阶段,2018-02-17,2018-03-02,万宇贤 偶像练习生,4213074732541565,https://m.weibo.cn/detail/4213074732541565,2018-03-02 10:45:00,#偶像练习生# 我向 @CATCHERS_万宇贤 送出了加油卡！我pick的小哥哥全世界最棒！大家快来一起给你喜欢的选手打call吧！ O 练习生PICK榜 ​,0,0,0,0,7
idol_producer_022,万宇贤,偶像练习生,排名发布阶段,2018-02-17,2018-03-02,万宇贤 偶像练习生,4213074825206335,https://m.weibo.cn/detail/4213074825206335,2018-03-02 10:46:00,@CATCHERS_万宇贤 为你打爆电话！我们一起用爱发电，向 #偶像练习生# 练习生PICK榜第一名进击，赢取节目10s彩蛋！ // @CATCHERS_万宇贤 :我是 #偶像练习生# 万宇贤，全民制作人，请多关照。,0,0,0,0,8
idol_producer_022,万宇贤,偶像练习生,总决赛阶段,2018-03-24,2018-04-06,万宇贤 偶像练习生,4225891225538740,https://m.weibo.cn/detail/4225891225538740,2018-04-06 19:34:00,小万同学请多关照啦// @CATCHERS_万宇贤 :我是 #偶像练习生# 万宇贤，全民制作人，谢谢关照。,0,0,0,0,9
idol_producer_023,于斌,偶像练习生,位置测评阶段,2018-02-03,2018-02-16,于斌 偶像练习生,4208154289709248,https://m.weibo.cn/detail/4208154289709248,2018-02-16 20:53:00,偶像练习生 99进60的淘汰名单 乐华、坤音、觉醒东方、超能唱片全员安全 香蕉娱乐（9个淘汰4个） 高茂桐 姜京佐 李若天 邱治楷 辰星娱乐（6个淘汰4个） Rapen 王宥辰 J-one Gigel 麦锐娱乐（6个淘汰3个） 邓烺怡 孙凡杰 吕晨瑜 简单快乐（5个淘汰4个） 金逸涵 林浩楷 李志杰 孙浩然 盛夏星空（5个淘汰1个） 王梓豪 新锐杂志（5个淘汰3个） 赵俞澈 应智越 万宇贤 AIF娱乐（全军覆没） 于浩 赵凌峰 杨羿 张艺凡 焕星娱乐（全军覆没） 何嘉庚 李鑫岩 罗杰 张宇晨 铂熠娱乐（4个淘汰2个） 叶泓希 张昕 乐风艺社（全军覆没） 陈义夫 闵喆祥 果然娱乐（4个淘汰1个） 张晏恺 次元文化（2个淘汰1个） 徐鹤尼 新湃传媒（单人） 于斌 天津中视（单人） 朱一文 个人练习生（7个淘汰4个） 甘俊 侯浩然 黄若涵 周腾阳 个人觉得比较可惜的一些：扫地组合（罗杰、姜京佐）、张艺凡（第三期进A组）、闵喆祥（学舞能力突出） 收起 d,220,1591,1046,4448,1
idol_producer_023,于斌,偶像练习生,排名发布阶段,2018-02-17,2018-03-02,于斌 偶像练习生,4212006527646610,https://m.weibo.cn/detail/4212006527646610,2018-02-27 12:01:00,燃爆！！ #爱奇艺偶像练习生# #杨非同# 代号魂斗罗 AB组纯享分屏版 左右声道 懒人最爱的一次看俩个视频 李长庚于斌林彦俊许凯皓叶泓希杨羿邱治谐朱一文林浩楷韩雍杰张宇晨何嘉庚徐鹤尼杨非同-P1 #哔哩哔哩# L 【9/100】代号魂斗罗 AB组纯享分屏版 左右声道 懒人最爱的一次看俩个视频 李长庚于斌林彦俊许凯皓叶泓希杨羿邱治谐朱一文林浩楷韩雍杰张宇晨何嘉庚徐鹤尼杨非同 ​,0,3,11,17,2
idol_producer_023,于斌,偶像练习生,合作舞台阶段,2018-03-03,2018-03-23,于斌 偶像练习生,4217485345863442,https://m.weibo.cn/detail/4217485345863442,2018-03-14 14:52:00,今天备课的时候从第一期开始重刷 #偶像练习生# 这个于斌吧，挺大岁数了，要么就真的把自己价子放低，好好练习，觉得自己出道早还怎么的，这么招人烦！自己为啥不红，心里真没数吧！膨胀什么阿！别人说话呢，你不懂礼貌么？呜呜渣渣的！反观蛮喜欢秦奋的，虽然年龄不占优势了，但人家没有摆谱，觉得自己怎样怎样！进f组还代大家训练，就蛮有那股劲儿的！挺不容易的！ L 是一一一琳阿的秒拍视频 收起 d,0,2,5,9,3
idol_producer_023,于斌,偶像练习生,排名发布阶段,2018-02-17,2018-03-02,于斌 偶像练习生,4212727255503265,https://m.weibo.cn/detail/4212727255503265,2018-03-01 11:45:00,那也不是 #朱一文# 啊 那是 #偶像练习生于斌# // @同心杰_orient :朱一文同学的// @沁小妞的YJQ :这一张 查看图片,0,2,0,4,4
idol_producer_023,于斌,偶像练习生,合作舞台阶段,2018-03-03,2018-03-23,于斌 偶像练习生,4218891607993856,https://m.weibo.cn/detail/4218891607993856,2018-03-18 12:00:00,#于斌归还世界给你# #偶像练习生# 如图，就是我 @Bin于斌 ​,0,1,1,3,5
idol_producer_023,于斌,偶像练习生,总决赛阶段,2018-03-24,2018-04-06,于斌 偶像练习生,4221221879536124,https://m.weibo.cn/detail/4221221879536124,2018-03-24 22:19:00,#偶像练习生# #杨非同# 【温馨建议，戴耳机观看，超赞超燃超棒】代号魂斗罗 AB组纯享分屏版 左右声道 懒人最爱的一次看俩个视频 李长庚于斌林彦俊许凯皓叶泓希杨羿邱治谐朱一文林浩楷韩雍杰张宇晨何嘉庚徐鹤尼 @杨非同Nemo #哔哩哔哩动画# O 网页链接 ​,0,0,2,2,6
idol_producer_023,于斌,偶像练习生,合作舞台阶段,2018-03-03,2018-03-23,于斌 偶像练习生,4216358575380496,https://m.weibo.cn/detail/4216358575380496,2018-03-11 12:14:00,#偶像练习生# 我向 @Bin于斌 送出了加油卡！我pick的小哥哥全世界最棒！大家快来一起给你喜欢的选手打call吧！ O 练习生PICK榜 ​,0,0,1,1,7
idol_producer_023,于斌,偶像练习生,排名发布阶段,2018-02-17,2018-03-02,于斌 偶像练习生,4212699271739410,https://m.weibo.cn/detail/4212699271739410,2018-03-01 09:53:00,@Bin于斌 我在 #偶像练习生# 练习生PICK榜上为你打call！把小心心都给你，赢取节目10s彩蛋！ O 练习生PICK榜 ​,0,0,0,0,8
idol_producer_023,于斌,偶像练习生,排名发布阶段,2018-02-17,2018-03-02,于斌 偶像练习生,4212699237823383,https://m.weibo.cn/detail/4212699237823383,2018-03-01 09:53:00,#偶像练习生# 我向 @Bin于斌 送出了加油卡！我pick的小哥哥全世界最棒！大家快来一起给你喜欢的选手打call吧！ O 练习生PICK榜 ​,0,0,0,0,9
idol_producer_023,于斌,偶像练习生,合作舞台阶段,2018-03-03,2018-03-23,于斌 偶像练习生,4215121943385534,https://m.weibo.cn/detail/4215121943385534,2018-03-08 02:20:00,于斌直播提到農農很心疼 @超级農農 #偶像练习生# #陈立农#,0,0,0,0,10
idol_producer_024,于浩,偶像练习生,位置测评阶段,2018-02-03,2018-02-16,于浩 偶像练习生,4208154289709248,https://m.weibo.cn/detail/4208154289709248,2018-02-16 20:53:00,偶像练习生 99进60的淘汰名单 乐华、坤音、觉醒东方、超能唱片全员安全 香蕉娱乐（9个淘汰4个） 高茂桐 姜京佐 李若天 邱治楷 辰星娱乐（6个淘汰4个） Rapen 王宥辰 J-one Gigel 麦锐娱乐（6个淘汰3个） 邓烺怡 孙凡杰 吕晨瑜 简单快乐（5个淘汰4个） 金逸涵 林浩楷 李志杰 孙浩然 盛夏星空（5个淘汰1个） 王梓豪 新锐杂志（5个淘汰3个） 赵俞澈 应智越 万宇贤 AIF娱乐（全军覆没） 于浩 赵凌峰 杨羿 张艺凡 焕星娱乐（全军覆没） 何嘉庚 李鑫岩 罗杰 张宇晨 铂熠娱乐（4个淘汰2个） 叶泓希 张昕 乐风艺社（全军覆没） 陈义夫 闵喆祥 果然娱乐（4个淘汰1个） 张晏恺 次元文化（2个淘汰1个） 徐鹤尼 新湃传媒（单人） 于斌 天津中视（单人） 朱一文 个人练习生（7个淘汰4个） 甘俊 侯浩然 黄若涵 周腾阳 个人觉得比较可惜的一些：扫地组合（罗杰、姜京佐）、张艺凡（第三期进A组）、闵喆祥（学舞能力突出） 收起 d,220,1591,1046,4448,1
idol_producer_024,于浩,偶像练习生,合作舞台阶段,2018-03-03,2018-03-23,于浩 偶像练习生,4216801149348320,https://m.weibo.cn/detail/4216801149348320,2018-03-12 17:33:00,#陈立农# #偶像练习生陈立农# 【别人眼里的陈立农●于浩篇】 “他有的时候说，哥，我真的不是像网上说的那样” @超级農農 “农农的粉丝你们没有pick错人，他就是挺努力的。作为偶像我觉得也是蛮合格的一个人”——于浩 于浩小哥哥是农农在偶像练习生节目中的好朋友，虽然现在不在节目里了，但他友情真的令人感动，庆幸农农能遇到这么一个真心对他好的哥哥，也祝于浩小哥哥前程似锦！ 视频：发发 封面：宁歌 文案：宁歌 推送：暖饮 L Destiny_超级农农视频站的秒拍视频 收起 d,361,388,2844,3981,2
idol_producer_024,于浩,偶像练习生,主题曲考核阶段,2018-01-27,2018-02-02,于浩 偶像练习生,4200946977890245,https://m.weibo.cn/detail/4200946977890245,2018-01-27 23:34:00,#偶像练习生# 从发色到服装都是一整套搭配的AIF娱乐练习生于浩 @于浩Hook 张艺凡 @张艺凡YiF1111 赵凌峰 @赵凌峰Traple 杨羿 @杨羿Terry 舞台整体节奏感太强，连MIC都被震到起飞！ L 《偶像练习生》舞台纯享：A.I.F娱乐《All Eyes On Me》 ​,138,1087,1443,3755,3
idol_producer_024,于浩,偶像练习生,合作舞台阶段,2018-03-03,2018-03-23,于浩 偶像练习生,4216798167257590,https://m.weibo.cn/detail/4216798167257590,2018-03-12 17:21:00,#偶像练习生# #陈立农# 很开心农农能够遇见你 感谢于浩小哥哥 ​,18,22,527,589,4
idol_producer_024,于浩,偶像练习生,位置测评阶段,2018-02-03,2018-02-16,于浩 偶像练习生,4205595345427143,https://m.weibo.cn/detail/4205595345427143,2018-02-09 19:25:00,#偶像练习生# 180209 【应援认证】偶像练习生于浩 小年夜2P cr：logo ​​​,0,15,39,69,5
idol_producer_024,于浩,偶像练习生,初评级阶段,2018-01-19,2018-01-26,于浩 偶像练习生,4199318279937373,https://m.weibo.cn/detail/4199318279937373,2018-01-23 11:42:00,好像是我追星的时候了 买专辑 买小17的时候 也沉迷于浩哥和Eason的cp #李荣浩# #李荣浩偶像练习生# ​,0,17,32,66,6
idol_producer_024,于浩,偶像练习生,总决赛阶段,2018-03-24,2018-04-06,于浩 偶像练习生,4224878070481079,https://m.weibo.cn/detail/4224878070481079,2018-04-04 00:28:00,#陈立农# #偶像练习生# 感谢于浩小哥哥 农农真的是超级棒 很有礼貌 @超级農農 @超级農農 @超级農農 ​,0,8,43,59,7
idol_producer_024,于浩,偶像练习生,合作舞台阶段,2018-03-03,2018-03-23,于浩 偶像练习生,4216574925260385,https://m.weibo.cn/detail/4216574925260385,2018-03-12 02:34:00,#陈立农超话瘫痪# #偶像练习生# 敢站出来说话的小哥哥不多了，于浩小哥哥超级善良了，有人帮忙撑腰 。 ​,2,5,40,52,8
idol_producer_024,于浩,偶像练习生,主题曲考核阶段,2018-01-27,2018-02-02,于浩 偶像练习生,4201531392222871,https://m.weibo.cn/detail/4201531392222871,2018-01-29 14:16:00,"#偶像练习生# 官推更新 《偶像练习生》许凯皓、于浩、徐圣恩、覃俊毅四位老师来教大家音调啦，快快学起来吧。千万不要忘记明天的惊喜 Xu Kaihao,Hook,Xu Shengen and Qin Junyi，the four teachers come to teach the tone,learn it.Don't forget the surprise of tomorrow #iqiyi # idolproducer #偶像练习生 # 许凯皓 于浩 徐圣恩 覃俊毅 收起 d",2,10,24,46,9
idol_producer_024,于浩,偶像练习生,合作舞台阶段,2018-03-03,2018-03-23,于浩 偶像练习生,4216585138230861,https://m.weibo.cn/detail/4216585138230861,2018-03-12 03:15:00,感谢于浩小哥哥 @于浩Hook 为我农农说话 #陈立农超话瘫痪# @超级農農 #陈立农# #偶像练习生陈立农# ​,0,2,26,30,10
idol_producer_024,于浩,偶像练习生,合作舞台阶段,2018-03-03,2018-03-23,于浩 偶像练习生,4215432753305107,https://m.weibo.cn/detail/4215432753305107,2018-03-08 22:55:00,#偶像练习生# #陈立农# 每每登上微博，看到有这么多真爱粉，真的很欣慰，经过一些事，我的心怕是又要受伤了， 见过表面上说喜欢農農的，却不知道能多投一票是以一票，我还能说些什么，关于这个投票的途径我能给朋友说上很多，可有些人连简单的爱奇艺投票都不是很熟悉，我又能说什么呢，我怕的就是空喊口号的人，你如果想让農農出道，正常人肯定是想尽办法获得投票权利，难道佛系追星算得上真爱粉吗？ 我喜欢農農，从一而终， 有人说我没必要，这么拼命，较真，因为于浩直播间里的话，我能哭上一节课 農農受的委屈太多了，一直也很努力，压力很大 作为小粉丝，能多投就多投，自己要了20多个号，把4个专业的人也都能调动的就调动了，我问心无愧，没有什么能阻碍我爱農農，支持農農！ @超级農農 @超级農農 收起 d,0,2,16,20,11
idol_producer_024,于浩,偶像练习生,总决赛阶段,2018-03-24,2018-04-06,于浩 偶像练习生,4225563881681507,https://m.weibo.cn/detail/4225563881681507,2018-04-05 21:53:00,偶像练习生这个节目对我来说最难忘的是小農、哥哥以及小哲，各位练习生，大家一起哭一起笑，温暖了整个冬季，微博认识一群特别聊得来的朋友 我不记得我看过小农的女孩多少n遍，也不记得对着浩哥给農澄清的直播哭了多少次…难受时我可以对着微博看農整个晚上，然后第二天再活力满满 不论是谁的粉丝，大家都是一起陪自己最想守护的那个人追过梦的人，虽然可能没有机会见到他们，但是这段偶练经历不会忘，立个flag: 为了我的考试，4. O 6号22:00过后卸微博 ，小红书，你我贷，爱奇艺，超级星饭团，星小班……考完试再见 永远爱你们 @于浩Hook @超级農農 @小哲Zerky 收起 d,0,7,4,18,12
idol_producer_024,于浩,偶像练习生,合作舞台阶段,2018-03-03,2018-03-23,于浩 偶像练习生,4216705313762158,https://m.weibo.cn/detail/4216705313762158,2018-03-12 11:12:00,#陈立农# #陈立农偶像练习生# @超级農農 谢谢于浩小哥哥为农农加油打气！祝你前程似锦！ ​,0,0,13,13,13
idol_producer_024,于浩,偶像练习生,合作舞台阶段,2018-03-03,2018-03-23,于浩 偶像练习生,4218336650941628,https://m.weibo.cn/detail/4218336650941628,2018-03-16 23:14:00,看完这期偶练真的是很多感触，首先我最爱的陈立农 农农，真的不是个那种没心没肺的大男孩，他真的会在意很多 会关注很多小细节，好在农农性格很好，并且有林彦俊哥哥的开导和郑锐彬哥哥的保护，包括王子异的关心和于浩哥哥的爱护，我觉得农农只会越变越好，一定会笑得更灿烂，越来越优秀，狠狠地打黑粉的脸！第二我觉得尤长靖真的是个非常善良的存在，只要有他在的队伍都非常温柔和谐，能跟小尤分到一组能交到有长进这样的朋友真的是非常幸福了。第三点就是真的有被蔡徐坤和王子异暖到了，从各方面考虑都很周全，而且一直都是先考虑别人后考虑自己的，两个善良的小哥哥关系也非常好，果然物以类聚人以群分。另外卜凡真的是个标准的大男孩的感觉，又急又直又有责任心。最后我想说不管谁得了第一谁能出道，我真心希望善良的人能够越来越好，这个世界需要你们这些善良可爱的人们！ #偶像练习生陈立农# #偶像练习生# @超级農農 收起 d,0,3,2,8,14
idol_producer_024,于浩,偶像练习生,合作舞台阶段,2018-03-03,2018-03-23,于浩 偶像练习生,4216664071549890,https://m.weibo.cn/detail/4216664071549890,2018-03-12 08:28:00,#陈立农偶像练习生# 😁 #陈立农超话瘫痪# 于浩小哥哥真的太暖太暖了 认真的很好 但我zqsg地哭了 @超级農農 ​,0,0,6,6,15
idol_producer_024,于浩,偶像练习生,合作舞台阶段,2018-03-03,2018-03-23,于浩 偶像练习生,4217136806863248,https://m.weibo.cn/detail/4217136806863248,2018-03-13 15:47:00,谢谢于浩哥哥❤️ #偶像练习生#,0,0,6,6,16
idol_producer_024,于浩,偶像练习生,合作舞台阶段,2018-03-03,2018-03-23,于浩 偶像练习生,4217467439949355,https://m.weibo.cn/detail/4217467439949355,2018-03-14 13:40:00,偶像练习生陈立农澄清 UP主: 追星de女孩 #bilibili# O 网页链接 求你们看看，我家崽真的很好的~求不要再黑我家農農~ 另外真的很感谢于浩小哥哥啊~谢谢小哥哥在農農压力大的时候陪着他~真的感谢。 #偶像练习生# #陈立农# ​,0,1,3,5,17
idol_producer_024,于浩,偶像练习生,初评级阶段,2018-01-19,2018-01-26,于浩 偶像练习生,4199796170943085,https://m.weibo.cn/detail/4199796170943085,2018-01-24 19:21:00,#偶像练习生# #偶像练习生于浩# @于浩Hook 同学 腊八快乐 ​,1,1,1,4,18
idol_producer_024,于浩,偶像练习生,总决赛阶段,2018-03-24,2018-04-06,于浩 偶像练习生,4221454352261327,https://m.weibo.cn/detail/4221454352261327,2018-03-25 13:43:00,#偶像练习生# #于浩# 百分九中文小课堂《偶像练习生》于浩教你学中文 L papaya928的秒拍视频 （上 #秒拍# 看我的最新短视频，下载秒拍-> O 网页链接 ） ​,1,1,1,4,19
idol_producer_024,于浩,偶像练习生,合作舞台阶段,2018-03-03,2018-03-23,于浩 偶像练习生,4215654758875001,https://m.weibo.cn/detail/4215654758875001,2018-03-09 13:38:00,谢谢于浩小哥哥，农农很好很好，农农加油 #偶像练习生陈立农# 超级农农继续奔跑 @超级農農,0,0,3,3,20
idol_producer_024,于浩,偶像练习生,合作舞台阶段,2018-03-03,2018-03-23,于浩 偶像练习生,4217941203358631,https://m.weibo.cn/detail/4217941203358631,2018-03-15 21:03:00,#偶像练习生# #陈立农# 农糖加油～～～ 别人口中的陈立农●于浩篇 #哔哩哔哩# O 网页链接 ​,0,1,1,3,21
idol_producer_024,于浩,偶像练习生,主题曲考核阶段,2018-01-27,2018-02-02,于浩 偶像练习生,4201822253793976,https://m.weibo.cn/detail/4201822253793976,2018-01-30 09:32:00,#偶像练习生# #偶像练习生于浩# 小伙伴们一起来和 @于浩Hook 小哥哥学习【中文小课堂】吧 L 于浩粉丝个人站的秒拍视频 ​,0,0,2,2,22
idol_producer_024,于浩,偶像练习生,位置测评阶段,2018-02-03,2018-02-16,于浩 偶像练习生,4207986748817774,https://m.weibo.cn/detail/4207986748817774,2018-02-16 09:48:00,#偶像练习生# #偶像练习生于浩# @于浩Hook 同学给全民制作人拜年了。祝大家新春快乐，心想事成，万事如意 ​,0,0,2,2,23
idol_producer_024,于浩,偶像练习生,主题曲考核阶段,2018-01-27,2018-02-02,于浩 偶像练习生,4201473518294091,https://m.weibo.cn/detail/4201473518294091,2018-01-29 10:26:00,#偶像练习生# #偶像练习生于浩# 走进练习室，看看我们 @于浩Hook 同学的小表情 ​,0,0,1,1,24
idol_producer_024,于浩,偶像练习生,位置测评阶段,2018-02-03,2018-02-16,于浩 偶像练习生,4205099452002060,https://m.weibo.cn/detail/4205099452002060,2018-02-08 10:35:00,#偶像练习生# #偶像练习生于浩# @于浩Hook 小哥哥祝全民制作人小年快乐 ​,0,0,1,1,25
idol_producer_024,于浩,偶像练习生,位置测评阶段,2018-02-03,2018-02-16,于浩 偶像练习生,4205907086261594,https://m.weibo.cn/detail/4205907086261594,2018-02-10 16:04:00,#偶像练习生# #偶像练习生于浩# 小伙伴们。今天第一轮投票在八点后截止了，大家抓紧时间。在八点前为 @于浩Hook 小哥哥投票啦 ​,0,0,1,1,26
idol_producer_024,于浩,偶像练习生,合作舞台阶段,2018-03-03,2018-03-23,于浩 偶像练习生,4215974096283899,https://m.weibo.cn/detail/4215974096283899,2018-03-10 10:46:00,#偶像练习生# 于浩哥哥说：喜欢一个人比黑一个人更需要勇气……的确，喜欢你真的需要我很大的勇气！一起加油吧！ @超级農農 #陈立农#,0,0,1,1,27
idol_producer_024,于浩,偶像练习生,合作舞台阶段,2018-03-03,2018-03-23,于浩 偶像练习生,4216896184054353,https://m.weibo.cn/detail/4216896184054353,2018-03-12 23:50:00,浩哥哥，俺有讲过和您相同的话：“仓鼠本来就好，F到Ｂ是他应得的”。希望你们永远不要在意尬黑的尖酸刻薄，无论言语多么戳心，黑子不配去为难努力的、阳光的你们。作为粉丝，最心疼的还是小哥哥会因那些所谓的“黑粉”的中伤而伤心，而不敢做自己。走花路吧，你们。 @Lee权哲 #偶像练习生# @于浩Hook,0,0,1,1,28
idol_producer_024,于浩,偶像练习生,总决赛阶段,2018-03-24,2018-04-06,于浩 偶像练习生,4225007804351949,https://m.weibo.cn/detail/4225007804351949,2018-04-04 09:03:00,#陈立农# #偶像练习生# #陪陈立农出道# #偶像练习生陈立农# 农农你看很多人都喜欢你哈，你最棒.谢谢我们于浩小哥哥哈 @于浩Hook @超级農農,0,0,1,1,29
idol_producer_024,于浩,偶像练习生,初评级阶段,2018-01-19,2018-01-26,于浩 偶像练习生,4199795704790061,https://m.weibo.cn/detail/4199795704790061,2018-01-24 19:19:00,#偶像练习生# #偶像练习生于浩# #于浩# @于浩Hook 同学你的零食藏好了嘛,0,0,0,0,30
idol_producer_025,伽里,偶像练习生,位置测评阶段,2018-02-03,2018-02-16,伽里 偶像练习生,4206883671596911,https://m.weibo.cn/detail/4206883671596911,2018-02-13 08:44:00,讲真！这组的颜太是我的菜！特意返回去看看是谁选的人 伽里弟弟眼光真的可以！灵超弟弟、Jeffrey、秦奋、韩沐伯长相都是我私心的前10 《偶像练习生》小组对决《Can't stop》B组 L 《偶像练习生》舞台纯享：小组对决《Can't stop》B组 ​,28,60,257,405,1
idol_producer_025,伽里,偶像练习生,排名发布阶段,2018-02-17,2018-03-02,伽里 偶像练习生,4211400740023044,https://m.weibo.cn/detail/4211400740023044,2018-02-25 19:54:00,#偶像练习生# #偶言偶语# 正片花絮查无此人，活在粉丝安利贴里的杨非同、秦子墨以及娄滋博。 直拍链接👇 【杨非同】 L 《偶像练习生》【直拍】位置测评《ME TOO》杨非同 【秦子墨】 L 《偶像练习生》【直拍】位置测评《ME TOO》秦子墨 【娄滋博】 L 《偶像练习生》【直拍】位置测评《ME TOO》娄滋博 【张达源】 L 《偶像练习生》【直拍】位置测评《ME TOO》张达源 【伽里】 L 《偶像练习生》【直拍】位置测评《ME TOO》伽里 ​,17,81,85,264,2
idol_producer_025,伽里,偶像练习生,位置测评阶段,2018-02-03,2018-02-16,伽里 偶像练习生,4208183649934897,https://m.weibo.cn/detail/4208183649934897,2018-02-16 22:50:00,#偶像练习生# 第一轮前60名： 蔡徐坤/陈立农/范丞丞/Justin/朱正廷/小鬼/卜凡/李权哲/何东东/尤长靖/王子异/Jeffrey/秦奋/林超泽/朱星杰/灵超/钱正昊/董岩磊/韩沐伯/丁泽仁/岳岳/左叶/徐凯皓/木子洋/郑锐彬/毕雯珺/周彦辰/林彦俊/李希侃/陆定昊/周锐/黄书豪/黄新淳/罗正/张达源/李让/贝汯璘/李长庚/陈斯琪/韩雍杰/秦子墨/武连杰/覃俊毅/娄滋博/靖佩瑶/余明君/陈名豪/明鹏/杨非同/朱匀一/伽里/凌崎/朱匀天/徐圣恩/李俊毅/张奕轩/王艺龙/姜达赫/胡致邦/梁辉 乐华女孩绝不认输 收起 d,2,32,106,172,3
idol_producer_025,伽里,偶像练习生,排名发布阶段,2018-02-17,2018-03-02,伽里 偶像练习生,4211335203858021,https://m.weibo.cn/detail/4211335203858021,2018-02-25 15:33:00,小伽里的进步邀全民制作人共同见证！越努力，越幸运 #伽里# #偶像练习生#,2,3,36,44,4
idol_producer_025,伽里,偶像练习生,排名发布阶段,2018-02-17,2018-03-02,伽里 偶像练习生,4211313707608970,https://m.weibo.cn/detail/4211313707608970,2018-02-25 14:08:00,#偶像练习生# #偶像练习生伽里# 俏皮的小性感和可爱的小帅气无缝切换 因为不停的练习而飞速进步、果然是我们努力满分的伽里弟弟 @伽里Curry L 《偶像练习生》【直拍】位置测评《ME TOO》伽里 ​​​,1,4,22,31,5
idol_producer_025,伽里,偶像练习生,合作舞台阶段,2018-03-03,2018-03-23,伽里 偶像练习生,4217844109149401,https://m.weibo.cn/detail/4217844109149401,2018-03-15 14:37:00,董岩磊真的是魅力很足了 所有人都超怕碰到他 把罗正给吓得坐到了地上 队员之间的互怼要笑死我了 Justin看到丁泽仁那里也跟着兴奋了 王嘉尔把伽里抱起来那里还蛮感动的 蔡徐坤可以说是各方面都很好了 总之 #偶像练习生# 可以说是很好看了 仿佛感受到了老阿姨般的心情 收起 d,0,10,6,26,6
idol_producer_025,伽里,偶像练习生,排名发布阶段,2018-02-17,2018-03-02,伽里 偶像练习生,4212436653943380,https://m.weibo.cn/detail/4212436653943380,2018-02-28 16:30:00,渐渐露出小霸气的伽里弟弟 @伽里Curry 越来越让人惊喜啦～可不只是有乖乖萌萌这一面哦 本周五 #偶像练习生# 位置测评《ME TOO》组敬请期待！ #偶像练习生伽里# ​,4,2,17,25,7
idol_producer_025,伽里,偶像练习生,排名发布阶段,2018-02-17,2018-03-02,伽里 偶像练习生,4211327192474524,https://m.weibo.cn/detail/4211327192474524,2018-02-25 15:01:00,#偶像练习生# #偶像练习生伽里# 位置测评高清剧照公开！这一定是我们可甜可盐的小王子本子了 @伽里Curry ​,5,1,17,24,8
idol_producer_025,伽里,偶像练习生,合作舞台阶段,2018-03-03,2018-03-23,伽里 偶像练习生,4216347057838577,https://m.weibo.cn/detail/4216347057838577,2018-03-11 11:28:00,#伽里# #偶像练习生伽里# 弟弟我们走慢一点好嘛，好。然后就一步一步一步。是听话伽了 L Z叶可可的秒拍视频 ​,1,7,5,20,9
idol_producer_025,伽里,偶像练习生,合作舞台阶段,2018-03-03,2018-03-23,伽里 偶像练习生,4216554520599313,https://m.weibo.cn/detail/4216554520599313,2018-03-12 01:13:00,【直拍合辑】偶像练习生 测评舞台 -《ME TOO》娄滋博 杨非同 秦子墨 张达源 伽里 三块钱的酸奶 #哔哩哔哩# L 【直拍合辑】偶像练习生 测评舞台 -《ME TOO》娄滋博 杨非同 秦子墨 张达源 伽里 了解一下 ​,0,0,20,20,10
idol_producer_025,伽里,偶像练习生,合作舞台阶段,2018-03-03,2018-03-23,伽里 偶像练习生,4218293767949729,https://m.weibo.cn/detail/4218293767949729,2018-03-16 20:24:00,分享 @张达源Darrien 的微博故事 #偶像练习生# #杨非同今天看镜头了吗# #杨非同24小时紧急救援# #杨非同# 达源，伽里，鹤尼都在给你打call，看见了吗 @杨非同Nemo 微博故事 ​,3,3,10,19,11
idol_producer_025,伽里,偶像练习生,排名发布阶段,2018-02-17,2018-03-02,伽里 偶像练习生,4211340413728422,https://m.weibo.cn/detail/4211340413728422,2018-02-25 15:54:00,#偶像练习生# #伽里# 18岁的甜盐小王子 满分好看的咖喱弟弟本弟😘 @伽里Curry ​,0,1,6,8,12
idol_producer_025,伽里,偶像练习生,合作舞台阶段,2018-03-03,2018-03-23,伽里 偶像练习生,4216511667112253,https://m.weibo.cn/detail/4216511667112253,2018-03-11 22:23:00,#杨非同# #偶像练习生杨非同# 可爱的伽里弟弟 // @伽里Curry :非同,1,0,6,7,13
idol_producer_025,伽里,偶像练习生,排名发布阶段,2018-02-17,2018-03-02,伽里 偶像练习生,4213246137351241,https://m.weibo.cn/detail/4213246137351241,2018-03-02 22:06:00,伽里你还真的是好奇宝宝啊 还凑过去看，还离得那么近 我真的是不知道说什么了 @伽里Curry #伽里# #偶像练习生# #伽里偶像练习生# ​,0,0,6,6,14
idol_producer_025,伽里,偶像练习生,合作舞台阶段,2018-03-03,2018-03-23,伽里 偶像练习生,4216497033032164,https://m.weibo.cn/detail/4216497033032164,2018-03-11 21:24:00,#伽里# #偶像练习生伽里# 弟弟你也太可爱了吧，姐姐只想吧唧一口 L Z叶可可的秒拍视频 ​,1,0,5,6,15
idol_producer_025,伽里,偶像练习生,合作舞台阶段,2018-03-03,2018-03-23,伽里 偶像练习生,4218217423735482,https://m.weibo.cn/detail/4218217423735482,2018-03-16 15:21:00,一段旅程的结束， 会开始另一段精彩的旅行， 相信你未来一定越走越好！ 加油！你是最棒的――辰星娱乐练习生伽里 @伽里Curry 我们陪你一起成长，陪你一起努力，陪你一起进步向前走，让更多的人知道你。 为伽里实现的每一个愿望而感到开心～ #辰星娱乐# #偶像练习生# @M-NATION_辰星娱乐 2 北京·三里屯SOHO L 李瑞欣Zoe的秒拍视频 收起 d,0,0,6,6,16
idol_producer_025,伽里,偶像练习生,位置测评阶段,2018-02-03,2018-02-16,伽里 偶像练习生,4208170601764762,https://m.weibo.cn/detail/4208170601764762,2018-02-16 21:58:00,#辰星娱乐# #偶像练习生# Second News. Congradualation！辰星娱乐练习生_伽里！ 共获得252504票 谢谢各位的支持！ 祝各位全民制作人新春快乐🍾️ 春节也不要忘了继续支持我们的忙内伽里 @伽里Curry 哦 @M-NATION_辰星娱乐 @爱奇艺偶像练习生 L Fiona_1001的秒拍视频 ​,0,1,1,3,17
idol_producer_025,伽里,偶像练习生,排名发布阶段,2018-02-17,2018-03-02,伽里 偶像练习生,4213256040636904,https://m.weibo.cn/detail/4213256040636904,2018-03-02 22:46:00,这两期合下来的话 rap喜欢Artist vocal喜欢我怀念的 小半 爱你都可以 哈哈哈哈爱你是爱情票嘻嘻嘻哈哈哈哈 Dance喜欢me too ！！！啊啊啊啊这个me too 简直了 舞蹈帅死啦 话说感觉伽里有点像杠杠哈哈哈哈 #偶像练习生# ​,0,0,3,3,18
idol_producer_025,伽里,偶像练习生,合作舞台阶段,2018-03-03,2018-03-23,伽里 偶像练习生,4218216559189553,https://m.weibo.cn/detail/4218216559189553,2018-03-16 15:17:00,#偶像练习生# #伽里# #辰星娱乐# 18岁的甜盐小王子 满分好看的辰星娱乐练习生咖喱弟弟本弟 @伽里Curry 😘 @M-NATION_辰星娱乐 2 北京·三里屯SOHO ​,0,1,1,3,19
idol_producer_025,伽里,偶像练习生,合作舞台阶段,2018-03-03,2018-03-23,伽里 偶像练习生,4219601086729021,https://m.weibo.cn/detail/4219601086729021,2018-03-20 10:59:00,重新捡起微博，为了 #偶像练习生# 还为了那么多的弟弟们😂😂李希侃，黄新淳，陆定昊，伽里，Justin，朱正廷，小鬼，坤音四子，乐华line等等等等等等 我可能是个假的考研狗🐶 ​,0,0,3,3,20
idol_producer_025,伽里,偶像练习生,合作舞台阶段,2018-03-03,2018-03-23,伽里 偶像练习生,4217601443926566,https://m.weibo.cn/detail/4217601443926566,2018-03-14 22:33:00,【直拍合辑】偶像练习生 测评舞台 -《ME TOO》娄滋博 杨非同 秦子墨 张达源 伽里- #bilibili# L 【直拍合辑】偶像练习生 测评舞台 -《ME TOO》娄滋博 杨非同 秦子墨 张达源 伽里 ​,0,1,0,2,21
idol_producer_025,伽里,偶像练习生,总决赛阶段,2018-03-24,2018-04-06,伽里 偶像练习生,4221449508024003,https://m.weibo.cn/detail/4221449508024003,2018-03-25 13:24:00,#偶像练习生# #伽里# 百分九中文小课堂 《偶像练习生》伽里教你学中文 L papaya928的秒拍视频 （上 #秒拍# 看我的最新短视频，下载秒拍-> O 网页链接 ） ​,0,1,0,2,22
idol_producer_025,伽里,偶像练习生,总决赛阶段,2018-03-24,2018-04-06,伽里 偶像练习生,4225885189784799,https://m.weibo.cn/detail/4225885189784799,2018-04-06 19:10:00,转发这条微博过2000送mac的chili哦，大家转起来吧 // @伽里Curry :我是 #偶像练习生# 伽里，全民制作人，谢谢关照。,1,0,1,2,23
idol_producer_025,伽里,偶像练习生,合作舞台阶段,2018-03-03,2018-03-23,伽里 偶像练习生,4216200332400674,https://m.weibo.cn/detail/4216200332400674,2018-03-11 01:45:00,#偶像练习生# 我向 @伽里Curry 送出了加油卡！我pick的小哥哥全世界最棒！大家快来一起给你喜欢的选手打call吧！ O 练习生PICK榜 ​,0,0,1,1,24
idol_producer_025,伽里,偶像练习生,总决赛阶段,2018-03-24,2018-04-06,伽里 偶像练习生,4225872926026802,https://m.weibo.cn/detail/4225872926026802,2018-04-06 18:21:00,以后也要加油 // @伽里Curry :我是 #偶像练习生# 伽里，全民制作人，谢谢关照。,0,0,1,1,25
idol_producer_025,伽里,偶像练习生,总决赛阶段,2018-03-24,2018-04-06,伽里 偶像练习生,4225875283143948,https://m.weibo.cn/detail/4225875283143948,2018-04-06 18:30:00,很开着遇到你，伽里弟弟，这段时间承蒙互相关照，以后我们一起前进好吗 // @伽里Curry :我是 #偶像练习生# 伽里，全民制作人，谢谢关照。,1,0,0,1,26
idol_producer_025,伽里,偶像练习生,初评级阶段,2018-01-19,2018-01-26,伽里 偶像练习生,4200138207243444,https://m.weibo.cn/detail/4200138207243444,2018-01-25 18:00:00,#偶像练习生# 我向 @伽里Curry 送出了加油卡！我pick的小哥哥全世界最棒！大家快来一起给你喜欢的选手打call吧！ O 练习生PICK榜 ​,0,0,0,0,27
idol_producer_025,伽里,偶像练习生,初评级阶段,2018-01-19,2018-01-26,伽里 偶像练习生,4200179291229350,https://m.weibo.cn/detail/4200179291229350,2018-01-25 20:44:00,#辰星娱乐# #偶像练习生# 辰星娱乐_来刷一波安利~ O 明天晚上20:00爱奇艺偶像练习生第二期就要开播啦[嘿哈] ，让你看到星光舞台下闪耀明星背后的艰辛！扫图片当中二维码为他们投票啦[嘿哈]而且每天都可以投票哦[奸笑]…辰星六子~分别是伽里~Rapen~GIGEL~J-ONE~王宥辰~徐圣恩，别投错了！ @M-NATION_辰星娱乐 @爱奇艺偶像练习生 ​,0,0,0,0,28
idol_producer_025,伽里,偶像练习生,位置测评阶段,2018-02-03,2018-02-16,伽里 偶像练习生,4207764903716182,https://m.weibo.cn/detail/4207764903716182,2018-02-15 19:06:00,#辰星娱乐# #偶像练习生# 辰星娱乐练习生_徐圣恩、伽里、Rapen、J-ONE大年三十祝大家新年快乐！狗年大吉哦！🎉 @M-NATION_辰星娱乐 @爱奇艺偶像练习生 L Fiona_1001的秒拍视频 ​,0,0,0,0,29
idol_producer_025,伽里,偶像练习生,排名发布阶段,2018-02-17,2018-03-02,伽里 偶像练习生,4212567352251359,https://m.weibo.cn/detail/4212567352251359,2018-03-01 01:09:00,#偶像练习生# 我向 @伽里Curry 送出了加油卡！我pick的小哥哥全世界最棒！大家快来一起给你喜欢的选手打call吧！ O 练习生PICK榜 ​,0,0,0,0,30
idol_producer_026,何东东,偶像练习生,排名发布阶段,2018-02-17,2018-03-02,何东东 偶像练习生,4213256517601674,https://m.weibo.cn/detail/4213256517601674,2018-03-02 22:48:00,#偶像练习生# #何东东# 偶像练习生何东东 全民制作人了解一下我们家何东东吧 186大长腿 颜正又暖心的大男孩 可以是温柔的邻家大哥哥 也可以体贴话痨可爱尬聊 动感的舞台实力的rap担当 今晚带给大家属于rapper的vocal挑战 是我们隐藏的宝藏啊 栈栈希望更多的人看到我们东东 属于我们果冻的宝藏 分享给大家 还请多多pick我们东东 感恩 全民制作人 还请多多关照 谢谢 @史迪奇他哥何东东 东东加油 全世界最好的何东东 我们为你而战 L 何东东安利栈的秒拍视频 收起 d,1831,504,1376,4215,1
idol_producer_026,何东东,偶像练习生,排名发布阶段,2018-02-17,2018-03-02,何东东 偶像练习生,4213255318799588,https://m.weibo.cn/detail/4213255318799588,2018-03-02 22:43:00,#偶像练习生# #何东东# 偶像练习生何东东 全民制作人了解一下我们家何东东吧 186大长腿 颜正又暖心的大男孩 可以是温柔的邻家大哥哥 也可以体贴话痨可爱尬聊 动感的舞台实力的rap担当 今晚带给大家属于rapper的vocal挑战 是我们隐藏的宝藏啊 栈栈希望更多的人看到我们东东 属于我们果冻的宝藏 分享给大家 还请多多pick我们东东 感恩 全民制作人 还请多多关照 谢谢 @史迪奇他哥何东东 东东加油 全世界最好的何东东 我们为你而战 L 何东东安利栈的秒拍视频 收起 d,1608,474,1483,4039,2
idol_producer_026,何东东,偶像练习生,排名发布阶段,2018-02-17,2018-03-02,何东东 偶像练习生,4213254459002116,https://m.weibo.cn/detail/4213254459002116,2018-03-02 22:40:00,#偶像练习生# #何东东# 偶像练习生何东东 全民制作人了解一下我们家何东东吧 186大长腿 颜正又暖心的大男孩 可以是温柔的邻家大哥哥 也可以体贴话痨可爱尬聊 动感的舞台实力的rap担当 今晚带给大家属于rapper的vocal挑战 是我们隐藏的宝藏啊 栈栈希望更多的人看到我们东东 属于我们果冻的宝藏 分享给大家 还请多多pick我们东东 感恩 全民制作人 还请多多关照 谢谢 @史迪奇他哥何东东 东东加油 全世界最好的何东东 我们为你而战 L 何东东安利栈的秒拍视频 收起 d,1200,590,1145,3525,3
idol_producer_026,何东东,偶像练习生,排名发布阶段,2018-02-17,2018-03-02,何东东 偶像练习生,4213258720245919,https://m.weibo.cn/detail/4213258720245919,2018-03-02 22:57:00,宝藏男孩何东东看起来好乖，白白净净眼睛圆圆，笑起来露出一口大白牙的笑容很戳了！在节目中的镜头这么少太心疼了！ @史迪奇他哥何东东 @爱奇艺偶像练习生http ://t.cn/REKY6O7 ​,941,340,1405,3026,4
idol_producer_026,何东东,偶像练习生,排名发布阶段,2018-02-17,2018-03-02,何东东 偶像练习生,4213257402582799,https://m.weibo.cn/detail/4213257402582799,2018-03-02 22:51:00,很多人都觉得我们让人心疼的宝藏东东是可爱型的，但是我觉得东东是大佬担当 #偶像练习生# always online组的表演中，何东东看起来太像是掌控舞台的大佬了，非常pick他。 L 何东东安利栈的秒拍视频 ​,816,285,1072,2458,5
idol_producer_026,何东东,偶像练习生,位置测评阶段,2018-02-03,2018-02-16,何东东 偶像练习生,4208182392369759,https://m.weibo.cn/detail/4208182392369759,2018-02-16 22:45:00,【 #偶像练习生# 公布9—1排名 蔡徐坤成功蝉联榜首】前10名排名公布，提到过年不能回家，张艺兴 @努力努力再努力x 回忆了自己的在国外的练习生时期：三、四年没有回家过年，不敢打电话，只能自己做个面或者多点点儿菜。 心疼Wuli张PD。 TOP1 @蔡徐坤 TOP2 陈立农 @超级农农 TOP3 范丞丞 @Adam0616 TOP4 Justin @jjjustin0219 TOP5 @Zzt-朱正廷 TOP6 @小鬼-王琳凯 TOP7 @卜凡KATTO TOP8 @Lee权哲 TOP9 何东东 @史迪奇他哥何东东 L 《偶像练习生》公布9—1排名 蔡徐坤成功蝉联榜首 了解幕后小故事，请锁定每周五八点半上线的 #偶像有新番# 更多精彩 移动端> O 网页链接 pc端> O 网页链接 收起 d,94,820,719,2453,6
idol_producer_026,何东东,偶像练习生,排名发布阶段,2018-02-17,2018-03-02,何东东 偶像练习生,4213257528446222,https://m.weibo.cn/detail/4213257528446222,2018-03-02 22:52:00,何东东现在的名次让我很心疼 ，我一直觉得东东是一个阳光温暖的人，他的微博照片都带有非常有感染力的笑容。仅仅是96年的小孩子啊，四年海外练习就已经承受了这么多的辛苦了 。一定要坚持下去啊，你在 #偶像练习生# 中的表演真的像宝藏一样。 @史迪奇他哥何东东http ://t.cn/REKY6O7 ​,738,278,770,2064,7
idol_producer_026,何东东,偶像练习生,合作舞台阶段,2018-03-03,2018-03-23,何东东 偶像练习生,4220850892805811,https://m.weibo.cn/detail/4220850892805811,2018-03-23 21:45:00,【蔡徐坤第一】今晚偶像练习生第三轮35进20排名排名揭晓！第一蔡徐坤。 2~9：陈立农、范丞丞、Justin、王子异、小鬼、朱正廷、尤长靖、卜凡 10~20：钱正昊、林彦俊、毕雯珺、灵超、朱星杰、林超泽、Jeffrey、秦奋、李希侃、徐圣恩、郑锐彬 21~35（淘汰）： 周彦辰、木子洋、李权哲、韩沐伯、周锐、丁泽仁、岳岳、杨非同、楼滋博、罗正、陆定昊、黄新淳、何东东、李让、余明君。 蔡徐坤一千七百多万票（占总票数七分之一左右）遥遥领先！加油，你们都是最棒的 L 娱乐日爆社的秒拍视频 收起 d,31,359,913,1662,8
idol_producer_026,何东东,偶像练习生,合作舞台阶段,2018-03-03,2018-03-23,何东东 偶像练习生,4220845310425642,https://m.weibo.cn/detail/4220845310425642,2018-03-23 21:23:00,蔡徐坤第一，陈立农第二，范丞丞第三 偶像练习生排名 4~9：Justin 王子异 小鬼 朱正廷 尤长靖 卜凡 10~20：钱正昊 林彦俊 毕雯珺 灵超 朱星杰 林超泽 Jeffrey 秦奋 李希侃 徐圣恩 郑锐彬 21~35（淘汰）： 周彦辰 木子洋 李权哲 韩沐伯 周锐 丁泽仁 岳岳 杨非同 楼滋博 罗正 陆定昊 黄新淳 何东东 李让 余明君 收起 d,32,476,655,1639,9
idol_producer_026,何东东,偶像练习生,排名发布阶段,2018-02-17,2018-03-02,何东东 偶像练习生,4213257957151099,https://m.weibo.cn/detail/4213257957151099,2018-03-02 22:53:00,何东东太让人心疼了 ，always online当vocal的声音真的很好听 ，让人觉得他跟音符是一体的，是有天赋的宝藏男孩，只是可惜镜头分量太少。强烈给大家安利 #偶像练习生# 何东东！希望大家知道他很有实力！ L 何东东安利栈的秒拍视频 ​,330,137,442,1046,10
idol_producer_026,何东东,偶像练习生,排名发布阶段,2018-02-17,2018-03-02,何东东 偶像练习生,4213258607020662,https://m.weibo.cn/detail/4213258607020662,2018-03-02 22:56:00,宝藏男孩何东东声音太好听了吧，always online那里苏炸！太心疼他在 #偶像练习生# 中戏份不够了 ，实力真的出彩！ L 何东东安利栈的秒拍视频 ​,337,112,338,899,11
idol_producer_026,何东东,偶像练习生,排名发布阶段,2018-02-17,2018-03-02,何东东 偶像练习生,4213258560775986,https://m.weibo.cn/detail/4213258560775986,2018-03-02 22:56:00,个人觉得宝藏男孩何东东可以做个谐星出道 ，但是一定是谐星里面长得最帅的那种 但当我看完他在 #偶像练习生# 里面的表演后还是被十足震惊到了，这就是四年海外练习生所带来的能量吗， #偶像练习生# 中镜头这么少真的很让人心疼。 L 何东东安利栈的秒拍视频 ​,220,79,508,886,12
idol_producer_026,何东东,偶像练习生,排名发布阶段,2018-02-17,2018-03-02,何东东 偶像练习生,4213257357052623,https://m.weibo.cn/detail/4213257357052623,2018-03-02 22:51:00,听何东东说英文的时候感觉像打开宝藏 ， #偶像练习生# 中说的dream come true也能显露出小男孩对梦想实现的期待吧 。练习生多年，一步一步走到舞台上，真的很心疼你啊 。完美的vocal是你的证明，东东加油！ L 何东东安利栈的秒拍视频 ​,464,86,125,761,13
idol_producer_026,何东东,偶像练习生,合作舞台阶段,2018-03-03,2018-03-23,何东东 偶像练习生,4220845251071340,https://m.weibo.cn/detail/4220845251071340,2018-03-23 21:23:00,#偶像练习生# #蔡徐坤# 排名 35进20 蔡徐坤第一 2~9：陈立农 范丞丞 Justin 王子异 小鬼 朱正廷 尤长靖 卜凡 10~20：钱正昊 林彦俊 毕雯珺 灵超 朱星杰 林超泽 Jeffrey 秦奋 李希侃 徐圣恩 郑锐彬 21~35（淘汰）： 周彦辰 木子洋 李权哲 韩沐伯 周锐 丁泽仁 岳岳 杨非同 楼滋博 罗正 陆定昊 黄新淳 何东东 李让 余明君 有什么想对各位小哥哥说的吗 L Healer听风的秒拍视频 收起 d,26,49,512,636,14
idol_producer_026,何东东,偶像练习生,总决赛阶段,2018-03-24,2018-04-06,何东东 偶像练习生,4223653044568270,https://m.weibo.cn/detail/4223653044568270,2018-03-31 15:20:00,#偶像练习生# #树的印记# 程潇领队：Justin黄明昊/朱星杰/周彦辰/秦奋/丁泽仁/何东东/罗正 《24K Hagic Remix Havana 》程潇甩头发那一下太性感了，感觉自己被小姐姐撩到了，丁泽仁/周彦辰/朱星杰配合程潇整个舞蹈跳得真好， Justin真的好帅好帅！！很喜欢这个舞台表演。 L 薇薇Vivian_树的秒拍视频 ​​​ L 薇薇Vivian_树的秒拍视频 收起 d,50,20,433,523,15
idol_producer_026,何东东,偶像练习生,排名发布阶段,2018-02-17,2018-03-02,何东东 偶像练习生,4213258509924339,https://m.weibo.cn/detail/4213258509924339,2018-03-02 22:56:00,何东东在 #偶像练习生# 最初真的是一个宝藏小话唠，我一直以为他是偶像练习生的艺能担当 。很心疼后面的镜头这么少，四年的辛苦练习经历背后他仍然这么活泼乐观，真的太可爱了 L 何东东安利栈的秒拍视频 ​,13,60,351,484,16
idol_producer_026,何东东,偶像练习生,合作舞台阶段,2018-03-03,2018-03-23,何东东 偶像练习生,4220862683409231,https://m.weibo.cn/detail/4220862683409231,2018-03-23 22:32:00,#何东东# #偶像练习生# 何东东欢迎回家 我们一直在 希望果冻们都能把这篇文章看完 真的辛苦了我们东东 @史迪奇他哥何东东 O 何东东欢迎回家 心疼何东东 ​,24,91,160,366,17
idol_producer_026,何东东,偶像练习生,总决赛阶段,2018-03-24,2018-04-06,何东东 偶像练习生,4224418768495691,https://m.weibo.cn/detail/4224418768495691,2018-04-02 18:03:00,他清爽俊秀颜，腿身比例逆天，声线完美，明明是可以靠颜吃饭的小哥哥，偏要做个努力逐梦的可爱小话痨。他就是在《终极一班4》里扮演流尘，又在《偶像练习生》里本色出演的何东东 @史迪奇他哥何东东 娱人制造“Fun星谈”何东东专访，带你认识不一样的小哥哥，敬请期待！ @HONGYI_Entertainment @何东东吧_DovinBar @何东东安利栈 收起 d,10,53,82,198,18
idol_producer_026,何东东,偶像练习生,位置测评阶段,2018-02-03,2018-02-16,何东东 偶像练习生,4208183649934897,https://m.weibo.cn/detail/4208183649934897,2018-02-16 22:50:00,#偶像练习生# 第一轮前60名： 蔡徐坤/陈立农/范丞丞/Justin/朱正廷/小鬼/卜凡/李权哲/何东东/尤长靖/王子异/Jeffrey/秦奋/林超泽/朱星杰/灵超/钱正昊/董岩磊/韩沐伯/丁泽仁/岳岳/左叶/徐凯皓/木子洋/郑锐彬/毕雯珺/周彦辰/林彦俊/李希侃/陆定昊/周锐/黄书豪/黄新淳/罗正/张达源/李让/贝汯璘/李长庚/陈斯琪/韩雍杰/秦子墨/武连杰/覃俊毅/娄滋博/靖佩瑶/余明君/陈名豪/明鹏/杨非同/朱匀一/伽里/凌崎/朱匀天/徐圣恩/李俊毅/张奕轩/王艺龙/姜达赫/胡致邦/梁辉 乐华女孩绝不认输 收起 d,2,32,106,172,19
idol_producer_026,何东东,偶像练习生,合作舞台阶段,2018-03-03,2018-03-23,何东东 偶像练习生,4220843732942492,https://m.weibo.cn/detail/4220843732942492,2018-03-23 21:17:00,偶像练习生这期淘汰了那么多喜欢的人，我也不想看下去了 ……失望，何东东连个镜头都没有，操。 ​,0,12,85,109,20
idol_producer_026,何东东,偶像练习生,合作舞台阶段,2018-03-03,2018-03-23,何东东 偶像练习生,4220775551156492,https://m.weibo.cn/detail/4220775551156492,2018-03-23 16:46:00,爱笑的 @史迪奇他哥何东东 就像三月的暖阳，愿你不忘初心继续为梦前行， #偶像练习生何东东# ​,2,8,61,79,21
idol_producer_026,何东东,偶像练习生,位置测评阶段,2018-02-03,2018-02-16,何东东 偶像练习生,4208151299318767,https://m.weibo.cn/detail/4208151299318767,2018-02-16 20:41:00,#何东东# #偶像练习生何东东# 第九 太棒了 突然发现东东又换发型了 ​,0,24,12,60,22
idol_producer_026,何东东,偶像练习生,总决赛阶段,2018-03-24,2018-04-06,何东东 偶像练习生,4225760451413321,https://m.weibo.cn/detail/4225760451413321,2018-04-06 10:54:00,#何东东# 这个应援头像其实很心机的 你们发现了没 头像主体醒目的是史迪奇蓝和月光黄的结合 对，就是东东最喜欢的颜色 星气东来四个字化用紫气东来，希望东东变成超厉害的明星，繁体的东字用了黄色，非常霸气 皇冠👑既是对东东的美好祝愿，还暗合了终4流尘的皇族后裔设定 最后左下角的Dovin何东东，是带了人名，同时樱花又是偶像练习生初印象里的深刻记忆 最后，虽然有点粗糙，但希望大家喜欢，希望大家能在东东发微博的时候一起应援 @史迪奇他哥何东东 收起 d,3,7,21,38,23
idol_producer_026,何东东,偶像练习生,总决赛阶段,2018-03-24,2018-04-06,何东东 偶像练习生,4224019782311964,https://m.weibo.cn/detail/4224019782311964,2018-04-01 15:37:00,#偶像练习生# #蔡徐坤# 事实证明看完偶练睡觉真的很容易梦到我坤！ 今天看完一下子梦到蔡徐坤范丞丞李希侃何东东毕雯珺张pd！ 正梦到我坤坐在自行车前回头对我甜甜的笑呢，快递小哥打电话来了！终结了老阿姨的白日梦！生气！！！！👿👿👿👿 只能再看一遍签名照了，化解一丝怒气 2 南京·南京苏宁银河诺富特酒店 收起 d,0,3,28,34,24
idol_producer_026,何东东,偶像练习生,主题曲考核阶段,2018-01-27,2018-02-02,何东东 偶像练习生,4203109955412250,https://m.weibo.cn/detail/4203109955412250,2018-02-02 22:49:00,超长福利 #偶像练习生# 第三期~ 努力与收获成正比，越努力 越幸运！ 请再接再厉 #李长庚# @李长庚是我呀 #何东东# @史迪奇他哥何东东 L 偶像练习生之选手再评级惹张艺兴发火 主题曲舞台拉响C位争夺战 ​,1,5,17,28,25
idol_producer_026,何东东,偶像练习生,位置测评阶段,2018-02-03,2018-02-16,何东东 偶像练习生,4208141199215738,https://m.weibo.cn/detail/4208141199215738,2018-02-16 20:01:00,#偶像练习生何东东# #偶像练习生# 感谢全民制作人的投票 咱们东东位列第九 相信他不会辜负我们的期望 之后也请一起期待他更好的表现吧 投票刷直播的大家辛苦了 东东 @史迪奇他哥何东东 辛苦了 ​,0,2,21,25,26
idol_producer_026,何东东,偶像练习生,总决赛阶段,2018-03-24,2018-04-06,何东东 偶像练习生,4225191956017638,https://m.weibo.cn/detail/4225191956017638,2018-04-04 21:15:00,@爱奇艺偶像练习生 #偶像练习生# #爸妈的偶练onepick# 看小哥哥的妈妈眼睛里有星星✨笑容像棉花糖一样🍬[ 老妈pick王子异，我pick坤音四子最喜欢木子洋 ] 大概每一个追星女孩都想有一个像我妈妈一样的妈妈吧 我妈妈非常少女，在她年轻的时候她就是个十足的追星女孩，基本上没有她不知道的爱豆，现在的她依然是个追星女孩，常常打电话给我和我讨论最新的艺人，最火的舞台表演。因为在外地上学就不能像以前一样一起追综艺一起追脑残剧一起窝在沙发上看熬夜看演唱会了 一月份在得知这个节目开始录制的时候我就把这个消息告诉妈妈了，和她说等我寒假回来我们就可以一起看啦！终于等到了节目开播，时间倒回到第一期节目，那次节目我和妈妈从头说到了尾，叽叽喳喳，首先记住百事可乐何东东，小尤，林超泽，粉色衣服的农农和他的好朋友恺皓，蔡徐坤和月华的就不用说啦，果然的首次舞台我和妈妈一致好评，还有就是卜凡那句我都要爱上他了让我日后对坤音对木子洋无法自拔！ 接着就到了数天数等周五的日子，我就开始不断的刷微博，知道了小哥哥们的各种故事，记得妈妈是在那次主题曲等级再评定那次她深深的喜欢上了王子异，那次王子异的个人部分带着鸭舌帽上面还有一个夹子，我告诉妈妈网上都在说他像王大陆，妈妈却说我倒觉得他长得更像吴亦凡和王大陆的结合，更干净，更少年。我不能再同意了。自此丸子便成了妈妈的one pick，。每到周五我和和妈妈一起和爸爸抢电视看，后来我上学了妈妈就一个人和爸爸抢就为了看王子异（爸爸会吃醋吧嘻嘻）。而来自我心里的木子洋便每次都会给我惊喜！在家里的时候和妈妈一起看节目，我真的能在妈妈的眼中看到星星，不单单是欣赏我想还有热爱吧，少女的那份热情，妈妈真的好可爱！我开学后妈妈也常打电话和我一起讨论节，我常常也会发一些图片还有文章视频给她看。那次木子洋进20一轮淘汰了妈妈还电话安慰我呢，这样的日子真的好幸福。我就不说我是怎么深陷木子洋的温柔乡的了，三言两语言也说不明白嘻嘻，非常喜欢了 我和妈妈的pick虽都不是一见钟情，但现在我们叫人就夸，一谈到他们都是有说不完的话 都是十分美好的存在呢！ 收起 d,2,7,4,20,27
idol_producer_026,何东东,偶像练习生,总决赛阶段,2018-03-24,2018-04-06,何东东 偶像练习生,4225574009832067,https://m.weibo.cn/detail/4225574009832067,2018-04-05 22:33:00,看到了偶像练习生的一段视频，然后就看到一个男孩子腿好长，不知道是真长还是因为在队伍里显得长，我心想不行，腿这么长我要去给他投票 为了知道他的名字特意去找出那期然后联系上下文发现他叫何东东 点进爱奇艺的投票页面看到说vip能投两票，我心想我能为长腿男孩贡献两票 结果发现他已经淘汰了 我来晚了 收起 d,0,7,6,20,28
idol_producer_026,何东东,偶像练习生,合作舞台阶段,2018-03-03,2018-03-23,何东东 偶像练习生,4220842990878460,https://m.weibo.cn/detail/4220842990878460,2018-03-23 21:14:00,#偶像练习生# 排名 35进20 蔡徐坤第一 2~9：陈立农 范丞丞 Justin 王子异 小鬼 朱正廷 尤长靖 卜凡 10~20：钱正昊 林彦俊 毕雯珺 灵超 朱星杰 林超泽 Jeffrey 秦奋 李希侃 徐圣恩 郑锐彬 21~35（淘汰）： 周彦辰 木子洋 李权哲 韩沐伯 周锐 丁泽仁 岳岳 杨非同 楼滋博 罗正 陆定昊 黄新淳 何东东 李让 余明君 收起 d,0,3,10,16,29
idol_producer_026,何东东,偶像练习生,总决赛阶段,2018-03-24,2018-04-06,何东东 偶像练习生,4225936138604454,https://m.weibo.cn/detail/4225936138604454,2018-04-06 22:32:00,原本一天真的很累 躺在穿上看偶像练习生 大型互夸现场，pick了小鬼，贾富贵，陈立农 何东东超可爱呀 我还喜欢尤长靖的声音 好听 ​,0,2,9,13,30
idol_producer_027,何嘉庚,偶像练习生,位置测评阶段,2018-02-03,2018-02-16,何嘉庚 偶像练习生,4205640664449825,https://m.weibo.cn/detail/4205640664449825,2018-02-09 22:25:00,#偶像练习生# 小组竞演《代号魂斗罗》恭喜B组获胜！Center杨非同 @杨非同Nemo 飙高音， 朱一文 @朱一文同學 林浩楷 @BBT林浩楷 何嘉庚 @MERXIC-PURO何嘉庚 徐鹤尼 @COSMOS-徐鹤尼 张宇晨 @MERXIC-TAKO张宇晨 韩雍杰 @韩雍杰辅导员 默契配合，超酷炫开场动作惊艳导师，一秒点燃现场气氛！let me do the fight ~本场最热血少年非你们莫属！ L 《偶像练习生》炫酷开场动作惊艳导师 代号魂斗罗组大秀舞技 收起 d,346,994,2343,4677,1
idol_producer_027,何嘉庚,偶像练习生,位置测评阶段,2018-02-03,2018-02-16,何嘉庚 偶像练习生,4208154289709248,https://m.weibo.cn/detail/4208154289709248,2018-02-16 20:53:00,偶像练习生 99进60的淘汰名单 乐华、坤音、觉醒东方、超能唱片全员安全 香蕉娱乐（9个淘汰4个） 高茂桐 姜京佐 李若天 邱治楷 辰星娱乐（6个淘汰4个） Rapen 王宥辰 J-one Gigel 麦锐娱乐（6个淘汰3个） 邓烺怡 孙凡杰 吕晨瑜 简单快乐（5个淘汰4个） 金逸涵 林浩楷 李志杰 孙浩然 盛夏星空（5个淘汰1个） 王梓豪 新锐杂志（5个淘汰3个） 赵俞澈 应智越 万宇贤 AIF娱乐（全军覆没） 于浩 赵凌峰 杨羿 张艺凡 焕星娱乐（全军覆没） 何嘉庚 李鑫岩 罗杰 张宇晨 铂熠娱乐（4个淘汰2个） 叶泓希 张昕 乐风艺社（全军覆没） 陈义夫 闵喆祥 果然娱乐（4个淘汰1个） 张晏恺 次元文化（2个淘汰1个） 徐鹤尼 新湃传媒（单人） 于斌 天津中视（单人） 朱一文 个人练习生（7个淘汰4个） 甘俊 侯浩然 黄若涵 周腾阳 个人觉得比较可惜的一些：扫地组合（罗杰、姜京佐）、张艺凡（第三期进A组）、闵喆祥（学舞能力突出） 收起 d,220,1591,1046,4448,2
idol_producer_027,何嘉庚,偶像练习生,总决赛阶段,2018-03-24,2018-04-06,何嘉庚 偶像练习生,4225895973455668,https://m.weibo.cn/detail/4225895973455668,2018-04-06 19:52:00,我是 #偶像练习生# 何嘉庚，全民制作人，谢谢关照。,14,142,546,844,3
idol_producer_027,何嘉庚,偶像练习生,合作舞台阶段,2018-03-03,2018-03-23,何嘉庚 偶像练习生,4218729799869183,https://m.weibo.cn/detail/4218729799869183,2018-03-18 01:17:00,#偶像练习生# #何嘉庚# 今天是他的生日 可能很多人已经不记得他了 他是小组竞演《代号魂斗罗》B组的成员 他是焕醒文化MERXIC-PURO的成员之一 虽然很早就离开了节目 但是小哥哥你看见了吗 全民制作人还记得你的名字 你的生日 组里有记得何嘉庚的吗（cr:队长张俊一) O 组里有记得何嘉庚的吗 祝 @MERXIC-PURO何嘉庚 生日快乐！！！ 未来道路还很长 期待你的舞台！ 【直拍】小组对决《代号魂斗罗》何嘉庚 L 《偶像练习生》【直拍】小组对决《代号魂斗罗》何嘉庚 MERXIC日常舞蹈练习 (Danger)-泰民；罗杰、张宇晨、何嘉庚 O 网页链接 《练习生告白》的完整版 O 网页链接 收起 d,7,185,423,800,4
idol_producer_027,何嘉庚,偶像练习生,总决赛阶段,2018-03-24,2018-04-06,何嘉庚 偶像练习生,4221144506040596,https://m.weibo.cn/detail/4221144506040596,2018-03-24 17:12:00,今晚八点， @MERXIC-ROGER罗杰 @MERXIC-PURO何嘉庚 @MERXIC-ANPH李鑫岩 将在 #国内组合# 超级话题与大家进行互动 ，届时我们将于19:30在该超话下发布 #偶像练习生MERXIC成员专访# 话题帖，请大家积极回复，积极提问，孩子们会在帖子里与大家进行互动哦！ 期待大家参与 @国内组合贴吧 ​,56,28,40,152,5
idol_producer_027,何嘉庚,偶像练习生,合作舞台阶段,2018-03-03,2018-03-23,何嘉庚 偶像练习生,4220311849390111,https://m.weibo.cn/detail/4220311849390111,2018-03-22 10:03:00,#偶像练习生# #国内组合# 本周六(3.24日)晚八点，偶像练习生参赛选手，MERXIC @MERXIC-OFFICIAL 三位成员罗杰，何嘉庚，李鑫岩将至本吧微博超话 #国内组合# 做客，历时一个小时的访问，大家踊跃参加! 近距离接触爱豆本人哦！详情关注本吧微博 @国内组合贴吧 ​,21,25,31,102,6
idol_producer_027,何嘉庚,偶像练习生,位置测评阶段,2018-02-03,2018-02-16,何嘉庚 偶像练习生,4205942927477922,https://m.weibo.cn/detail/4205942927477922,2018-02-10 18:26:00,#偶像练习生# 最新剧照+截图，有没有很心动 ， O 今晚8点投票就截止啦 ，希望大家抓紧时间，多多投票支持我们吧！！[噢耶] @MERXIC-TAKO张宇晨 @MERXIC-PURO何嘉庚 @MERXIC-ANPH李鑫岩 @MERXIC-ROGER罗杰 ​,4,16,39,75,7
idol_producer_027,何嘉庚,偶像练习生,位置测评阶段,2018-02-03,2018-02-16,何嘉庚 偶像练习生,4205653884454409,https://m.weibo.cn/detail/4205653884454409,2018-02-09 23:18:00,#偶像练习生# 节目大家都看完了吧，今天的舞台竞演棒棒哒[噢耶]赶紧交出截图吧 @MERXIC-ROGER罗杰 @MERXIC-ANPH李鑫岩 @MERXIC-PURO何嘉庚 @MERXIC-TAKO张宇晨 ​,3,12,42,69,8
idol_producer_027,何嘉庚,偶像练习生,位置测评阶段,2018-02-03,2018-02-16,何嘉庚 偶像练习生,4205601712296604,https://m.weibo.cn/detail/4205601712296604,2018-02-09 19:50:00,#偶像练习生# 节目马上就开播啦！今晚三场舞台竞演等着你，不见不散 @MERXIC-ROGER罗杰 @MERXIC-TAKO张宇晨 @MERXIC-PURO何嘉庚 @MERXIC-ANPH李鑫岩 ​,5,7,27,46,9
idol_producer_027,何嘉庚,偶像练习生,主题曲考核阶段,2018-01-27,2018-02-02,何嘉庚 偶像练习生,4203109414731192,https://m.weibo.cn/detail/4203109414731192,2018-02-02 22:47:00,#偶像练习生# 今天他们写的“一句话”大家有收到吗？看完今天的节目，大家可以分享一下截图，分组选歌也已经确定好了，希望下周能给大家一个棒棒的表演 @MERXIC-TAKO张宇晨 @MERXIC-ANPH李鑫岩 @MERXIC-ROGER罗杰 @MERXIC-PURO何嘉庚 ​,0,3,24,30,10
idol_producer_027,何嘉庚,偶像练习生,总决赛阶段,2018-03-24,2018-04-06,何嘉庚 偶像练习生,4221059588747768,https://m.weibo.cn/detail/4221059588747768,2018-03-24 11:34:00,#偶像练习生# 💗 最近距离接触你的偶练男孩，来就有机会被你的小偶像翻牌 @MERXIC-ROGER罗杰 @MERXIC-ANPH李鑫岩 @MERXIC-PURO何嘉庚 O 今晚20:00#国内组合# 超话不见不散！ ​,0,4,10,18,11
idol_producer_027,何嘉庚,偶像练习生,总决赛阶段,2018-03-24,2018-04-06,何嘉庚 偶像练习生,4221180951048410,https://m.weibo.cn/detail/4221180951048410,2018-03-24 19:37:00,#国内组合# #偶像练习生MERXIC成员访谈# 大家先提一下问题吼，小哥哥们随后就来喽！ @MERXIC-ROGER罗杰 @MERXIC-PURO何嘉庚 @MERXIC-ANPH李鑫岩 等你们哟,0,4,10,18,12
idol_producer_027,何嘉庚,偶像练习生,排名发布阶段,2018-02-17,2018-03-02,何嘉庚 偶像练习生,4212006527646610,https://m.weibo.cn/detail/4212006527646610,2018-02-27 12:01:00,燃爆！！ #爱奇艺偶像练习生# #杨非同# 代号魂斗罗 AB组纯享分屏版 左右声道 懒人最爱的一次看俩个视频 李长庚于斌林彦俊许凯皓叶泓希杨羿邱治谐朱一文林浩楷韩雍杰张宇晨何嘉庚徐鹤尼杨非同-P1 #哔哩哔哩# L 【9/100】代号魂斗罗 AB组纯享分屏版 左右声道 懒人最爱的一次看俩个视频 李长庚于斌林彦俊许凯皓叶泓希杨羿邱治谐朱一文林浩楷韩雍杰张宇晨何嘉庚徐鹤尼杨非同 ​,0,3,11,17,13
idol_producer_027,何嘉庚,偶像练习生,总决赛阶段,2018-03-24,2018-04-06,何嘉庚 偶像练习生,4221195484065846,https://m.weibo.cn/detail/4221195484065846,2018-03-24 20:34:00,#国内组合# #偶像练习生MERXIC成员访谈# 访谈已经开始了半小时，成员们也在积极回答大家提出的问题，有什么好奇的或者想对 @MERXIC-ROGER罗杰 @MERXIC-ANPH李鑫岩 @MERXIC-PURO何嘉庚 @MERXIC-OFFICIAL 说的，快来说说吧，已经有几十位小伙伴被翻牌啦[噢耶][噢耶][噢耶] ​,1,0,8,9,14
idol_producer_027,何嘉庚,偶像练习生,总决赛阶段,2018-03-24,2018-04-06,何嘉庚 偶像练习生,4221221879536124,https://m.weibo.cn/detail/4221221879536124,2018-03-24 22:19:00,#偶像练习生# #杨非同# 【温馨建议，戴耳机观看，超赞超燃超棒】代号魂斗罗 AB组纯享分屏版 左右声道 懒人最爱的一次看俩个视频 李长庚于斌林彦俊许凯皓叶泓希杨羿邱治谐朱一文林浩楷韩雍杰张宇晨何嘉庚徐鹤尼 @杨非同Nemo #哔哩哔哩动画# O 网页链接 ​,0,0,2,2,15
idol_producer_027,何嘉庚,偶像练习生,总决赛阶段,2018-03-24,2018-04-06,何嘉庚 偶像练习生,4225896107804527,https://m.weibo.cn/detail/4225896107804527,2018-04-06 19:53:00,额哈哈// @MERXIC-PURO何嘉庚 :我是 #偶像练习生# 何嘉庚，全民制作人，谢谢关照。,0,0,0,0,16
idol_producer_027,何嘉庚,偶像练习生,总决赛阶段,2018-03-24,2018-04-06,何嘉庚 偶像练习生,4225898695205641,https://m.weibo.cn/detail/4225898695205641,2018-04-06 20:03:00,小可爱啊 // @MERXIC-PURO何嘉庚 :我是 #偶像练习生# 何嘉庚，全民制作人，谢谢关照。,0,0,0,0,17
idol_producer_028,余明君,偶像练习生,排名发布阶段,2018-02-17,2018-03-02,余明君 偶像练习生,4213247122374450,https://m.weibo.cn/detail/4213247122374450,2018-03-02 22:10:00,#偶像练习生# 阿发答应过你们从初一high到十五的！所以，新春特辑最后一集来啦！ 这次由我们的主持人 @蔡徐坤 同学带领 @余明君_MJ 、 @左叶Hyman 、 @朱星杰J_zen 、 @罗正_LZ 、 @韩沐伯 这几名同学来和大家分享一下属于他们的年味儿！你们说，下半集该什么时候放出来呢 L 百分九宿舍收发室的秒拍视频 收起 d,2146,2262,5937,12607,1
idol_producer_028,余明君,偶像练习生,合作舞台阶段,2018-03-03,2018-03-23,余明君 偶像练习生,4220779455373985,https://m.weibo.cn/detail/4220779455373985,2018-03-23 17:01:00,#偶像练习生# #麦锐练习生# 从 @爱奇艺偶像练习生 公开麦锐第一位练习生起，至今已经92天了 麦麦想知道，大家喜欢小哥哥们已经多少天了呢？今晚八点，我们不见不散吧 @罗正_LZ @李希侃_LXK @余明君_MJ ​,1982,1402,385,5171,2
idol_producer_028,余明君,偶像练习生,合作舞台阶段,2018-03-03,2018-03-23,余明君 偶像练习生,4220850892805811,https://m.weibo.cn/detail/4220850892805811,2018-03-23 21:45:00,【蔡徐坤第一】今晚偶像练习生第三轮35进20排名排名揭晓！第一蔡徐坤。 2~9：陈立农、范丞丞、Justin、王子异、小鬼、朱正廷、尤长靖、卜凡 10~20：钱正昊、林彦俊、毕雯珺、灵超、朱星杰、林超泽、Jeffrey、秦奋、李希侃、徐圣恩、郑锐彬 21~35（淘汰）： 周彦辰、木子洋、李权哲、韩沐伯、周锐、丁泽仁、岳岳、杨非同、楼滋博、罗正、陆定昊、黄新淳、何东东、李让、余明君。 蔡徐坤一千七百多万票（占总票数七分之一左右）遥遥领先！加油，你们都是最棒的 L 娱乐日爆社的秒拍视频 收起 d,31,359,913,1662,3
idol_producer_028,余明君,偶像练习生,合作舞台阶段,2018-03-03,2018-03-23,余明君 偶像练习生,4220845310425642,https://m.weibo.cn/detail/4220845310425642,2018-03-23 21:23:00,蔡徐坤第一，陈立农第二，范丞丞第三 偶像练习生排名 4~9：Justin 王子异 小鬼 朱正廷 尤长靖 卜凡 10~20：钱正昊 林彦俊 毕雯珺 灵超 朱星杰 林超泽 Jeffrey 秦奋 李希侃 徐圣恩 郑锐彬 21~35（淘汰）： 周彦辰 木子洋 李权哲 韩沐伯 周锐 丁泽仁 岳岳 杨非同 楼滋博 罗正 陆定昊 黄新淳 何东东 李让 余明君 收起 d,32,476,655,1639,4
idol_producer_028,余明君,偶像练习生,合作舞台阶段,2018-03-03,2018-03-23,余明君 偶像练习生,4220738737041037,https://m.weibo.cn/detail/4220738737041037,2018-03-23 14:19:00,#偶像练习生# 小黑 @余明君_MJ 上线读信啦！ 收到“神秘来信”，读到一半就忍不住哽咽，这封由“dream”和“神秘人士”一起写成的来信，更是收录了一路以来粉丝们满满的爱。越努力越幸运，节目只是一个起点，未来还有更远的路等着“努力家”去探险！加油！ L 《偶像练习生》【泡泡新信】余明君哽咽致谢：为你们拼尽全力 ​,51,115,1311,1592,5
idol_producer_028,余明君,偶像练习生,合作舞台阶段,2018-03-03,2018-03-23,余明君 偶像练习生,4220847637924222,https://m.weibo.cn/detail/4220847637924222,2018-03-23 21:32:00,余明君，你超棒，虽然离开了，但感谢偶像练习生，让Dream遇见你 评论配图,1557,0,9,1566,6
idol_producer_028,余明君,偶像练习生,排名发布阶段,2018-02-17,2018-03-02,余明君 偶像练习生,4212857866837152,https://m.weibo.cn/detail/4212857866837152,2018-03-01 20:24:00,#偶像练习生# #麦锐练习生# 麦锐员工之宝藏男孩儿的正确答案来啦～ 敲黑板！请大家照着上一条微博的照片顺序自行对答案 满分6分，诚实的告诉麦老师，你几分？ @李希侃_LXK @孙凡杰_FJ @吕晨瑜_LCY @邓烺怡_LY @罗正_LZ @余明君_MJ ​,146,329,234,1038,7
idol_producer_028,余明君,偶像练习生,合作舞台阶段,2018-03-03,2018-03-23,余明君 偶像练习生,4220845251071340,https://m.weibo.cn/detail/4220845251071340,2018-03-23 21:23:00,#偶像练习生# #蔡徐坤# 排名 35进20 蔡徐坤第一 2~9：陈立农 范丞丞 Justin 王子异 小鬼 朱正廷 尤长靖 卜凡 10~20：钱正昊 林彦俊 毕雯珺 灵超 朱星杰 林超泽 Jeffrey 秦奋 李希侃 徐圣恩 郑锐彬 21~35（淘汰）： 周彦辰 木子洋 李权哲 韩沐伯 周锐 丁泽仁 岳岳 杨非同 楼滋博 罗正 陆定昊 黄新淳 何东东 李让 余明君 有什么想对各位小哥哥说的吗 L Healer听风的秒拍视频 收起 d,26,49,512,636,8
idol_producer_028,余明君,偶像练习生,排名发布阶段,2018-02-17,2018-03-02,余明君 偶像练习生,4212881073085968,https://m.weibo.cn/detail/4212881073085968,2018-03-01 21:56:00,#偶像练习生# 显微镜女孩分享一下根据花絮扒出来了的宿舍分配。可能有稍许误差，欢迎大家补充修改，其他不熟悉就没扒了。 01宿舍，范丞丞 朱正廷 黄明昊 黄新淳 02宿舍，李权哲 丁泽仁 泰国人 毕雯珺 03宿舍，朱匀一 朱匀天 董岩磊 未知 04宿舍，罗正 吕晨瑜 余明君 李希侃 06宿舍，有长靖 高茂桐 林超泽 姜京佐 08宿舍，蔡徐坤 钱正昊 周锐 秦子墨 10宿舍， 秦奋 韩沐伯 左叶 靖佩瑶 17宿舍，董又霖 王子异 郑锐彬 胡志邦 18宿舍，坤音四子 灵超 卜凡 岳岳 木子洋 19宿舍，朱星杰 小鬼 周彦辰 张晏恺 21宿舍，林彦俊 陈立农 许凯皓 林浩楷 收起 d,17,79,258,433,9
idol_producer_028,余明君,偶像练习生,排名发布阶段,2018-02-17,2018-03-02,余明君 偶像练习生,4213098816684641,https://m.weibo.cn/detail/4213098816684641,2018-03-02 12:21:00,#偶像练习生# #麦锐练习生# 麦锐员工之宝藏男孩们的第一次机场 鉴于昨天同学们答题……麦老师为了奖励大家送上第一波福利！惊不惊喜？意不意外？ 某机场“爱豆” @罗正_LZ 被某“站哥” @余明君_MJ 跟拍，竟然提醒他长得皮肤黑就不要戴白色口罩了？ L 麦锐娱乐的秒拍视频 ​,41,92,170,395,10
idol_producer_028,余明君,偶像练习生,排名发布阶段,2018-02-17,2018-03-02,余明君 偶像练习生,4212877764306302,https://m.weibo.cn/detail/4212877764306302,2018-03-01 21:43:00,#偶像练习生# 谁家的小哥哥，快来认领 @余明君_MJ @圣恩XII @Lee权哲 明晚8点，持续打call不要停 #ETM练习生培养中心# #ETMSkies# #练习生# ​​​​,22,111,99,343,11
idol_producer_028,余明君,偶像练习生,位置测评阶段,2018-02-03,2018-02-16,余明君 偶像练习生,4208143003249479,https://m.weibo.cn/detail/4208143003249479,2018-02-16 20:08:00,#偶像练习生# #麦锐练习生# 周五晚准时向全民制作人报道啦！ 六位小哥哥一本正经卖(犯)萌(傻)的场面，有没有被可爱到？ 新一轮的投票已经开始！比赛虽然是残酷的……但是还留下来的小哥哥请带上六只全部的初心，继续努力前行吧！麦锐娱乐加油 @罗正_LZ @李希侃_LXK @余明君_MJ @吕晨瑜_LCY @邓烺怡_LY @孙凡杰_FJ 收起 d,12,70,157,309,12
idol_producer_028,余明君,偶像练习生,初评级阶段,2018-01-19,2018-01-26,余明君 偶像练习生,4200554463064819,https://m.weibo.cn/detail/4200554463064819,2018-01-26 21:34:00,#偶像练习生# #麦锐练习生# 小哥哥们的自拍原图奉上 今天的节目中，大家有捕捉到新鲜的六只吗？ @罗正_LZ @李希侃_LXK @余明君_MJ @吕晨瑜_LCY @邓烺怡_LY @孙凡杰_FJ ​,27,62,107,258,13
idol_producer_028,余明君,偶像练习生,位置测评阶段,2018-02-03,2018-02-16,余明君 偶像练习生,4208173889395800,https://m.weibo.cn/detail/4208173889395800,2018-02-16 22:11:00,#偶像练习生# #偶像练习生余明君# 晋级成功 @余明君_MJ 感谢全民制作人的投票和支持！顺位发表时一边感谢也一边泣不成声，台下是兄弟们的鼓励和呼喊，一起互相陪伴走过的风雨大家都记得呢，团魂满满的少年们，相互信任和团结的力量，会成为未来继续砥砺前行的动力 麦锐练习生，你们都是最棒的！ @罗正_LZ @李希侃_LXK @吕晨瑜_LCY @邓烺怡_LY @孙凡杰_FJ L 麦锐娱乐的秒拍视频 收起 d,14,45,154,258,14
idol_producer_028,余明君,偶像练习生,合作舞台阶段,2018-03-03,2018-03-23,余明君 偶像练习生,4220680889578781,https://m.weibo.cn/detail/4220680889578781,2018-03-23 10:30:00,#偶像练习生# #爱奇艺花絮# 今天读信的是Jeffrey和余明君～～ 收到信的福瑞特别开心！说很想全部都读完，但时间有限，会把所有的信寄回家里，一封一封慢慢读 明君读完信讲了很多心里话，希望对他有有好感的制作人都能听听他说的话 【泡泡新信】Jeffrey：有你们是我最大的幸运 O 网页链接 【泡泡新信】余明君哽咽致谢：为你们拼尽全力 L 《偶像练习生》【泡泡新信】余明君哽咽致谢：为你们拼尽全力 收起 d,17,46,120,229,15
idol_producer_028,余明君,偶像练习生,初评级阶段,2018-01-19,2018-01-26,余明君 偶像练习生,4200501954747825,https://m.weibo.cn/detail/4200501954747825,2018-01-26 18:06:00,#偶像练习生# #麦锐练习生# 您收到一个新通知：用户您好，您日思夜想期待着的小哥哥们发布了6条新朋友圈and自拍，请及时回复 @罗正_LZ @李希侃_LXK @余明君_MJ @吕晨瑜_LCY @邓烺怡_LY @孙凡杰_FJ O 今晚8点《偶像练习生》 ，走起～ ​,63,41,82,227,16
idol_producer_028,余明君,偶像练习生,排名发布阶段,2018-02-17,2018-03-02,余明君 偶像练习生,4213090239344909,https://m.weibo.cn/detail/4213090239344909,2018-03-02 11:47:00,【推特】 #偶像练习生# 话题下1小时pick #乐华中国line# #范丞丞# #黄明昊# #朱正廷# #蔡徐坤# #郑锐彬# #李权哲# #卜凡# #尤长靖# #麦锐娱乐# #余明君# #吕晨瑜# #偶像练习生邓烺怡# ​,6,66,83,221,17
idol_producer_028,余明君,偶像练习生,排名发布阶段,2018-02-17,2018-03-02,余明君 偶像练习生,4213212235243137,https://m.weibo.cn/detail/4213212235243137,2018-03-02 19:52:00,#偶像练习生# #麦锐练习生# 新一期节目已播出 麦锐少年的心永远在一起着，Fighting!!!本轮投票截止还有一天的时间，全民制作人，拜托了 不说了，老麦赶紧投票去了…… @罗正_LZ @李希侃_LXK @余明君_MJ @吕晨瑜_LCY @邓烺怡_LY @孙凡杰_FJ ​,20,35,124,214,18
idol_producer_028,余明君,偶像练习生,合作舞台阶段,2018-03-03,2018-03-23,余明君 偶像练习生,4220847403299317,https://m.weibo.cn/detail/4220847403299317,2018-03-23 21:31:00,#余明君# #偶像练习生余明君# 一段旅程的结束，是为了迎接下一段旅程的开始，只要有Dream在心里，相信可以去到更高更远的地方～ 小黑，加油！,8,13,157,191,19
idol_producer_028,余明君,偶像练习生,位置测评阶段,2018-02-03,2018-02-16,余明君 偶像练习生,4208183649934897,https://m.weibo.cn/detail/4208183649934897,2018-02-16 22:50:00,#偶像练习生# 第一轮前60名： 蔡徐坤/陈立农/范丞丞/Justin/朱正廷/小鬼/卜凡/李权哲/何东东/尤长靖/王子异/Jeffrey/秦奋/林超泽/朱星杰/灵超/钱正昊/董岩磊/韩沐伯/丁泽仁/岳岳/左叶/徐凯皓/木子洋/郑锐彬/毕雯珺/周彦辰/林彦俊/李希侃/陆定昊/周锐/黄书豪/黄新淳/罗正/张达源/李让/贝汯璘/李长庚/陈斯琪/韩雍杰/秦子墨/武连杰/覃俊毅/娄滋博/靖佩瑶/余明君/陈名豪/明鹏/杨非同/朱匀一/伽里/凌崎/朱匀天/徐圣恩/李俊毅/张奕轩/王艺龙/姜达赫/胡致邦/梁辉 乐华女孩绝不认输 收起 d,2,32,106,172,20
idol_producer_028,余明君,偶像练习生,合作舞台阶段,2018-03-03,2018-03-23,余明君 偶像练习生,4220748291969864,https://m.weibo.cn/detail/4220748291969864,2018-03-23 14:57:00,#余明君# #偶像练习生余明君# 你们的名字叫Dream，记住了吗？ 因为“君”和Dream发音很像，因为他正在追逐梦想，因为你们就是他的梦想～🌟 @余明君_MJ 现场读“微博私信”也是头一次了，谢谢所有的喜欢💕,3,21,62,107,21
idol_producer_028,余明君,偶像练习生,位置测评阶段,2018-02-03,2018-02-16,余明君 偶像练习生,4208154231769871,https://m.weibo.cn/detail/4208154231769871,2018-02-16 20:53:00,【 #偶像练习生# 公布50—41排名 余明君泪洒现场】虽然公布的气氛是紧张严肃的，但nili张PD @努力努力再努力x 还是忍不住get“吊胃口”技能，来帮大家活跃下氛围。46名的余明君在讲到感想时不禁泪洒现场~ 41- @秦子墨_Mo 42- @CNK-武连杰 43- @CNK-覃俊毅 44- @CNK-娄滋博BOi 45- @靖佩瑶 46- @余明君_MJ 47- @陈名豪M 48- @Pb明鹏 49- @杨非同Nemo 50- @CATCHERTS_朱匀一 L 《偶像练习生》公布50—41排名 余明君泪洒现场 更多幕后小故事，请锁定每周五八点半上线的 #偶像有新番# 更多精彩 移动端> O 网页链接 pc端> O 网页链接 收起 d,4,14,60,92,22
idol_producer_028,余明君,偶像练习生,合作舞台阶段,2018-03-03,2018-03-23,余明君 偶像练习生,4220826163266886,https://m.weibo.cn/detail/4220826163266886,2018-03-23 20:07:00,#偶像练习生余明君# #余明君# 12月20日，你向全民制作人报道 3月23日，你遗憾离场。 四个月的时间，你为我们带来四场精彩的舞台。 无论是《Dance to the music》中充满活力的你 还是《双截棍》中酷帅撩人的你 无论是《Firewalking》中少年气息十足的你 还是《特务J》中散发着神秘魅力的你。 每一个余明君，都是Dream心中独一无二的无人代替的你 一场比赛的落幕不是结束，而是新的开始 未来的路，Dream陪你一起走。 对不起，之前的我们不够努力，配不上这么好的你，日后我们会更加努力，让你拥有你梦想的大舞台。 余明君，你值得 #余明君一定会出道# #陪余明君走钻石路# L 余明君全球后援会的秒拍视频 收起 d,5,2,20,29,23
idol_producer_028,余明君,偶像练习生,排名发布阶段,2018-02-17,2018-03-02,余明君 偶像练习生,4212913201835999,https://m.weibo.cn/detail/4212913201835999,2018-03-02 00:04:00,#偶像练习生# ❤️ #偶像练习生余明君# 우~ 이번 주 금요일 우~ 금요일에 시간 어때요 주말까지 기다리긴 힘들어 시간아 달려라 시계를 더 보채고 싶지만 (mind control) @余明君_MJ 今天又是能见到你的一天 K 금요일에 만나요（星期五见面） ​,4,3,13,23,24
idol_producer_028,余明君,偶像练习生,排名发布阶段,2018-02-17,2018-03-02,余明君 偶像练习生,4213131347238040,https://m.weibo.cn/detail/4213131347238040,2018-03-02 14:30:00,#偶像练习生# ❤️ #偶像练习生余明君# 20180224 ✈️ “带我走吧，心跳给你，冲动给你。 拙劣的情话给你，眼底的星星✨给你，血液的奔涌给你 寒风给你，炙热给你，小心翼翼给你，奋不顾身给你 余生所有的清晨日落，早安晚安，全都给你。” @余明君_MJ ​,1,5,12,23,25
idol_producer_028,余明君,偶像练习生,合作舞台阶段,2018-03-03,2018-03-23,余明君 偶像练习生,4220855292832241,https://m.weibo.cn/detail/4220855292832241,2018-03-23 22:03:00,#偶像练习生# 大家的字都...Em...就余明君写的还不错 ​,3,5,8,21,26
idol_producer_028,余明君,偶像练习生,合作舞台阶段,2018-03-03,2018-03-23,余明君 偶像练习生,4220864533033113,https://m.weibo.cn/detail/4220864533033113,2018-03-23 22:39:00,周美锐 岳岳 韩沐博 木子洋 余明君 李权哲·····愿各位都能越来越好～ #偶像练习生#,0,2,15,19,27
idol_producer_028,余明君,偶像练习生,合作舞台阶段,2018-03-03,2018-03-23,余明君 偶像练习生,4220848875026411,https://m.weibo.cn/detail/4220848875026411,2018-03-23 21:37:00,新的开始，小黑加油💪期待未来更好的相遇 评论配图 // @麦锐娱乐 : #余明君# #偶像练习生余明君# 一段旅程的结束，是为了迎接下一段旅程的开始，只要有Dream在心里，相信可以去到更高更远的地方～ 小黑，加油！,2,0,16,18,28
idol_producer_028,余明君,偶像练习生,位置测评阶段,2018-02-03,2018-02-16,余明君 偶像练习生,4207833962054135,https://m.weibo.cn/detail/4207833962054135,2018-02-15 23:40:00,#偶像练习生# ❤️ #偶像练习生余明君# 我说“我永远爱你”不是指我十年、二十年、五十年之后还会爱你。 而是指我现在这一刻对你的爱让我有勇气说“永远”。 @余明君_MJ 余明君，让我们永远陪伴你，永远爱你吧 祝所有喜欢支持关注明君的小伙伴，新春快乐，会会送上九张明君无水印图，祝大家狗年旺旺🤗🤗🤗🤗 收起 d,2,3,9,17,29
idol_producer_028,余明君,偶像练习生,合作舞台阶段,2018-03-03,2018-03-23,余明君 偶像练习生,4220842990878460,https://m.weibo.cn/detail/4220842990878460,2018-03-23 21:14:00,#偶像练习生# 排名 35进20 蔡徐坤第一 2~9：陈立农 范丞丞 Justin 王子异 小鬼 朱正廷 尤长靖 卜凡 10~20：钱正昊 林彦俊 毕雯珺 灵超 朱星杰 林超泽 Jeffrey 秦奋 李希侃 徐圣恩 郑锐彬 21~35（淘汰）： 周彦辰 木子洋 李权哲 韩沐伯 周锐 丁泽仁 岳岳 杨非同 楼滋博 罗正 陆定昊 黄新淳 何东东 李让 余明君 收起 d,0,3,10,16,30
idol_producer_029,侯浩然,偶像练习生,位置测评阶段,2018-02-03,2018-02-16,侯浩然 偶像练习生,4205628647661550,https://m.weibo.cn/detail/4205628647661550,2018-02-09 21:37:00,#偶像练习生# 小组竞演《大艺术家》恭喜A组获胜！陈立农 @超级農農 反转可爱风，与队友侯浩然 @HashtagHhr ，担任center的贝汯璘 @Trainee18-贝汯璘Air ，张弈轩 @X-TIME张奕轩 ，J-ONE @NGC_J-One ，孙浩然 @BBT孙浩然 身着黑色小西装，舞蹈动作与情绪把控的细节处尽显用心，化身“大艺术家”教你如何练习性感！ L 《偶像练习生》陈立农抛开可爱人设 化身大艺术家舞台大反转 收起 d,1867,7189,5872,22117,1
idol_producer_029,侯浩然,偶像练习生,位置测评阶段,2018-02-03,2018-02-16,侯浩然 偶像练习生,4205634737886933,https://m.weibo.cn/detail/4205634737886933,2018-02-09 22:02:00,【陈立农 大艺术家】 #偶像练习生# 分组对决上线！陈立农、侯浩然、贝汯璘、张弈轩、J-ONE、孙浩然性感演绎《大艺术家》，陈立农 @超级農農 突破自己的可爱形象，尝试性感表演，不过还是hin清纯的样子啦！真的颜值身高都相当能打！ L 新浪综艺的秒拍视频 ​,1091,2372,5972,11807,2
idol_producer_029,侯浩然,偶像练习生,位置测评阶段,2018-02-03,2018-02-16,侯浩然 偶像练习生,4208154289709248,https://m.weibo.cn/detail/4208154289709248,2018-02-16 20:53:00,偶像练习生 99进60的淘汰名单 乐华、坤音、觉醒东方、超能唱片全员安全 香蕉娱乐（9个淘汰4个） 高茂桐 姜京佐 李若天 邱治楷 辰星娱乐（6个淘汰4个） Rapen 王宥辰 J-one Gigel 麦锐娱乐（6个淘汰3个） 邓烺怡 孙凡杰 吕晨瑜 简单快乐（5个淘汰4个） 金逸涵 林浩楷 李志杰 孙浩然 盛夏星空（5个淘汰1个） 王梓豪 新锐杂志（5个淘汰3个） 赵俞澈 应智越 万宇贤 AIF娱乐（全军覆没） 于浩 赵凌峰 杨羿 张艺凡 焕星娱乐（全军覆没） 何嘉庚 李鑫岩 罗杰 张宇晨 铂熠娱乐（4个淘汰2个） 叶泓希 张昕 乐风艺社（全军覆没） 陈义夫 闵喆祥 果然娱乐（4个淘汰1个） 张晏恺 次元文化（2个淘汰1个） 徐鹤尼 新湃传媒（单人） 于斌 天津中视（单人） 朱一文 个人练习生（7个淘汰4个） 甘俊 侯浩然 黄若涵 周腾阳 个人觉得比较可惜的一些：扫地组合（罗杰、姜京佐）、张艺凡（第三期进A组）、闵喆祥（学舞能力突出） 收起 d,220,1591,1046,4448,3
idol_producer_029,侯浩然,偶像练习生,初评级阶段,2018-01-19,2018-01-26,侯浩然 偶像练习生,4197964794891325,https://m.weibo.cn/detail/4197964794891325,2018-01-19 18:04:00,#偶像练习生# 各位全名制作人大家好，我是可爱又迷人的“反派角色”侯浩然，希望大家可以多多支持我，给我投票！！ 越努力，越幸运！！ 2 廊坊·祁各庄镇 ​,43,71,1229,1414,4
idol_producer_029,侯浩然,偶像练习生,位置测评阶段,2018-02-03,2018-02-16,侯浩然 偶像练习生,4205806133928583,https://m.weibo.cn/detail/4205806133928583,2018-02-10 09:23:00,【陈立农 大艺术家】 #偶像练习生# 分组对决，陈立农、侯浩然、贝汯璘、张弈轩、J-ONE、孙浩然性感演绎《大艺术家》，陈立农 @超级農農 突破自己的可爱形象，尝试性感表演，不过还是hin清纯的样子啦～！ L 新浪综艺的秒拍视频 ​,47,89,442,667,5
idol_producer_029,侯浩然,偶像练习生,总决赛阶段,2018-03-24,2018-04-06,侯浩然 偶像练习生,4222251236851702,https://m.weibo.cn/detail/4222251236851702,2018-03-27 18:30:00,【 #偶像练习生# 每日pick福利】节目走进尾声，还记得当初99人练习生怀揣梦想，努力的只为站上那个闪耀的舞台。今天，台台放出个人练习生侯浩然 @HashtagHhr 的亲笔签名照，他曾经努力的模样你们还记得吗？ 关注 @微博视频台 ，带话题 #偶像练习生# 转发评论该条微博，下周一极有可能收到它哟~ ​,33,69,135,306,6
idol_producer_029,侯浩然,偶像练习生,主题曲考核阶段,2018-01-27,2018-02-02,侯浩然 偶像练习生,4202974412742710,https://m.weibo.cn/detail/4202974412742710,2018-02-02 13:50:00,@HashtagHhr 为你打爆电话！我们一起用爱发电，向 #偶像练习生# 练习生PICK榜第一名进击，赢取节目10s彩蛋！ // @HashtagHhr :我是 #偶像练习生# 侯浩然，全民制作人，请多关照！！,240,0,0,240,7
idol_producer_029,侯浩然,偶像练习生,合作舞台阶段,2018-03-03,2018-03-23,侯浩然 偶像练习生,4215379834260096,https://m.weibo.cn/detail/4215379834260096,2018-03-08 19:25:00,#陈立农# #偶像练习生陈立农# 【音频】 陈立农 @超级農農 的超高品质音频已经在网易云音乐上线 喜欢农农的朋友收听的同时 可以多多去网易云音乐评论点赞 分享张奕轩/陈立农/孙浩然/侯浩然/J-ONE/贝汯璘的单曲《大艺术家 (A组现场版) (原唱：蔡依林)》: O 网页链接 (来自 @网易云音乐 ) 分享陈立农/李权哲/韩沐伯/尤长靖的单曲《我怀念的 (Live) (原唱：孙燕姿)》: O 网页链接 (来自 @网易云音乐 ) 收起 d,24,11,152,198,8
idol_producer_029,侯浩然,偶像练习生,总决赛阶段,2018-03-24,2018-04-06,侯浩然 偶像练习生,4225872367828761,https://m.weibo.cn/detail/4225872367828761,2018-04-06 18:19:00,我是 #偶像练习生# 侯浩然，全民制作人，谢谢关照！,0,11,97,119,9
idol_producer_029,侯浩然,偶像练习生,位置测评阶段,2018-02-03,2018-02-16,侯浩然 偶像练习生,4205656225203651,https://m.weibo.cn/detail/4205656225203651,2018-02-09 23:27:00,【陈立农 大艺术家】 #偶像练习生# 分组对决上线！陈立农、侯浩然、贝汯璘、张弈轩、J-ONE、孙浩然性感演绎《大艺术家》，陈立农 @超级農農 突破自己的可爱形象，尝试性感表演，不过还是hin清纯的样子啦！真的颜值身高都相当能打 L 扒卦娱乐的秒拍视频 ​,1,0,12,13,10
idol_producer_029,侯浩然,偶像练习生,初评级阶段,2018-01-19,2018-01-26,侯浩然 偶像练习生,4200426025004069,https://m.weibo.cn/detail/4200426025004069,2018-01-26 13:04:00,#偶像练习生# 推特两小时内宣传来自pick #林超泽# #侯浩然# #justin黄明昊# #蔡徐坤# #范丞丞# #陈立农# ​,0,0,5,5,11
idol_producer_029,侯浩然,偶像练习生,合作舞台阶段,2018-03-03,2018-03-23,侯浩然 偶像练习生,4215635749135135,https://m.weibo.cn/detail/4215635749135135,2018-03-09 12:22:00,【今日中午歌单】1.sheep—张艺兴 2.ei ei—偶像练习生全员 3.小半—周锐/郑锐彬/灵超/钱正昊 4.大艺术家—张奕轩/陈立农/孙浩然/侯浩然/J-ONE/贝汯璘 5..我怀念的—陈立农/李权哲/尤长靖/韩沐伯 ​,1,0,3,4,12
idol_producer_029,侯浩然,偶像练习生,位置测评阶段,2018-02-03,2018-02-16,侯浩然 偶像练习生,4205336510507969,https://m.weibo.cn/detail/4205336510507969,2018-02-09 02:16:00,@HashtagHhr : #偶像练习生# 各位全名制作人大家好，我是可爱又迷人的“反派角色”侯浩然，希望大家可以多多支持我，给我投票！！ 越努力，越幸运！！ 2廊坊·祁各庄镇 ​​​​,0,0,1,1,13
idol_producer_029,侯浩然,偶像练习生,初评级阶段,2018-01-19,2018-01-26,侯浩然 偶像练习生,4198195678608256,https://m.weibo.cn/detail/4198195678608256,2018-01-20 09:21:00,@HashtagHhr 为你打爆电话！我们一起用爱发电，向 #偶像练习生# 练习生PICK榜第一名进击，赢取节目10s彩蛋！ // @HashtagHhr :我是 #偶像练习生# 侯浩然，全民制作人，请多关照！！,0,0,0,0,14
idol_producer_029,侯浩然,偶像练习生,初评级阶段,2018-01-19,2018-01-26,侯浩然 偶像练习生,4198195782904308,https://m.weibo.cn/detail/4198195782904308,2018-01-20 09:22:00,@HashtagHhr 为你打爆电话！我们一起用爱发电，向 #偶像练习生# 练习生PICK榜第一名进击，赢取节目10s彩蛋！ // @HashtagHhr :我是 #偶像练习生# 侯浩然，全民制作人，请多关照！！,0,0,0,0,15
idol_producer_029,侯浩然,偶像练习生,位置测评阶段,2018-02-03,2018-02-16,侯浩然 偶像练习生,4205635187272680,https://m.weibo.cn/detail/4205635187272680,2018-02-09 22:03:00,【陈立农 大艺术家】 #偶像练习生# 分组对决上线！陈立农、侯浩然、贝汯璘、张弈轩、J-ONE、孙浩然性感演绎《大艺术家》，陈立农 @超级農農 突破自己的可爱形象，尝试性感表演，不过还是hin清纯的样子啦！真的颜值身高都相当能打！ L 新浪综艺的秒拍视频 ​​​,0,0,0,0,16
idol_producer_029,侯浩然,偶像练习生,位置测评阶段,2018-02-03,2018-02-16,侯浩然 偶像练习生,4205785124391288,https://m.weibo.cn/detail/4205785124391288,2018-02-10 07:59:00,【陈立农 大艺术家】 #偶像练习生# 分组对决上线！陈立农、侯浩然、贝汯璘、张弈轩、J-ONE、孙浩然性感演绎《大艺术家》，陈立农 @超级農農 突破自己的可爱形象，尝试性感表演，不过还是hin清纯的样子啦！真的颜值身高都相当能打！ L 新浪综艺的秒拍视频 ​,0,0,0,0,17
idol_producer_029,侯浩然,偶像练习生,合作舞台阶段,2018-03-03,2018-03-23,侯浩然 偶像练习生,4215409723185468,https://m.weibo.cn/detail/4215409723185468,2018-03-08 21:24:00,#陈立农# #偶像练习生陈立农# 【音频】 陈立农 @超级農農 的超高品质音频已经在网易云音乐上线 喜欢农农的朋友收听的同时 可以多多去网易云音乐评论点赞 分享张奕轩/陈立农/孙浩然/侯浩然/J-ONE/贝汯璘的单曲《大艺术家 (A组现场版) (原唱：蔡依林)》: O 网页链接 (来自 @网易云音乐 ) 分享陈立农/李权哲/韩沐伯/尤长靖的单曲《我怀念的 (Live) (原唱：孙燕姿)》: O 网页链接 (来自 @网易云音乐 ) 收起 d,0,0,0,0,18
idol_producer_030,凌崎,偶像练习生,位置测评阶段,2018-02-03,2018-02-16,凌崎 偶像练习生,4208038812372573,https://m.weibo.cn/detail/4208038812372573,2018-02-16 13:14:00,#偶像练习生# 来来来，给大家送来四个吃可爱长大的“babyface”蓝孩纸！Justin @jjjustin0219 灵超 @灵超DIDI 凌崎 @X-TIME凌崎 钱正昊 @钱正昊 ​,1608,2707,5178,12200,1
idol_producer_030,凌崎,偶像练习生,排名发布阶段,2018-02-17,2018-03-02,凌崎 偶像练习生,4213215053136139,https://m.weibo.cn/detail/4213215053136139,2018-03-02 20:03:00,#X-TIME# 元宵节 × 偶像练习生 元宵节和偶像练习生最配啦！ 来看看克洛斯小哥哥们为队员们的应援吧！看看我们的钢铁兄弟情！ O 网页链接 看完要记得救救孩子们呐 #张奕轩偶像练习生# #凌崎偶像练习生# 👉🏻 O 网页链接 —— #X-TIME时空手帐# #Day0437# ​,618,500,554,2172,2
idol_producer_030,凌崎,偶像练习生,排名发布阶段,2018-02-17,2018-03-02,凌崎 偶像练习生,4213167351316985,https://m.weibo.cn/detail/4213167351316985,2018-03-02 16:53:00,#X-TIME# #张奕轩偶像练习生# #凌崎偶像练习生# 在这个正逢周五的元宵节，想说的话都在图里！👇🏻👇🏻👇🏻 ​,546,518,557,2139,3
idol_producer_030,凌崎,偶像练习生,主题曲考核阶段,2018-01-27,2018-02-02,凌崎 偶像练习生,4203033543533512,https://m.weibo.cn/detail/4203033543533512,2018-02-02 17:45:00,[ #X-FILE# ] #X-TIME# 或许…你们听说过克洛斯Company吗？ L X-TIMEboys的秒拍视频 最近，我们的张总、市场部叶经理、医疗部张经理和保洁部小凌正在北京“公干”，大家都很想他们吧？！ #张昕偶像练习生# #叶泓希偶像练习生# #张奕轩偶像练习生# #凌崎偶像练习生# O 今晚8:00，又能看到他们的表现啦 ~ 大家记得准时收看，给他们打电话哦！ —— #X-TIME时空手帐# #Day0409# 收起 d,370,205,145,925,4
idol_producer_030,凌崎,偶像练习生,位置测评阶段,2018-02-03,2018-02-16,凌崎 偶像练习生,4208047297282255,https://m.weibo.cn/detail/4208047297282255,2018-02-16 13:48:00,为 #偶像练习生# 里的四个小可爱打call ～Justin @jjjustin0219 灵超 @灵超DIDI 凌崎 @X-TIME凌崎 钱正昊 @钱正昊 ​​​,2,31,185,249,5
idol_producer_030,凌崎,偶像练习生,位置测评阶段,2018-02-03,2018-02-16,凌崎 偶像练习生,4208183649934897,https://m.weibo.cn/detail/4208183649934897,2018-02-16 22:50:00,#偶像练习生# 第一轮前60名： 蔡徐坤/陈立农/范丞丞/Justin/朱正廷/小鬼/卜凡/李权哲/何东东/尤长靖/王子异/Jeffrey/秦奋/林超泽/朱星杰/灵超/钱正昊/董岩磊/韩沐伯/丁泽仁/岳岳/左叶/徐凯皓/木子洋/郑锐彬/毕雯珺/周彦辰/林彦俊/李希侃/陆定昊/周锐/黄书豪/黄新淳/罗正/张达源/李让/贝汯璘/李长庚/陈斯琪/韩雍杰/秦子墨/武连杰/覃俊毅/娄滋博/靖佩瑶/余明君/陈名豪/明鹏/杨非同/朱匀一/伽里/凌崎/朱匀天/徐圣恩/李俊毅/张奕轩/王艺龙/姜达赫/胡致邦/梁辉 乐华女孩绝不认输 收起 d,2,32,106,172,6
idol_producer_030,凌崎,偶像练习生,初评级阶段,2018-01-19,2018-01-26,凌崎 偶像练习生,4200563345897452,https://m.weibo.cn/detail/4200563345897452,2018-01-26 22:10:00,#凌崎# #偶像练习生凌崎# 没看到我们弟弟表演的姐妹们看过来 07表现不错，初等级是C等级，是不是很棒 想对弟弟说，继续加油，你是最棒的 @X-TIME凌崎 L 《偶像练习生》舞台纯享：铂熠文化《够了》 ​,2,6,17,31,7
idol_producer_030,凌崎,偶像练习生,排名发布阶段,2018-02-17,2018-03-02,凌崎 偶像练习生,4212727830546951,https://m.weibo.cn/detail/4212727830546951,2018-03-01 11:47:00,#偶像练习生# 我向 @X-TIME凌崎 送出了加油卡！我pick的小哥哥全世界最棒！大家快来一起给你喜欢的选手打call吧！ O 练习生PICK榜 ​,0,5,0,10,8
idol_producer_030,凌崎,偶像练习生,排名发布阶段,2018-02-17,2018-03-02,凌崎 偶像练习生,4212701603320318,https://m.weibo.cn/detail/4212701603320318,2018-03-01 10:03:00,#凌崎# #偶像练习生凌崎# 第二轮投票马上要截止了，给日夜爆肝的你们点赞，还需继续加油 也许我们做的还不够好，但我们会努力！ “干说不做假把式”，为了弟弟加油！欢迎加入👇 投票链接 O 网页链接 ​,0,1,6,8,9
idol_producer_030,凌崎,偶像练习生,总决赛阶段,2018-03-24,2018-04-06,凌崎 偶像练习生,4225906895526378,https://m.weibo.cn/detail/4225906895526378,2018-04-06 20:36:00,#凌崎# // @X-TIME凌崎 :我是 #偶像练习生# 凌崎，全民制作人，谢谢关照。,0,0,2,2,10
idol_producer_030,凌崎,偶像练习生,初评级阶段,2018-01-19,2018-01-26,凌崎 偶像练习生,4200524285326465,https://m.weibo.cn/detail/4200524285326465,2018-01-26 19:34:00,#偶像练习生# 我向 @X-TIME凌崎 送出了加油卡！我pick的小哥哥全世界最棒！大家快来一起给你喜欢的选手打call吧！ O 练习生PICK榜 ​,0,0,1,1,11
idol_producer_030,凌崎,偶像练习生,初评级阶段,2018-01-19,2018-01-26,凌崎 偶像练习生,4200524217086658,https://m.weibo.cn/detail/4200524217086658,2018-01-26 19:34:00,@X-TIME凌崎 为你打爆电话！我们一起用爱发电，向 #偶像练习生# 练习生PICK榜第一名进击，赢取节目10s彩蛋！ // @X-TIME凌崎 :我是 #偶像练习生# 凌崎，全民制作人，请多关照。,0,0,1,1,12
idol_producer_030,凌崎,偶像练习生,初评级阶段,2018-01-19,2018-01-26,凌崎 偶像练习生,4200524201548333,https://m.weibo.cn/detail/4200524201548333,2018-01-26 19:34:00,@X-TIME凌崎 我在 #偶像练习生# 练习生PICK榜上为你打call！把小心心都给你，赢取节目10s彩蛋！ O 练习生PICK榜 ​,0,0,1,1,13
idol_producer_030,凌崎,偶像练习生,初评级阶段,2018-01-19,2018-01-26,凌崎 偶像练习生,4200524179943531,https://m.weibo.cn/detail/4200524179943531,2018-01-26 19:34:00,@X-TIME凌崎 我在 #偶像练习生# 练习生PICK榜上为你打call！把小心心都给你，赢取节目10s彩蛋！ O 练习生PICK榜 ​,0,0,1,1,14
idol_producer_030,凌崎,偶像练习生,初评级阶段,2018-01-19,2018-01-26,凌崎 偶像练习生,4200524158353737,https://m.weibo.cn/detail/4200524158353737,2018-01-26 19:34:00,@X-TIME凌崎 我在 #偶像练习生# 练习生PICK榜上为你打call！把小心心都给你，赢取节目10s彩蛋！ O 练习生PICK榜 ​,0,0,1,1,15
idol_producer_030,凌崎,偶像练习生,初评级阶段,2018-01-19,2018-01-26,凌崎 偶像练习生,4200524443894326,https://m.weibo.cn/detail/4200524443894326,2018-01-26 19:35:00,@X-TIME凌崎 我在 #偶像练习生# 练习生PICK榜上为你打call！把小心心都给你，赢取节目10s彩蛋！ O 练习生PICK榜 ​,0,0,1,1,16
idol_producer_030,凌崎,偶像练习生,主题曲考核阶段,2018-01-27,2018-02-02,凌崎 偶像练习生,4203081829421019,https://m.weibo.cn/detail/4203081829421019,2018-02-02 20:57:00,#凌崎# #偶像练习生凌崎# 以后一起喝牛奶啊 @X-TIME凌崎,0,0,1,1,17
idol_producer_030,凌崎,偶像练习生,排名发布阶段,2018-02-17,2018-03-02,凌崎 偶像练习生,4212765138256377,https://m.weibo.cn/detail/4212765138256377,2018-03-01 14:15:00,// @Silver佳佳 :💖💖💖 #叶泓希偶像练习生# #张昕偶像练习生# #张奕轩偶像练习生# #凌崎偶像练习生# #张奕轩# #叶泓希# #凌崎# #x-time张昕#,0,0,1,1,18
idol_producer_030,凌崎,偶像练习生,排名发布阶段,2018-02-17,2018-03-02,凌崎 偶像练习生,4213116177382883,https://m.weibo.cn/detail/4213116177382883,2018-03-02 13:30:00,#偶像练习生# #凌崎# 救救凌崎吧,0,0,1,1,19
idol_producer_030,凌崎,偶像练习生,合作舞台阶段,2018-03-03,2018-03-23,凌崎 偶像练习生,4219219333400392,https://m.weibo.cn/detail/4219219333400392,2018-03-19 09:42:00,喜欢大气直爽的凌崎，会一如既往支持你。// @X-TIME凌崎 : #偶像练习生# 我是凌崎 大家也可以叫我07哦 希望全民制作人们多多支持我 ，多多支持我们所有练习生 ，越努力越幸运 ，我一定会努力的！ 敬大家一杯牛奶🥛～,0,0,1,1,20
idol_producer_030,凌崎,偶像练习生,合作舞台阶段,2018-03-03,2018-03-23,凌崎 偶像练习生,4219219799236002,https://m.weibo.cn/detail/4219219799236002,2018-03-19 09:44:00,希望你可以继续加油，同样我们也会支持你的 评论配图 // @X-TIME凌崎 : #偶像练习生# 我是凌崎 大家也可以叫我07哦 希望全民制作人们多多支持我 ，多多支持我们所有练习生 ，越努力越幸运 ，我一定会努力的！ 敬大家一杯牛奶🥛～,0,0,1,1,21
idol_producer_030,凌崎,偶像练习生,合作舞台阶段,2018-03-03,2018-03-23,凌崎 偶像练习生,4219220156464698,https://m.weibo.cn/detail/4219220156464698,2018-03-19 09:45:00,喜欢凌崎还是那么优秀为你骄傲点赞。// @X-TIME凌崎 : #偶像练习生# 我是凌崎 大家也可以叫我07哦 希望全民制作人们多多支持我 ，多多支持我们所有练习生 ，越努力越幸运 ，我一定会努力的！ 敬大家一杯牛奶🥛～,0,0,1,1,22
idol_producer_030,凌崎,偶像练习生,合作舞台阶段,2018-03-03,2018-03-23,凌崎 偶像练习生,4219220746677890,https://m.weibo.cn/detail/4219220746677890,2018-03-19 09:47:00,这么努力的你，我们肯定会支持的啊// @X-TIME凌崎 : #偶像练习生# 我是凌崎 大家也可以叫我07哦 希望全民制作人们多多支持我 ，多多支持我们所有练习生 ，越努力越幸运 ，我一定会努力的！ 敬大家一杯牛奶🥛～,0,0,1,1,23
idol_producer_030,凌崎,偶像练习生,合作舞台阶段,2018-03-03,2018-03-23,凌崎 偶像练习生,4219222387526636,https://m.weibo.cn/detail/4219222387526636,2018-03-19 09:54:00,你的努力付出会取得好成绩的，为你点赞。 评论配图 // @X-TIME凌崎 : #偶像练习生# 我是凌崎 大家也可以叫我07哦 希望全民制作人们多多支持我 ，多多支持我们所有练习生 ，越努力越幸运 ，我一定会努力的！ 敬大家一杯牛奶🥛～,0,0,1,1,24
idol_producer_030,凌崎,偶像练习生,总决赛阶段,2018-03-24,2018-04-06,凌崎 偶像练习生,4225889442759770,https://m.weibo.cn/detail/4225889442759770,2018-04-06 19:26:00,#凌崎# 不愧为全才，为你疯狂打CAII，会一直支持你的 // @X-TIME凌崎 :我是 #偶像练习生# 凌崎，全民制作人，谢谢关照。,0,0,1,1,25
idol_producer_030,凌崎,偶像练习生,总决赛阶段,2018-03-24,2018-04-06,凌崎 偶像练习生,4225890223330332,https://m.weibo.cn/detail/4225890223330332,2018-04-06 19:30:00,#凌崎# 加油啊，你是最棒的，会一直支持你的 // @X-TIME凌崎 :我是 #偶像练习生# 凌崎，全民制作人，谢谢关照。,0,0,1,1,26
idol_producer_030,凌崎,偶像练习生,总决赛阶段,2018-03-24,2018-04-06,凌崎 偶像练习生,4225891040533272,https://m.weibo.cn/detail/4225891040533272,2018-04-06 19:33:00,#凌崎# 特别看好你，加油＾０＾~你是最棒的！say hi～(ღゝ◡╹)ノ♡// @X-TIME凌崎 :我是 #偶像练习生# 凌崎，全民制作人，谢谢关照。,0,0,1,1,27
idol_producer_030,凌崎,偶像练习生,初评级阶段,2018-01-19,2018-01-26,凌崎 偶像练习生,4200523797830114,https://m.weibo.cn/detail/4200523797830114,2018-01-26 19:32:00,3我在 @明星势力榜 练习生榜上pick了 #偶像练习生# @X-TIME凌崎 ，我们一起努力拿下第一名！// @X-TIME凌崎 : #偶像练习生# 我是凌崎 大家也可以叫我07哦 希望全民制作人们多多支持我 ，多多支持我们所有练习生 ，越努力越幸运 ，我一定会努力的！ 敬大家一杯牛奶🥛～,0,0,0,0,28
idol_producer_030,凌崎,偶像练习生,初评级阶段,2018-01-19,2018-01-26,凌崎 偶像练习生,4200523713925976,https://m.weibo.cn/detail/4200523713925976,2018-01-26 19:32:00,我在 @明星势力榜 练习生榜上为 #偶像练习生# @X-TIME凌崎 加油啦！你是我的取向狙击，是我的固定pick，见证你的成长，陪你一起出道！ 明星势力榜第792位 ​,0,0,0,0,29
idol_producer_030,凌崎,偶像练习生,初评级阶段,2018-01-19,2018-01-26,凌崎 偶像练习生,4200523689014936,https://m.weibo.cn/detail/4200523689014936,2018-01-26 19:32:00,我在 @明星势力榜 练习生榜上pick了 #偶像练习生# @X-TIME凌崎 ，我们一起努力拿下第一名！// @X-TIME凌崎 : #偶像练习生# 我是凌崎 大家也可以叫我07哦 希望全民制作人们多多支持我 ，多多支持我们所有练习生 ，越努力越幸运 ，我一定会努力的！ 敬大家一杯牛奶🥛～,0,0,0,0,30
idol_producer_031,叶泓希,偶像练习生,位置测评阶段,2018-02-03,2018-02-16,叶泓希 偶像练习生,4208154289709248,https://m.weibo.cn/detail/4208154289709248,2018-02-16 20:53:00,偶像练习生 99进60的淘汰名单 乐华、坤音、觉醒东方、超能唱片全员安全 香蕉娱乐（9个淘汰4个） 高茂桐 姜京佐 李若天 邱治楷 辰星娱乐（6个淘汰4个） Rapen 王宥辰 J-one Gigel 麦锐娱乐（6个淘汰3个） 邓烺怡 孙凡杰 吕晨瑜 简单快乐（5个淘汰4个） 金逸涵 林浩楷 李志杰 孙浩然 盛夏星空（5个淘汰1个） 王梓豪 新锐杂志（5个淘汰3个） 赵俞澈 应智越 万宇贤 AIF娱乐（全军覆没） 于浩 赵凌峰 杨羿 张艺凡 焕星娱乐（全军覆没） 何嘉庚 李鑫岩 罗杰 张宇晨 铂熠娱乐（4个淘汰2个） 叶泓希 张昕 乐风艺社（全军覆没） 陈义夫 闵喆祥 果然娱乐（4个淘汰1个） 张晏恺 次元文化（2个淘汰1个） 徐鹤尼 新湃传媒（单人） 于斌 天津中视（单人） 朱一文 个人练习生（7个淘汰4个） 甘俊 侯浩然 黄若涵 周腾阳 个人觉得比较可惜的一些：扫地组合（罗杰、姜京佐）、张艺凡（第三期进A组）、闵喆祥（学舞能力突出） 收起 d,220,1591,1046,4448,1
idol_producer_031,叶泓希,偶像练习生,合作舞台阶段,2018-03-03,2018-03-23,叶泓希 偶像练习生,4215995012538741,https://m.weibo.cn/detail/4215995012538741,2018-03-10 12:10:00,#X-TIME# 欢迎我们四位大宝贝回家！👏🏻 偶像练习生正式告一段落，回顾这段旅程，四位成员也是感慨万千... 邀请大家一起参加我们的接风茶话会，喝喝茶聊聊天。总结过去，开始下一段精彩旅程！加油X-TIME，越努力，越幸运！ L X-TIMEboys的秒拍视频 @X-TIME张昕 @X-TIME李佳星 @X-TIME叶泓希 @X-TIME黄思源 @X-TIME张奕轩 @X-TIME刘天杨 @X-TIME彭灿辰 @X-TIME凌崎 —— #X-TIME时空手帐# #Day0445# ​​​ 收起 d,416,463,517,1859,2
idol_producer_031,叶泓希,偶像练习生,合作舞台阶段,2018-03-03,2018-03-23,叶泓希 偶像练习生,4220760844716892,https://m.weibo.cn/detail/4220760844716892,2018-03-23 15:47:00,#XTIME# × @赛尔号官方微博 @X-TIME张昕 @X-TIME叶泓希 @X-TIME张奕轩 X-TIME三位偶像练习生成员首次亮嗓动画舞台剧——《赛尔号之逆行世界》，并将亮相新闻发布会，主题曲也将在发布会上首次公开。 O 4月1日，上午10:30，龙湖虹桥天街购物中心A馆中庭 ，欢迎大家到现场一起和小哥哥们走进逆行世界吧！ —— #X-TIME时空手帐# #Day0458# 收起 d,835,234,323,1626,3
idol_producer_031,叶泓希,偶像练习生,位置测评阶段,2018-02-03,2018-02-16,叶泓希 偶像练习生,4206660748366241,https://m.weibo.cn/detail/4206660748366241,2018-02-12 17:59:00,#偶像练习生# 叶公子叶泓希 @X-TIME叶泓希 读信时间到！ 一本正经给粉丝解释：我也想做个安静的美男子啊，但有时候控制不住寄几 L 《偶像练习生》【泡泡读信】叶泓希叶公子的八颗牙傻笑时刻 ​,51,117,1019,1304,4
idol_producer_031,叶泓希,偶像练习生,主题曲考核阶段,2018-01-27,2018-02-02,叶泓希 偶像练习生,4203033543533512,https://m.weibo.cn/detail/4203033543533512,2018-02-02 17:45:00,[ #X-FILE# ] #X-TIME# 或许…你们听说过克洛斯Company吗？ L X-TIMEboys的秒拍视频 最近，我们的张总、市场部叶经理、医疗部张经理和保洁部小凌正在北京“公干”，大家都很想他们吧？！ #张昕偶像练习生# #叶泓希偶像练习生# #张奕轩偶像练习生# #凌崎偶像练习生# O 今晚8:00，又能看到他们的表现啦 ~ 大家记得准时收看，给他们打电话哦！ —— #X-TIME时空手帐# #Day0409# 收起 d,370,205,145,925,5
idol_producer_031,叶泓希,偶像练习生,排名发布阶段,2018-02-17,2018-03-02,叶泓希 偶像练习生,4208382351107724,https://m.weibo.cn/detail/4208382351107724,2018-02-17 12:00:00,#X-TIME# 《 #偶像练习生# 》第五期✔️ 第一轮淘汰，很高兴 @X-TIME张奕轩 和 @X-TIME凌崎 能够进入前60名，同时也很遗憾 @X-TIME张昕 和 @X-TIME叶泓希 就止步于此。比赛总是残酷的，但人生的舞台并不只有这一场比赛，最重要的是在这过程中努力了成长了。非常感谢全民制作人在第一轮投票中，对我们四位少年的支持！❤️ 相信我们老干部和叶公子回来后会更加努力，小白和07会带着队友们的梦想继续加油！也希望大家能继续支持 #张奕轩偶像练习生# 和 #凌崎偶像练习生# (90°鞠躬.jpg) —— #X-TIME时空手帐# #Day0424# 收起 d,145,234,196,809,6
idol_producer_031,叶泓希,偶像练习生,位置测评阶段,2018-02-03,2018-02-16,叶泓希 偶像练习生,4205915982712754,https://m.weibo.cn/detail/4205915982712754,2018-02-10 16:39:00,#X-TIME# 《 #偶像练习生# 》小组对决花絮图 距离第一阶段投票截止还有不到4个小时了！！！第一轮投票的截止也意味着有40位练习生即将被淘汰，各位全民制作人请多多为 #张奕轩偶像练习生# #凌崎偶像练习生# #叶泓希偶像练习生# #张昕偶像练习生# 拉拉票！四位小哥哥们等待各位制作人的Pick❤️ 最后再冲刺一下吧 O 网页链接 —— #X-TIME时空手帐# #Day0417# 收起 d,301,197,28,723,7
idol_producer_031,叶泓希,偶像练习生,排名发布阶段,2018-02-17,2018-03-02,叶泓希 偶像练习生,4208505923515826,https://m.weibo.cn/detail/4208505923515826,2018-02-17 20:11:00,比赛是残酷的，虽然淘汰，但更坚定了前进的目标，更有动力，会让你们看到更好的叶泓希！ 还有特别要说的是，感谢你们🙏真的很感谢🙏🙏🙏 #偶像练习生# #叶泓希# ​,163,112,245,632,8
idol_producer_031,叶泓希,偶像练习生,排名发布阶段,2018-02-17,2018-03-02,叶泓希 偶像练习生,4208517864838776,https://m.weibo.cn/detail/4208517864838776,2018-02-17 20:58:00,#X-TIME# 再见偶像练习生叶泓希，你好X-TIME叶泓希！你用最大的努力来报答粉丝们给予的爱，你付出的所有努力也会成为厚积薄发的能量！新的一年，相信一定会越来越好的！,76,79,124,358,9
idol_producer_031,叶泓希,偶像练习生,主题曲考核阶段,2018-01-27,2018-02-02,叶泓希 偶像练习生,4203071762649010,https://m.weibo.cn/detail/4203071762649010,2018-02-02 20:17:00,不忘初心 方得始终 加油 #叶泓希# #叶泓希偶像练习生# #偶像练习生#,0,0,31,31,10
idol_producer_031,叶泓希,偶像练习生,排名发布阶段,2018-02-17,2018-03-02,叶泓希 偶像练习生,4212006527646610,https://m.weibo.cn/detail/4212006527646610,2018-02-27 12:01:00,燃爆！！ #爱奇艺偶像练习生# #杨非同# 代号魂斗罗 AB组纯享分屏版 左右声道 懒人最爱的一次看俩个视频 李长庚于斌林彦俊许凯皓叶泓希杨羿邱治谐朱一文林浩楷韩雍杰张宇晨何嘉庚徐鹤尼杨非同-P1 #哔哩哔哩# L 【9/100】代号魂斗罗 AB组纯享分屏版 左右声道 懒人最爱的一次看俩个视频 李长庚于斌林彦俊许凯皓叶泓希杨羿邱治谐朱一文林浩楷韩雍杰张宇晨何嘉庚徐鹤尼杨非同 ​,0,3,11,17,11
idol_producer_031,叶泓希,偶像练习生,主题曲考核阶段,2018-01-27,2018-02-02,叶泓希 偶像练习生,4203072525256474,https://m.weibo.cn/detail/4203072525256474,2018-02-02 20:20:00,#叶泓希# #叶泓希偶像练习生# #偶像练习生#,1,0,1,2,12
idol_producer_031,叶泓希,偶像练习生,总决赛阶段,2018-03-24,2018-04-06,叶泓希 偶像练习生,4225906572651390,https://m.weibo.cn/detail/4225906572651390,2018-04-06 20:35:00,越努力越幸运 #叶泓希# // @X-TIME叶泓希 :我是 #偶像练习生# 叶泓希，全民制作人，谢谢关照！,0,0,2,2,13
idol_producer_031,叶泓希,偶像练习生,排名发布阶段,2018-02-17,2018-03-02,叶泓希 偶像练习生,4212765138256377,https://m.weibo.cn/detail/4212765138256377,2018-03-01 14:15:00,// @Silver佳佳 :💖💖💖 #叶泓希偶像练习生# #张昕偶像练习生# #张奕轩偶像练习生# #凌崎偶像练习生# #张奕轩# #叶泓希# #凌崎# #x-time张昕#,0,0,1,1,14
idol_producer_031,叶泓希,偶像练习生,合作舞台阶段,2018-03-03,2018-03-23,叶泓希 偶像练习生,4216007566265950,https://m.weibo.cn/detail/4216007566265950,2018-03-10 12:59:00,#X-TIME# 歡迎我們四位大寶貝回家！👏🏻 偶像練習生正式告一段落，回顧這段旅程，四位成員也是感慨萬千... 邀請大家一起參加我們的接風茶話會，喝喝茶聊聊天。總結過去，開始下一段精彩旅程！加油X-TIME，越努力，越幸運！ L X-TIMEboys的秒拍视频 @X-TIME张昕 @X-TIME李佳星 @X-TIME叶泓希 O 网页链接 收起 d,0,0,1,1,15
idol_producer_031,叶泓希,偶像练习生,合作舞台阶段,2018-03-03,2018-03-23,叶泓希 偶像练习生,4219560200713373,https://m.weibo.cn/detail/4219560200713373,2018-03-20 08:16:00,#偶像练习生# 我向 @X-TIME叶泓希 送出了加油卡！我pick的小哥哥全世界最棒！大家快来一起给你喜欢的选手打call吧！ O 练习生PICK榜 ​,0,0,1,1,16
idol_producer_031,叶泓希,偶像练习生,总决赛阶段,2018-03-24,2018-04-06,叶泓希 偶像练习生,4225887098665847,https://m.weibo.cn/detail/4225887098665847,2018-04-06 19:17:00,#偶像练习生# 命犯桃花的我，让我遇见了这么多的帅哥// @X-TIME叶泓希 :我是 #偶像练习生# 叶泓希，全民制作人，谢谢关照！,0,0,1,1,17
idol_producer_031,叶泓希,偶像练习生,合作舞台阶段,2018-03-03,2018-03-23,叶泓希 偶像练习生,4217520922001129,https://m.weibo.cn/detail/4217520922001129,2018-03-14 17:13:00,#偶像练习生# 我向 @X-TIME叶泓希 送出了加油卡！我pick的小哥哥全世界最棒！大家快来一起给你喜欢的选手打call吧！ O 练习生PICK榜 ​,0,0,0,0,18
idol_producer_031,叶泓希,偶像练习生,合作舞台阶段,2018-03-03,2018-03-23,叶泓希 偶像练习生,4217734768126802,https://m.weibo.cn/detail/4217734768126802,2018-03-15 07:23:00,@X-TIME叶泓希 为你打爆电话！我们一起用爱发电，向 #偶像练习生# 练习生PICK榜第一名进击，赢取节目10s彩蛋！ // @X-TIME叶泓希 :我是 #偶像练习生# 叶泓希，全民制作人，请多关照。🙏,0,0,0,0,19
idol_producer_031,叶泓希,偶像练习生,合作舞台阶段,2018-03-03,2018-03-23,叶泓希 偶像练习生,4218247639783880,https://m.weibo.cn/detail/4218247639783880,2018-03-16 17:21:00,是金子总会发光的在哪里都有你的立足之地 评论配图 // @X-TIMEboys : #X-TIME# 再见偶像练习生叶泓希，你好X-TIME叶泓希！你用最大的努力来报答粉丝们给予的爱，你付出的所有努力也会成为厚积薄发的能量！新的一年，相信一定会越来越好的！,0,0,0,0,20
idol_producer_031,叶泓希,偶像练习生,总决赛阶段,2018-03-24,2018-04-06,叶泓希 偶像练习生,4225884317897505,https://m.weibo.cn/detail/4225884317897505,2018-04-06 19:06:00,我们真的会支持你的，一定要加油。 #叶泓希# 评论配图 // @X-TIME叶泓希 :我是 #偶像练习生# 叶泓希，全民制作人，谢谢关照！,0,0,0,0,21
idol_producer_031,叶泓希,偶像练习生,总决赛阶段,2018-03-24,2018-04-06,叶泓希 偶像练习生,4225884313968253,https://m.weibo.cn/detail/4225884313968253,2018-04-06 19:06:00,我们喜欢你我们收到哈哈 #叶泓希# 加油哦 @不懈珍 // @X-TIME叶泓希 :我是 #偶像练习生# 叶泓希，全民制作人，谢谢关照！,0,0,0,0,22
idol_producer_031,叶泓希,偶像练习生,总决赛阶段,2018-03-24,2018-04-06,叶泓希 偶像练习生,4225884271063441,https://m.weibo.cn/detail/4225884271063441,2018-04-06 19:06:00,#叶泓希# 加油哦，比心比心 // @X-TIME叶泓希 :我是 #偶像练习生# 叶泓希，全民制作人，谢谢关照！,0,0,0,0,23
idol_producer_031,叶泓希,偶像练习生,总决赛阶段,2018-03-24,2018-04-06,叶泓希 偶像练习生,4225884245891453,https://m.weibo.cn/detail/4225884245891453,2018-04-06 19:06:00,一路追随你，我知道你会成功的 查看动图 // @X-TIME叶泓希 :我是 #偶像练习生# 叶泓希，全民制作人，谢谢关照！,0,0,0,0,24
idol_producer_031,叶泓希,偶像练习生,总决赛阶段,2018-03-24,2018-04-06,叶泓希 偶像练习生,4225884422965814,https://m.weibo.cn/detail/4225884422965814,2018-04-06 19:07:00,走过路过不要错过世界上最帅的全民制作人叶泓希#偶像练习生！ http://t.cn/RmUIQB4// @X-TIME叶泓希 :我是#偶像练习生# 叶泓希，全民制作人，谢谢关照！,0,0,0,0,25
idol_producer_031,叶泓希,偶像练习生,总决赛阶段,2018-03-24,2018-04-06,叶泓希 偶像练习生,4225884413704155,https://m.weibo.cn/detail/4225884413704155,2018-04-06 19:07:00,你这么帅 不用谢哦 #叶泓希# 评论配图 // @X-TIME叶泓希 :我是 #偶像练习生# 叶泓希，全民制作人，谢谢关照！,0,0,0,0,26
idol_producer_031,叶泓希,偶像练习生,总决赛阶段,2018-03-24,2018-04-06,叶泓希 偶像练习生,4225884858771983,https://m.weibo.cn/detail/4225884858771983,2018-04-06 19:08:00,#叶泓希# 你是我最喜欢的人儿～～ // @X-TIME叶泓希 :我是 #偶像练习生# 叶泓希，全民制作人，谢谢关照！,0,0,0,0,27
idol_producer_031,叶泓希,偶像练习生,总决赛阶段,2018-03-24,2018-04-06,叶泓希 偶像练习生,4225885307041169,https://m.weibo.cn/detail/4225885307041169,2018-04-06 19:10:00,愿与你一路繁星相伴 #叶泓希# // @X-TIME叶泓希 :我是 #偶像练习生# 叶泓希，全民制作人，谢谢关照！,0,0,0,0,28
idol_producer_031,叶泓希,偶像练习生,总决赛阶段,2018-03-24,2018-04-06,叶泓希 偶像练习生,4225885639245272,https://m.weibo.cn/detail/4225885639245272,2018-04-06 19:11:00,QAQ小哥哥怎么这么可爱// @X-TIME叶泓希 :我是 #偶像练习生# 叶泓希，全民制作人，谢谢关照！,0,0,0,0,29
idol_producer_031,叶泓希,偶像练习生,总决赛阶段,2018-03-24,2018-04-06,叶泓希 偶像练习生,4225885513121694,https://m.weibo.cn/detail/4225885513121694,2018-04-06 19:11:00,这样努力的你才更加让人喜欢，继续加油。// @X-TIME叶泓希 :我是 #偶像练习生# 叶泓希，全民制作人，谢谢关照！,0,0,0,0,30
idol_producer_032,吕晨瑜,偶像练习生,位置测评阶段,2018-02-03,2018-02-16,吕晨瑜 偶像练习生,4208154289709248,https://m.weibo.cn/detail/4208154289709248,2018-02-16 20:53:00,偶像练习生 99进60的淘汰名单 乐华、坤音、觉醒东方、超能唱片全员安全 香蕉娱乐（9个淘汰4个） 高茂桐 姜京佐 李若天 邱治楷 辰星娱乐（6个淘汰4个） Rapen 王宥辰 J-one Gigel 麦锐娱乐（6个淘汰3个） 邓烺怡 孙凡杰 吕晨瑜 简单快乐（5个淘汰4个） 金逸涵 林浩楷 李志杰 孙浩然 盛夏星空（5个淘汰1个） 王梓豪 新锐杂志（5个淘汰3个） 赵俞澈 应智越 万宇贤 AIF娱乐（全军覆没） 于浩 赵凌峰 杨羿 张艺凡 焕星娱乐（全军覆没） 何嘉庚 李鑫岩 罗杰 张宇晨 铂熠娱乐（4个淘汰2个） 叶泓希 张昕 乐风艺社（全军覆没） 陈义夫 闵喆祥 果然娱乐（4个淘汰1个） 张晏恺 次元文化（2个淘汰1个） 徐鹤尼 新湃传媒（单人） 于斌 天津中视（单人） 朱一文 个人练习生（7个淘汰4个） 甘俊 侯浩然 黄若涵 周腾阳 个人觉得比较可惜的一些：扫地组合（罗杰、姜京佐）、张艺凡（第三期进A组）、闵喆祥（学舞能力突出） 收起 d,220,1591,1046,4448,1
idol_producer_032,吕晨瑜,偶像练习生,位置测评阶段,2018-02-03,2018-02-16,吕晨瑜 偶像练习生,4208152049666151,https://m.weibo.cn/detail/4208152049666151,2018-02-16 20:44:00,想说的很多，整个过程中学到的东西也很多，但最重要的还是感谢！ 感谢公司对我的支持，让我能够全心地投入到节目录制中。感谢节目组所有的工作人员，你们辛苦了，每天都围着我们转，做着比我们更多倍的准备和工作，真的很辛苦。还有在节目当中认识的一帮朋友，人生这样的机会很少，难得又珍贵💜还感谢can’t stop 组的所有朋友❤️ #偶像练习生# 谢谢你们这段时间的照顾，感恩能够遇见你们❤️ 再来就是要感谢全民制作人对我的支持和喜爱，这段时间努力的为我投票，虽然这次止步到这里，没能继续为你们呈现更好的舞台，但我还是很开心能够在节目当中学到很多东西，发现我的不足，这些不足也让我在节目中找到了弥补的方向。我不会辜负你们对我的喜爱，我会继续‘潜进’，小鱼儿会一直游下去的！ 最后我真的要感谢我的父母，没有爸妈对我梦想的支持，就没有我的今天，爸妈辛苦了！❤️ 虽然这次被淘汰了，但这对我来说是一个很好的经历，也是一个全新的开始，一个新的起点！我会继续‘游’下去的💙俘获更多鱼粉的小心脏🤓 #偶像练习生# #偶像练习生吕晨瑜# 一切都是最好的开始…未完待续～🐟 收起 d,45,256,1845,2402,2
idol_producer_032,吕晨瑜,偶像练习生,合作舞台阶段,2018-03-03,2018-03-23,吕晨瑜 偶像练习生,4214410798976831,https://m.weibo.cn/detail/4214410798976831,2018-03-06 03:14:00,#聚众吃瓜# #偶像练习生# 那些年我们错过而淘汰的神颜小哥哥们 P1李若天，P2姜京佐X罗杰，P3靖佩瑶，P4韩雍杰，P5赵俞澈，P6徐鹤尼，P7邓琅怡，P8吕晨瑜，最后一张还是我们最帅的寺草 ​,55,542,593,1732,3
idol_producer_032,吕晨瑜,偶像练习生,排名发布阶段,2018-02-17,2018-03-02,吕晨瑜 偶像练习生,4208504867285733,https://m.weibo.cn/detail/4208504867285733,2018-02-17 20:06:00,#偶像练习生# #麦锐练习生# 宿舍之饥荒少年 吃播篇2.0版 新年福利不会停！这是一盒从去年吃到新年的小火锅～本期吃播2.0主吃人 @李希侃_LXK ，副主吃人 @余明君_MJ ，主创嘉宾 @孙凡杰_FJ ，以及减肥而不能吃的人 @罗正_LZ ，还有找不到人 @吕晨瑜_LCY @邓烺怡_LY 邀请大家共同一起隔着屏幕品一品小火（哥）锅（哥） L 麦锐娱乐的秒拍视频 收起 d,262,190,485,1127,4
idol_producer_032,吕晨瑜,偶像练习生,排名发布阶段,2018-02-17,2018-03-02,吕晨瑜 偶像练习生,4212857866837152,https://m.weibo.cn/detail/4212857866837152,2018-03-01 20:24:00,#偶像练习生# #麦锐练习生# 麦锐员工之宝藏男孩儿的正确答案来啦～ 敲黑板！请大家照着上一条微博的照片顺序自行对答案 满分6分，诚实的告诉麦老师，你几分？ @李希侃_LXK @孙凡杰_FJ @吕晨瑜_LCY @邓烺怡_LY @罗正_LZ @余明君_MJ ​,146,329,234,1038,5
idol_producer_032,吕晨瑜,偶像练习生,排名发布阶段,2018-02-17,2018-03-02,吕晨瑜 偶像练习生,4212790967770542,https://m.weibo.cn/detail/4212790967770542,2018-03-01 15:58:00,#偶像练习生# #麦锐练习生# 麦锐员工之宝藏男孩儿们第二弹！ 这是六只从小好看到大的小可爱们～但是，你们能猜出谁是谁吗？快来评论里写出你的答案吧 （讲真麦麦一下子也不太能……）咳咳，晚上来公布正确答案～ @罗正_LZ @李希侃_LXK @余明君_MJ @吕晨瑜_LCY @邓烺怡_LY @孙凡杰_FJ ​,129,341,177,988,6
idol_producer_032,吕晨瑜,偶像练习生,总决赛阶段,2018-03-24,2018-04-06,吕晨瑜 偶像练习生,4225871663328865,https://m.weibo.cn/detail/4225871663328865,2018-04-06 18:16:00,我是 #偶像练习生# 吕晨瑜，全民制作人，谢谢关照。❤️,113,76,424,689,7
idol_producer_032,吕晨瑜,偶像练习生,合作舞台阶段,2018-03-03,2018-03-23,吕晨瑜 偶像练习生,4215040032451005,https://m.weibo.cn/detail/4215040032451005,2018-03-07 20:55:00,#麦锐练习生# #偶像练习生# 主题曲《Ei Ei》Dance Cover+三位小哥哥的节目后记 从《偶像练习生》回来后，想说的话都在这里啦~感谢还在喜欢和支持着的粉丝们 节目之旅暂停，梦想依然继续 @吕晨瑜_LCY @邓烺怡_LY @孙凡杰_FJ L 麦锐娱乐的秒拍视频 ​,72,114,348,648,8
idol_producer_032,吕晨瑜,偶像练习生,排名发布阶段,2018-02-17,2018-03-02,吕晨瑜 偶像练习生,4212881073085968,https://m.weibo.cn/detail/4212881073085968,2018-03-01 21:56:00,#偶像练习生# 显微镜女孩分享一下根据花絮扒出来了的宿舍分配。可能有稍许误差，欢迎大家补充修改，其他不熟悉就没扒了。 01宿舍，范丞丞 朱正廷 黄明昊 黄新淳 02宿舍，李权哲 丁泽仁 泰国人 毕雯珺 03宿舍，朱匀一 朱匀天 董岩磊 未知 04宿舍，罗正 吕晨瑜 余明君 李希侃 06宿舍，有长靖 高茂桐 林超泽 姜京佐 08宿舍，蔡徐坤 钱正昊 周锐 秦子墨 10宿舍， 秦奋 韩沐伯 左叶 靖佩瑶 17宿舍，董又霖 王子异 郑锐彬 胡志邦 18宿舍，坤音四子 灵超 卜凡 岳岳 木子洋 19宿舍，朱星杰 小鬼 周彦辰 张晏恺 21宿舍，林彦俊 陈立农 许凯皓 林浩楷 收起 d,17,79,258,433,9
idol_producer_032,吕晨瑜,偶像练习生,排名发布阶段,2018-02-17,2018-03-02,吕晨瑜 偶像练习生,4210661901156789,https://m.weibo.cn/detail/4210661901156789,2018-02-23 18:58:00,#偶像练习生# #麦锐练习生# 按照播出惯例...小哥哥们的“朋友圈”日常来啦 今晚20:00 《偶像练习生》 请继续为麦锐练习生打Call吧！ @罗正_LZ @李希侃_LXK @余明君_MJ 也希望大家继续多多关注我们的 @吕晨瑜_LCY @邓烺怡_LY @孙凡杰_FJ 兄弟们，冲啊！！！ ​,78,86,167,417,10
idol_producer_032,吕晨瑜,偶像练习生,排名发布阶段,2018-02-17,2018-03-02,吕晨瑜 偶像练习生,4210686063690631,https://m.weibo.cn/detail/4210686063690631,2018-02-23 20:34:00,#偶像练习生# #麦锐练习生# 送出原图 @罗正_LZ @李希侃_LXK @余明君_MJ @吕晨瑜_LCY @邓烺怡_LY @孙凡杰_FJ ​,30,88,161,367,11
idol_producer_032,吕晨瑜,偶像练习生,位置测评阶段,2018-02-03,2018-02-16,吕晨瑜 偶像练习生,4208143003249479,https://m.weibo.cn/detail/4208143003249479,2018-02-16 20:08:00,#偶像练习生# #麦锐练习生# 周五晚准时向全民制作人报道啦！ 六位小哥哥一本正经卖(犯)萌(傻)的场面，有没有被可爱到？ 新一轮的投票已经开始！比赛虽然是残酷的……但是还留下来的小哥哥请带上六只全部的初心，继续努力前行吧！麦锐娱乐加油 @罗正_LZ @李希侃_LXK @余明君_MJ @吕晨瑜_LCY @邓烺怡_LY @孙凡杰_FJ 收起 d,12,70,157,309,12
idol_producer_032,吕晨瑜,偶像练习生,排名发布阶段,2018-02-17,2018-03-02,吕晨瑜 偶像练习生,4209623043545207,https://m.weibo.cn/detail/4209623043545207,2018-02-20 22:10:00,💙这一年2018.2.11 #偶像练习生# #吕晨瑜# #偶像练习生吕晨瑜# 查看图片,1,31,218,281,13
idol_producer_032,吕晨瑜,偶像练习生,初评级阶段,2018-01-19,2018-01-26,吕晨瑜 偶像练习生,4200554463064819,https://m.weibo.cn/detail/4200554463064819,2018-01-26 21:34:00,#偶像练习生# #麦锐练习生# 小哥哥们的自拍原图奉上 今天的节目中，大家有捕捉到新鲜的六只吗？ @罗正_LZ @李希侃_LXK @余明君_MJ @吕晨瑜_LCY @邓烺怡_LY @孙凡杰_FJ ​,27,62,107,258,14
idol_producer_032,吕晨瑜,偶像练习生,位置测评阶段,2018-02-03,2018-02-16,吕晨瑜 偶像练习生,4208173889395800,https://m.weibo.cn/detail/4208173889395800,2018-02-16 22:11:00,#偶像练习生# #偶像练习生余明君# 晋级成功 @余明君_MJ 感谢全民制作人的投票和支持！顺位发表时一边感谢也一边泣不成声，台下是兄弟们的鼓励和呼喊，一起互相陪伴走过的风雨大家都记得呢，团魂满满的少年们，相互信任和团结的力量，会成为未来继续砥砺前行的动力 麦锐练习生，你们都是最棒的！ @罗正_LZ @李希侃_LXK @吕晨瑜_LCY @邓烺怡_LY @孙凡杰_FJ L 麦锐娱乐的秒拍视频 收起 d,14,45,154,258,15
idol_producer_032,吕晨瑜,偶像练习生,排名发布阶段,2018-02-17,2018-03-02,吕晨瑜 偶像练习生,4208409941434781,https://m.weibo.cn/detail/4208409941434781,2018-02-17 13:49:00,#偶像练习生# #麦锐练习生# 离开绝对不是结束，我们会在未来等待着你们更多的精彩 加油！老麦家的少年们，六只一定会在更宽阔的路上再次重逢。因为，你们是最棒的麦锐少年 @吕晨瑜_LCY @邓烺怡_LY @孙凡杰_FJ L 麦锐娱乐的秒拍视频 ​,10,52,124,238,16
idol_producer_032,吕晨瑜,偶像练习生,初评级阶段,2018-01-19,2018-01-26,吕晨瑜 偶像练习生,4200501954747825,https://m.weibo.cn/detail/4200501954747825,2018-01-26 18:06:00,#偶像练习生# #麦锐练习生# 您收到一个新通知：用户您好，您日思夜想期待着的小哥哥们发布了6条新朋友圈and自拍，请及时回复 @罗正_LZ @李希侃_LXK @余明君_MJ @吕晨瑜_LCY @邓烺怡_LY @孙凡杰_FJ O 今晚8点《偶像练习生》 ，走起～ ​,63,41,82,227,17
idol_producer_032,吕晨瑜,偶像练习生,排名发布阶段,2018-02-17,2018-03-02,吕晨瑜 偶像练习生,4213090239344909,https://m.weibo.cn/detail/4213090239344909,2018-03-02 11:47:00,【推特】 #偶像练习生# 话题下1小时pick #乐华中国line# #范丞丞# #黄明昊# #朱正廷# #蔡徐坤# #郑锐彬# #李权哲# #卜凡# #尤长靖# #麦锐娱乐# #余明君# #吕晨瑜# #偶像练习生邓烺怡# ​,6,66,83,221,18
idol_producer_032,吕晨瑜,偶像练习生,排名发布阶段,2018-02-17,2018-03-02,吕晨瑜 偶像练习生,4213212235243137,https://m.weibo.cn/detail/4213212235243137,2018-03-02 19:52:00,#偶像练习生# #麦锐练习生# 新一期节目已播出 麦锐少年的心永远在一起着，Fighting!!!本轮投票截止还有一天的时间，全民制作人，拜托了 不说了，老麦赶紧投票去了…… @罗正_LZ @李希侃_LXK @余明君_MJ @吕晨瑜_LCY @邓烺怡_LY @孙凡杰_FJ ​,20,35,124,214,19
idol_producer_032,吕晨瑜,偶像练习生,主题曲考核阶段,2018-01-27,2018-02-02,吕晨瑜 偶像练习生,4203105086701453,https://m.weibo.cn/detail/4203105086701453,2018-02-02 22:30:00,【偶像练习生第三期排名出炉 】今晚的 #偶像练习生# 虽然推迟了，但很快推出的加长版也算弥补了粉丝的期待！ #北音学子# 朱星杰、万宇贤、小鬼 、韩雍杰、吕晨瑜、靖佩瑶、王宥辰、赵俞澈、金逸涵、朱匀天、朱匀一、韩沐伯、丁泽仁、北音附中武连杰 加油！ #偶像练习生排名# ​,6,13,54,86,20
idol_producer_032,吕晨瑜,偶像练习生,合作舞台阶段,2018-03-03,2018-03-23,吕晨瑜 偶像练习生,4219031248850706,https://m.weibo.cn/detail/4219031248850706,2018-03-18 21:14:00,#偶像练习生吕晨瑜# #Can't Stop (A组现场版) #你这么皮你队友们知道嘛 @吕晨瑜 L 抖音红人榜的秒拍视频 ​,1,7,10,25,21
idol_producer_032,吕晨瑜,偶像练习生,总决赛阶段,2018-03-24,2018-04-06,吕晨瑜 偶像练习生,4225049202420732,https://m.weibo.cn/detail/4225049202420732,2018-04-04 11:48:00,【《偶像练习生》决赛 麦锐六只重聚力挺李希侃】贵州网讯：本周五，《偶像练习生》即将播出最后一期，也就是最终的9人出道决赛场，99名少年将重返现场，共同为节目画上圆满句号，麦锐六位练习生也再次重聚偶练。同时，罗正、余明君、吕晨瑜、邓烺怡、… O 网页链接 ​,0,0,13,13,22
idol_producer_032,吕晨瑜,偶像练习生,总决赛阶段,2018-03-24,2018-04-06,吕晨瑜 偶像练习生,4225181008679640,https://m.weibo.cn/detail/4225181008679640,2018-04-04 20:31:00,#麦锐练习生# 小狐狸 @李希侃_LXK 努力奋战中…决赛倒计时48小时 从始至今，不知不觉已经共同走过近四个月 这段时间，练习生努力的展现着更好的舞台，你们为他们日夜爆肝的打榜投票。好在有了你们的支持，六位少年们才敢怀揣了更远大的梦想。48小时后，最关键的时刻即将来临，一起做一个未来不后悔的梦吧！麦锐少年，未来可期 @罗正_LZ @余明君_MJ @吕晨瑜_LCY @邓烺怡_LY @孙凡杰_FJ 带上五人份的梦想和勇气，加油！李希侃 L 麦锐娱乐的秒拍视频 收起 d,0,1,8,10,23
idol_producer_032,吕晨瑜,偶像练习生,初评级阶段,2018-01-19,2018-01-26,吕晨瑜 偶像练习生,4200571123206292,https://m.weibo.cn/detail/4200571123206292,2018-01-26 22:41:00,#偶像练习生吕晨瑜# #偶像练习生# #吕晨瑜# 今日份的偶像练习生虽然我们小鱼儿的镜头不是太多，但也阻止不了我们小鲫鱼寻找吕晨瑜的热情！ 快来为小鱼儿投票打call吧 @吕晨瑜_LCY 小鱼儿现在非常需要大家的支持！ 爱奇艺站内投票🔗： O 网页链接 ​​​ 明星势力榜： 明星势力榜 练习生pick榜 O 练习生PICK榜 收起 d,2,0,7,9,24
idol_producer_032,吕晨瑜,偶像练习生,初评级阶段,2018-01-19,2018-01-26,吕晨瑜 偶像练习生,4200453891299857,https://m.weibo.cn/detail/4200453891299857,2018-01-26 14:55:00,#偶像练习生吕晨瑜# #吕晨瑜# #偶像练习生# 今天又是星期5⃣ 啦🎉 是不是和我一样每天都在等待星期五的到来？ 今天又可以看到小鱼儿啦 @吕晨瑜_LCY 超级开心 ​,2,1,3,7,25
idol_producer_032,吕晨瑜,偶像练习生,排名发布阶段,2018-02-17,2018-03-02,吕晨瑜 偶像练习生,4209624183971497,https://m.weibo.cn/detail/4209624183971497,2018-02-20 22:14:00,#吕晨瑜# #偶像练习生吕晨瑜# #偶像练习生# 这一年遇见了你好幸运 这一年我们会一直陪伴你的 @吕晨瑜_LCY // @吕晨瑜_LCY :💙这一年2018.2.11 #偶像练习生# #吕晨瑜# #偶像练习生吕晨瑜# 查看图片,0,0,7,7,26
idol_producer_032,吕晨瑜,偶像练习生,合作舞台阶段,2018-03-03,2018-03-23,吕晨瑜 偶像练习生,4215374221769828,https://m.weibo.cn/detail/4215374221769828,2018-03-08 19:03:00,#范丞丞# #偶像练习生范丞丞# 分享范丞丞/贝汯璘/李俊毅/覃俊毅的单曲《Very Good (Live) (原唱：Block B)》: O 网页链接 (来自 @网易云音乐 ) 分享范丞丞/郑锐彬/尤长靖/邓烺怡/吕晨瑜/林超泽/Justin的单曲《Can't Stop (A组现场版) (原唱：CNBLUE)》: O 网页链接 (来自 @网易云音乐 ) @Adam0616 收起 d,0,0,6,6,27
idol_producer_032,吕晨瑜,偶像练习生,初评级阶段,2018-01-19,2018-01-26,吕晨瑜 偶像练习生,4200506862240360,https://m.weibo.cn/detail/4200506862240360,2018-01-26 18:25:00,#偶像练习生吕晨瑜# #吕晨瑜# 小鲫鱼在这里！小鲫鱼很想你 @吕晨瑜_LCY 今晚就可以小鱼儿啦🎉,1,0,4,5,28
idol_producer_032,吕晨瑜,偶像练习生,总决赛阶段,2018-03-24,2018-04-06,吕晨瑜 偶像练习生,4225872992832154,https://m.weibo.cn/detail/4225872992832154,2018-04-06 18:21:00,#吕晨瑜# 以后继续加油，未来我们一起成长// @吕晨瑜_LCY :我是 #偶像练习生# 吕晨瑜，全民制作人，谢谢关照。❤️,0,0,4,4,29
idol_producer_032,吕晨瑜,偶像练习生,合作舞台阶段,2018-03-03,2018-03-23,吕晨瑜 偶像练习生,4216313544901319,https://m.weibo.cn/detail/4216313544901319,2018-03-11 09:15:00,【坤坤你什么时候才会知道这个世界上有个好东西叫“抖音”啊？！ 】 @爱奇艺 @爱奇艺偶像练习生 @偶像练习生 #偶像练习生朱匀天# @CATCHERS_朱匀天Z #偶像练习生朱匀一# @CATCHERS_朱匀一 #偶像练习生陈立农# @超级農農 #许凯皓偶像练习生# @许凯皓lockingjack #偶像练习生凌崎# @X-TIME凌崎 #偶像练习生邓烺怡# @邓烺怡_LY #偶像练习生吕晨瑜# @吕晨瑜 #偶像练习生孙凡杰# @孙凡杰_FJ #偶像练习生# #偶像练习生蔡徐坤# #蔡徐坤# 最近我发现偶像练习生中有许多人都加入抖音，开始玩抖音啦！ 但是 @蔡徐坤 你呢 我可是盼星星盼月亮的盼着你啊 风里雨里IKUN在抖音等你！ 收起 d,0,1,1,3,30
idol_producer_033,周彦辰,偶像练习生,位置测评阶段,2018-02-03,2018-02-16,周彦辰 偶像练习生,4208182051906981,https://m.weibo.cn/detail/4208182051906981,2018-02-16 22:44:00,#偶像练习生# #偶像练习生周彦辰# 颜值担当top5的日常好习惯，不抽烟、不喝酒，还是个爱刷牙的乖宝宝！你笑起来像阳光啊！ @周彦辰 L 周彦辰全国后援会的秒拍视频 ​,108,131,477,847,1
idol_producer_033,周彦辰,偶像练习生,合作舞台阶段,2018-03-03,2018-03-23,周彦辰 偶像练习生,4220864230367664,https://m.weibo.cn/detail/4220864230367664,2018-03-23 22:38:00,偶像练习生第三轮排名，蔡徐坤第一，陈立农第二，第三是范丞丞。Justin和王子异分别第四和第五，周彦辰21遭淘汰，最后的冲刺了，加油啊！ ​,91,165,156,577,2
idol_producer_033,周彦辰,偶像练习生,排名发布阶段,2018-02-17,2018-03-02,周彦辰 偶像练习生,4213256082677789,https://m.weibo.cn/detail/4213256082677789,2018-03-02 22:46:00,嘴上说着喜欢小鬼 壁纸全是范丞丞 左眼装着Justin 右眼装着朱正廷 可是心里却想着毕雯珺 心心念念着黄新淳的可爱 看见张艺兴跳舞就迈不开腿 还想着和周彦辰公开恋情 又忍不住偷偷摸摸找易烊千玺照片 我还记得我说过我只喜欢GD 现在你们知道了吧 其实我不是一个三心二意的人 我把别人说的给改了 以表达在看《偶像练习生》的心情 真的很喜欢范丞丞 收起 d,5,8,175,196,3
idol_producer_033,周彦辰,偶像练习生,位置测评阶段,2018-02-03,2018-02-16,周彦辰 偶像练习生,4208183649934897,https://m.weibo.cn/detail/4208183649934897,2018-02-16 22:50:00,#偶像练习生# 第一轮前60名： 蔡徐坤/陈立农/范丞丞/Justin/朱正廷/小鬼/卜凡/李权哲/何东东/尤长靖/王子异/Jeffrey/秦奋/林超泽/朱星杰/灵超/钱正昊/董岩磊/韩沐伯/丁泽仁/岳岳/左叶/徐凯皓/木子洋/郑锐彬/毕雯珺/周彦辰/林彦俊/李希侃/陆定昊/周锐/黄书豪/黄新淳/罗正/张达源/李让/贝汯璘/李长庚/陈斯琪/韩雍杰/秦子墨/武连杰/覃俊毅/娄滋博/靖佩瑶/余明君/陈名豪/明鹏/杨非同/朱匀一/伽里/凌崎/朱匀天/徐圣恩/李俊毅/张奕轩/王艺龙/姜达赫/胡致邦/梁辉 乐华女孩绝不认输 收起 d,2,32,106,172,4
idol_producer_033,周彦辰,偶像练习生,合作舞台阶段,2018-03-03,2018-03-23,周彦辰 偶像练习生,4220864490649837,https://m.weibo.cn/detail/4220864490649837,2018-03-23 22:39:00,突然觉得9个人出道不够啊…真的不够 从35进20开始 突然就好舍不得每一个人啊… 35个人… 每一个人都好好啊… 钱正昊是团宠没错了 坤坤正正还有大家都对昊昊好暖 从一开始觉得朱星杰好凶 到现在觉得胡巴真的好可爱啊 看到周彦辰淘汰…真的意想不到……我之前觉得最后的九个人中应该有他的 泪奔 不管是谁 以后你们会越来越好的 #偶像练习生# 收起 d,1,11,47,70,5
idol_producer_033,周彦辰,偶像练习生,合作舞台阶段,2018-03-03,2018-03-23,周彦辰 偶像练习生,4220867938788022,https://m.weibo.cn/detail/4220867938788022,2018-03-23 22:53:00,我发表了头条文章:《《偶像练习生》二十强诞生！周彦辰周锐韩沐伯等淘汰，惹人泪目！》 O 《偶像练习生》二十强诞生！周彦辰周锐韩沐伯等淘汰，惹人泪目！ ​,0,5,27,37,6
idol_producer_033,周彦辰,偶像练习生,合作舞台阶段,2018-03-03,2018-03-23,周彦辰 偶像练习生,4220869041487789,https://m.weibo.cn/detail/4220869041487789,2018-03-23 22:57:00,今天的偶像练习生看得我真是一会笑一会哭哭完了笑笑完了哭 这个节目真的挺变态的 不仅折磨练习生们还折磨全民制作人阿！！ 我看到岳岳和洋哥被淘汰的时候真的是哭到泣不成声了吧 看到灵超弟弟那么难过心里真的很难受很难受 凡子虽然话说的不多但其实也能体会到他的难过… 人各有命 富贵在天 这里只是一个起点 无论是岳岳还是木子洋 还有被淘汰的每一个练习生们 周美锐阿周彦辰啦罗正小哥哥啦…每一个你们都是很优秀很棒的人 梦想的路永远不止这一条 想对你们每一个人说一句加油！ 最后就是凡子和弟弟继续努力🙏坤音女孩陪你们走到最后 坤音四子绝不认输 我们坤音永不放弃❤ #偶像练习生# #卜凡# #坤音四子# 收起 d,0,2,27,31,7
idol_producer_033,周彦辰,偶像练习生,排名发布阶段,2018-02-17,2018-03-02,周彦辰 偶像练习生,4213246669789414,https://m.weibo.cn/detail/4213246669789414,2018-03-02 22:09:00,#我的青春有你_from追星族# #偶像练习生# 你们不要再受伤了，真的不要再受伤了，真的很心疼你们，年龄都不大，要学会注意身体，坤 @蔡徐坤 手过敏（IKUN们真的很心疼），周彦辰 @周彦辰 因为高强度训练晕倒（粉丝也都不想看到你们受伤），弟弟匀一 @CATCHERS_朱匀一 也意外受伤，哥哥匀天 @CATCHERS_朱匀天Z 也心疼弟弟，留下了泪，真的，你们作为练习生真的很棒了，但是我真的希望你们要把身体放在第一位，真的，真的，真的，不希望你们任何人离开，加油，练习生们，身为全民制作人的一员，真的希望你们照顾好自己，做个约定好吗? @爱奇艺偶像练习生 要照顾好他们，拜托了，不想在样他们受伤了 L Abby_Ztt的秒拍视频 收起 d,1,0,21,22,8
idol_producer_033,周彦辰,偶像练习生,合作舞台阶段,2018-03-03,2018-03-23,周彦辰 偶像练习生,4220869621044204,https://m.weibo.cn/detail/4220869621044204,2018-03-23 23:00:00,#偶像练习生# #偶像练习生周彦辰# 这期鬼屋段把我笑的嗓子都喊哑了，老妈嫌弃的说隔壁都要找上门了👀公开排名的时候根本没考虑过你会淘汰，直到前十的时候开始紧张，结果真是没想到，努力的人是会被看到的，希望你的梦想早日实现，保持你的好胜心，常在荧幕上看到你，加油💪 @周彦辰 ​,0,4,7,15,9
idol_producer_033,周彦辰,偶像练习生,总决赛阶段,2018-03-24,2018-04-06,周彦辰 偶像练习生,4225943033129695,https://m.weibo.cn/detail/4225943033129695,2018-04-06 22:59:00,看来我三期还是四期时的猜测还是蛮准的。就差一个周彦辰，Jeffrey是我私心硬要写进去的，但我内心明白他很有可能要凉 #偶像练习生# ​,0,5,4,14,10
idol_producer_033,周彦辰,偶像练习生,排名发布阶段,2018-02-17,2018-03-02,周彦辰 偶像练习生,4213259081171846,https://m.weibo.cn/detail/4213259081171846,2018-03-02 22:58:00,#周彦辰# 大家请给周彦辰投票❤️ 1996年的双鱼座小哥哥 可盐可甜 十年国标 会跳舞会唱歌🎤 高颜值大长腿 大白牙眼镜男神💗 #安利周彦辰# #偶像练习生# #周彦辰0305生日快乐# ​,2,0,10,12,11
idol_producer_033,周彦辰,偶像练习生,合作舞台阶段,2018-03-03,2018-03-23,周彦辰 偶像练习生,4220867665340509,https://m.weibo.cn/detail/4220867665340509,2018-03-23 22:52:00,#偶像练习生# 第一次看一个综艺节目看哭了 真的觉得他们都好棒 以后也会越走越远的 加油大伯 #偶像练习生韩沐伯# 加油彦晨 #偶像练习生周彦辰# ​,0,3,5,11,12
idol_producer_033,周彦辰,偶像练习生,总决赛阶段,2018-03-24,2018-04-06,周彦辰 偶像练习生,4225941489861564,https://m.weibo.cn/detail/4225941489861564,2018-04-06 22:53:00,偶像练习生，出道名次已公布了，九个人 蔡徐坤，陈立农，范丞丞，黄明昊，林彦俊，朱正廷，王子异，小鬼，尤长靖。虽然胡巴（朱星杰）没出道 不过我依然支持你，加油！周彦辰虽然你没进前20不过你是最可爱的。 ​,0,2,7,11,13
idol_producer_033,周彦辰,偶像练习生,合作舞台阶段,2018-03-03,2018-03-23,周彦辰 偶像练习生,4220868374097485,https://m.weibo.cn/detail/4220868374097485,2018-03-23 22:55:00,爱笑的人运气不会差的 山不转水转 那个爱笑努力的男孩子 @周彦辰 ，加油吧，会辉煌的 还有正正继续加油吧，一定要出道 一共就喜欢那么两个，告诉我一个第七了，一个淘汰了，所有的眼泪都贡献给了节目 请271睁开眼睛看看那些努力的孩子，他们为什么要被这样子对待 #偶像练习生# 2 济南·齐鲁工业大学长清校区 收起 d,0,0,6,6,14
idol_producer_033,周彦辰,偶像练习生,合作舞台阶段,2018-03-03,2018-03-23,周彦辰 偶像练习生,4220869025017349,https://m.weibo.cn/detail/4220869025017349,2018-03-23 22:57:00,"目前私心希望出道的人有蔡徐坤，朱正廷，范丞丞，Justin，Jeffrey,林彦俊，王子异。陈立农肯定也会有的，剩下一个suprise me 吧!希望是惊喜，不要是惊吓!希望各方面能跟这个团搭一点吧！好像这个团rapper比较多啊，希望大家以后能够balence一下吧!还有，真心喜欢Jeffrey,不是因为他家世多么显赫，而是因为他在那么好的外在条件下还可以这么有礼貌，这么谦虚!可爱哈哈哈!子异也很非常优秀!林彦俊哈哈哈新头发还不错!送走的练习生很多都很不错，罗正，希望去演戏吧！不要浪费那么好的颜!周锐，也可以发展发展演戏道路哈哈!木子洋继续时尚道路吧！丁泽仁继续加油，实力很强的练习生,今天换了发型真的get到颜了!李权哲，很可爱的练习生，也是有实力的练习生，加油!娄滋博确定是要回河南种地吗？哈哈哈，其实还蛮有可塑性的。韩沐伯真的是可惜了，有才唱歌也很好!回去和左叶继续加油!周彦辰，真的，实力也很强!感谢 #偶像练习生# 让我认识了你们!加油!我也要加油! 收起 d",0,3,0,6,15
idol_producer_033,周彦辰,偶像练习生,总决赛阶段,2018-03-24,2018-04-06,周彦辰 偶像练习生,4225942392066833,https://m.weibo.cn/detail/4225942392066833,2018-04-06 22:57:00,今天《偶像练习生》的最后一期 最喜欢的陆定昊在进20的时候就被淘汰了 追了很久的节目，结束了 有了很多喜欢的小哥哥陈立农，李权哲，林超泽，岳岳，木子洋，尤长靖，周彦辰，林彦俊，黄明昊等等等等，还有好多好多小哥哥。。。 ​,0,0,5,5,16
idol_producer_033,周彦辰,偶像练习生,排名发布阶段,2018-02-17,2018-03-02,周彦辰 偶像练习生,4213252227822989,https://m.weibo.cn/detail/4213252227822989,2018-03-02 22:31:00,#偶像练习生周彦辰# 九人组合 蔡徐坤 justin 尤长靖 朱正廷 周彦辰 秦奋 周锐 林彦俊 jeffery 我希望是这样 @周彦辰 ​,0,0,3,3,17
idol_producer_033,周彦辰,偶像练习生,合作舞台阶段,2018-03-03,2018-03-23,周彦辰 偶像练习生,4220865085702632,https://m.weibo.cn/detail/4220865085702632,2018-03-23 22:41:00,终于到了周末准备好好睡一觉，结果通知周天8点考计算机通过率30％给了我第一波暴击，周五偶像练习生木子洋周锐周彦辰陆定昊淘汰二次暴击💩💩💩艰难的周末哦 ​,1,1,0,3,18
idol_producer_033,周彦辰,偶像练习生,总决赛阶段,2018-03-24,2018-04-06,周彦辰 偶像练习生,4225941170927760,https://m.weibo.cn/detail/4225941170927760,2018-04-06 22:52:00,讲真，很谢谢偶像练习生让我看到努力是什么样子。 谢谢C位出道的坤坤，没能出道的周彦辰。谢谢你们告诉我。 越努力，越幸运。 ​,0,0,3,3,19
idol_producer_033,周彦辰,偶像练习生,排名发布阶段,2018-02-17,2018-03-02,周彦辰 偶像练习生,4213248573908977,https://m.weibo.cn/detail/4213248573908977,2018-03-02 22:16:00,偶像练习生我只pick : 陈立农 范丞丞 王子异 尤长靖 郑锐彬 周彦辰 2 马来西亚 ​,0,0,2,2,20
idol_producer_033,周彦辰,偶像练习生,合作舞台阶段,2018-03-03,2018-03-23,周彦辰 偶像练习生,4220864344166927,https://m.weibo.cn/detail/4220864344166927,2018-03-23 22:39:00,今晚 #偶像练习生# 排名发布 蔡徐坤第一 20名之后被淘汰， 范丞丞不舍落泪哭 现场第七名朱正廷发表感言说 “我们的路还没开始”令成员们落泪 周彦辰21名被淘汰 ​,0,0,2,2,21
idol_producer_033,周彦辰,偶像练习生,合作舞台阶段,2018-03-03,2018-03-23,周彦辰 偶像练习生,4220867909062430,https://m.weibo.cn/detail/4220867909062430,2018-03-23 22:53:00,新一期偶像练习生有感 #偶像练习生# 01木子洋暴打灵超这段真的好笑，还有韩沐伯和小尤太可爱了 02周锐太可爱了，快来签他 03韩沐伯一说年龄大我真的爆哭，也心疼小丁的才华 04明明正正也对正昊很好就只拍cxk，服了aqy神剪辑正正都没什么镜头，气的佛系粉丝都想骂 05只想说乐华不是抱团，那是团魂ok 坤音四子也超团结的 06公布20名时周彦辰的那个表情和立马为对方鼓掌的反应，他人品和努力我真的认，这么好的人都淘汰 07卜凡问为什么正正可以是仙子他不可以是也是很可爱 08想不通为什么lcz这种抄袭的也能进还一直在bbb，有好多人都是靠着加票进的吧 这次看真的哭了好几次，也终于知道小姐姐们为什么说pick不起了，真的累，真的也不公平. 这次真的在投票在切实地感受到，都有些希望乐华自己组团出道了. 但还是要加油投票！ 收起 d,0,1,0,2,22
idol_producer_033,周彦辰,偶像练习生,合作舞台阶段,2018-03-03,2018-03-23,周彦辰 偶像练习生,4220868353765494,https://m.weibo.cn/detail/4220868353765494,2018-03-23 22:54:00,#偶像练习生# 周彦辰怎么就被淘汰了呢 ​,0,1,0,2,23
idol_producer_033,周彦辰,偶像练习生,排名发布阶段,2018-02-17,2018-03-02,周彦辰 偶像练习生,4213248352240844,https://m.weibo.cn/detail/4213248352240844,2018-03-02 22:15:00,#偶像练习生# 我向 @周彦辰 送出了加油卡！我pick的小哥哥全世界最棒！大家快来一起给你喜欢的选手打call吧！ O 练习生PICK榜 ​,0,0,1,1,24
idol_producer_033,周彦辰,偶像练习生,排名发布阶段,2018-02-17,2018-03-02,周彦辰 偶像练习生,4213250721508124,https://m.weibo.cn/detail/4213250721508124,2018-03-02 22:25:00,本周偶像练习生太好看了 《very good》这组太戳心 单曲循环 心疼周彦辰和双胞胎兄弟 越努力越幸运 ​,0,0,1,1,25
idol_producer_033,周彦辰,偶像练习生,排名发布阶段,2018-02-17,2018-03-02,周彦辰 偶像练习生,4213257222439998,https://m.weibo.cn/detail/4213257222439998,2018-03-02 22:51:00,@周彦辰 我在 #偶像练习生# 练习生PICK榜上为你打call！把小心心都给你，赢取节目10s彩蛋！请大家投一票给周彦辰小哥哥吧！！！ O 练习生PICK榜 ​,0,0,1,1,26
idol_producer_033,周彦辰,偶像练习生,合作舞台阶段,2018-03-03,2018-03-23,周彦辰 偶像练习生,4220864000006119,https://m.weibo.cn/detail/4220864000006119,2018-03-23 22:37:00,真的无fu k可说了，我最喜欢的两个小哥哥，先淘汰了主舞丁泽仁，又淘汰了本命周彦辰，泽仁淘汰是因为太低调，以他的实力淘汰他就是偶像练习生的的最大损失，然后就是我们小花，我们小花实力没话说长得没话说，我就是想请问一下我们小花的票就算被吞也不少吧，怎么也能进前20吧，怎么就卡着21了呢？这么有实力的两个人还这么努力，你们就使劲做吧，说是为了出个最好的男团组合，做的完全不是这么回事（尽自己最大的力气说的文明）🌚🌚🌚🌚🌚 2 烟台·烟台大学文经学院 收起 d,0,0,1,1,27
idol_producer_033,周彦辰,偶像练习生,合作舞台阶段,2018-03-03,2018-03-23,周彦辰 偶像练习生,4220868093269845,https://m.weibo.cn/detail/4220868093269845,2018-03-23 22:53:00,@周彦辰 第一次这样的喜欢一个人，看到你淘汰了很难过，那么努力的一个人是我想要努力的对象 #偶像练习生周彦辰# ​,0,0,1,1,28
idol_producer_033,周彦辰,偶像练习生,排名发布阶段,2018-02-17,2018-03-02,周彦辰 偶像练习生,4213246195963546,https://m.weibo.cn/detail/4213246195963546,2018-03-02 22:07:00,#偶像练习生# 我向 @周彦辰 送出了加油卡！我pick的小哥哥全世界最棒！大家快来一起给你喜欢的选手打call吧！ O 练习生PICK榜 ​,0,0,0,0,29
idol_producer_033,周彦辰,偶像练习生,排名发布阶段,2018-02-17,2018-03-02,周彦辰 偶像练习生,4213246183109854,https://m.weibo.cn/detail/4213246183109854,2018-03-02 22:07:00,@周彦辰 我在 #偶像练习生# 练习生PICK榜上为你打call！把小心心都给你，赢取节目10s彩蛋！ O 练习生PICK榜 ​,0,0,0,0,30
idol_producer_034,周腾阳,偶像练习生,位置测评阶段,2018-02-03,2018-02-16,周腾阳 偶像练习生,4208154289709248,https://m.weibo.cn/detail/4208154289709248,2018-02-16 20:53:00,偶像练习生 99进60的淘汰名单 乐华、坤音、觉醒东方、超能唱片全员安全 香蕉娱乐（9个淘汰4个） 高茂桐 姜京佐 李若天 邱治楷 辰星娱乐（6个淘汰4个） Rapen 王宥辰 J-one Gigel 麦锐娱乐（6个淘汰3个） 邓烺怡 孙凡杰 吕晨瑜 简单快乐（5个淘汰4个） 金逸涵 林浩楷 李志杰 孙浩然 盛夏星空（5个淘汰1个） 王梓豪 新锐杂志（5个淘汰3个） 赵俞澈 应智越 万宇贤 AIF娱乐（全军覆没） 于浩 赵凌峰 杨羿 张艺凡 焕星娱乐（全军覆没） 何嘉庚 李鑫岩 罗杰 张宇晨 铂熠娱乐（4个淘汰2个） 叶泓希 张昕 乐风艺社（全军覆没） 陈义夫 闵喆祥 果然娱乐（4个淘汰1个） 张晏恺 次元文化（2个淘汰1个） 徐鹤尼 新湃传媒（单人） 于斌 天津中视（单人） 朱一文 个人练习生（7个淘汰4个） 甘俊 侯浩然 黄若涵 周腾阳 个人觉得比较可惜的一些：扫地组合（罗杰、姜京佐）、张艺凡（第三期进A组）、闵喆祥（学舞能力突出） 收起 d,220,1591,1046,4448,1
idol_producer_034,周腾阳,偶像练习生,合作舞台阶段,2018-03-03,2018-03-23,周腾阳 偶像练习生,4220439296842466,https://m.weibo.cn/detail/4220439296842466,2018-03-22 18:30:00,【 #偶像练习生# 每日pick福利】还记得《半兽人》里的绑着头巾的帅气队长吗？为梦想不放弃，快来给 @周腾阳 打call吧~关注 @微博视频台 ，带 #偶像练习生# 话题转发评论，这张签名照有可能就掉到你的碗里噢~ ​,27,57,167,308,2
idol_producer_034,周腾阳,偶像练习生,合作舞台阶段,2018-03-03,2018-03-23,周腾阳 偶像练习生,4213976163710465,https://m.weibo.cn/detail/4213976163710465,2018-03-04 22:27:00,@周腾阳 为你打爆电话！我们一起用爱发电，向 #偶像练习生# 练习生PICK榜第一名进击，赢取节目10s彩蛋！ // @周腾阳 :我是 #偶像练习生# 周腾阳，全民制作人，请多关照.🙏,0,0,1,1,3
idol_producer_034,周腾阳,偶像练习生,总决赛阶段,2018-03-24,2018-04-06,周腾阳 偶像练习生,4225574295125669,https://m.weibo.cn/detail/4225574295125669,2018-04-05 22:34:00,远在 2 日本 的 @周腾阳 为 #爱奇艺# #偶像练习生# 的兄弟们送上最真挚的祝福，共同见证结果的诞生,0,0,1,1,4
idol_producer_034,周腾阳,偶像练习生,初评级阶段,2018-01-19,2018-01-26,周腾阳 偶像练习生,4200437651917640,https://m.weibo.cn/detail/4200437651917640,2018-01-26 13:50:00,#偶像练习生# 我向 @周腾阳 送出了加油卡！我pick的小哥哥全世界最棒！大家快来一起给你喜欢的选手打call吧！ O 练习生PICK榜 ​,0,0,0,0,5
idol_producer_034,周腾阳,偶像练习生,初评级阶段,2018-01-19,2018-01-26,周腾阳 偶像练习生,4200437777055669,https://m.weibo.cn/detail/4200437777055669,2018-01-26 13:51:00,@周腾阳 为你打爆电话！我们一起用爱发电，向 #偶像练习生# 练习生PICK榜第一名进击，赢取节目10s彩蛋！ // @周腾阳 :我是 #偶像练习生# 周腾阳，全民制作人，请多关照.🙏,0,0,0,0,6
idol_producer_034,周腾阳,偶像练习生,排名发布阶段,2018-02-17,2018-03-02,周腾阳 偶像练习生,4212781785325155,https://m.weibo.cn/detail/4212781785325155,2018-03-01 15:21:00,福利时间🕙！ #爱奇艺# #偶像练习生# 为大家准备了偶像 #周腾阳# 签名照，快来领取 // @周腾阳 :9有人要么？,0,0,0,0,7
idol_producer_034,周腾阳,偶像练习生,排名发布阶段,2018-02-17,2018-03-02,周腾阳 偶像练习生,4212783232339765,https://m.weibo.cn/detail/4212783232339765,2018-03-01 15:27:00,#偶像练习生# #周腾阳# #周腾阳# #周腾阳# 的，重要的事情艾特三遍，当然只要老周的 // @Jeangago格格 :当然不能缺少了 #周腾阳# 阳哥啊 我的我的我的，别跟我抢,0,0,0,0,8
idol_producer_035,周锐,偶像练习生,位置测评阶段,2018-02-03,2018-02-16,周锐 偶像练习生,4208159595553014,https://m.weibo.cn/detail/4208159595553014,2018-02-16 21:14:00,【 #偶像练习生# 练习生首次集体聚餐 尤长靖是隐藏的大胃王？】全员准备就绪！练习生们第一次集体聚餐 @周锐Zee 早已想好菜单？ @Trainee18-尤长靖 说自己是“小鸟胃”，一天只吃一顿，惨遭“打脸”？来看看吃火锅的小哥哥们到底有多“欢脱”！ L 《偶像练习生》练习生首次集体聚餐 尤长靖是隐藏的大胃王？ 想知道更多关于《偶像练习生》的“小秘密”？请继续锁定每周五晚八点半上线的 #偶像有新番# ！ 更多精彩 移动端 O 网页链接 pc端 O 网页链接 收起 d,33,53,274,413,1
idol_producer_035,周锐,偶像练习生,位置测评阶段,2018-02-03,2018-02-16,周锐 偶像练习生,4208161970247713,https://m.weibo.cn/detail/4208161970247713,2018-02-16 21:24:00,【 #偶像练习生# 公布40—31排名 #张艺兴# 现场向练习生学泰语】 泰国练习生黄书豪获得第41名，在非常感性的感谢大家支持自己时，张艺兴 @努力努力再努力x 要他替自己转达对泰国粉丝的想念，还现场学起了泰语，也是real有爱and好学了！31—40名： @周锐Zee @黄书豪-Mark 黄新淳 @MONKEY_OFFICIAL @罗正_LZ @张达源Darrien @CNK-李让RanG @Trainee18-贝汯璘Air @李长庚是我呀 @COSMOS-陈斯琪 @韩雍杰辅导员 L 《偶像练习生》公布40—31排名 陈斯奇绝望到提前买好回家车票 了解幕后小故事，请锁定每周五八点半上线的 #偶像有新番# 更多精彩 移动端> O 网页链接 pc端> O 网页链接 收起 d,13,83,184,363,2
idol_producer_035,周锐,偶像练习生,排名发布阶段,2018-02-17,2018-03-02,周锐 偶像练习生,4213258879458489,https://m.weibo.cn/detail/4213258879458489,2018-03-02 22:57:00,【推特】 #偶像练习生# 话题下1小时pick #小鬼王琳凯# #蔡徐坤# #偶像练习生蔡徐坤# #林超泽# #陈名豪# #范丞丞# #朱星杰# #周锐zee# #秦子墨# #卜凡# #偶像练习生黄书豪# #毕雯珺# #黄新淳# #陆定昊# ​,3,99,70,271,3
idol_producer_035,周锐,偶像练习生,位置测评阶段,2018-02-03,2018-02-16,周锐 偶像练习生,4208183649934897,https://m.weibo.cn/detail/4208183649934897,2018-02-16 22:50:00,#偶像练习生# 第一轮前60名： 蔡徐坤/陈立农/范丞丞/Justin/朱正廷/小鬼/卜凡/李权哲/何东东/尤长靖/王子异/Jeffrey/秦奋/林超泽/朱星杰/灵超/钱正昊/董岩磊/韩沐伯/丁泽仁/岳岳/左叶/徐凯皓/木子洋/郑锐彬/毕雯珺/周彦辰/林彦俊/李希侃/陆定昊/周锐/黄书豪/黄新淳/罗正/张达源/李让/贝汯璘/李长庚/陈斯琪/韩雍杰/秦子墨/武连杰/覃俊毅/娄滋博/靖佩瑶/余明君/陈名豪/明鹏/杨非同/朱匀一/伽里/凌崎/朱匀天/徐圣恩/李俊毅/张奕轩/王艺龙/姜达赫/胡致邦/梁辉 乐华女孩绝不认输 收起 d,2,32,106,172,4
idol_producer_035,周锐,偶像练习生,排名发布阶段,2018-02-17,2018-03-02,周锐 偶像练习生,4213257805642422,https://m.weibo.cn/detail/4213257805642422,2018-03-02 22:53:00,【小半 周锐 】 #偶像练习生# 位置测评vocal组《小半》登场！一出场就引爆全体练习生大呼“仙子神颜”的 @周锐Zee 和“忧郁小王子” @灵超DIDI ，四位身着白衣的仙子来人间唱歌了！你有被惊艳到吗？ L 《偶像练习生》小半组美男集结 盛世美颜融入唯美意境 ​,1,15,90,121,5
idol_producer_035,周锐,偶像练习生,总决赛阶段,2018-03-24,2018-04-06,周锐 偶像练习生,4225941477508242,https://m.weibo.cn/detail/4225941477508242,2018-04-06 22:53:00,锐哥，今天你虽然没有出道。 但是在我心里你真的真的是最棒的第一名了。 会写歌，唱歌跳舞都ok，拍戏也还不错的锐哥啊！ 相信未来你一定能够完成你的梦想。 我会一直一直在你身后看着你支持的！ 加油加油加油！加油努力成为更棒的周锐！相信你爱你爱你爱你❤ ❤ ❤ @周锐Zee #周锐# #周锐 主持# #周锐主持# #偶像练习生# #偶像练习生周锐# 收起 d,2,2,39,45,6
idol_producer_035,周锐,偶像练习生,排名发布阶段,2018-02-17,2018-03-02,周锐 偶像练习生,4213259056208761,https://m.weibo.cn/detail/4213259056208761,2018-03-02 22:58:00,#偶像练习生# 感受一下周锐的美颜对大家的暴击！👌 王子异为你惊叹，朱正廷夸你好美 李权哲夸你神颜，范丞丞为你跺脚 尤长靖为你张嘴，陈立农为你瞪眼👌 Justin漂亮连发👌 众人还为你迷醉脸👌 ​,2,4,32,42,7
idol_producer_035,周锐,偶像练习生,排名发布阶段,2018-02-17,2018-03-02,周锐 偶像练习生,4213257340676362,https://m.weibo.cn/detail/4213257340676362,2018-03-02 22:51:00,看了新一期偶像练习生，真的很想骂271 很多小哥哥颜值实力都在线，镜头却给的很少 mmp镜头这么少，怎么吸引路人啊 还是说你们早就决定出道的9个人了 心疼我们林彦俊，灵超，朱匀天，朱匀一，周锐 ​,0,8,25,41,8
idol_producer_035,周锐,偶像练习生,总决赛阶段,2018-03-24,2018-04-06,周锐 偶像练习生,4225942681242794,https://m.weibo.cn/detail/4225942681242794,2018-04-06 22:58:00,#偶像练习生# 恭喜蔡徐坤 陈立农 范丞丞 justin 朱正廷 王子异 小鬼 尤长靖八个练习生成功出道，还有没出道的我喜欢的罗正 李希侃 董岩磊 靖佩瑶 韩沐伯 朱星杰 丁泽仁 李俊毅 灵超 木子洋 周锐 山不转水转，我们江湖再见，未来可期！ ​,0,5,28,38,9
idol_producer_035,周锐,偶像练习生,合作舞台阶段,2018-03-03,2018-03-23,周锐 偶像练习生,4220867938788022,https://m.weibo.cn/detail/4220867938788022,2018-03-23 22:53:00,我发表了头条文章:《《偶像练习生》二十强诞生！周彦辰周锐韩沐伯等淘汰，惹人泪目！》 O 《偶像练习生》二十强诞生！周彦辰周锐韩沐伯等淘汰，惹人泪目！ ​,0,5,27,37,10
idol_producer_035,周锐,偶像练习生,排名发布阶段,2018-02-17,2018-03-02,周锐 偶像练习生,4213258258634521,https://m.weibo.cn/detail/4213258258634521,2018-03-02 22:55:00,#偶像练习生# 周锐你快点出道吧！！！！！ 你太好看了！！！！！！这个妆容太漂亮了！四个人的服装妆容都好看！钱正昊弟弟这场也好看！回到实力上！这一场太炸了！太好听了！配合的也特别好！！！！ 我严重怀疑周锐你吃了灵超的糖，才说灵超表情忧郁 纯欣赏一遍！截图一遍！带弹幕一遍！晚点我得自己录屏再刷！ 收起 d,1,4,8,17,11
idol_producer_035,周锐,偶像练习生,总决赛阶段,2018-03-24,2018-04-06,周锐 偶像练习生,4225941771064758,https://m.weibo.cn/detail/4225941771064758,2018-04-06 22:54:00,#偶像练习生# 看了四个月终于完事了 有些难受 本阿姨谁都不pick 只是一开始身边人喜欢cxk的比较多 每周帮忙投票什么的 还是only pick 现在感觉这些票 白投了 都断层了。。 早知道之前就多投点给别人 上两周周锐没救下来 现在卜凡也走了 心疼卜凡心疼坤音啊啊啊啊啊 还有zzt 本来是个仙子 感觉这几周一直都不开心 都有些抑郁了 都是小孩子啊 不说什么了 收起 d,0,5,5,15,12
idol_producer_035,周锐,偶像练习生,总决赛阶段,2018-03-24,2018-04-06,周锐 偶像练习生,4225941746192451,https://m.weibo.cn/detail/4225941746192451,2018-04-06 22:54:00,偶像练习生！ 恭喜蔡徐坤，陈立农，范丞丞，justin，林彦俊，朱正廷，王子异，小鬼，尤长靖。 喜欢卜凡小鬼的性格。灵超弟弟颜值。萌系努力李权哲。佩服尤长靖的高音。还有还有周锐，周美锐！ #偶像练习生# ​,0,0,10,10,13
idol_producer_035,周锐,偶像练习生,排名发布阶段,2018-02-17,2018-03-02,周锐 偶像练习生,4213258518741734,https://m.weibo.cn/detail/4213258518741734,2018-03-02 22:56:00,#偶像练习生# 周锐，郑锐彬，钱正昊，灵超—《小半》 L 国组安利博的秒拍视频 ​,2,0,7,9,14
idol_producer_035,周锐,偶像练习生,总决赛阶段,2018-03-24,2018-04-06,周锐 偶像练习生,4225942466945382,https://m.weibo.cn/detail/4225942466945382,2018-04-06 22:57:00,// @周锐Zee :我是 #偶像练习生# 周锐，全民制作人，谢谢关照❤️,0,3,2,8,15
idol_producer_035,周锐,偶像练习生,合作舞台阶段,2018-03-03,2018-03-23,周锐 偶像练习生,4220869025017349,https://m.weibo.cn/detail/4220869025017349,2018-03-23 22:57:00,"目前私心希望出道的人有蔡徐坤，朱正廷，范丞丞，Justin，Jeffrey,林彦俊，王子异。陈立农肯定也会有的，剩下一个suprise me 吧!希望是惊喜，不要是惊吓!希望各方面能跟这个团搭一点吧！好像这个团rapper比较多啊，希望大家以后能够balence一下吧!还有，真心喜欢Jeffrey,不是因为他家世多么显赫，而是因为他在那么好的外在条件下还可以这么有礼貌，这么谦虚!可爱哈哈哈!子异也很非常优秀!林彦俊哈哈哈新头发还不错!送走的练习生很多都很不错，罗正，希望去演戏吧！不要浪费那么好的颜!周锐，也可以发展发展演戏道路哈哈!木子洋继续时尚道路吧！丁泽仁继续加油，实力很强的练习生,今天换了发型真的get到颜了!李权哲，很可爱的练习生，也是有实力的练习生，加油!娄滋博确定是要回河南种地吗？哈哈哈，其实还蛮有可塑性的。韩沐伯真的是可惜了，有才唱歌也很好!回去和左叶继续加油!周彦辰，真的，实力也很强!感谢 #偶像练习生# 让我认识了你们!加油!我也要加油! 收起 d",0,3,0,6,16
idol_producer_035,周锐,偶像练习生,排名发布阶段,2018-02-17,2018-03-02,周锐 偶像练习生,4213258100088671,https://m.weibo.cn/detail/4213258100088671,2018-03-02 22:54:00,#周锐# #偶像练习生# 哦！我的锐！ ​,0,1,3,5,17
idol_producer_035,周锐,偶像练习生,合作舞台阶段,2018-03-03,2018-03-23,周锐 偶像练习生,4220866533653564,https://m.weibo.cn/detail/4220866533653564,2018-03-23 22:47:00,#偶像练习生# 其实周锐淘汰我也挺难过的，一直都挺喜欢有实力长得又美的他，可惜了，但我最喜欢的坤坤，朱正廷，小鬼，范丞丞，秦奋，卜凡，李权哲，林超泽，以上这几位不淘汰就好了，其他的练习生也挺好的，希望就这样一直陪着你们出道或者更远 @蔡徐坤 ​,0,2,1,5,18
idol_producer_035,周锐,偶像练习生,合作舞台阶段,2018-03-03,2018-03-23,周锐 偶像练习生,4220868609613145,https://m.weibo.cn/detail/4220868609613145,2018-03-23 22:55:00,#周锐# #偶像练习生周锐# 疯狂给我锐哥打call。赶快签公司啊！然后出专辑！上通告！就想和爱豆保持简单粗暴的金钱关系啊！就是想给锐哥打钱啊！,0,2,1,5,19
idol_producer_035,周锐,偶像练习生,合作舞台阶段,2018-03-03,2018-03-23,周锐 偶像练习生,4220869012673863,https://m.weibo.cn/detail/4220869012673863,2018-03-23 22:57:00,#偶像练习生# 丁泽仁，周锐，周彦辰，李权哲，韩沐伯，这期节目看的真心碎 朱正廷名次掉的 ​​,0,0,5,5,20
idol_producer_035,周锐,偶像练习生,排名发布阶段,2018-02-17,2018-03-02,周锐 偶像练习生,4213258715776817,https://m.weibo.cn/detail/4213258715776817,2018-03-02 22:56:00,范丞丞表现好在哪里？一直理解不了。很想有人给解释解释啊。看了这一期，觉得最惊艳的还是周锐，哈哈，完全不一样的打扮啊。总体还是最喜欢蔡徐坤，哈哈哈 #偶像练习生# ​,0,0,3,3,21
idol_producer_035,周锐,偶像练习生,合作舞台阶段,2018-03-03,2018-03-23,周锐 偶像练习生,4220866332494354,https://m.weibo.cn/detail/4220866332494354,2018-03-23 22:46:00,这就是我们家小傻子，很皮耶。 @周锐Zee #周锐# #偶像练习生周锐# #偶像练习生# #周锐艺术品# @周锐Zee全国后援会 @爱奇艺偶像练习生 @周锐Zee宣传组 @百分九宿舍收发室 @百变小锐的魔术卡,0,0,2,2,22
idol_producer_035,周锐,偶像练习生,合作舞台阶段,2018-03-03,2018-03-23,周锐 偶像练习生,4220867909062430,https://m.weibo.cn/detail/4220867909062430,2018-03-23 22:53:00,新一期偶像练习生有感 #偶像练习生# 01木子洋暴打灵超这段真的好笑，还有韩沐伯和小尤太可爱了 02周锐太可爱了，快来签他 03韩沐伯一说年龄大我真的爆哭，也心疼小丁的才华 04明明正正也对正昊很好就只拍cxk，服了aqy神剪辑正正都没什么镜头，气的佛系粉丝都想骂 05只想说乐华不是抱团，那是团魂ok 坤音四子也超团结的 06公布20名时周彦辰的那个表情和立马为对方鼓掌的反应，他人品和努力我真的认，这么好的人都淘汰 07卜凡问为什么正正可以是仙子他不可以是也是很可爱 08想不通为什么lcz这种抄袭的也能进还一直在bbb，有好多人都是靠着加票进的吧 这次看真的哭了好几次，也终于知道小姐姐们为什么说pick不起了，真的累，真的也不公平. 这次真的在投票在切实地感受到，都有些希望乐华自己组团出道了. 但还是要加油投票！ 收起 d,0,1,0,2,23
idol_producer_035,周锐,偶像练习生,总决赛阶段,2018-03-24,2018-04-06,周锐 偶像练习生,4225940396175281,https://m.weibo.cn/detail/4225940396175281,2018-04-06 22:49:00,今晚偶像练习生周锐担任主持，范丞丞爸妈、蔡徐坤妈妈都到场加油助阵，李荣浩、张艺兴妙语连珠，简直就是综艺节目的巅峰之夜！选手包括偶像都特别紧张，希望实力选手发挥稳定都能出道！ L 圈内老汉的秒拍视频 ​,0,0,2,2,24
idol_producer_035,周锐,偶像练习生,总决赛阶段,2018-03-24,2018-04-06,周锐 偶像练习生,4225941255730965,https://m.weibo.cn/detail/4225941255730965,2018-04-06 22:52:00,#偶像练习生# 行了 坤音四字自己出道哼 周锐 jeffrey 朱星杰 陆定昊 还有那些没出道的练习生 以后走花路吧 ​,0,0,2,2,25
idol_producer_035,周锐,偶像练习生,总决赛阶段,2018-03-24,2018-04-06,周锐 偶像练习生,4225942081181790,https://m.weibo.cn/detail/4225942081181790,2018-04-06 22:56:00,#周锐主持# // @周锐后援会官博 : #周锐# 四个月来，感谢相遇，不老的少年，请让我们陪伴你继续追逐音乐的美梦吧 // @周锐Zee :我是 #偶像练习生# 周锐，全民制作人，谢谢关照❤️,0,0,2,2,26
idol_producer_035,周锐,偶像练习生,位置测评阶段,2018-02-03,2018-02-16,周锐 偶像练习生,4208159633364451,https://m.weibo.cn/detail/4208159633364451,2018-02-16 21:15:00,《 #偶像练习生# 《偶像练习生》小组对决，蔡徐坤、朱正廷、周彦辰、周锐和王子异带来神曲《PPAP》 感受下可爱与帅气两种不同风格带来极致反差萌。我觉得朱正廷，周彦辰和周锐表现的更好一些，蔡徐坤和王子异还是有一些放不开所以稍微逊色，但是都很棒啦，都是实力派 L 青雨潇洒的秒拍视频 收起 d,0,0,1,1,27
idol_producer_035,周锐,偶像练习生,排名发布阶段,2018-02-17,2018-03-02,周锐 偶像练习生,4213258112434748,https://m.weibo.cn/detail/4213258112434748,2018-03-02 22:54:00,#偶像练习生周锐# 我,0,0,1,1,28
idol_producer_035,周锐,偶像练习生,排名发布阶段,2018-02-17,2018-03-02,周锐 偶像练习生,4213259417011394,https://m.weibo.cn/detail/4213259417011394,2018-03-02 22:59:00,// @怪屋顶S :是是是太美了我疯了 #周锐zee# #偶像练习生#,0,0,1,1,29
idol_producer_035,周锐,偶像练习生,总决赛阶段,2018-03-24,2018-04-06,周锐 偶像练习生,4225940672837655,https://m.weibo.cn/detail/4225940672837655,2018-04-06 22:50:00,今晚偶像练习生周锐担任主持，范丞丞爸妈、蔡徐坤妈妈都到场加油助阵，李荣浩、张艺兴妙语连珠，简直就是综艺节目的巅峰之夜！选手包括偶像都特别紧张，希望实力选手发挥稳定都能出道！ L 圈内老汉的秒拍视频 ​,0,0,1,1,30
idol_producer_036,姜京佐,偶像练习生,初评级阶段,2018-01-19,2018-01-26,姜京佐 偶像练习生,4200550956290435,https://m.weibo.cn/detail/4200550956290435,2018-01-26 21:20:00,#偶像练习生# “十八般担当”都齐全的香蕉娱乐九人团贝汯璘 @Trainee18-贝汯璘Air 李若天 @Trainee18-李若天Kai 高茂桐 @Trainee18-高茂桐 姜京佐 @Trainee18-姜京佐 尤长靖 @Trainee18-尤长靖 林彦俊 @Trainee18-林彦俊 林超泽 @Trainee18-林超泽 陆定昊 @Trainee18-陆定昊 邱治谐 @Trainee18-邱治谐 团体配合度完美，群舞获得导师团一致好评！给你们鼓鼓掌 L 【偶像练习生】尤长靖：小宇宙大爆发 走心演唱获李荣浩好评 收起 d,458,1084,2089,4715,1
idol_producer_036,姜京佐,偶像练习生,位置测评阶段,2018-02-03,2018-02-16,姜京佐 偶像练习生,4208154289709248,https://m.weibo.cn/detail/4208154289709248,2018-02-16 20:53:00,偶像练习生 99进60的淘汰名单 乐华、坤音、觉醒东方、超能唱片全员安全 香蕉娱乐（9个淘汰4个） 高茂桐 姜京佐 李若天 邱治楷 辰星娱乐（6个淘汰4个） Rapen 王宥辰 J-one Gigel 麦锐娱乐（6个淘汰3个） 邓烺怡 孙凡杰 吕晨瑜 简单快乐（5个淘汰4个） 金逸涵 林浩楷 李志杰 孙浩然 盛夏星空（5个淘汰1个） 王梓豪 新锐杂志（5个淘汰3个） 赵俞澈 应智越 万宇贤 AIF娱乐（全军覆没） 于浩 赵凌峰 杨羿 张艺凡 焕星娱乐（全军覆没） 何嘉庚 李鑫岩 罗杰 张宇晨 铂熠娱乐（4个淘汰2个） 叶泓希 张昕 乐风艺社（全军覆没） 陈义夫 闵喆祥 果然娱乐（4个淘汰1个） 张晏恺 次元文化（2个淘汰1个） 徐鹤尼 新湃传媒（单人） 于斌 天津中视（单人） 朱一文 个人练习生（7个淘汰4个） 甘俊 侯浩然 黄若涵 周腾阳 个人觉得比较可惜的一些：扫地组合（罗杰、姜京佐）、张艺凡（第三期进A组）、闵喆祥（学舞能力突出） 收起 d,220,1591,1046,4448,2
idol_producer_036,姜京佐,偶像练习生,合作舞台阶段,2018-03-03,2018-03-23,姜京佐 偶像练习生,4219392797978830,https://m.weibo.cn/detail/4219392797978830,2018-03-19 21:11:00,今天 @Trainee18-姜京佐 @Trainee18-李若天Kai 空降 @KilaKila 直播间。直播中的他们是什么样子的？李若天脚底受伤，依然从图一聊到了图四，堪称位置大跃进 ~~谢谢今天来直播间的粉丝宝宝们，也希望之后大家能够多多支持香蕉男孩~ #偶像练习生# #李若天# #姜京佐# ​,1275,362,571,2570,3
idol_producer_036,姜京佐,偶像练习生,位置测评阶段,2018-02-03,2018-02-16,姜京佐 偶像练习生,4208152587102179,https://m.weibo.cn/detail/4208152587102179,2018-02-16 20:47:00,张艺兴 蔡徐坤 唇膏 #偶像练习生# 排名公布现场，蔡徐坤找姜京佐借唇膏，被在“暗中观察”的张艺兴 @努力努力再努力x 看到了，张艺兴贴心的把自己的唇膏给蔡徐坤用，蔡徐坤收获了一大波练习生羡慕的眼光。哈哈哈哈求张艺兴同款唇膏！ O 网页链接 ​,310,186,239,921,4
idol_producer_036,姜京佐,偶像练习生,总决赛阶段,2018-03-24,2018-04-06,姜京佐 偶像练习生,4225918815857955,https://m.weibo.cn/detail/4225918815857955,2018-04-06 21:23:00,《偶像练习生》总决赛，香蕉娱乐boss 王思聪 低调现身，为旗下的练习生助阵！并与尤长靖、林彦俊、林超泽、陆定昊、姜京佐、李若天、高茂桐、邱治谐、贝汯璘合照。 另外，范丞丞爸妈 也来到现场，为范丞丞加油打气！ 你最支持谁？ ​,158,118,189,583,5
idol_producer_036,姜京佐,偶像练习生,排名发布阶段,2018-02-17,2018-03-02,姜京佐 偶像练习生,4212804325893620,https://m.weibo.cn/detail/4212804325893620,2018-03-01 16:51:00,#创造101# 【等待开播的日子】小首的安利课堂 第一课 香蕉娱乐之Trainee18 1、强东玥 1994年3月31日 华东师范大学 2、曾妮 1993年6月9日 上海戏剧学院 宣言： 不忘初心 方能始终 3、傅菁 1995年6月2日 宣言： 一切才刚开始 加油 未来会更加努力 4、王亦然 宣言：Just another girl 5、王曼君 6、刘尼夷 Trainee18是王思聪旗下上海香蕉计划演出经纪有限公司于2016年12月20日成军的首批18名练习生。其中 #高茂桐# 、 #贝汯璘# 、 #陆定昊# 、 #姜京佐# 、 #邱治谐# 、 #尤长靖# 、 #林彦俊# 、 #林超泽# 、 #李若天# 因参加《偶像练习生》被粉丝熟知，这些都是他们的师妹哦~ 收起 d,66,160,167,553,6
idol_producer_036,姜京佐,偶像练习生,排名发布阶段,2018-02-17,2018-03-02,姜京佐 偶像练习生,4212881073085968,https://m.weibo.cn/detail/4212881073085968,2018-03-01 21:56:00,#偶像练习生# 显微镜女孩分享一下根据花絮扒出来了的宿舍分配。可能有稍许误差，欢迎大家补充修改，其他不熟悉就没扒了。 01宿舍，范丞丞 朱正廷 黄明昊 黄新淳 02宿舍，李权哲 丁泽仁 泰国人 毕雯珺 03宿舍，朱匀一 朱匀天 董岩磊 未知 04宿舍，罗正 吕晨瑜 余明君 李希侃 06宿舍，有长靖 高茂桐 林超泽 姜京佐 08宿舍，蔡徐坤 钱正昊 周锐 秦子墨 10宿舍， 秦奋 韩沐伯 左叶 靖佩瑶 17宿舍，董又霖 王子异 郑锐彬 胡志邦 18宿舍，坤音四子 灵超 卜凡 岳岳 木子洋 19宿舍，朱星杰 小鬼 周彦辰 张晏恺 21宿舍，林彦俊 陈立农 许凯皓 林浩楷 收起 d,17,79,258,433,7
idol_producer_036,姜京佐,偶像练习生,位置测评阶段,2018-02-03,2018-02-16,姜京佐 偶像练习生,4208182941877183,https://m.weibo.cn/detail/4208182941877183,2018-02-16 22:47:00,【 #偶像练习生# 公布排名第60人选 梁辉晋级姜京佐被淘汰】排名第60名的练习生公布！ @梁辉LIANGHUI @COSMOS-徐鹤尼 @Trainee18-高茂桐 @Trainee18-姜京佐 四位排名接近60名的练习生中，只有一位能够坐上最后的座位。现场气氛紧张到极点。 L 《偶像练习生》公布排名第60人选 梁辉晋级姜京佐被淘汰 想知道更多关于《偶像练习生》的“小秘密”？请继续锁定每周五晚八点半上线的 #偶像有新番# ！ 更多精彩 移动端 O 网页链接 pc端 O 网页链接 收起 d,3,72,82,229,8
idol_producer_036,姜京佐,偶像练习生,位置测评阶段,2018-02-03,2018-02-16,姜京佐 偶像练习生,4208162674747019,https://m.weibo.cn/detail/4208162674747019,2018-02-16 21:27:00,安利最好笑也是最有团魂的香蕉娱乐！愿姜京佐，李若天，高茂桐，邱治谐在以后的路上披荆斩棘！你们的路才刚开始！继续加油吧💪 #姜京佐# #李若天# #高茂桐# #邱治谐# #偶像练习生# K Rock the show-TRAINEE18练习生 ​,2,33,40,108,9
idol_producer_036,姜京佐,偶像练习生,合作舞台阶段,2018-03-03,2018-03-23,姜京佐 偶像练习生,4219611274277952,https://m.weibo.cn/detail/4219611274277952,2018-03-20 11:39:00,第二次看偶像练习生才发现了一个叫姜京佐的小哥哥，长得这么好看为什么第一次排名就淘汰了 ​,0,20,16,56,10
idol_producer_036,姜京佐,偶像练习生,排名发布阶段,2018-02-17,2018-03-02,姜京佐 偶像练习生,4212806536102388,https://m.weibo.cn/detail/4212806536102388,2018-03-01 17:00:00,"#姜京佐# #偶像练习生姜京佐# 廊坊大厂上班 |虽然常说 人心易变| |但是亲爱的 ʏᴏᴜʀ sᴏᴜʟ| |将会一直温柔地闪耀| |因为我一直都深爱着你| |所以什么都不用担心| |ᴍʏ ᴅᴀʀʟɪɴɢ, sᴛᴀʏ ɢᴏʟᴅ| |请纯真无邪地微笑吧 直到永远| K Stay Gold ​",15,5,27,52,11
idol_producer_036,姜京佐,偶像练习生,位置测评阶段,2018-02-03,2018-02-16,姜京佐 偶像练习生,4208167111864209,https://m.weibo.cn/detail/4208167111864209,2018-02-16 21:44:00,#偶像练习生# 看到第61名宣布是寺草姜京佐的时候，真的很难受，眼泪一下子就出来了看到尤长靖眼泪哗一下子就下来了，陆定昊哭的眼都红了，我们林彦俊真的是抬头眼泪都掩盖不住，林超泽真的是哭的不敢直视，他应该也想让香蕉都站上那里，但是已经很棒了。 2 淄博·常家镇 ​,1,5,34,45,12
idol_producer_036,姜京佐,偶像练习生,合作舞台阶段,2018-03-03,2018-03-23,姜京佐 偶像练习生,4220106001490905,https://m.weibo.cn/detail/4220106001490905,2018-03-21 20:25:00,#偶像练习生# 从最上次的姜京佐 高茂桐到后来的靖佩瑶 秦子墨 左叶再到现在的岳岳 木子洋 哭死了 看着弟弟哭好难受 “❤ 有些故事开始就没错❤ ” 2 上海·马陆 ​,0,1,26,28,13
idol_producer_036,姜京佐,偶像练习生,排名发布阶段,2018-02-17,2018-03-02,姜京佐 偶像练习生,4212750672556696,https://m.weibo.cn/detail/4212750672556696,2018-03-01 13:18:00,《偶像练习生：林超泽姜京佐尤长靖演绎EXO《前夜》，太帅太辣眼！》偶像练习生：林超泽姜京佐尤长靖演绎EXO《前夜》，太帅太辣眼！ O 网页链接 ​,2,0,12,14,14
idol_producer_036,姜京佐,偶像练习生,位置测评阶段,2018-02-03,2018-02-16,姜京佐 偶像练习生,4208160501880210,https://m.weibo.cn/detail/4208160501880210,2018-02-16 21:18:00,我们香蕉的孩子都是最棒的。小佐加油！！// @Together_姜京佐_1130图博 : #姜京佐# #偶像练习生姜京佐# #trainee18-姜京佐# 一路上有你，你永远是我心中最棒的男孩,0,0,13,13,15
idol_producer_036,姜京佐,偶像练习生,合作舞台阶段,2018-03-03,2018-03-23,姜京佐 偶像练习生,4220377078724584,https://m.weibo.cn/detail/4220377078724584,2018-03-22 14:22:00,出 今天 #偶像练习生# #姜京佐# #高茂桐# #李若天# 仁川到达 ​,2,2,0,6,16
idol_producer_036,姜京佐,偶像练习生,合作舞台阶段,2018-03-03,2018-03-23,姜京佐 偶像练习生,4220091740161597,https://m.weibo.cn/detail/4220091740161597,2018-03-21 19:28:00,接 高茂桐 李若天 姜京佐 仁川到达 #偶像练习生# #高茂桐# #李若天# #姜京佐# 麻烦帮扩 @饭拍中转博 @PICS高清中转 @卖图饭拍中转博 @追星少女代拍中转博 @救救孩子代拍中转站 @饭拍高清中转区 @代拍中转小助手 @代拍卖图中转站 谢谢🙏 ​​​,3,1,0,5,17
idol_producer_036,姜京佐,偶像练习生,总决赛阶段,2018-03-24,2018-04-06,姜京佐 偶像练习生,4225913841305857,https://m.weibo.cn/detail/4225913841305857,2018-04-06 21:03:00,【王思聪现身《偶像练习生》】《偶像练习生》总决赛，香蕉娱乐的boss #王思聪# 现身为旗下的练习生助阵 与尤长靖、林彦俊、林超泽、陆定昊、姜京佐、李若天、高茂桐、邱治谐、贝汯璘合照 ​,2,0,3,5,18
idol_producer_036,姜京佐,偶像练习生,合作舞台阶段,2018-03-03,2018-03-23,姜京佐 偶像练习生,4220849932226405,https://m.weibo.cn/detail/4220849932226405,2018-03-23 21:41:00,姜京佐61，左叶36，周彦辰21 爱奇艺有毒… #偶像练习生# ​,0,0,4,4,19
idol_producer_036,姜京佐,偶像练习生,总决赛阶段,2018-03-24,2018-04-06,姜京佐 偶像练习生,4225917339545053,https://m.weibo.cn/detail/4225917339545053,2018-04-06 21:17:00,王思聪现身《偶像练习生》总决赛，为其公司香蕉娱乐旗下的练习生加油！尤长靖、林彦俊、林超泽、陆定昊、姜京佐、李若天、高茂桐、邱治谐、贝汯璘加油～ ​ L 肾肾先生的秒拍视频 ​,0,0,4,4,20
idol_producer_036,姜京佐,偶像练习生,总决赛阶段,2018-03-24,2018-04-06,姜京佐 偶像练习生,4225916483853863,https://m.weibo.cn/detail/4225916483853863,2018-04-06 21:14:00,#偶像练习生# 总决赛，香蕉娱乐的boss #王思聪# 现身为旗下的练习生助阵 与尤长靖、林彦俊、林超泽、陆定昊、姜京佐、李若天、高茂桐、邱治谐、贝汯璘合照 ​​​,1,0,2,3,21
idol_producer_036,姜京佐,偶像练习生,排名发布阶段,2018-02-17,2018-03-02,姜京佐 偶像练习生,4213131989455451,https://m.weibo.cn/detail/4213131989455451,2018-03-02 14:33:00,@爱奇艺偶像练习生 @朱星杰J_zen #偶像练习生# 小哥哥们热舞赢火锅，被柠檬酸到模糊~~【朱星杰】【余明君】【姜京佐】【朱匀一】【张艺凡】 UP主: 橙子君11 #bilibili# O 网页链接 ​,0,0,2,2,22
idol_producer_036,姜京佐,偶像练习生,合作舞台阶段,2018-03-03,2018-03-23,姜京佐 偶像练习生,4220775856575165,https://m.weibo.cn/detail/4220775856575165,2018-03-23 16:47:00,#姜京佐# Day1 没有原因，就是在偶像练习生里看到的第一眼就进入这个坑了 @Trainee18-姜京佐 ​,0,0,2,2,23
idol_producer_036,姜京佐,偶像练习生,合作舞台阶段,2018-03-03,2018-03-23,姜京佐 偶像练习生,4220827950336792,https://m.weibo.cn/detail/4220827950336792,2018-03-23 20:14:00,心好痛啊啊啊啊啊啊啊啊啊啊啊啊啊啊这是我离偶像练习生最近的一次，为什么我现在不在首尔啊！我要去弘大！！！香蕉娱乐 #姜京佐# 2 韩国 ​,0,1,0,2,24
idol_producer_036,姜京佐,偶像练习生,总决赛阶段,2018-03-24,2018-04-06,姜京佐 偶像练习生,4225920195263465,https://m.weibo.cn/detail/4225920195263465,2018-04-06 21:29:00,【偶像练习生 王思聪】香蕉娱乐的大boss @王思聪 现身《偶像练习生》总决赛为旗下的练习生助阵并合照！ 我们的宝宝都变得乖巧起来 看看 #尤长靖# 那个可爱娇羞样子 一定要出道噢 （与尤长靖、林彦俊、林超泽、陆定昊、姜京佐、李若天、高茂桐、邱治谐、贝汯璘合照 ） 收起 d,0,0,2,2,25
idol_producer_036,姜京佐,偶像练习生,位置测评阶段,2018-02-03,2018-02-16,姜京佐 偶像练习生,4208167439213907,https://m.weibo.cn/detail/4208167439213907,2018-02-16 21:46:00,心脏阿帕。。。。。我的扫地cp。。。。。好的现实告诉我真的不要zqsg地追节目，我懂了 希望小猪佩奇男孩罗杰&少林寺大扫把姜京佐 以后越来越好 还要一起开开心心地吃成长快乐哦。。。。 #偶像练习生姜京佐# #偶像练习生罗杰# 2 东莞·汇一城 ​,0,0,0,0,26
idol_producer_036,姜京佐,偶像练习生,排名发布阶段,2018-02-17,2018-03-02,姜京佐 偶像练习生,4212307304750590,https://m.weibo.cn/detail/4212307304750590,2018-02-28 07:56:00,#姜京佐# day 1 偶像练习生dance to the music 哇戴了个发带，超级帅的qaq怎么这么好看，舞也跳的好，各方面都很nice的小哥哥，后来看下去居然没有晋级，惊了…摸摸，这么优秀一定会出道的！！！跟你一起出道qaq ​,0,0,0,0,27
idol_producer_036,姜京佐,偶像练习生,合作舞台阶段,2018-03-03,2018-03-23,姜京佐 偶像练习生,4219447968817773,https://m.weibo.cn/detail/4219447968817773,2018-03-20 00:50:00,@Trainee18-姜京佐 为你打爆电话！我们一起用爱发电，向 #偶像练习生# 练习生PICK榜第一名进击，赢取节目10s彩蛋！ // @Trainee18-姜京佐 :我是 #偶像练习生# 姜京佐，全民制作人，请多关照。,0,0,0,0,28
idol_producer_036,姜京佐,偶像练习生,合作舞台阶段,2018-03-03,2018-03-23,姜京佐 偶像练习生,4219447805216847,https://m.weibo.cn/detail/4219447805216847,2018-03-20 00:50:00,#偶像练习生# 我向 @Trainee18-姜京佐 送出了加油卡！我pick的小哥哥全世界最棒！大家快来一起给你喜欢的选手打call吧！ O 练习生PICK榜 ​,0,0,0,0,29
idol_producer_036,姜京佐,偶像练习生,合作舞台阶段,2018-03-03,2018-03-23,姜京佐 偶像练习生,4219447796826856,https://m.weibo.cn/detail/4219447796826856,2018-03-20 00:50:00,@Trainee18-姜京佐 我在 #偶像练习生# 练习生PICK榜上为你打call！把小心心都给你，赢取节目10s彩蛋！ O 练习生PICK榜 ​,0,0,0,0,30
idol_producer_038,姜达赫,偶像练习生,排名发布阶段,2018-02-17,2018-03-02,姜达赫 偶像练习生,4213248155139802,https://m.weibo.cn/detail/4213248155139802,2018-03-02 22:15:00,#姜达赫 退赛# 围观了一个月的偶像练习生。发现真的是没镜头没天下没市场，心疼 @MLody姜达赫 ，吃瓜《双截棍》舞台，表现挺好的；腿伤真的要人命，看来私下没少受罪。东北大兄弟加油养伤。最后来品品这团魂舞台吧。 L 芒果捞小白的秒拍视频 ​,1257,560,1142,3519,1
idol_producer_038,姜达赫,偶像练习生,总决赛阶段,2018-03-24,2018-04-06,姜达赫 偶像练习生,4223205474602720,https://m.weibo.cn/detail/4223205474602720,2018-03-30 09:41:00,看豆瓣八卦偶像练习生们里的有钱人，蔡徐坤家深圳天鹅堡第一期外套1w+，朱正廷叫人间gucci一次买400张面膜，姜达赫开劳斯莱斯，王子异家是煤老板衣服比他公司注册资本还贵，范丞丞和杰弗瑞就不用说了，背靠范冰冰成龙，Justin家开连锁酒店温州富豪，坤音的岳岳家均价11万，最最最惊呆我的是一直弱弱的钱正昊，家是徐汇区别墅还有私人录音棚，上的小学赞助费要50万，据说他如果这回不能出道，家里人就要送他去伯克利上学了…… 收起 d,218,533,477,1761,2
idol_producer_038,姜达赫,偶像练习生,总决赛阶段,2018-03-24,2018-04-06,姜达赫 偶像练习生,4223204169887668,https://m.weibo.cn/detail/4223204169887668,2018-03-30 09:36:00,老友回家的感觉真好， @MLody姜达赫 这爷俩儿自拍玩的挺嗨！ @MLody姜达赫后援会 @爱奇艺偶像练习生 L 姜鹏的秒拍视频 ​,0,33,254,320,3
idol_producer_038,姜达赫,偶像练习生,位置测评阶段,2018-02-03,2018-02-16,姜达赫 偶像练习生,4208183649934897,https://m.weibo.cn/detail/4208183649934897,2018-02-16 22:50:00,#偶像练习生# 第一轮前60名： 蔡徐坤/陈立农/范丞丞/Justin/朱正廷/小鬼/卜凡/李权哲/何东东/尤长靖/王子异/Jeffrey/秦奋/林超泽/朱星杰/灵超/钱正昊/董岩磊/韩沐伯/丁泽仁/岳岳/左叶/徐凯皓/木子洋/郑锐彬/毕雯珺/周彦辰/林彦俊/李希侃/陆定昊/周锐/黄书豪/黄新淳/罗正/张达源/李让/贝汯璘/李长庚/陈斯琪/韩雍杰/秦子墨/武连杰/覃俊毅/娄滋博/靖佩瑶/余明君/陈名豪/明鹏/杨非同/朱匀一/伽里/凌崎/朱匀天/徐圣恩/李俊毅/张奕轩/王艺龙/姜达赫/胡致邦/梁辉 乐华女孩绝不认输 收起 d,2,32,106,172,4
idol_producer_038,姜达赫,偶像练习生,总决赛阶段,2018-03-24,2018-04-06,姜达赫 偶像练习生,4223350698202586,https://m.weibo.cn/detail/4223350698202586,2018-03-30 19:18:00,《偶像练习生》里的练习生们到底多有钱？钱正昊家在徐汇区有别墅，姜达赫开劳斯莱斯，王子异走机场随便一身十万上下，Justin家里温州富商，李希侃姐姐开保时捷，朱正廷家在上海外滩有房子，Jeffrey是成龙侄子，蔡徐坤家在深圳老牌富人区天鹅堡，岳岳家均价11万一平，范丞丞有范冰冰这个姐姐更不用说了，最穷的可能就是全民制作人了吧 ​​​ 收起 d,14,27,83,151,5
idol_producer_038,姜达赫,偶像练习生,排名发布阶段,2018-02-17,2018-03-02,姜达赫 偶像练习生,4212737238563595,https://m.weibo.cn/detail/4212737238563595,2018-03-01 12:24:00,梁辉和姜达赫要退赛了？可惜扫地cp徐鹤尼高茂桐这些美人们也回不来了 #偶像练习生# ​,3,16,41,76,6
idol_producer_038,姜达赫,偶像练习生,合作舞台阶段,2018-03-03,2018-03-23,姜达赫 偶像练习生,4220508339411266,https://m.weibo.cn/detail/4220508339411266,2018-03-22 23:04:00,姜达赫虽然有个明星爸爸 @姜鹏 ！！！ 但是姜达赫本人 也是很厉害啊！ 唱歌 跳舞 钢琴 电子音乐 还会创作 样样精通 自己报名参加 偶像练习生 中途因为脚受伤退赛 并不是刷票退的 后来看一家三口直播 感觉好幸福 加油 @MLody姜达赫 越努力越幸运 收起 d,3,6,28,43,7
idol_producer_038,姜达赫,偶像练习生,排名发布阶段,2018-02-17,2018-03-02,姜达赫 偶像练习生,4213046567636416,https://m.weibo.cn/detail/4213046567636416,2018-03-02 08:54:00,我擦 你知道什么叫小红书手滑给姜达赫投了一票的感觉吗？？ 想死 #偶像练习生# ​,1,9,7,26,8
idol_producer_038,姜达赫,偶像练习生,合作舞台阶段,2018-03-03,2018-03-23,姜达赫 偶像练习生,4220177330111129,https://m.weibo.cn/detail/4220177330111129,2018-03-22 01:09:00,Woc姜达赫开劳斯莱斯去接黄新淳 一群少爷对我90度鞠躬给我唱歌跳舞卖萌讲段子还请我多多关照，大女主玛丽苏偶像剧都不敢这么写吧 我人生巅峰就在这几个月 #偶像练习生# 今日，网友拍到 #姜达赫# 开劳斯莱斯去机场接 #黄新淳# 再加上 #蔡徐坤# #范丞丞# 福西西，机场十万 #王子异# ，开玛莎拉蒂的滴滴司机 #jeffrey# ，温州人贾富贵 #justin黄明昊# ，人间Gucci #朱正廷# ，木子洋 陆定昊 机场 排得水泄不通 日常想问这些练习生们到底多有钱 收起 d,0,1,13,15,9
idol_producer_038,姜达赫,偶像练习生,合作舞台阶段,2018-03-03,2018-03-23,姜达赫 偶像练习生,4220142844052812,https://m.weibo.cn/detail/4220142844052812,2018-03-21 22:52:00,#黄新淳# #偶像练习生黄新淳# 姜达赫 黄新淳 看我们可爱的小黄人 @MONKEY_OFFICIAL L 《偶像练习生》【直拍】位置测评《爱你》黄新淳 ​,1,0,12,13,10
idol_producer_038,姜达赫,偶像练习生,合作舞台阶段,2018-03-03,2018-03-23,姜达赫 偶像练习生,4220140415256498,https://m.weibo.cn/detail/4220140415256498,2018-03-21 22:42:00,我正在爱奇艺看《偶像练习生》【直拍】位置测评《爱你》黄新淳，快来 @爱奇艺 一起看！ L 《偶像练习生》【直拍】位置测评《爱你》黄新淳 #黄新淳# 黄新淳 姜达赫 ​,2,3,1,9,11
idol_producer_038,姜达赫,偶像练习生,合作舞台阶段,2018-03-03,2018-03-23,姜达赫 偶像练习生,4220141623159026,https://m.weibo.cn/detail/4220141623159026,2018-03-21 22:47:00,#姜达赫 黄新淳# #黄新淳# #偶像练习生黄新淳# 黄新淳，一直微笑，努力向上，积极为梦想拼搏的大男孩大家了解一下，微博指路 @MONKEY_OFFICIAL 帅气的黄新淳之《大艺术家》 大家多多支持，希望大家加入我们的战队，一起奋斗 @黄新淳全国后援会 L 《偶像练习生》【直拍】小组对决《大艺术家》黄新淳 ​,1,0,8,9,12
idol_producer_038,姜达赫,偶像练习生,合作舞台阶段,2018-03-03,2018-03-23,姜达赫 偶像练习生,4220140721819523,https://m.weibo.cn/detail/4220140721819523,2018-03-21 22:43:00,我正在爱奇艺看《偶像练习生》100%初印象—黄新淳自我介绍，快来 @爱奇艺 一起看！ L 《偶像练习生》100%初印象—黄新淳自我介绍 #黄新淳# 黄新淳 姜达赫 ​,1,3,1,8,13
idol_producer_038,姜达赫,偶像练习生,合作舞台阶段,2018-03-03,2018-03-23,姜达赫 偶像练习生,4220175001726658,https://m.weibo.cn/detail/4220175001726658,2018-03-22 00:59:00,姜达赫 黄新淳 偶像练习生 【姜达赫 黄新淳】姜达赫开劳斯莱斯去机场接黄新淳，粉丝：果然... O 偶像练习生 【姜达赫 黄新淳】姜达赫开劳斯莱斯去机场接黄新淳，粉丝：果然... ​,0,0,6,6,14
idol_producer_038,姜达赫,偶像练习生,合作舞台阶段,2018-03-03,2018-03-23,姜达赫 偶像练习生,4220330308364235,https://m.weibo.cn/detail/4220330308364235,2018-03-22 11:16:00,#偶像练习生# 杰弗瑞开玛莎拉蒂戴40万手表 朱正廷被nh粉称人间Gucci 王子异全身十万说没好好打扮 李希侃妈妈开保时捷接机 靖佩瑶家里明显好几层的富贵书香门第 钱正昊日常款穿搭都不小于四五千 大师兄丁泽仁房车接机 小鬼在厦门买了很贵的房子 姜达赫开劳斯莱斯接黄新淳回家 Justin人称贾富贵4k的衣服剪了当睡衣 胡致邦从小外国生活 蔡徐坤 岳岳都在国外留过学 范丞丞就不用说了... 欢迎继续补充 综上 这届土偶最穷的就是我们这些全民制作人 买得起的同款也只有斯凯奇和维他命水了 收起 d,0,2,2,6,15
idol_producer_038,姜达赫,偶像练习生,合作舞台阶段,2018-03-03,2018-03-23,姜达赫 偶像练习生,4220136631772337,https://m.weibo.cn/detail/4220136631772337,2018-03-21 22:27:00,#木子洋# #岳岳淘汰# #韩沐伯出厂# #娄滋博淘汰# #姜达赫 黄新淳# #陆定昊 机场# 看完今天的热搜，都不敢看周五的 #偶像练习生# 了 ​,0,2,1,5,16
idol_producer_038,姜达赫,偶像练习生,排名发布阶段,2018-02-17,2018-03-02,姜达赫 偶像练习生,4213222158980778,https://m.weibo.cn/detail/4213222158980778,2018-03-02 20:31:00,#姜达赫# 姜达赫 退赛 在偶像练习生里我们小野驴本就没什么镜头，相信以后你的实力回证明一切 L 《偶像练习生》双截棍丁泽仁强势主领舞上线 周彦辰带病完美演出 ​,0,1,2,4,17
idol_producer_038,姜达赫,偶像练习生,合作舞台阶段,2018-03-03,2018-03-23,姜达赫 偶像练习生,4220281268436974,https://m.weibo.cn/detail/4220281268436974,2018-03-22 08:02:00,偶像练习生 jeffrey成龙的外甥 ，哥哥是qg老总；朱正廷人间Gucci，几千块的裤子当睡裤；justin人称贾富贵，几千块衬衫当睡衣；王子异穿的衣服从来不低于十万；姜达赫开劳斯莱斯。 范丞丞家只算小康呀 。果然最穷的还是全民制作人，下水道女孩砸锅卖铁，去廊坊看富家公子唱大戏_(:з」∠)_ 收起 d,0,0,4,4,18
idol_producer_038,姜达赫,偶像练习生,合作舞台阶段,2018-03-03,2018-03-23,姜达赫 偶像练习生,4220139773772019,https://m.weibo.cn/detail/4220139773772019,2018-03-21 22:39:00,我正在爱奇艺看《偶像练习生》【直拍】位置测评《爱你》黄新淳，快来 @爱奇艺 一起看！ L 《偶像练习生》【直拍】位置测评《爱你》黄新淳 #黄新淳# 黄新淳 姜达赫 ​,0,1,1,3,19
idol_producer_038,姜达赫,偶像练习生,合作舞台阶段,2018-03-03,2018-03-23,姜达赫 偶像练习生,4220715211215748,https://m.weibo.cn/detail/4220715211215748,2018-03-23 12:46:00,#偶像练习生# #姜达赫# #黄新淳# 我正在爱奇艺看【姜达赫开劳斯莱斯接黄新淳 果然最穷的是全民制作人】今天《偶像练习生》淘汰选手陆续出厂，动辄千人的接机送机全程跟机，人气简直堪比已经出道的明星。，快来 @爱奇艺 一起看！ O 网页链接 ​,0,1,1,3,20
idol_producer_038,姜达赫,偶像练习生,总决赛阶段,2018-03-24,2018-04-06,姜达赫 偶像练习生,4221794985174054,https://m.weibo.cn/detail/4221794985174054,2018-03-26 12:17:00,日常100集爱奇艺你放啊 @爱奇艺偶像练习生 // @偶练小组资源社 :还有李洋什么时候给东东讲了那么多鸡汤的？姜达赫为啥会去接黄新淳的机 ？大舅和邦邦的线怎么展开的？我无语啊我问天问大地,2,0,1,3,21
idol_producer_038,姜达赫,偶像练习生,合作舞台阶段,2018-03-03,2018-03-23,姜达赫 偶像练习生,4220143267778336,https://m.weibo.cn/detail/4220143267778336,2018-03-21 22:53:00,我正在爱奇艺看《偶像练习生》【泡泡新信】贴心小黄人黄新淳之秋裤风潮，快来 @爱奇艺 一起看！ L 《偶像练习生》【泡泡新信】贴心小黄人黄新淳之秋裤风潮 #黄新淳# 黄新淳 姜达赫 ​,0,1,0,2,22
idol_producer_038,姜达赫,偶像练习生,合作舞台阶段,2018-03-03,2018-03-23,姜达赫 偶像练习生,4220143405879799,https://m.weibo.cn/detail/4220143405879799,2018-03-21 22:54:00,我正在爱奇艺看《偶像练习生》【取向狙击】小黄人黄新淳，快来 @爱奇艺 一起看！ L 《偶像练习生》【取向狙击】小黄人黄新淳 #黄新淳# 黄新淳 姜达赫 ​,0,1,0,2,23
idol_producer_038,姜达赫,偶像练习生,总决赛阶段,2018-03-24,2018-04-06,姜达赫 偶像练习生,4221948911623859,https://m.weibo.cn/detail/4221948911623859,2018-03-26 22:28:00,请您放出来 谢谢 @爱奇艺偶像练习生 @爱奇艺VIP会员 // @偶练小组资源社 :还有李洋什么时候给东东讲了那么多鸡汤的？姜达赫为啥会去接黄新淳的机 ？大舅和邦邦的线怎么展开的？我无语啊我问天问大地,1,0,1,2,24
idol_producer_038,姜达赫,偶像练习生,合作舞台阶段,2018-03-03,2018-03-23,姜达赫 偶像练习生,4220138968048111,https://m.weibo.cn/detail/4220138968048111,2018-03-21 22:36:00,#姜达赫 黄新淳# #黄新淳# #偶像练习生黄新淳# 来秀一波黄新淳可爱，暖心，礼貌的瞬间，你是我们的小太阳，温暖 生命重要的一部分，希望越来越好，大家多多支持小黄人黄新淳 @MONKEY_OFFICIAL 来和我们一起玩耍吧 ​,0,0,1,1,25
idol_producer_038,姜达赫,偶像练习生,合作舞台阶段,2018-03-03,2018-03-23,姜达赫 偶像练习生,4220140390914920,https://m.weibo.cn/detail/4220140390914920,2018-03-21 22:42:00,#姜达赫 黄新淳# #黄新淳# #偶像练习生黄新淳# 看一看曾经的魅力舞台，属实有点帅气可爱 大家多多关注黄新淳 @MONKEY_OFFICIAL 哦 L 《偶像练习生》【直拍】位置测评《爱你》黄新淳 ​,0,0,1,1,26
idol_producer_038,姜达赫,偶像练习生,合作舞台阶段,2018-03-03,2018-03-23,姜达赫 偶像练习生,4220142520834961,https://m.weibo.cn/detail/4220142520834961,2018-03-21 22:50:00,#姜达赫 黄新淳# #黄新淳# #偶像练习生黄新淳# 可爱甜，黄新淳，大家了解一下，多多支持 @MONKEY_OFFICIAL 哦，想加入我们的战队吗，来吧，来吧 ​,0,0,1,1,27
idol_producer_038,姜达赫,偶像练习生,合作舞台阶段,2018-03-03,2018-03-23,姜达赫 偶像练习生,4220708986894153,https://m.weibo.cn/detail/4220708986894153,2018-03-23 12:21:00,姜达赫虽然有个明星爸爸 @姜鹏 ！！！ 但是姜达赫本人 也是很厉害啊！ 唱歌 跳舞 钢琴 电子音乐 还会创作 样样精通 自己报名参加 偶像练习生 中途因为脚受伤退赛 并不是刷票退的 后来看一家三口直播 感觉好幸福 加油 @MLody姜达赫 越努力越幸运 收起 d,0,0,1,1,28
idol_producer_038,姜达赫,偶像练习生,总决赛阶段,2018-03-24,2018-04-06,姜达赫 偶像练习生,4221812387057614,https://m.weibo.cn/detail/4221812387057614,2018-03-26 13:26:00,我求求你放出来吧 @爱奇艺偶像练习生 // @偶练小组资源社 :还有李洋什么时候给东东讲了那么多鸡汤的？姜达赫为啥会去接黄新淳的机 ？大舅和邦邦的线怎么展开的？我无语啊我问天问大地,1,0,0,1,29
idol_producer_038,姜达赫,偶像练习生,总决赛阶段,2018-03-24,2018-04-06,姜达赫 偶像练习生,4223019095735015,https://m.weibo.cn/detail/4223019095735015,2018-03-29 21:21:00,#偶像练习生# 近距离的安坏关系！完全伽马刺激！ 杰哥破坏让哥 让哥破坏肉饼 肉饼破坏福瑞 福瑞破坏西西 西西破坏仓鼠 仓鼠破坏正正 正正破坏鸡丁 鸡丁破坏富贵 富贵破坏胡巴 这可比月花大三角刺激多了好嘛！眼里只有月花大三角的人，我只能说你们太连清了！！ 这有这一条线是连全了扣上环的！其他都没有！ 尤长胖破坏张达源姜达赫破坏丸子异签证号明君东东破坏小鬼非同破坏脸俊老毕洋哥佩瑶破坏圣恩破坏坤坤超人长庚破坏农农磊子xkh 陆小芙超鹅破坏周小花破坏小狐狸大伯大舅淄博朱氏兄弟破坏老岳破坏小黄人贝贝明鹏破坏不烦锐锐书墨墨书豪破坏良辉陈思琪徐鹤尼 近距离的安环关系，总之老刺激了！不是山崩地裂的大地震，就是黄盖遇上周瑜，被食住了！ 近距离的破坏星遇上他的安居星，就像是游船靠了岸，游子找到家 收起 d,0,0,1,1,30
idol_producer_039,娄滋博,偶像练习生,合作舞台阶段,2018-03-03,2018-03-23,娄滋博 偶像练习生,4220843313429136,https://m.weibo.cn/detail/4220843313429136,2018-03-23 21:15:00,《偶像练习生》鬼屋整蛊游戏，朱正廷，娄滋博，尤长靖，林彦俊，木子洋，毕雯珺，黄明昊Justin，来看看小哥哥们的反应吧，我已经哭笑不得了 L 教父娱乐的秒拍视频 ​,122,94,274,584,1
idol_producer_039,娄滋博,偶像练习生,位置测评阶段,2018-02-03,2018-02-16,娄滋博 偶像练习生,4208156970666014,https://m.weibo.cn/detail/4208156970666014,2018-02-16 21:04:00,【 #偶像练习生# 想介绍给妹妹的男生TOP5 Jeffery成全民姐夫？】票选“最想介绍给妹妹的男生” @秦奋Roi @CNK-娄滋博BOi @卜凡KATTO 范丞丞 @Adam0616 位列TOP2-5， @Jeffrey董又霖 拔得头筹。卜凡看起来太凶？范丞丞呆萌发表获奖感言：我很高兴，我也希望能认识你们的妹妹 L 《偶像练习生》练习生票选最想介绍给妹妹认识的人 更多幕后小故事，请锁定每周五八点半上线的 #偶像有新番# 更多精彩 移动端> O 网页链接 pc端> O 网页链接 收起 d,34,148,247,577,2
idol_producer_039,娄滋博,偶像练习生,主题曲考核阶段,2018-01-27,2018-02-02,娄滋博 偶像练习生,4202712117427385,https://m.weibo.cn/detail/4202712117427385,2018-02-01 20:28:00,看完超能四子 #cnk男团# @CNK-李让RanG @CNK-娄滋博BOi @CNK-武连杰 @CNK-覃俊毅 @爱奇艺偶像练习生 #偶像练习生# 舞台纯享版是不是意犹未尽呀 马上为大家奉上练习室版花絮 各路粉丝速来围观 ​​​​ L CNK男团的秒拍视频 ​,81,87,294,549,3
idol_producer_039,娄滋博,偶像练习生,主题曲考核阶段,2018-01-27,2018-02-02,娄滋博 偶像练习生,4203063152132586,https://m.weibo.cn/detail/4203063152132586,2018-02-02 19:43:00,#偶像练习生# 第一波福利来袭！ 转发并评论本条微博 大声说出对超能四子 @CNK-武连杰 @CNK-娄滋博BOi @CNK-李让RanG @CNK-覃俊毅 的爱 官博将在2月9号抽出4位粉丝 送出四位小哥哥真人比例抱枕！ 越努力越幸运！请为 @爱奇艺偶像练习生 超能四子投票吧，投票请戳 O 网页链接 👇 收起 d,37,119,55,330,4
idol_producer_039,娄滋博,偶像练习生,排名发布阶段,2018-02-17,2018-03-02,娄滋博 偶像练习生,4213252005516499,https://m.weibo.cn/detail/4213252005516499,2018-03-02 22:30:00,#偶像练习生# 不是知道是不是我的误会 总觉得这一期271剪辑试图捞一波人啊： 李希侃 娄滋博 杨非同 李俊毅 双胞胎 灵超(小王几其实不用捞只是镜头变多2333 捞的还是一批挺有实力的练习生 表白剪辑了 ​,1,57,133,248,5
idol_producer_039,娄滋博,偶像练习生,位置测评阶段,2018-02-03,2018-02-16,娄滋博 偶像练习生,4208169453036302,https://m.weibo.cn/detail/4208169453036302,2018-02-16 21:54:00,"@爱奇艺偶像练习生 #偶像练习生# 感谢全民制作人对超能四子 @CNK-李让RanG @CNK-武连杰 @CNK-娄滋博BOi @CNK-覃俊毅 的支持 你们觉得怎样的福利才能甜到你的心里？先曝签名照好不好？ 越努力越幸运,希望各位粉丝继续疼爱超能四子哦~~ ​",17,73,70,233,6
idol_producer_039,娄滋博,偶像练习生,位置测评阶段,2018-02-03,2018-02-16,娄滋博 偶像练习生,4208183649934897,https://m.weibo.cn/detail/4208183649934897,2018-02-16 22:50:00,#偶像练习生# 第一轮前60名： 蔡徐坤/陈立农/范丞丞/Justin/朱正廷/小鬼/卜凡/李权哲/何东东/尤长靖/王子异/Jeffrey/秦奋/林超泽/朱星杰/灵超/钱正昊/董岩磊/韩沐伯/丁泽仁/岳岳/左叶/徐凯皓/木子洋/郑锐彬/毕雯珺/周彦辰/林彦俊/李希侃/陆定昊/周锐/黄书豪/黄新淳/罗正/张达源/李让/贝汯璘/李长庚/陈斯琪/韩雍杰/秦子墨/武连杰/覃俊毅/娄滋博/靖佩瑶/余明君/陈名豪/明鹏/杨非同/朱匀一/伽里/凌崎/朱匀天/徐圣恩/李俊毅/张奕轩/王艺龙/姜达赫/胡致邦/梁辉 乐华女孩绝不认输 收起 d,2,32,106,172,7
idol_producer_039,娄滋博,偶像练习生,总决赛阶段,2018-03-24,2018-04-06,娄滋博 偶像练习生,4225826519661842,https://m.weibo.cn/detail/4225826519661842,2018-04-06 15:16:00,探秘 #偶像练习生# 大厂 蔡徐坤高冷回应 尤長靖飙音 娄滋博爱好是尬舞？？ L 扒皮音乐圈的秒拍视频 ​,20,16,75,127,8
idol_producer_039,娄滋博,偶像练习生,位置测评阶段,2018-02-03,2018-02-16,娄滋博 偶像练习生,4208178213829275,https://m.weibo.cn/detail/4208178213829275,2018-02-16 22:28:00,谢谢大家对超能四子 @CNK-李让RanG @CNK-武连杰 @CNK-娄滋博BOi @CNK-覃俊毅 的疼爱 小编也来放一波福利 大家点击视频链接观看并在评论区留言，小编将抽出四位全民制作人发放超能四子人形抱枕哦 #偶像练习生# 越努力越幸运 希望大家继续支持超能四子 O 网页链接 ​,1,17,39,74,9
idol_producer_039,娄滋博,偶像练习生,总决赛阶段,2018-03-24,2018-04-06,娄滋博 偶像练习生,4225927099404173,https://m.weibo.cn/detail/4225927099404173,2018-04-06 21:56:00,一闪而过只能慢放 #娄滋博# #偶像练习生# ​,16,6,42,70,10
idol_producer_039,娄滋博,偶像练习生,位置测评阶段,2018-02-03,2018-02-16,娄滋博 偶像练习生,4208171793407106,https://m.weibo.cn/detail/4208171793407106,2018-02-16 22:03:00,各位萝卜丝们 小娄挺过去啦！！ @CNK-娄滋博BOi #娄滋博# 而且第二轮投票就要开始了大家一起加油使劲pick 弟弟阿💙 #偶像练习生# #娄滋博偶像练习生# #你们的boi娄滋博# 不让他回家种地！！让他好好跳舞！！！ 爱你们💙用爱浇灌他💙 ​,7,17,27,68,11
idol_producer_039,娄滋博,偶像练习生,排名发布阶段,2018-02-17,2018-03-02,娄滋博 偶像练习生,4213246950706661,https://m.weibo.cn/detail/4213246950706661,2018-03-02 22:10:00,嗯，娄滋博有点帅哦！ #偶像练习生# ​,0,13,9,35,12
idol_producer_039,娄滋博,偶像练习生,初评级阶段,2018-01-19,2018-01-26,娄滋博 偶像练习生,4199517232844100,https://m.weibo.cn/detail/4199517232844100,2018-01-24 00:53:00,P2右下角是我们忙内的作品 @CNK-娄滋博BOi #偶像练习生# #娄滋博偶像练习生# 查看图片,2,3,23,31,13
idol_producer_039,娄滋博,偶像练习生,总决赛阶段,2018-03-24,2018-04-06,娄滋博 偶像练习生,4225792239562581,https://m.weibo.cn/detail/4225792239562581,2018-04-06 13:00:00,今天的微博无论是热搜还是大家的头像都很偶像练习生啊 今天就决定出道了 老阿姨也来pick一下吧 纪念一下充实我课余生活的小哥哥们即将结束 当然从最开始的101女孩，到101男孩的历练 我深知自己在这方面没有什么坚持 看见谁就pick谁 但是最喜欢的还是这几个 佛系练习生子异！人真的太nice. 呆jeffrey！呆萌真的受不了.虽然我知道这个小伙今天出道很悬，但是这一周的票都投给他了，希望有奇迹！ 反差萌蔡徐坤.！半路人，但是人也是很好，在舞台上感觉变了个人。希望C位啊！ 坤音也不错！ 坠希望出道的九人！虽然有些已经淘汰了 蔡徐坤 王子异 尤长靖 董又霖 丁泽仁 灵超 卜凡 木子洋 娄滋博 收起 d,1,10,5,26,14
idol_producer_039,娄滋博,偶像练习生,合作舞台阶段,2018-03-03,2018-03-23,娄滋博 偶像练习生,4220850066343706,https://m.weibo.cn/detail/4220850066343706,2018-03-23 21:42:00,#偶像练习生# #黄新淳# #陆定昊# #丁泽仁# #娄滋博# 最无趣的一期。 蔡徐坤一带n 占总票数1/7 黄新淳，陆定昊，丁泽仁，娄滋博 下期见 ​​​,0,3,8,14,15
idol_producer_039,娄滋博,偶像练习生,排名发布阶段,2018-02-17,2018-03-02,娄滋博 偶像练习生,4213251565129118,https://m.weibo.cn/detail/4213251565129118,2018-03-02 22:28:00,#偶像练习生# #娄滋博# 娄滋博给我冲啊！盐系男孩一定要继续在河北跳舞！ ​,0,1,11,13,16
idol_producer_039,娄滋博,偶像练习生,合作舞台阶段,2018-03-03,2018-03-23,娄滋博 偶像练习生,4220855283919368,https://m.weibo.cn/detail/4220855283919368,2018-03-23 22:03:00,#娄滋博# #娄滋博偶像练习生# 你的可爱娄鸡脖上线 @CNK-娄滋博BOi ​,0,0,13,13,17
idol_producer_039,娄滋博,偶像练习生,总决赛阶段,2018-03-24,2018-04-06,娄滋博 偶像练习生,4225874276569639,https://m.weibo.cn/detail/4225874276569639,2018-04-06 18:26:00,二十强淘汰选手离别感言 回去了投票会投给谁？ 周锐 娄滋博 木子洋 丁泽仁 岳岳 韩沐伯 #偶像练习生# L 扒皮音乐圈的秒拍视频 ​,2,2,7,13,18
idol_producer_039,娄滋博,偶像练习生,合作舞台阶段,2018-03-03,2018-03-23,娄滋博 偶像练习生,4220846664811654,https://m.weibo.cn/detail/4220846664811654,2018-03-23 21:28:00,#娱乐八卦热搜榜# 【《 #偶像练习生# 》鬼屋整蛊游戏】朱正廷，娄滋博，尤长靖，林彦俊，木子洋，毕雯珺，黄明昊Justin，来看看小哥哥们的反应吧，我已经哭笑不得了 L 娱乐八卦热搜榜的秒拍视频 ​,2,1,8,12,19
idol_producer_039,娄滋博,偶像练习生,合作舞台阶段,2018-03-03,2018-03-23,娄滋博 偶像练习生,4220859608226951,https://m.weibo.cn/detail/4220859608226951,2018-03-23 22:20:00,#娄滋博# #偶像练习生蔡徐坤# #偶像练习生# 所以坤坤是带了娄滋博的帽子吗？这应该是这一期唯一开心的点了。 娄滋博走了，我的心cei了！ ​,0,1,10,12,20
idol_producer_039,娄滋博,偶像练习生,主题曲考核阶段,2018-01-27,2018-02-02,娄滋博 偶像练习生,4202397482054575,https://m.weibo.cn/detail/4202397482054575,2018-01-31 23:38:00,day10打卡 #偶像练习生# @爱奇艺偶像练习生 舞台造型如图下～ I don't know why～ 日常安利我们小娄娄 #娄滋博boi# #娄滋博偶像练习生# @CNK-娄滋博BOi 2 滕州·新城 ​,1,1,7,10,21
idol_producer_039,娄滋博,偶像练习生,主题曲考核阶段,2018-01-27,2018-02-02,娄滋博 偶像练习生,4203070387312917,https://m.weibo.cn/detail/4203070387312917,2018-02-02 20:12:00,day12～打卡 #偶像练习生# @爱奇艺偶像练习生 治愈的瞬间 这个小娄一动一笑都是治愈的好吗 @CNK-娄滋博BOi #娄滋博boi# #娄滋博偶像练习生# 还是安利小娄娄 2 滕州·大坞镇 ​,1,0,9,10,22
idol_producer_039,娄滋博,偶像练习生,合作舞台阶段,2018-03-03,2018-03-23,娄滋博 偶像练习生,4220851001449282,https://m.weibo.cn/detail/4220851001449282,2018-03-23 21:46:00,#偶像练习生# 紫薇紫薇哈哈哈哈哈哈哈 @CNK-娄滋博BOi L 哇哈哈AD钙_奶的秒拍视频 ​,1,0,7,8,23
idol_producer_039,娄滋博,偶像练习生,排名发布阶段,2018-02-17,2018-03-02,娄滋博 偶像练习生,4213244145362573,https://m.weibo.cn/detail/4213244145362573,2018-03-02 21:59:00,今晚的偶像练习生时长太感人了 越来越好看了淘汰谁都觉得可惜 大家真的是太不容易了 范丞丞真的是太搞笑了 娄滋博简直禁欲系啊 声音苏舞蹈帅 ​,1,0,5,6,24
idol_producer_039,娄滋博,偶像练习生,合作舞台阶段,2018-03-03,2018-03-23,娄滋博 偶像练习生,4220869025017349,https://m.weibo.cn/detail/4220869025017349,2018-03-23 22:57:00,"目前私心希望出道的人有蔡徐坤，朱正廷，范丞丞，Justin，Jeffrey,林彦俊，王子异。陈立农肯定也会有的，剩下一个suprise me 吧!希望是惊喜，不要是惊吓!希望各方面能跟这个团搭一点吧！好像这个团rapper比较多啊，希望大家以后能够balence一下吧!还有，真心喜欢Jeffrey,不是因为他家世多么显赫，而是因为他在那么好的外在条件下还可以这么有礼貌，这么谦虚!可爱哈哈哈!子异也很非常优秀!林彦俊哈哈哈新头发还不错!送走的练习生很多都很不错，罗正，希望去演戏吧！不要浪费那么好的颜!周锐，也可以发展发展演戏道路哈哈!木子洋继续时尚道路吧！丁泽仁继续加油，实力很强的练习生,今天换了发型真的get到颜了!李权哲，很可爱的练习生，也是有实力的练习生，加油!娄滋博确定是要回河南种地吗？哈哈哈，其实还蛮有可塑性的。韩沐伯真的是可惜了，有才唱歌也很好!回去和左叶继续加油!周彦辰，真的，实力也很强!感谢 #偶像练习生# 让我认识了你们!加油!我也要加油! 收起 d",0,3,0,6,25
idol_producer_039,娄滋博,偶像练习生,总决赛阶段,2018-03-24,2018-04-06,娄滋博 偶像练习生,4225920195735111,https://m.weibo.cn/detail/4225920195735111,2018-04-06 21:29:00,#董岩磊# #卜凡# #娄滋博# 【偶练】练习生最好笑排名Top5 #哔哩哔哩# O 网页链接 #偶像练习生# ​,0,3,0,6,26
idol_producer_039,娄滋博,偶像练习生,初评级阶段,2018-01-19,2018-01-26,娄滋博 偶像练习生,4199697666977376,https://m.weibo.cn/detail/4199697666977376,2018-01-24 12:50:00,中午好 日常pick小娄 #娄滋博偶像练习生# #娄滋博boi# #你们的boi娄滋博# #偶像练习生娄滋博# ​,0,0,5,5,27
idol_producer_039,娄滋博,偶像练习生,主题曲考核阶段,2018-01-27,2018-02-02,娄滋博 偶像练习生,4202694333583934,https://m.weibo.cn/detail/4202694333583934,2018-02-01 19:17:00,day11打卡 #偶像练习生# @爱奇艺偶像练习生 最喜欢的部位肯定是我们萝卜头的手阿 超级嫩超级好看 #娄滋博boi# @CNK-娄滋博BOi 然后还是日常安利这个孩子请大家多多浇灌她💙 ​,0,0,5,5,28
idol_producer_039,娄滋博,偶像练习生,排名发布阶段,2018-02-17,2018-03-02,娄滋博 偶像练习生,4213255864106566,https://m.weibo.cn/detail/4213255864106566,2018-03-02 22:45:00,#娄滋博# #偶像练习生# 我决定在自己外甥之外捞捞这个小哥哥 他俩是老乡嘛 舞蹈真的蛮棒的 很明显的个人丝带儿 以前不做c位没咋注意到 这次表演太亮眼！ 另外他的嗓音加一万分！太性感了！！,0,1,3,5,29
idol_producer_039,娄滋博,偶像练习生,排名发布阶段,2018-02-17,2018-03-02,娄滋博 偶像练习生,4213257008697588,https://m.weibo.cn/detail/4213257008697588,2018-03-02 22:50:00,我正在爱奇艺看《偶像练习生》【直拍】位置测评《ME TOO》娄滋博，快来 @爱奇艺 一起看！ L 《偶像练习生》【直拍】位置测评《ME TOO》娄滋博 ​,1,1,2,5,30
idol_producer_040,孙凡杰,偶像练习生,位置测评阶段,2018-02-03,2018-02-16,孙凡杰 偶像练习生,4208154289709248,https://m.weibo.cn/detail/4208154289709248,2018-02-16 20:53:00,偶像练习生 99进60的淘汰名单 乐华、坤音、觉醒东方、超能唱片全员安全 香蕉娱乐（9个淘汰4个） 高茂桐 姜京佐 李若天 邱治楷 辰星娱乐（6个淘汰4个） Rapen 王宥辰 J-one Gigel 麦锐娱乐（6个淘汰3个） 邓烺怡 孙凡杰 吕晨瑜 简单快乐（5个淘汰4个） 金逸涵 林浩楷 李志杰 孙浩然 盛夏星空（5个淘汰1个） 王梓豪 新锐杂志（5个淘汰3个） 赵俞澈 应智越 万宇贤 AIF娱乐（全军覆没） 于浩 赵凌峰 杨羿 张艺凡 焕星娱乐（全军覆没） 何嘉庚 李鑫岩 罗杰 张宇晨 铂熠娱乐（4个淘汰2个） 叶泓希 张昕 乐风艺社（全军覆没） 陈义夫 闵喆祥 果然娱乐（4个淘汰1个） 张晏恺 次元文化（2个淘汰1个） 徐鹤尼 新湃传媒（单人） 于斌 天津中视（单人） 朱一文 个人练习生（7个淘汰4个） 甘俊 侯浩然 黄若涵 周腾阳 个人觉得比较可惜的一些：扫地组合（罗杰、姜京佐）、张艺凡（第三期进A组）、闵喆祥（学舞能力突出） 收起 d,220,1591,1046,4448,1
idol_producer_040,孙凡杰,偶像练习生,排名发布阶段,2018-02-17,2018-03-02,孙凡杰 偶像练习生,4212857866837152,https://m.weibo.cn/detail/4212857866837152,2018-03-01 20:24:00,#偶像练习生# #麦锐练习生# 麦锐员工之宝藏男孩儿的正确答案来啦～ 敲黑板！请大家照着上一条微博的照片顺序自行对答案 满分6分，诚实的告诉麦老师，你几分？ @李希侃_LXK @孙凡杰_FJ @吕晨瑜_LCY @邓烺怡_LY @罗正_LZ @余明君_MJ ​,146,329,234,1038,2
idol_producer_040,孙凡杰,偶像练习生,排名发布阶段,2018-02-17,2018-03-02,孙凡杰 偶像练习生,4212790967770542,https://m.weibo.cn/detail/4212790967770542,2018-03-01 15:58:00,#偶像练习生# #麦锐练习生# 麦锐员工之宝藏男孩儿们第二弹！ 这是六只从小好看到大的小可爱们～但是，你们能猜出谁是谁吗？快来评论里写出你的答案吧 （讲真麦麦一下子也不太能……）咳咳，晚上来公布正确答案～ @罗正_LZ @李希侃_LXK @余明君_MJ @吕晨瑜_LCY @邓烺怡_LY @孙凡杰_FJ ​,129,341,177,988,3
idol_producer_040,孙凡杰,偶像练习生,位置测评阶段,2018-02-03,2018-02-16,孙凡杰 偶像练习生,4207402079067371,https://m.weibo.cn/detail/4207402079067371,2018-02-14 19:04:00,#偶像练习生# #麦锐练习生# Happy Valentine's Day 今天小哥哥们是你们的男盆友，情人节快乐 @罗正_LZ @李希侃_LXK @余明君_MJ @吕晨瑜_LCY @邓烺怡_LY @孙凡杰_FJ ​,78,110,189,487,4
idol_producer_040,孙凡杰,偶像练习生,排名发布阶段,2018-02-17,2018-03-02,孙凡杰 偶像练习生,4210661901156789,https://m.weibo.cn/detail/4210661901156789,2018-02-23 18:58:00,#偶像练习生# #麦锐练习生# 按照播出惯例...小哥哥们的“朋友圈”日常来啦 今晚20:00 《偶像练习生》 请继续为麦锐练习生打Call吧！ @罗正_LZ @李希侃_LXK @余明君_MJ 也希望大家继续多多关注我们的 @吕晨瑜_LCY @邓烺怡_LY @孙凡杰_FJ 兄弟们，冲啊！！！ ​,78,86,167,417,5
idol_producer_040,孙凡杰,偶像练习生,排名发布阶段,2018-02-17,2018-03-02,孙凡杰 偶像练习生,4210686063690631,https://m.weibo.cn/detail/4210686063690631,2018-02-23 20:34:00,#偶像练习生# #麦锐练习生# 送出原图 @罗正_LZ @李希侃_LXK @余明君_MJ @吕晨瑜_LCY @邓烺怡_LY @孙凡杰_FJ ​,30,88,161,367,6
idol_producer_040,孙凡杰,偶像练习生,位置测评阶段,2018-02-03,2018-02-16,孙凡杰 偶像练习生,4208143003249479,https://m.weibo.cn/detail/4208143003249479,2018-02-16 20:08:00,#偶像练习生# #麦锐练习生# 周五晚准时向全民制作人报道啦！ 六位小哥哥一本正经卖(犯)萌(傻)的场面，有没有被可爱到？ 新一轮的投票已经开始！比赛虽然是残酷的……但是还留下来的小哥哥请带上六只全部的初心，继续努力前行吧！麦锐娱乐加油 @罗正_LZ @李希侃_LXK @余明君_MJ @吕晨瑜_LCY @邓烺怡_LY @孙凡杰_FJ 收起 d,12,70,157,309,7
idol_producer_040,孙凡杰,偶像练习生,总决赛阶段,2018-03-24,2018-04-06,孙凡杰 偶像练习生,4225872594037185,https://m.weibo.cn/detail/4225872594037185,2018-04-06 18:20:00,我是 #偶像练习生# 孙凡杰 全民制作人 请多关照,6,34,217,291,8
idol_producer_040,孙凡杰,偶像练习生,初评级阶段,2018-01-19,2018-01-26,孙凡杰 偶像练习生,4200554463064819,https://m.weibo.cn/detail/4200554463064819,2018-01-26 21:34:00,#偶像练习生# #麦锐练习生# 小哥哥们的自拍原图奉上 今天的节目中，大家有捕捉到新鲜的六只吗？ @罗正_LZ @李希侃_LXK @余明君_MJ @吕晨瑜_LCY @邓烺怡_LY @孙凡杰_FJ ​,27,62,107,258,9
idol_producer_040,孙凡杰,偶像练习生,位置测评阶段,2018-02-03,2018-02-16,孙凡杰 偶像练习生,4208173889395800,https://m.weibo.cn/detail/4208173889395800,2018-02-16 22:11:00,#偶像练习生# #偶像练习生余明君# 晋级成功 @余明君_MJ 感谢全民制作人的投票和支持！顺位发表时一边感谢也一边泣不成声，台下是兄弟们的鼓励和呼喊，一起互相陪伴走过的风雨大家都记得呢，团魂满满的少年们，相互信任和团结的力量，会成为未来继续砥砺前行的动力 麦锐练习生，你们都是最棒的！ @罗正_LZ @李希侃_LXK @吕晨瑜_LCY @邓烺怡_LY @孙凡杰_FJ L 麦锐娱乐的秒拍视频 收起 d,14,45,154,258,10
idol_producer_040,孙凡杰,偶像练习生,初评级阶段,2018-01-19,2018-01-26,孙凡杰 偶像练习生,4200501954747825,https://m.weibo.cn/detail/4200501954747825,2018-01-26 18:06:00,#偶像练习生# #麦锐练习生# 您收到一个新通知：用户您好，您日思夜想期待着的小哥哥们发布了6条新朋友圈and自拍，请及时回复 @罗正_LZ @李希侃_LXK @余明君_MJ @吕晨瑜_LCY @邓烺怡_LY @孙凡杰_FJ O 今晚8点《偶像练习生》 ，走起～ ​,63,41,82,227,11
idol_producer_040,孙凡杰,偶像练习生,排名发布阶段,2018-02-17,2018-03-02,孙凡杰 偶像练习生,4213212235243137,https://m.weibo.cn/detail/4213212235243137,2018-03-02 19:52:00,#偶像练习生# #麦锐练习生# 新一期节目已播出 麦锐少年的心永远在一起着，Fighting!!!本轮投票截止还有一天的时间，全民制作人，拜托了 不说了，老麦赶紧投票去了…… @罗正_LZ @李希侃_LXK @余明君_MJ @吕晨瑜_LCY @邓烺怡_LY @孙凡杰_FJ ​,20,35,124,214,12
idol_producer_040,孙凡杰,偶像练习生,主题曲考核阶段,2018-01-27,2018-02-02,孙凡杰 偶像练习生,4203025054161312,https://m.weibo.cn/detail/4203025054161312,2018-02-02 17:12:00,#麦锐练习生# #偶像练习生孙凡杰# 孙老师（麦麦绝对没有想到孙悟空）上线~ 教海外全民制作人如何在中国完美化解尴尬 也请记得帮我们的刺猬大大 @孙凡杰_FJ 投上一票哦~麦式鞠躬 O 网页链接 ​,6,9,16,40,13
idol_producer_040,孙凡杰,偶像练习生,位置测评阶段,2018-02-03,2018-02-16,孙凡杰 偶像练习生,4207760008124246,https://m.weibo.cn/detail/4207760008124246,2018-02-15 18:47:00,#偶像练习生# 今天过年，许个愿画个饼，希望吕晨瑜，孙凡杰，邓烺怡，应智越，赵俞澈 都能留下来！！！走的更久一点！！！！ ​,1,0,2,3,14
idol_producer_040,孙凡杰,偶像练习生,合作舞台阶段,2018-03-03,2018-03-23,孙凡杰 偶像练习生,4216313544901319,https://m.weibo.cn/detail/4216313544901319,2018-03-11 09:15:00,【坤坤你什么时候才会知道这个世界上有个好东西叫“抖音”啊？！ 】 @爱奇艺 @爱奇艺偶像练习生 @偶像练习生 #偶像练习生朱匀天# @CATCHERS_朱匀天Z #偶像练习生朱匀一# @CATCHERS_朱匀一 #偶像练习生陈立农# @超级農農 #许凯皓偶像练习生# @许凯皓lockingjack #偶像练习生凌崎# @X-TIME凌崎 #偶像练习生邓烺怡# @邓烺怡_LY #偶像练习生吕晨瑜# @吕晨瑜 #偶像练习生孙凡杰# @孙凡杰_FJ #偶像练习生# #偶像练习生蔡徐坤# #蔡徐坤# 最近我发现偶像练习生中有许多人都加入抖音，开始玩抖音啦！ 但是 @蔡徐坤 你呢 我可是盼星星盼月亮的盼着你啊 风里雨里IKUN在抖音等你！ 收起 d,0,1,1,3,15
idol_producer_040,孙凡杰,偶像练习生,合作舞台阶段,2018-03-03,2018-03-23,孙凡杰 偶像练习生,4216304263521344,https://m.weibo.cn/detail/4216304263521344,2018-03-11 08:38:00,#偶像练习生# 我向 @孙凡杰_FJ 送出了加油卡！我pick的小哥哥全世界最棒！大家快来一起给你喜欢的选手打call吧！ O 练习生PICK榜 ​,0,0,0,0,16
idol_producer_040,孙凡杰,偶像练习生,合作舞台阶段,2018-03-03,2018-03-23,孙凡杰 偶像练习生,4216304250136392,https://m.weibo.cn/detail/4216304250136392,2018-03-11 08:38:00,@孙凡杰_FJ 为你打爆电话！我们一起用爱发电，向 #偶像练习生# 练习生PICK榜第一名进击，赢取节目10s彩蛋！ // @孙凡杰_FJ :我是 #偶像练习生# 孙凡杰 全民制作人，请多关照 ！,0,0,0,0,17
idol_producer_040,孙凡杰,偶像练习生,合作舞台阶段,2018-03-03,2018-03-23,孙凡杰 偶像练习生,4216304321283873,https://m.weibo.cn/detail/4216304321283873,2018-03-11 08:39:00,@孙凡杰_FJ 为你打爆电话！我们一起用爱发电，向 #偶像练习生# 练习生PICK榜第一名进击，赢取节目10s彩蛋！ // @孙凡杰_FJ :我是 #偶像练习生# 孙凡杰 全民制作人，请多关照 ！,0,0,0,0,18
idol_producer_040,孙凡杰,偶像练习生,合作舞台阶段,2018-03-03,2018-03-23,孙凡杰 偶像练习生,4216304313310977,https://m.weibo.cn/detail/4216304313310977,2018-03-11 08:39:00,@孙凡杰_FJ 我在 #偶像练习生# 练习生PICK榜上为你打call！把小心心都给你，赢取节目10s彩蛋！ O 练习生PICK榜 ​,0,0,0,0,19
idol_producer_040,孙凡杰,偶像练习生,合作舞台阶段,2018-03-03,2018-03-23,孙凡杰 偶像练习生,4216304300529502,https://m.weibo.cn/detail/4216304300529502,2018-03-11 08:39:00,@孙凡杰_FJ 为你打爆电话！我们一起用爱发电，向 #偶像练习生# 练习生PICK榜第一名进击，赢取节目10s彩蛋！ // @孙凡杰_FJ :我是 #偶像练习生# 孙凡杰 全民制作人，请多关照 ！,0,0,0,0,20
idol_producer_040,孙凡杰,偶像练习生,合作舞台阶段,2018-03-03,2018-03-23,孙凡杰 偶像练习生,4216304288372694,https://m.weibo.cn/detail/4216304288372694,2018-03-11 08:39:00,@孙凡杰_FJ 我在 #偶像练习生# 练习生PICK榜上为你打call！把小心心都给你，赢取节目10s彩蛋！ O 练习生PICK榜 ​,0,0,0,0,21
idol_producer_040,孙凡杰,偶像练习生,合作舞台阶段,2018-03-03,2018-03-23,孙凡杰 偶像练习生,4216760783197439,https://m.weibo.cn/detail/4216760783197439,2018-03-12 14:52:00,@孙凡杰_FJ 为你打爆电话！我们一起用爱发电，向 #偶像练习生# 练习生PICK榜第一名进击，赢取节目10s彩蛋！ // @孙凡杰_FJ :我是 #偶像练习生# 孙凡杰 全民制作人，请多关照 ！,0,0,0,0,22
idol_producer_040,孙凡杰,偶像练习生,合作舞台阶段,2018-03-03,2018-03-23,孙凡杰 偶像练习生,4216760775041719,https://m.weibo.cn/detail/4216760775041719,2018-03-12 14:52:00,@孙凡杰_FJ 我在 #偶像练习生# 练习生PICK榜上为你打call！把小心心都给你，赢取节目10s彩蛋！ O 练习生PICK榜 ​,0,0,0,0,23
idol_producer_040,孙凡杰,偶像练习生,合作舞台阶段,2018-03-03,2018-03-23,孙凡杰 偶像练习生,4216760754024069,https://m.weibo.cn/detail/4216760754024069,2018-03-12 14:52:00,#偶像练习生# 我向 @孙凡杰_FJ 送出了加油卡！我pick的小哥哥全世界最棒！大家快来一起给你喜欢的选手打call吧！ O 练习生PICK榜 ​,0,0,0,0,24
idol_producer_040,孙凡杰,偶像练习生,合作舞台阶段,2018-03-03,2018-03-23,孙凡杰 偶像练习生,4216760737052972,https://m.weibo.cn/detail/4216760737052972,2018-03-12 14:52:00,@孙凡杰_FJ 为你打爆电话！我们一起用爱发电，向 #偶像练习生# 练习生PICK榜第一名进击，赢取节目10s彩蛋！ // @孙凡杰_FJ :我是 #偶像练习生# 孙凡杰 全民制作人，请多关照 ！,0,0,0,0,25
idol_producer_040,孙凡杰,偶像练习生,合作舞台阶段,2018-03-03,2018-03-23,孙凡杰 偶像练习生,4216760729334363,https://m.weibo.cn/detail/4216760729334363,2018-03-12 14:52:00,@孙凡杰_FJ 我在 #偶像练习生# 练习生PICK榜上为你打call！把小心心都给你，赢取节目10s彩蛋！ O 练习生PICK榜 ​,0,0,0,0,26
idol_producer_040,孙凡杰,偶像练习生,合作舞台阶段,2018-03-03,2018-03-23,孙凡杰 偶像练习生,4216760716834482,https://m.weibo.cn/detail/4216760716834482,2018-03-12 14:52:00,@孙凡杰_FJ 为你打爆电话！我们一起用爱发电，向 #偶像练习生# 练习生PICK榜第一名进击，赢取节目10s彩蛋！ // @孙凡杰_FJ :我是 #偶像练习生# 孙凡杰 全民制作人，请多关照 ！,0,0,0,0,27
idol_producer_040,孙凡杰,偶像练习生,合作舞台阶段,2018-03-03,2018-03-23,孙凡杰 偶像练习生,4216760708721036,https://m.weibo.cn/detail/4216760708721036,2018-03-12 14:52:00,@孙凡杰_FJ 我在 #偶像练习生# 练习生PICK榜上为你打call！把小心心都给你，赢取节目10s彩蛋！ O 练习生PICK榜 ​,0,0,0,0,28
idol_producer_040,孙凡杰,偶像练习生,合作舞台阶段,2018-03-03,2018-03-23,孙凡杰 偶像练习生,4216760683098167,https://m.weibo.cn/detail/4216760683098167,2018-03-12 14:52:00,#偶像练习生# 我向 @孙凡杰_FJ 送出了加油卡！我pick的小哥哥全世界最棒！大家快来一起给你喜欢的选手打call吧！ O 练习生PICK榜 ​,0,0,0,0,29
idol_producer_040,孙凡杰,偶像练习生,合作舞台阶段,2018-03-03,2018-03-23,孙凡杰 偶像练习生,4216760670490689,https://m.weibo.cn/detail/4216760670490689,2018-03-12 14:52:00,@孙凡杰_FJ 为你打爆电话！我们一起用爱发电，向 #偶像练习生# 练习生PICK榜第一名进击，赢取节目10s彩蛋！ // @孙凡杰_FJ :我是 #偶像练习生# 孙凡杰 全民制作人，请多关照 ！,0,0,0,0,30
idol_producer_041,孙浩然,偶像练习生,排名发布阶段,2018-02-17,2018-03-02,孙浩然 偶像练习生,4210290218268869,https://m.weibo.cn/detail/4210290218268869,2018-02-22 18:21:00,#BBT# #偶像练习生# 告别记录公开 “ 不知所措，才是人生。” @BBT孙浩然 @BBT林浩楷 @BBT王子异 @BBT李志杰 @BBT金逸涵 L BBTofficial的秒拍视频 ​,1458,1487,5586,10018,1
idol_producer_041,孙浩然,偶像练习生,总决赛阶段,2018-03-24,2018-04-06,孙浩然 偶像练习生,4225879292642449,https://m.weibo.cn/detail/4225879292642449,2018-04-06 18:46:00,酷的bro #王子异# 兄弟加油 今晚八点 #偶像练习生# 决赛之夜 全民制作人请多关照 @BBT孙浩然 @BBT林浩楷 @BBT王子异 @BBT李志杰 ​,1392,827,2297,5343,2
idol_producer_041,孙浩然,偶像练习生,位置测评阶段,2018-02-03,2018-02-16,孙浩然 偶像练习生,4208154289709248,https://m.weibo.cn/detail/4208154289709248,2018-02-16 20:53:00,偶像练习生 99进60的淘汰名单 乐华、坤音、觉醒东方、超能唱片全员安全 香蕉娱乐（9个淘汰4个） 高茂桐 姜京佐 李若天 邱治楷 辰星娱乐（6个淘汰4个） Rapen 王宥辰 J-one Gigel 麦锐娱乐（6个淘汰3个） 邓烺怡 孙凡杰 吕晨瑜 简单快乐（5个淘汰4个） 金逸涵 林浩楷 李志杰 孙浩然 盛夏星空（5个淘汰1个） 王梓豪 新锐杂志（5个淘汰3个） 赵俞澈 应智越 万宇贤 AIF娱乐（全军覆没） 于浩 赵凌峰 杨羿 张艺凡 焕星娱乐（全军覆没） 何嘉庚 李鑫岩 罗杰 张宇晨 铂熠娱乐（4个淘汰2个） 叶泓希 张昕 乐风艺社（全军覆没） 陈义夫 闵喆祥 果然娱乐（4个淘汰1个） 张晏恺 次元文化（2个淘汰1个） 徐鹤尼 新湃传媒（单人） 于斌 天津中视（单人） 朱一文 个人练习生（7个淘汰4个） 甘俊 侯浩然 黄若涵 周腾阳 个人觉得比较可惜的一些：扫地组合（罗杰、姜京佐）、张艺凡（第三期进A组）、闵喆祥（学舞能力突出） 收起 d,220,1591,1046,4448,3
idol_producer_041,孙浩然,偶像练习生,排名发布阶段,2018-02-17,2018-03-02,孙浩然 偶像练习生,4211776075766156,https://m.weibo.cn/detail/4211776075766156,2018-02-26 20:45:00,#BBT# #夜间小剧场# #偶像练习生# 听说有一位肌肉发达的男子，因为血管太细被扎了五针？ @BBT孙浩然 我忍 @BBT林浩楷 我聊 @BBT王子异 我…… @BBT李志杰 我哭 I watch you L BBTofficial的秒拍视频 ​,551,477,992,2497,4
idol_producer_041,孙浩然,偶像练习生,合作舞台阶段,2018-03-03,2018-03-23,孙浩然 偶像练习生,4213829816128852,https://m.weibo.cn/detail/4213829816128852,2018-03-04 12:46:00,#BBT# ❤ #偶像练习生# 《目属目》MV拍摄花絮 酷boy贪吃不胜防 “要求严格” @BBT孙浩然 “零食赔罪” @BBT林浩楷 “都是你的” @BBT王子异 “篮球小子” @BBT李志杰 L BBTofficial的秒拍视频 ​,364,327,754,1772,5
idol_producer_041,孙浩然,偶像练习生,初评级阶段,2018-01-19,2018-01-26,孙浩然 偶像练习生,4200571004889442,https://m.weibo.cn/detail/4200571004889442,2018-01-26 22:40:00,得到导师的“努力”认证，但得不到节目的“幸运”呈现。 #偶像练习生# 仅7秒的现场表演，获得导师1个A，4个B的肯定。节目里无法看到，只能给你看练习室版《Mr. Lee》。我们依然相信越努力越幸运，加油BBT。 @BBT孙浩然 @BBT林浩楷 @BBT王子异 @BBT李志杰 @BBT金逸涵 L BBTofficial的秒拍视频 ​,196,269,724,1458,6
idol_producer_041,孙浩然,偶像练习生,排名发布阶段,2018-02-17,2018-03-02,孙浩然 偶像练习生,4210250061898256,https://m.weibo.cn/detail/4210250061898256,2018-02-22 15:41:00,#BBT# 闷骚慢热温和内敛，cool boy说再见谁是小哭包？BBTO新年开工啦 #偶像练习生# 告别记录稍后公开，今天也要听 K 矢量青春 哦 @BBT孙浩然 @BBT林浩楷 @BBT王子异 @BBT李志杰 @BBT金逸涵 ​,201,157,457,972,7
idol_producer_041,孙浩然,偶像练习生,排名发布阶段,2018-02-17,2018-03-02,孙浩然 偶像练习生,4212796344277283,https://m.weibo.cn/detail/4212796344277283,2018-03-01 16:19:00,#bbt# #偶像练习生# Simple Style 西田造型团队之“金马”颁奖后台 艺术总监 @BBT孙浩然 Tony助理 @BBT林浩楷 战士本士 @BBT王子异 腹肌撕裂者 @BBT李志杰 I watch you L BBTofficial的秒拍视频 ​,170,170,451,961,8
idol_producer_041,孙浩然,偶像练习生,总决赛阶段,2018-03-24,2018-04-06,孙浩然 偶像练习生,4225833545966846,https://m.weibo.cn/detail/4225833545966846,2018-04-06 15:44:00,#bbt# 今晚《偶像练习生》不见不散 呃…然后，开场听我唱两句 #bbt孙浩然# ​,18,124,500,766,9
idol_producer_041,孙浩然,偶像练习生,总决赛阶段,2018-03-24,2018-04-06,孙浩然 偶像练习生,4225884724551185,https://m.weibo.cn/detail/4225884724551185,2018-04-06 19:08:00,我们是 #偶像练习生# 孙浩然 @BBT孙浩然 林浩楷 @BBT林浩楷 王子异 @BBT王子异 李志杰 @BBT李志杰 全民制作人 谢谢关照,7,34,502,577,10
idol_producer_041,孙浩然,偶像练习生,初评级阶段,2018-01-19,2018-01-26,孙浩然 偶像练习生,4200566706532481,https://m.weibo.cn/detail/4200566706532481,2018-01-26 22:23:00,今晚没有你们的镜头，唯一一个A组没有表演镜头的 @BBT王子异 ，其他所有成员均在B组的 @BBT孙浩然 @BBT林浩楷 @BBT李志杰 @BBT金逸涵 ，节目剪辑分配可以不均匀，但导师们给了你们1A4B的肯定评价。我们以你们为荣！ #偶像练习生# ​,87,84,316,571,11
idol_producer_041,孙浩然,偶像练习生,位置测评阶段,2018-02-03,2018-02-16,孙浩然 偶像练习生,4208106147854297,https://m.weibo.cn/detail/4208106147854297,2018-02-16 17:42:00,《目属目》MV拍摄花絮——恐高的少年啊，快去创造奇迹 @BBT孙浩然 @BBT林浩楷 @BBT王子异 @BBT李志杰 新年第一天，祝大家春节快乐 今晚也要记得看 #偶像练习生# 为 #BBT# 加油哦 L BBTofficial的秒拍视频 ​,88,83,276,530,12
idol_producer_041,孙浩然,偶像练习生,总决赛阶段,2018-03-24,2018-04-06,孙浩然 偶像练习生,4225879237741615,https://m.weibo.cn/detail/4225879237741615,2018-04-06 18:46:00,我是 #偶像练习生# 孙浩然，全民制作人，谢谢关照！,108,28,344,508,13
idol_producer_041,孙浩然,偶像练习生,排名发布阶段,2018-02-17,2018-03-02,孙浩然 偶像练习生,4210369688091700,https://m.weibo.cn/detail/4210369688091700,2018-02-22 23:37:00,#王子异# #偶像练习生# 告别视频公开 “不知所措，才是人生。” @BBT孙浩然 @BBT林浩楷 @BBT王子异 @BBT李志杰 L BBTofficial的秒拍视频 ​,54,76,209,415,14
idol_producer_041,孙浩然,偶像练习生,合作舞台阶段,2018-03-03,2018-03-23,孙浩然 偶像练习生,4220069511049055,https://m.weibo.cn/detail/4220069511049055,2018-03-21 18:00:00,【 #偶像练习生# 每日pick福利】hello大家好，我们是BBT！我是孙浩然 @BBT孙浩然 ，收到请回答！关注 @微博视频台 ，转发评论带 #偶像练习生# 话题，这张签名照有可能下周一就被你抽中哟~ ​​​​,61,71,209,412,15
idol_producer_041,孙浩然,偶像练习生,位置测评阶段,2018-02-03,2018-02-16,孙浩然 偶像练习生,4208021296457487,https://m.weibo.cn/detail/4208021296457487,2018-02-16 12:05:00,#bbt# #偶像练习生# 新人100Part5 如清风朗月 似雪霁初晴 从未知而来 到未知而去 一切知与否 于现在开始 很高兴 认识你 @BBT孙浩然 @BBT林浩楷 @BBT王子异 @BBT李志杰 ​,69,72,164,377,16
idol_producer_041,孙浩然,偶像练习生,总决赛阶段,2018-03-24,2018-04-06,孙浩然 偶像练习生,4225384453158560,https://m.weibo.cn/detail/4225384453158560,2018-04-05 10:00:00,BOOM BOOM TAKER！在偶像练习的战场上怎么有这么可爱的小哥哥 @BBT林浩楷 @BBT孙浩然 @BBT李志杰 ！简单快乐BBT将在今晚节目中分享练习生生活的点点滴滴，并隔空应援 @BBT王子异 送上温暖空投！ @BBTofficial 放假第一天，节奏燃不燃？ 锁定收听 O 今晚9点 @京都念慈菴 #流行音乐全金榜# @蜻蜓FM O 网页链接 @BBTaker_天使站 收起 d,67,62,166,357,17
idol_producer_041,孙浩然,偶像练习生,合作舞台阶段,2018-03-03,2018-03-23,孙浩然 偶像练习生,4215379834260096,https://m.weibo.cn/detail/4215379834260096,2018-03-08 19:25:00,#陈立农# #偶像练习生陈立农# 【音频】 陈立农 @超级農農 的超高品质音频已经在网易云音乐上线 喜欢农农的朋友收听的同时 可以多多去网易云音乐评论点赞 分享张奕轩/陈立农/孙浩然/侯浩然/J-ONE/贝汯璘的单曲《大艺术家 (A组现场版) (原唱：蔡依林)》: O 网页链接 (来自 @网易云音乐 ) 分享陈立农/李权哲/韩沐伯/尤长靖的单曲《我怀念的 (Live) (原唱：孙燕姿)》: O 网页链接 (来自 @网易云音乐 ) 收起 d,24,11,152,198,18
idol_producer_041,孙浩然,偶像练习生,排名发布阶段,2018-02-17,2018-03-02,孙浩然 偶像练习生,4210371084478929,https://m.weibo.cn/detail/4210371084478929,2018-02-22 23:42:00,#李志杰# #偶像练习生# 告别视频公开 “不知所措，才是人生。” @BBT孙浩然 @BBT林浩楷 @BBT王子异 @BBT李志杰 L BBTofficial的秒拍视频 ​,24,22,105,173,19
idol_producer_041,孙浩然,偶像练习生,总决赛阶段,2018-03-24,2018-04-06,孙浩然 偶像练习生,4225903053381258,https://m.weibo.cn/detail/4225903053381258,2018-04-06 20:21:00,// @BBT孙浩然 :我是 #偶像练习生# 孙浩然，全民制作人，谢谢关照！,101,0,0,101,20
idol_producer_041,孙浩然,偶像练习生,初评级阶段,2018-01-19,2018-01-26,孙浩然 偶像练习生,4200478466404805,https://m.weibo.cn/detail/4200478466404805,2018-01-26 16:32:00,爱奇艺 #偶像练习生# 今晚八点第二期就要上线啦，记得为 #BBT# 打call呦呦呦，风里雨里，弹幕等你 @BBT孙浩然 @BBT林浩楷 @BBT王子异 @BBT李志杰 @BBT金逸涵 ​,0,10,75,95,21
idol_producer_041,孙浩然,偶像练习生,排名发布阶段,2018-02-17,2018-03-02,孙浩然 偶像练习生,4210370719489851,https://m.weibo.cn/detail/4210370719489851,2018-02-22 23:41:00,#林浩楷# #偶像练习生# 告别视频公开 “不知所措，才是人生。” @BBT孙浩然 @BBT林浩楷 @BBT王子异 @BBT李志杰 L BBTofficial的秒拍视频 ​,5,4,32,45,22
idol_producer_041,孙浩然,偶像练习生,排名发布阶段,2018-02-17,2018-03-02,孙浩然 偶像练习生,4210370354736454,https://m.weibo.cn/detail/4210370354736454,2018-02-22 23:39:00,#孙浩然# #偶像练习生# 告别视频公开 “不知所措，才是人生。” @BBT孙浩然 @BBT林浩楷 @BBT王子异 @BBT李志杰 L BBTofficial的秒拍视频 ​,2,3,16,24,23
idol_producer_041,孙浩然,偶像练习生,合作舞台阶段,2018-03-03,2018-03-23,孙浩然 偶像练习生,4215635749135135,https://m.weibo.cn/detail/4215635749135135,2018-03-09 12:22:00,【今日中午歌单】1.sheep—张艺兴 2.ei ei—偶像练习生全员 3.小半—周锐/郑锐彬/灵超/钱正昊 4.大艺术家—张奕轩/陈立农/孙浩然/侯浩然/J-ONE/贝汯璘 5..我怀念的—陈立农/李权哲/尤长靖/韩沐伯 ​,1,0,3,4,24
idol_producer_041,孙浩然,偶像练习生,排名发布阶段,2018-02-17,2018-03-02,孙浩然 偶像练习生,4210642133448414,https://m.weibo.cn/detail/4210642133448414,2018-02-23 17:39:00,#偶像练习生# #王子异# #偶像练习生王子异# 存// @MentheFraise :哈哈哈哈哈哈哈哈哈哈哈// @不要辣了吧 :养生朋克小王// @追星仙子 :哈哈哈哈哈哈哈哈哈哈哈哈靠哦 孙浩然你也是够了哈哈哈哈哈哈哈 王子异禁止保养品代言人// @M记当劳 :我一方面哈哈哈哈哈哈一方面rnm怎么现在才放出来？,0,0,1,1,25
idol_producer_041,孙浩然,偶像练习生,排名发布阶段,2018-02-17,2018-03-02,孙浩然 偶像练习生,4212674168490016,https://m.weibo.cn/detail/4212674168490016,2018-03-01 08:14:00,#偶像练习生# 我向 @BBT孙浩然 送出了加油卡！我pick的小哥哥全世界最棒！大家快来一起给你喜欢的选手打call吧！ O 练习生PICK榜 ​,0,0,0,0,26
idol_producer_041,孙浩然,偶像练习生,排名发布阶段,2018-02-17,2018-03-02,孙浩然 偶像练习生,4213104021473913,https://m.weibo.cn/detail/4213104021473913,2018-03-02 12:42:00,#偶像练习生# 我向 @BBT孙浩然 送出了加油卡！我pick的小哥哥全世界最棒！大家快来一起给你喜欢的选手打call吧！ O 练习生PICK榜 ​,0,0,0,0,27
idol_producer_041,孙浩然,偶像练习生,排名发布阶段,2018-02-17,2018-03-02,孙浩然 偶像练习生,4213242412638922,https://m.weibo.cn/detail/4213242412638922,2018-03-02 21:52:00,分享视频：《大艺术家》是《偶像练习生》第一次小组竞演中唯一有「舞台杀器」——丝带的歌曲，而A组的陈立农、张奕轩、候浩然、孙浩然、J-ONE、贝汯璘在演绎这首歌时，也是成功从「小奶狗」化身「小狼狗」，明人不说暗话！你有被撩到吗？ @QQ音乐 O 网页链接 好听好听好听好听好听好听好听好听好听好听好听好听好听好听好听好听好听好听好听好听好听好听好听好听好听好听 收起 d,0,0,0,0,28
idol_producer_041,孙浩然,偶像练习生,合作舞台阶段,2018-03-03,2018-03-23,孙浩然 偶像练习生,4214174189445428,https://m.weibo.cn/detail/4214174189445428,2018-03-05 11:34:00,#偶像练习生# 我向 @BBT孙浩然 送出了加油卡！我pick的小哥哥全世界最棒！大家快来一起给你喜欢的选手打call吧！ O 练习生PICK榜 ​,0,0,0,0,29
idol_producer_041,孙浩然,偶像练习生,合作舞台阶段,2018-03-03,2018-03-23,孙浩然 偶像练习生,4214566193910884,https://m.weibo.cn/detail/4214566193910884,2018-03-06 13:32:00,#偶像练习生# 我向 @BBT孙浩然 送出了加油卡！我pick的小哥哥全世界最棒！大家快来一起给你喜欢的选手打call吧！ O 练习生PICK榜 ​,0,0,0,0,30
idol_producer_042,宋睡觉,偶像练习生,合作舞台阶段,2018-03-03,2018-03-23,宋睡觉 偶像练习生,4220537154354031,https://m.weibo.cn/detail/4220537154354031,2018-03-23 00:58:00,#朱正廷# 💕 #偶像练习生朱正廷# 🎈🎈🎈【你我贷圆满告捷】🎈🎈🎈 ❗️历时42天的你我贷终于结束了❗️ 🌈决赛门票 我们手握了八张 🌈正正获得了第二的名次可以第二个选择登上上海陆家嘴屏幕的日期 虽然最后一轮只拿到了一张票没有出现奇迹（抱抱你们） 但还是感谢大家的努力和支持❤️ 🌟其实 八张票对我们而言 已经是奇迹 我们30个（现在只剩29个）人的地下组织今天终于正式转为地上 其实 只要有心 什么事都可以干成🌟 第一张票怀抱着 “我们试试吧” 🐾然后我们正正你我贷名次从第五到第二 🐾经历了被别家玩的团团转的最后一分钟 🐾经历了被别家说刷数据被自家质疑的那晚 【委屈打碎了自己咽下去】 🍬也正是这个大数据被迫公布方法的夜晚 活动换了规则 我们不能“肝”到票 只能成立这个博来求助大家🍬 【我知道“怎么分配门票”这个问题让你们疑惑】 【也知道“绑定银行卡会不会危险”让你们止步】 ⚠️在这里先说明一下门票： 虽然我个人认为 只要是正家，那么是谁都可以。 但是这个手机号码实名制一经绑定不能改换的门票每次还是选择“推”贡献值最高的🍬珍珠糖🍬 24张门票，我们拿了八张（三张是靠大家的力量拿到的） 除了感谢更多的是感动 从第一个博发出（当时大家都在为了投票而爆肝却还是有小姐姐抽出时间为了你我贷注册） 🍭看到每一个私信 🍭每一次结束一轮就来问情况 🍭每一个博都在up的人美心善的珍珠糖 都让我觉得 不是我们这些人在奋斗 ✨✨✨ [因为朱正廷，所以我们聚在一起] [因为朱正廷，所以我们可以这么亲密] [因为朱正廷，隔着网络我们互相信任] ✨✨✨ 想跟【爱心衣橱做公益】元气宝宝说声抱歉“到最后没能救到你让你看看你爱的他”☀️ 想跟【科技大佬偶尔可爱】的舒窈姐姐说声“辛苦了，我们有你很幸福”☀️ 想跟【睡眠不足上课晕倒把门票名额转让给我的】佛老板说“你的小可爱会带去你的那一份应援，好好养身体”☀️ 想跟【海外党让我们安心睡觉】的simin姐姐说“谢谢你带给我们的那一份心安，你真的辛苦了。”☀️ 想跟【说话超级温油】的叙旧说“和亲大佬哈哈哈哈哈哈哈哈哈哈哈”（皮一下）☀️ 想跟【演唱会影响三排观众的】喇叭说“保护好你的嗓子，决赛场上喊出我们一百多万粉的气势”☀️ 想跟【默默付出】的mark说“不常讲话的你，做的努力大家都看到了，这份生日礼物希望你可以开心”☀️ 想跟【个子真的很高】的诗阳说“我们决赛把灯牌举到戳天好吗！”☀️ 想跟【真的很非洲人】的白菜说“抢红包没抢到可是正正你就要见到了呀”☀️ 想跟【爆肝】的毛毛小姐姐说“一定要带去最好的应援给正正”☀️ 想跟【梵希】姐姐说“辛苦了，一定要保护好身体啊”☀️ 想跟【人物小达人】瑶瑶说“一定要给你买最好的防脱洗发水！”☀️ 想跟【理科文案】小姐姐我本人说“4.6以后不许你跑路”☀️ 要给【sumi】【宋你】【喵喵】【pink】【可爱】【嘟嘟】【bonlyeol】【羊】 还有没说到的你们所有人“30个人的份的应援，交给我们！”☀️ 🐷这么多感动是压力因为我们承载了很多人的期望，更是动力要为正正做更多的事情🐷 从地下的 你我贷 到 地上7个群的散投组 50人的轮博组 我们力量很有限 感谢大家的信任🎁 也请明天为了“最不可爱”的🍬朱正廷🍬继续爆肝吧！ 🙋指路站子联合集资 【一天一杯奶茶钱】都是对他登上第二排支持❗️ 🔗 O 网页链接 收起 d,178,872,2086,4008,1
idol_producer_042,宋睡觉,偶像练习生,合作舞台阶段,2018-03-03,2018-03-23,宋睡觉 偶像练习生,4220680109459442,https://m.weibo.cn/detail/4220680109459442,2018-03-23 10:26:00,【坤音四子被拆、周锐林超泽被淘汰，出道九人组已经浮出水面】 自从《偶像练习生》的淘汰赛制开始，原本十分欢乐的节目变成了每两周就要送走一批人，从一开始的99位（宋睡觉不算啦，不知道还有没有人记得他）到现在35强，35进20的淘汰名单也已经出来了，不由得让人心里凉凉…… O 坤音四子被拆、周锐林超泽被淘汰，出道九人组已经浮出水面 ​,13,234,329,810,2
idol_producer_042,宋睡觉,偶像练习生,总决赛阶段,2018-03-24,2018-04-06,宋睡觉 偶像练习生,4224523442208874,https://m.weibo.cn/detail/4224523442208874,2018-04-03 00:58:00,谁说偶像练习生那个第一宝座只有蔡徐坤一个人坐过了？？？？？ 人家宋睡觉也坐过好伐？？？？？ 嗯，然后他就没然后了········· 所以真的别随便打那个位子的主意 ​,1,24,103,152,3
idol_producer_042,宋睡觉,偶像练习生,合作舞台阶段,2018-03-03,2018-03-23,宋睡觉 偶像练习生,4214145513833447,https://m.weibo.cn/detail/4214145513833447,2018-03-05 09:40:00,我现在非常想看宋睡觉参加偶像练习生的镜头，我觉得会很好玩，心疼三秒马赛克宋睡觉 ​,0,9,43,61,4
idol_producer_042,宋睡觉,偶像练习生,排名发布阶段,2018-02-17,2018-03-02,宋睡觉 偶像练习生,4212552848796272,https://m.weibo.cn/detail/4212552848796272,2018-03-01 00:12:00,哈哈哈听歌听到宋睡觉就来搜了下微博 原来他就是偶像练习生被马赛克掉的那个啊哈哈哈 笑死我了 不过他的歌真的还不错喔:-O ​,0,3,40,46,5
idol_producer_042,宋睡觉,偶像练习生,初评级阶段,2018-01-19,2018-01-26,宋睡觉 偶像练习生,4199321144555356,https://m.weibo.cn/detail/4199321144555356,2018-01-23 11:54:00,宋睡觉因为之前不当的言论被退出《偶像练习生》，这道歉也是“别具一格”，这么没素质还说要好好唱歌，歌能好到哪去？！ ​,0,0,21,21,6
idol_producer_042,宋睡觉,偶像练习生,主题曲考核阶段,2018-01-27,2018-02-02,宋睡觉 偶像练习生,4200865650932345,https://m.weibo.cn/detail/4200865650932345,2018-01-27 18:11:00,看了一眼《 #偶像练习生# 》，第一集简直是甄嬛传之后宫选秀，小公司的无名艺人自动代入后宫小秀女的角色，蔡徐坤是目前风头最劲的皇后人设，范冰冰的弟弟范丞丞是家世惊人备受瞩目的华妃，陈立农非常可爱，但背后黑料一堆，目测安陵容。意外被贫民窟土味男团坤音四子圈粉，长腿团非常搞笑，穿金戴银私底下却为4块钱的煎饼果子打起来，迟早上土味挖掘机，哈哈哈。不过，pick要慎重，随便一搜个个是宝藏男孩。才发现，那个坐第一位置的就是之前被黑出翔的宋睡觉，综艺节目都很微妙，谦虚过了就是不自信，没人粉，不谦虚绝对会成为众矢之的。目前还没有发现甄嬛。 收起 d,0,3,1,7,7
idol_producer_042,宋睡觉,偶像练习生,排名发布阶段,2018-02-17,2018-03-02,宋睡觉 偶像练习生,4213240986313574,https://m.weibo.cn/detail/4213240986313574,2018-03-02 21:46:00,看偶像练习生真的抓耳挠腮想看宋睡觉的部分！！想看！ ​,0,0,1,1,8
idol_producer_042,宋睡觉,偶像练习生,初评级阶段,2018-01-19,2018-01-26,宋睡觉 偶像练习生,4199280153345948,https://m.weibo.cn/detail/4199280153345948,2018-01-23 09:11:00,宋睡觉退出《偶像练习生》，也许节目组应该不知道他是这样龌龊的人，参赛后被挖出来所以劝退了，这个不被大家喜欢和接受的人，最好让他消失在大家的视野吧！ 网友评价道：这种词汇低俗长相也…的 还坐第一…？退了也好 歌词也是很恶心了吧，但是我不明白为什么他可以上热搜 大家怎么看？ ​,0,0,0,0,9
idol_producer_042,宋睡觉,偶像练习生,初评级阶段,2018-01-19,2018-01-26,宋睡觉 偶像练习生,4199453633722006,https://m.weibo.cn/detail/4199453633722006,2018-01-23 20:40:00,《偶像练习生》宋睡觉因在微博发表不适当言论，被网友大骂没素质(同步自 @新浪看点 ) O 《偶像练习生》宋睡觉因在微博发表不适当言论，被网友大骂没素质 ​,0,0,0,0,10
idol_producer_042,宋睡觉,偶像练习生,合作舞台阶段,2018-03-03,2018-03-23,宋睡觉 偶像练习生,4219589578136617,https://m.weibo.cn/detail/4219589578136617,2018-03-20 10:13:00,某些追星女孩真的魔幻本人了 各种双标 对南韩外来务工人员双标 特别是tc的 还有对女爱豆双标 喜欢给人乱扣帽子（台独） 外来人员被不公平对待她们能给你找出一大堆理由什么韩语不好了公司自有他的安排 可是一出事就拉外来务工人员背锅 外来务工人员真的惨没人权惹 女爱豆谈个恋爱就骂人家公交车淫荡不检点 各种编造说人家勾引她欧巴 可是她们转眼就能喜欢一个把女的扁的一文不值的垃圾 我看你们拜屌癌挺严重 之前参加偶像练习生的那个宋睡觉我看也可以收拾收拾出道了迷妹不用愁的。 O 网页链接 收起 d,0,0,0,0,11
idol_producer_043,岳岳,偶像练习生,合作舞台阶段,2018-03-03,2018-03-23,岳岳 偶像练习生,4220869360131549,https://m.weibo.cn/detail/4220869360131549,2018-03-23 22:58:00,#偶像练习生# #BC221# #岳岳pinkray# #卜凡# #灵超# #木子洋# 坤音的这段视频太搞笑了，我也就看了十几遍 L 偶练生搬运小巴士的秒拍视频 ​,396,247,1261,2151,1
idol_producer_043,岳岳,偶像练习生,排名发布阶段,2018-02-17,2018-03-02,岳岳 偶像练习生,4213253213027342,https://m.weibo.cn/detail/4213253213027342,2018-03-02 22:35:00,#岳读岳优秀# #岳岳pinkray# Books are treasure banks storing wisdom passed down from generation to generation. 岳岳向我们证明了读书可以提升一个人的气质和修养。在此，我们向全体坤音女孩发出倡议，发起 #岳读岳优秀# 活动，征集你的阅读感受。 内容:文体不限，语言不限(普通话，方言或外语皆可)，表现形式不限(手抄，朗读，书法等)。但请尽量选择古今中外名著或诗篇。 时间: O 3月3日晚8点至3月9日晚8点（第一期） 奖品分参与奖以及一二三等奖如图所示 要求:投稿带上 #岳岳pinkray# 和 #偶像练习生# 以及专属收集tag #岳读岳优秀# （注意！！话题间请用空格或表情隔开！！） 收起 d,16,8,49,81,2
idol_producer_043,岳岳,偶像练习生,合作舞台阶段,2018-03-03,2018-03-23,岳岳 偶像练习生,4220865186391818,https://m.weibo.cn/detail/4220865186391818,2018-03-23 22:42:00,#偶像练习生# 岳岳说只要19、18、17（排名）没我，我就凉了。然后卜凡伸手过去抓他手，握了一下他手，虽然被挡着了看不见，握了一下又放开了。（这种偷偷握下手的feel！我的萌点！ ​,1,5,30,41,3
idol_producer_043,岳岳,偶像练习生,合作舞台阶段,2018-03-03,2018-03-23,岳岳 偶像练习生,4220869041487789,https://m.weibo.cn/detail/4220869041487789,2018-03-23 22:57:00,今天的偶像练习生看得我真是一会笑一会哭哭完了笑笑完了哭 这个节目真的挺变态的 不仅折磨练习生们还折磨全民制作人阿！！ 我看到岳岳和洋哥被淘汰的时候真的是哭到泣不成声了吧 看到灵超弟弟那么难过心里真的很难受很难受 凡子虽然话说的不多但其实也能体会到他的难过… 人各有命 富贵在天 这里只是一个起点 无论是岳岳还是木子洋 还有被淘汰的每一个练习生们 周美锐阿周彦辰啦罗正小哥哥啦…每一个你们都是很优秀很棒的人 梦想的路永远不止这一条 想对你们每一个人说一句加油！ 最后就是凡子和弟弟继续努力🙏坤音女孩陪你们走到最后 坤音四子绝不认输 我们坤音永不放弃❤ #偶像练习生# #卜凡# #坤音四子# 收起 d,0,2,27,31,4
idol_producer_043,岳岳,偶像练习生,合作舞台阶段,2018-03-03,2018-03-23,岳岳 偶像练习生,4220867275701209,https://m.weibo.cn/detail/4220867275701209,2018-03-23 22:50:00,#偶像练习生# 其他人握旁边人手我都没什么感觉，就卜凡握岳岳手，就很戳我萌点怎么肥事！ ​,0,8,14,30,5
idol_producer_043,岳岳,偶像练习生,合作舞台阶段,2018-03-03,2018-03-23,岳岳 偶像练习生,4220868802429484,https://m.weibo.cn/detail/4220868802429484,2018-03-23 22:56:00,#偶像练习生# PD在前面公布第16名的人的投票，在公布姓名前形容这个人：温柔，可爱。 岳岳扭头跟旁边的卜凡说：跟你，跟你没关系了。 哈哈哈哈哈哈哈哈哈哈哈哈哈哈哈（我要萌这俩人了！ ​,0,4,12,20,6
idol_producer_043,岳岳,偶像练习生,合作舞台阶段,2018-03-03,2018-03-23,岳岳 偶像练习生,4220864533033113,https://m.weibo.cn/detail/4220864533033113,2018-03-23 22:39:00,周美锐 岳岳 韩沐博 木子洋 余明君 李权哲·····愿各位都能越来越好～ #偶像练习生#,0,2,15,19,7
idol_producer_043,岳岳,偶像练习生,排名发布阶段,2018-02-17,2018-03-02,岳岳 偶像练习生,4213257876848911,https://m.weibo.cn/detail/4213257876848911,2018-03-02 22:53:00,#岳岳pinkray# ❤ #偶像练习生岳岳# 其实当你说“这首歌特别戳我”的时候，我想知道一下岳先生的心里到底还有多少苦和累以及心酸自己在默默承受。 我们一起来吧，岳先生。 ​,0,0,14,14,8
idol_producer_043,岳岳,偶像练习生,总决赛阶段,2018-03-24,2018-04-06,岳岳 偶像练习生,4225942392066833,https://m.weibo.cn/detail/4225942392066833,2018-04-06 22:57:00,今天《偶像练习生》的最后一期 最喜欢的陆定昊在进20的时候就被淘汰了 追了很久的节目，结束了 有了很多喜欢的小哥哥陈立农，李权哲，林超泽，岳岳，木子洋，尤长靖，周彦辰，林彦俊，黄明昊等等等等，还有好多好多小哥哥。。。 ​,0,0,5,5,9
idol_producer_043,岳岳,偶像练习生,总决赛阶段,2018-03-24,2018-04-06,岳岳 偶像练习生,4225943012686055,https://m.weibo.cn/detail/4225943012686055,2018-04-06 22:59:00,#偶像练习生# #坤音娱乐# #坤音女孩绝不认输# #坤音四子# #BC221# 这个晚上又哭又笑的hhh 今晚过後我就可以做个吃瓜群衆笑看土偶饭圈各种瓜了WWW 毕竟pick的小可爱们都没进qqq 坤音自己崽自己疼！！！其实最想也是你们自己出道！！！ 坤音大势，未来可期！！！！ 我爱你们！！（笔芯 @木子洋KWIN @灵超DIDI @卜凡KATTO @岳岳PINKRA 收起 d,0,2,1,5,10
idol_producer_043,岳岳,偶像练习生,总决赛阶段,2018-03-24,2018-04-06,岳岳 偶像练习生,4225942992305243,https://m.weibo.cn/detail/4225942992305243,2018-04-06 22:59:00,#bc221# #偶像练习生# 欢迎回家！ 希望这样好的你们 会被更多的人发现 喜爱 珍惜 你们都很棒 但还可以更棒 那样就不会辜负现在付出的你们了 你们的故事还没有结束 我们依然也还没有💐 @岳岳PINKRAY @木子洋KWIN @卜凡KATTO @灵超DIDI ​,0,1,1,3,11
idol_producer_043,岳岳,偶像练习生,合作舞台阶段,2018-03-03,2018-03-23,岳岳 偶像练习生,4220860866460707,https://m.weibo.cn/detail/4220860866460707,2018-03-23 22:25:00,【偶像练习生第三轮排名】 今晚，《偶像练习生》35进20排名公布！ 2~9：陈立农、范丞丞、Justin、王子异、小鬼、朱正廷、尤长靖、卜凡 10~20：钱正昊、林彦俊、毕雯珺、灵超、朱星杰、林超泽、Jeffrey、秦奋、李希侃、徐圣恩、郑锐彬 21~35（淘汰）： 周彦辰、木子洋、李权哲、韩沐伯、周锐、丁泽仁、岳岳、杨非同、娄滋博、罗正、陆定昊、黄新淳、何东东、李让、余明君 #偶像练习生# 越努力，越幸运 收起 d,0,1,0,2,12
idol_producer_043,岳岳,偶像练习生,合作舞台阶段,2018-03-03,2018-03-23,岳岳 偶像练习生,4220862560864985,https://m.weibo.cn/detail/4220862560864985,2018-03-23 22:31:00,这期节目真的是最好笑的一集 抢椅子、被“鬼”吓，笑到肚子痛，每个人都超可爱。然后笑着笑着就暴风哭泣，灵超鹅在说话的时候就开始泪目 卜凡灵超加油啊 一定要出道 坤音四子 前程似锦未来可期 #木子洋# #岳岳pinkray# #坤音四子# #偶像练习生# ​,0,1,0,2,13
idol_producer_043,岳岳,偶像练习生,合作舞台阶段,2018-03-03,2018-03-23,岳岳 偶像练习生,4220862377072969,https://m.weibo.cn/detail/4220862377072969,2018-03-23 22:31:00,天 爱死你们了 @木子洋KWIN @岳岳PINKRAY #木子洋# #坤音女孩绝不认输# #偶像练习生# ​,0,0,2,2,14
idol_producer_043,岳岳,偶像练习生,排名发布阶段,2018-02-17,2018-03-02,岳岳 偶像练习生,4213256756973120,https://m.weibo.cn/detail/4213256756973120,2018-03-02 22:49:00,#木子洋# #岳岳pinkray# #卜凡# #灵超# #坤音女孩绝不认输# #偶像练习生# 起码我要为他们做到我能做到一切,0,0,1,1,15
idol_producer_043,岳岳,偶像练习生,排名发布阶段,2018-02-17,2018-03-02,岳岳 偶像练习生,4213257172395764,https://m.weibo.cn/detail/4213257172395764,2018-03-02 22:50:00,#木子洋# #岳岳pinkray# #卜凡# #灵超# #坤音女孩绝不认输# #偶像练习生# 大家打投组了解一下！！个人打投或者全团打投！！无论团还是唯 目前为他们投票才是最重要的！！,0,0,1,1,16
idol_producer_043,岳岳,偶像练习生,合作舞台阶段,2018-03-03,2018-03-23,岳岳 偶像练习生,4220868584396550,https://m.weibo.cn/detail/4220868584396550,2018-03-23 22:55:00,最讨厌看节目一个个都走了然后看到大结局特别难过，偶像练习生我是看不下去了太难过了 剩35个人就都挺喜欢的，我的何东东拜拜了，看节目第一个喜欢上的就是你，刚出来就给人耳目一新的感觉，周彦辰，岳岳，韩沐伯，黄新淳，木子洋，李权哲，丁泽仁，陆定昊拜拜了 ​,0,0,1,1,17
idol_producer_043,岳岳,偶像练习生,总决赛阶段,2018-03-24,2018-04-06,岳岳 偶像练习生,4225942157336563,https://m.weibo.cn/detail/4225942157336563,2018-04-06 22:56:00,// @向上的岳亮 : // @向上的岳亮 :以后的道路，陪你一起，没有终点 @岳岳PINKRAY 🌙🌙 #岳岳pinkray# // @岳岳PINKRAY :我是 #偶像练习生# 岳岳，全民制作人，谢谢关照,1,0,0,1,18
idol_producer_043,岳岳,偶像练习生,总决赛阶段,2018-03-24,2018-04-06,岳岳 偶像练习生,4225942643390202,https://m.weibo.cn/detail/4225942643390202,2018-04-06 22:58:00,#偶像练习生# #卜凡# #灵超# #木子洋# #岳岳# #坤音四子# #BC221# 还是那句话：反正山高水长还有一生嚣张。 BC221 木子洋 灵超 岳岳 卜凡 一起走花路吧⭐️ ​,0,0,1,1,19
idol_producer_043,岳岳,偶像练习生,主题曲考核阶段,2018-01-27,2018-02-02,岳岳 偶像练习生,4203109338879853,https://m.weibo.cn/detail/4203109338879853,2018-02-02 22:46:00,@岳岳PINKRAY 我在 #偶像练习生# 练习生PICK榜上为你打call！把小心心都给你，赢取节目10s彩蛋！jjjjjjjjjj ​,0,0,0,0,20
idol_producer_043,岳岳,偶像练习生,主题曲考核阶段,2018-01-27,2018-02-02,岳岳 偶像练习生,4203109309295152,https://m.weibo.cn/detail/4203109309295152,2018-02-02 22:46:00,@岳岳PINKRAY 我在 #偶像练习生# 练习生PICK榜上为你打call！把小心心都给你，赢取节目10s彩蛋！sssssssddss ​,0,0,0,0,21
idol_producer_043,岳岳,偶像练习生,主题曲考核阶段,2018-01-27,2018-02-02,岳岳 偶像练习生,4203109284121003,https://m.weibo.cn/detail/4203109284121003,2018-02-02 22:46:00,@岳岳PINKRAY 我在 #偶像练习生# 练习生PICK榜上为你打call！把小心心都给你，赢取节目10s彩蛋！sssssdedee ​,0,0,0,0,22
idol_producer_043,岳岳,偶像练习生,主题曲考核阶段,2018-01-27,2018-02-02,岳岳 偶像练习生,4203109258946777,https://m.weibo.cn/detail/4203109258946777,2018-02-02 22:46:00,@岳岳PINKRAY 我在 #偶像练习生# 练习生PICK榜上为你打call！把小心心都给你，赢取节目10s彩蛋！dddddddfdd ​,0,0,0,0,23
idol_producer_043,岳岳,偶像练习生,主题曲考核阶段,2018-01-27,2018-02-02,岳岳 偶像练习生,4203109233773003,https://m.weibo.cn/detail/4203109233773003,2018-02-02 22:46:00,@岳岳PINKRAY 我在 #偶像练习生# 练习生PICK榜上为你打call！把小心心都给你，赢取节目10s彩蛋！yyyyyyyyyyy ​,0,0,0,0,24
idol_producer_043,岳岳,偶像练习生,主题曲考核阶段,2018-01-27,2018-02-02,岳岳 偶像练习生,4203109377435051,https://m.weibo.cn/detail/4203109377435051,2018-02-02 22:47:00,@岳岳PINKRAY 我在 #偶像练习生# 练习生PICK榜上为你打call！把小心心都给你，赢取节目10s彩蛋！000000000 ​,0,0,0,0,25
idol_producer_043,岳岳,偶像练习生,主题曲考核阶段,2018-01-27,2018-02-02,岳岳 偶像练习生,4203109360396334,https://m.weibo.cn/detail/4203109360396334,2018-02-02 22:47:00,@岳岳PINKRAY 我在 #偶像练习生# 练习生PICK榜上为你打call！把小心心都给你，赢取节目10s彩蛋！gggggggggg ​,0,0,0,0,26
idol_producer_043,岳岳,偶像练习生,排名发布阶段,2018-02-17,2018-03-02,岳岳 偶像练习生,4213250033236065,https://m.weibo.cn/detail/4213250033236065,2018-03-02 22:22:00,@岳岳PINKRAY 我在 #偶像练习生# 练习生PICK榜上为你打call！把小心心都给你，赢取节目10s彩蛋！ O 练习生PICK榜 ​,0,0,0,0,27
idol_producer_043,岳岳,偶像练习生,排名发布阶段,2018-02-17,2018-03-02,岳岳 偶像练习生,4213250020649436,https://m.weibo.cn/detail/4213250020649436,2018-03-02 22:22:00,#偶像练习生# 我向 @岳岳PINKRAY 送出了加油卡！我pick的小哥哥全世界最棒！大家快来一起给你喜欢的选手打call吧！ O 练习生PICK榜 ​,0,0,0,0,28
idol_producer_043,岳岳,偶像练习生,排名发布阶段,2018-02-17,2018-03-02,岳岳 偶像练习生,4213251283228079,https://m.weibo.cn/detail/4213251283228079,2018-03-02 22:27:00,#偶像练习生# 我向 @岳岳PINKRAY 送出了加油卡！我pick的小哥哥全世界最棒！大家快来一起给你喜欢的选手打call吧！ O 练习生PICK榜 ​,0,0,0,0,29
idol_producer_043,岳岳,偶像练习生,排名发布阶段,2018-02-17,2018-03-02,岳岳 偶像练习生,4213252915583486,https://m.weibo.cn/detail/4213252915583486,2018-03-02 22:33:00,#偶像练习生# 我向 @岳岳PINKRAY 送出了加油卡！我pick的小哥哥全世界最棒！大家快来一起给你喜欢的选手打call吧！ O 练习生PICK榜 ​,0,0,0,0,30
idol_producer_044,左叶,偶像练习生,排名发布阶段,2018-02-17,2018-03-02,左叶 偶像练习生,4213247122374450,https://m.weibo.cn/detail/4213247122374450,2018-03-02 22:10:00,#偶像练习生# 阿发答应过你们从初一high到十五的！所以，新春特辑最后一集来啦！ 这次由我们的主持人 @蔡徐坤 同学带领 @余明君_MJ 、 @左叶Hyman 、 @朱星杰J_zen 、 @罗正_LZ 、 @韩沐伯 这几名同学来和大家分享一下属于他们的年味儿！你们说，下半集该什么时候放出来呢 L 百分九宿舍收发室的秒拍视频 收起 d,2146,2262,5937,12607,1
idol_producer_044,左叶,偶像练习生,合作舞台阶段,2018-03-03,2018-03-23,左叶 偶像练习生,4220811575475450,https://m.weibo.cn/detail/4220811575475450,2018-03-23 19:09:00,#偶像练习生# 又一波萌萌哒小哥哥 #秦奋roi# #韩沐伯# #靖佩瑶# #秦子墨# #左叶# 来袭，甜美可爱任君挑选哟~你们更爱哪个呢？请继续支持 @秦奋Roi @韩沐伯 @靖佩瑶 @秦子墨_Mo @左叶Hyman ​,2392,1179,1362,6112,2
idol_producer_044,左叶,偶像练习生,合作舞台阶段,2018-03-03,2018-03-23,左叶 偶像练习生,4220779790641138,https://m.weibo.cn/detail/4220779790641138,2018-03-23 17:03:00,#偶像练习生# #左叶# #蔡徐坤# 小迷弟日常 1-6(完) ​​​​,163,103,686,1055,3
idol_producer_044,左叶,偶像练习生,排名发布阶段,2018-02-17,2018-03-02,左叶 偶像练习生,4213253687640494,https://m.weibo.cn/detail/4213253687640494,2018-03-02 22:37:00,#偶像练习生# 谁能想到会被xxj给迷得晕头转向啊，左叶这直拍，告诉妈妈谁教你撩衣服的，再答应妈妈下次wink再温柔一点！！ L 圈内爆料的秒拍视频 ​,134,162,386,844,4
idol_producer_044,左叶,偶像练习生,排名发布阶段,2018-02-17,2018-03-02,左叶 偶像练习生,4213241309305020,https://m.weibo.cn/detail/4213241309305020,2018-03-02 21:47:00,由朱正廷、林超泽、左叶、许凯皓、李希侃、武连杰组成的“小绵羊”组合，共同演绎不一样的《Sheep》，现场舞蹈略显“骚气”，整个舞台气氛很不错[抱抱_旧]。 #偶像练习生# L 娱阁主的秒拍视频 ​,12,28,174,242,5
idol_producer_044,左叶,偶像练习生,排名发布阶段,2018-02-17,2018-03-02,左叶 偶像练习生,4213242857406121,https://m.weibo.cn/detail/4213242857406121,2018-03-02 21:53:00,#偶像练习生# 来自土狗dd左叶的魔性连环嘲(傻)笑...李希侃去揍他吧 L 荒诞鹿的秒拍视频 ​,30,35,94,194,6
idol_producer_044,左叶,偶像练习生,位置测评阶段,2018-02-03,2018-02-16,左叶 偶像练习生,4208183649934897,https://m.weibo.cn/detail/4208183649934897,2018-02-16 22:50:00,#偶像练习生# 第一轮前60名： 蔡徐坤/陈立农/范丞丞/Justin/朱正廷/小鬼/卜凡/李权哲/何东东/尤长靖/王子异/Jeffrey/秦奋/林超泽/朱星杰/灵超/钱正昊/董岩磊/韩沐伯/丁泽仁/岳岳/左叶/徐凯皓/木子洋/郑锐彬/毕雯珺/周彦辰/林彦俊/李希侃/陆定昊/周锐/黄书豪/黄新淳/罗正/张达源/李让/贝汯璘/李长庚/陈斯琪/韩雍杰/秦子墨/武连杰/覃俊毅/娄滋博/靖佩瑶/余明君/陈名豪/明鹏/杨非同/朱匀一/伽里/凌崎/朱匀天/徐圣恩/李俊毅/张奕轩/王艺龙/姜达赫/胡致邦/梁辉 乐华女孩绝不认输 收起 d,2,32,106,172,7
idol_producer_044,左叶,偶像练习生,排名发布阶段,2018-02-17,2018-03-02,左叶 偶像练习生,4213256472633290,https://m.weibo.cn/detail/4213256472633290,2018-03-02 22:48:00,#偶像练习生# #蔡徐坤# 坤坤叫左叶DD小叶哈哈哈哈哈哈哈，还拍了肩膀拉了胳膊，左叶小迷弟满足不，这一刻想魂穿左叶DD 还有坤坤说方言好可爱哦山东话四川话湖南话都没问题哈 方言小能手就是我们坤坤啦 ​,1,18,36,73,8
idol_producer_044,左叶,偶像练习生,初评级阶段,2018-01-19,2018-01-26,左叶 偶像练习生,4200551677607316,https://m.weibo.cn/detail/4200551677607316,2018-01-26 21:23:00,#偶像练习生# #蔡徐坤# 这一期基本上没有坤坤的镜头 开头简短宣布了一下等级 最后分好了宿舍左叶去看他的偶像坤坤 老母亲感觉坤坤不像别的团很熟了大家在一起这样子 坤坤一个人坐着 不过没关系ikun会永永远远陪在坤坤身边的 当然开始孩子们不熟 相信相处一阵子就好啦 坤坤加油奥 这一次人气没有拿到第一很抱歉 以后所有的榜单都会认真做的 毕竟我们家没有路人粉以后只投给坤坤 收起 d,0,8,20,36,9
idol_producer_044,左叶,偶像练习生,主题曲考核阶段,2018-01-27,2018-02-02,左叶 偶像练习生,4203066905490260,https://m.weibo.cn/detail/4203066905490260,2018-02-02 19:58:00,等待太煎熬了！复习一遍星动亚洲吧！ 记得偶然看的偶像练习生，然后就是感觉这个台上那么霸气，台下那么害羞的漂亮孩子很可爱。接着在小迷弟左叶的指引下看了星动亚洲。前几期也只是很佩服这个才华横溢的孩子，而真正被坤坤圈粉就是这首狮子吼。不是表现的出色，而且当最后阶段来临，善良的他反而放弃了开场，一直在背后力挺队友们。那时他才十七啊！喜欢他，不要任何理由了！ 收起 d,0,6,22,34,10
idol_producer_044,左叶,偶像练习生,排名发布阶段,2018-02-17,2018-03-02,左叶 偶像练习生,4213241716045304,https://m.weibo.cn/detail/4213241716045304,2018-03-02 21:49:00,我的天呐，儿砸 #左叶# 真是块珍宝，突然想让左叶弟弟试试牛郎风 #偶像练习生# ​,1,8,11,28,11
idol_producer_044,左叶,偶像练习生,初评级阶段,2018-01-19,2018-01-26,左叶 偶像练习生,4200572292815036,https://m.weibo.cn/detail/4200572292815036,2018-01-26 22:45:00,#偶像练习生# #偶像练习生左叶# 我在人民广场吃炸鸡，无论此时此刻你在哪里，让小可爱们心都贴在一起为你加油 L 《偶像练习生》舞台纯享：觉醒东方《我在人民广场吃着炸鸡》 ​,1,6,14,27,12
idol_producer_044,左叶,偶像练习生,排名发布阶段,2018-02-17,2018-03-02,左叶 偶像练习生,4213241095131517,https://m.weibo.cn/detail/4213241095131517,2018-03-02 21:46:00,#偶像练习生# 朱正廷，林超泽，李希侃，许凯皓，武连杰，左叶—《Sheep》 L 国组安利博的秒拍视频 ​,1,3,10,17,13
idol_producer_044,左叶,偶像练习生,初评级阶段,2018-01-19,2018-01-26,左叶 偶像练习生,4200503124242003,https://m.weibo.cn/detail/4200503124242003,2018-01-26 18:10:00,#偶像练习生蔡徐坤# #蔡徐坤# 节目播出一周了 马上这一期也要播了 这个喜欢了快三年的男孩子 真的是让人入坑 太喜欢了 图一是上期节目播出当天 图二是这期节目播出 也就是今天 不得不说坤坤的圈粉儿能力 引用左叶的话 不愧是我的 偶像~ 哈哈哈 为蔡徐坤打call 还有 在主题曲上截的图 似乎明白了传说中的balance 很不错 哈哈哈 今晚节目 期待你哦 @蔡徐坤 收起 d,0,2,10,14,14
idol_producer_044,左叶,偶像练习生,初评级阶段,2018-01-19,2018-01-26,左叶 偶像练习生,4200554424542184,https://m.weibo.cn/detail/4200554424542184,2018-01-26 21:34:00,#偶像练习生# #向全世界安利蔡徐坤# #蔡徐坤# @蔡徐坤 哈哈，小迷弟左叶来看看坤坤了 紧张的都不敢正视我们坤坤 看我们坤坤坐在哪里是不是很帅啊 期待下周坤坤给我们带来的不一样的舞台 ， L 我是边伯贤的媳妇儿的秒拍视频 收起 d,1,1,10,13,15
idol_producer_044,左叶,偶像练习生,排名发布阶段,2018-02-17,2018-03-02,左叶 偶像练习生,4213242727320961,https://m.weibo.cn/detail/4213242727320961,2018-03-02 21:53:00,#偶像练习生# 我的宝藏男孩左叶啊，希望你在爱奇艺偶像练习生节目上能过个难忘的17岁生日，两次直拍舞蹈非常不错，实力不输别人的，私下也是可爱单纯，真的希望有更多人能看到你的努力，能关注，了解你，跪求进35 #偶像练习生左叶# #左叶# ​,2,0,5,7,16
idol_producer_044,左叶,偶像练习生,总决赛阶段,2018-03-24,2018-04-06,左叶 偶像练习生,4225908459944018,https://m.weibo.cn/detail/4225908459944018,2018-04-06 20:42:00,// @蓝泽的背肌 :// @蓝泽的背肌 :// @蓝泽的背肌 :// @蓝泽的背肌 :// @蓝泽的背肌 :// @蓝泽的背肌 :// @蓝泽的背肌 :// @蓝泽的背肌 :// @蓝泽的背肌 :// @蓝泽的背肌 :// @蓝泽的背肌 : #左叶# #偶像练习生# 我只pick你啊// @左叶Hyman :我是 #偶像练习生# 左叶，全民制作人，谢谢关照。,7,0,0,7,17
idol_producer_044,左叶,偶像练习生,合作舞台阶段,2018-03-03,2018-03-23,左叶 偶像练习生,4220869025017349,https://m.weibo.cn/detail/4220869025017349,2018-03-23 22:57:00,"目前私心希望出道的人有蔡徐坤，朱正廷，范丞丞，Justin，Jeffrey,林彦俊，王子异。陈立农肯定也会有的，剩下一个suprise me 吧!希望是惊喜，不要是惊吓!希望各方面能跟这个团搭一点吧！好像这个团rapper比较多啊，希望大家以后能够balence一下吧!还有，真心喜欢Jeffrey,不是因为他家世多么显赫，而是因为他在那么好的外在条件下还可以这么有礼貌，这么谦虚!可爱哈哈哈!子异也很非常优秀!林彦俊哈哈哈新头发还不错!送走的练习生很多都很不错，罗正，希望去演戏吧！不要浪费那么好的颜!周锐，也可以发展发展演戏道路哈哈!木子洋继续时尚道路吧！丁泽仁继续加油，实力很强的练习生,今天换了发型真的get到颜了!李权哲，很可爱的练习生，也是有实力的练习生，加油!娄滋博确定是要回河南种地吗？哈哈哈，其实还蛮有可塑性的。韩沐伯真的是可惜了，有才唱歌也很好!回去和左叶继续加油!周彦辰，真的，实力也很强!感谢 #偶像练习生# 让我认识了你们!加油!我也要加油! 收起 d",0,3,0,6,18
idol_producer_044,左叶,偶像练习生,总决赛阶段,2018-03-24,2018-04-06,左叶 偶像练习生,4225908497226912,https://m.weibo.cn/detail/4225908497226912,2018-04-06 20:42:00,// @蓝泽的背肌 :// @蓝泽的背肌 :// @蓝泽的背肌 :// @蓝泽的背肌 :// @蓝泽的背肌 :// @蓝泽的背肌 :// @蓝泽的背肌 :// @蓝泽的背肌 :// @蓝泽的背肌 :// @蓝泽的背肌 :// @蓝泽的背肌 :// @蓝泽的背肌 : #左叶# #偶像练习生# 我只pick你啊// @左叶Hyman :我是 #偶像练习生# 左叶，全民制作人，谢谢关照。,6,0,0,6,19
idol_producer_044,左叶,偶像练习生,初评级阶段,2018-01-19,2018-01-26,左叶 偶像练习生,4200478240317611,https://m.weibo.cn/detail/4200478240317611,2018-01-26 16:31:00,#偶像练习生# #偶像练习生左叶# #左叶# 小板凳已经准备好，期待 @左叶Hyman 晚上的表现，请全民制作人多多支持我们的作业弟弟,0,0,5,5,20
idol_producer_044,左叶,偶像练习生,总决赛阶段,2018-03-24,2018-04-06,左叶 偶像练习生,4225908552268582,https://m.weibo.cn/detail/4225908552268582,2018-04-06 20:42:00,// @蓝泽的背肌 :// @蓝泽的背肌 :// @蓝泽的背肌 :// @蓝泽的背肌 :// @蓝泽的背肌 :// @蓝泽的背肌 :// @蓝泽的背肌 :// @蓝泽的背肌 :// @蓝泽的背肌 :// @蓝泽的背肌 :// @蓝泽的背肌 :// @蓝泽的背肌 :// @蓝泽的背肌 : #左叶# #偶像练习生# 我只pick你啊// @左叶Hyman :我是 #偶像练习生# 左叶，全民制作人，谢谢关照。,5,0,0,5,21
idol_producer_044,左叶,偶像练习生,总决赛阶段,2018-03-24,2018-04-06,左叶 偶像练习生,4225941405898466,https://m.weibo.cn/detail/4225941405898466,2018-04-06 22:53:00,#左叶# // @左叶Hyman :我是 #偶像练习生# 左叶，全民制作人，谢谢关照。,5,0,0,5,22
idol_producer_044,左叶,偶像练习生,合作舞台阶段,2018-03-03,2018-03-23,左叶 偶像练习生,4220849932226405,https://m.weibo.cn/detail/4220849932226405,2018-03-23 21:41:00,姜京佐61，左叶36，周彦辰21 爱奇艺有毒… #偶像练习生# ​,0,0,4,4,23
idol_producer_044,左叶,偶像练习生,总决赛阶段,2018-03-24,2018-04-06,左叶 偶像练习生,4225908615316611,https://m.weibo.cn/detail/4225908615316611,2018-04-06 20:43:00,// @蓝泽的背肌 :// @蓝泽的背肌 :// @蓝泽的背肌 :// @蓝泽的背肌 :// @蓝泽的背肌 :// @蓝泽的背肌 :// @蓝泽的背肌 :// @蓝泽的背肌 : @蓝泽的背肌 :// @蓝泽的背肌 :// @蓝泽的背肌 :// @蓝泽的背肌 :// @蓝泽的背肌 : #左叶# #偶像练习生# 我只pick你啊// @左叶Hyman :我是 #偶像练习生# 左叶，全民制作人，谢谢关照。,4,0,0,4,24
idol_producer_044,左叶,偶像练习生,总决赛阶段,2018-03-24,2018-04-06,左叶 偶像练习生,4225912663001680,https://m.weibo.cn/detail/4225912663001680,2018-04-06 20:59:00,#左叶# 弟弟，今天我们陪你发光！加油哦，ZOE永远支持你！ @左叶Hyman :我是 #偶像练习生# 左叶，全民制作人，谢谢关照。,4,0,0,4,25
idol_producer_044,左叶,偶像练习生,总决赛阶段,2018-03-24,2018-04-06,左叶 偶像练习生,4225908677625449,https://m.weibo.cn/detail/4225908677625449,2018-04-06 20:43:00,// @蓝泽的背肌 :// @蓝泽的背肌 :// @蓝泽的背肌 :// @蓝泽的背肌 :// @蓝泽的背肌 : @蓝泽的背肌 :// @蓝泽的背肌 :// @蓝泽的背肌 : #左叶# #偶像练习生# 我只pick你啊// @左叶Hyman :我是 #偶像练习生# 左叶，全民制作人，谢谢关照。,3,0,0,3,26
idol_producer_044,左叶,偶像练习生,总决赛阶段,2018-03-24,2018-04-06,左叶 偶像练习生,4225912691525509,https://m.weibo.cn/detail/4225912691525509,2018-04-06 20:59:00,// @蓝泽的背肌 : #左叶# 弟弟，今天我们陪你发光！加油哦，ZOE永远支持你！ @左叶Hyman :我是 #偶像练习生# 左叶，全民制作人，谢谢关照。,3,0,0,3,27
idol_producer_044,左叶,偶像练习生,总决赛阶段,2018-03-24,2018-04-06,左叶 偶像练习生,4225923446794330,https://m.weibo.cn/detail/4225923446794330,2018-04-06 21:42:00,我正在爱奇艺看【偶像练习生】练习生集体拜年 蔡徐坤 陈立农 卜凡 小鬼 左叶 韩沐伯 岳岳 灵超 木子洋 何东东 李长庚_综艺_娱乐_哔哩哔哩，快来 @爱奇艺 一起看！ O 网页链接 ​,0,0,3,3,28
idol_producer_044,左叶,偶像练习生,排名发布阶段,2018-02-17,2018-03-02,左叶 偶像练习生,4213244723569860,https://m.weibo.cn/detail/4213244723569860,2018-03-02 22:01:00,#左叶# #偶像练习生左叶# 表白左叶弟弟，舞台表现力越来越好啦！ 评论配图,0,0,2,2,29
idol_producer_044,左叶,偶像练习生,排名发布阶段,2018-02-17,2018-03-02,左叶 偶像练习生,4213250012875368,https://m.weibo.cn/detail/4213250012875368,2018-03-02 22:22:00,诶！弟弟的站子诶！// @Breeze0318_左叶个人站 : #左叶# #偶像练习生左叶# 16岁男孩腹肌这么好的嘛 跳的很棒啦！各位美少女们动动手指，pick一下最年少sheep呀🌟,2,0,0,2,30
idol_producer_045,应智越,偶像练习生,位置测评阶段,2018-02-03,2018-02-16,应智越 偶像练习生,4208154289709248,https://m.weibo.cn/detail/4208154289709248,2018-02-16 20:53:00,偶像练习生 99进60的淘汰名单 乐华、坤音、觉醒东方、超能唱片全员安全 香蕉娱乐（9个淘汰4个） 高茂桐 姜京佐 李若天 邱治楷 辰星娱乐（6个淘汰4个） Rapen 王宥辰 J-one Gigel 麦锐娱乐（6个淘汰3个） 邓烺怡 孙凡杰 吕晨瑜 简单快乐（5个淘汰4个） 金逸涵 林浩楷 李志杰 孙浩然 盛夏星空（5个淘汰1个） 王梓豪 新锐杂志（5个淘汰3个） 赵俞澈 应智越 万宇贤 AIF娱乐（全军覆没） 于浩 赵凌峰 杨羿 张艺凡 焕星娱乐（全军覆没） 何嘉庚 李鑫岩 罗杰 张宇晨 铂熠娱乐（4个淘汰2个） 叶泓希 张昕 乐风艺社（全军覆没） 陈义夫 闵喆祥 果然娱乐（4个淘汰1个） 张晏恺 次元文化（2个淘汰1个） 徐鹤尼 新湃传媒（单人） 于斌 天津中视（单人） 朱一文 个人练习生（7个淘汰4个） 甘俊 侯浩然 黄若涵 周腾阳 个人觉得比较可惜的一些：扫地组合（罗杰、姜京佐）、张艺凡（第三期进A组）、闵喆祥（学舞能力突出） 收起 d,220,1591,1046,4448,1
idol_producer_045,应智越,偶像练习生,总决赛阶段,2018-03-24,2018-04-06,应智越 偶像练习生,4221146573908512,https://m.weibo.cn/detail/4221146573908512,2018-03-24 17:20:00,辛苦了大家，廢話不多說！還是愛你們的！ @Trainee18-陆定昊 @Dzr_丁泽仁 @岳岳PINKRAY @韩沐伯 @余明君_MJ @CNK-李让RanG @杨非同Nemo @史迪奇他哥何东东 #偶像练习生# #catchers男团# #应智越# #catchers应智越# ​,121,168,575,1032,2
idol_producer_045,应智越,偶像练习生,总决赛阶段,2018-03-24,2018-04-06,应智越 偶像练习生,4224115076431030,https://m.weibo.cn/detail/4224115076431030,2018-04-01 21:56:00,大舅 @李俊毅小毅xiah 跟弟弟 @胡致邦Jack 好久不見！好開心！明天回大厂戰鬥了 #偶像练习生# #应智越# ​,8,47,599,701,3
idol_producer_045,应智越,偶像练习生,排名发布阶段,2018-02-17,2018-03-02,应智越 偶像练习生,4208767383768227,https://m.weibo.cn/detail/4208767383768227,2018-02-18 13:30:00,淘汰之後～看了看主題曲！以為沒有我鏡頭......沒想到，我在范丞丞後面 ...好吧...估計沒人看到我，我還是繼續冬眠好了（對不起，我不太愛發微博）。對了對了，你們的私訊我都看了！量有點多，無法全部回覆（其實是我懶），真的真的謝謝，很感動！愛你們！我會好好練習，好好創作，好好練好balance！還有還有《Get ugly》我們組的弟弟們都盡力了，怪我這隊長年紀大，生病沒做好本份，對不起辣到大家眼睛了。果然...我長太醜，配不上這衣服 。聽說2/17第二輪表演結束了！辛苦了，正在奮鬥的兄弟們！我會化作全民製作人給你們打Call👏 #偶像练习生# #catchers男团# #应智越# #catchers应智越# 2 韩国 收起 d,11,156,343,666,4
idol_producer_045,应智越,偶像练习生,排名发布阶段,2018-02-17,2018-03-02,应智越 偶像练习生,4210719371241369,https://m.weibo.cn/detail/4210719371241369,2018-02-23 22:46:00,好想跟你們合唱啊 只能隔著屏幕合唱了 @Trainee18-尤长靖 @李俊毅小毅xiah #偶像练习生# #catchers男团# #应智越# #catchers应智越# L CATCHERS_应智越的秒拍视频 ​,5,86,409,586,5
idol_producer_045,应智越,偶像练习生,合作舞台阶段,2018-03-03,2018-03-23,应智越 偶像练习生,4215998707977908,https://m.weibo.cn/detail/4215998707977908,2018-03-10 12:24:00,最近忙著作業，今早才看了節目。辛苦了各位兄弟們，因為拍攝原因匆忙，未能跟大家一一合照！以下是 @CATCHERS_朱匀一 @CATCHERS_朱匀天Z @Trainee18-贝汯璘Air @董岩磊 @胡致邦Jack @张达源Darrien @黄书豪-Mark @李俊毅小毅xiah @李长庚是我呀 接下來為我的好室友打Call @郑锐彬_ @Jeffrey董又霖 還其他兄弟們也加油！特別 @秦奋Roi 加油老哥，為我們老年人爭氣 #catchers男团# #偶像练习生# #应智越# #catchers应智越# 收起 d,29,86,288,489,6
idol_producer_045,应智越,偶像练习生,合作舞台阶段,2018-03-03,2018-03-23,应智越 偶像练习生,4216689539240863,https://m.weibo.cn/detail/4216689539240863,2018-03-12 10:09:00,一直找不到我的群吧！？我再開一個！都進來哦！ #偶像练习生# #catchers男团# #应智越# #catchers应智越# 應小貓在此 ​,4,41,295,381,7
idol_producer_045,应智越,偶像练习生,总决赛阶段,2018-03-24,2018-04-06,应智越 偶像练习生,4225875639266747,https://m.weibo.cn/detail/4225875639266747,2018-04-06 18:32:00,我是 #偶像练习生# 應智越，全民製作人，謝謝關照。,8,35,275,353,8
idol_producer_045,应智越,偶像练习生,总决赛阶段,2018-03-24,2018-04-06,应智越 偶像练习生,4224005999339376,https://m.weibo.cn/detail/4224005999339376,2018-04-01 14:42:00,安全低達北京，感恩每一位喜歡我支持我的人，飛機還有點大延誤，久等啦 喵喵們回家注意安全 #偶像练习生# #应智越# #catchers应智越# ​,7,36,270,349,9
idol_producer_045,应智越,偶像练习生,排名发布阶段,2018-02-17,2018-03-02,应智越 偶像练习生,4213237967191428,https://m.weibo.cn/detail/4213237967191428,2018-03-02 21:34:00,辛苦你們倆了，這期看到我都哭了 。最近手機丟了，沒了匀天合照。先用別的代替吧 ！ @CATCHERS_朱匀天Z @CATCHERS_朱匀一 #偶像练习生# #catchers男团# #应智越# #catchers应智越# #catchers朱匀一# #catchers朱匀天# ​,4,44,184,276,10
idol_producer_045,应智越,偶像练习生,合作舞台阶段,2018-03-03,2018-03-23,应智越 偶像练习生,4219328842670290,https://m.weibo.cn/detail/4219328842670290,2018-03-19 16:57:00,大家最近是不是都被 #偶像练习生# 里100位帅气的小哥哥刷屏了，是不是综艺看不够还想在直播中看到各位小哥哥？ 3月20日16:00偶像练习生 #catchers男团# 成员做客全民直播 #全民星访问# 栏目啦， @CATCHERS_朱匀一 @CATCHERS_朱匀天Z @CATCHERS_赵俞澈 @CATCHERS_应智越 @CATCHERS_万宇贤 ，在直播间等你哦！ @CATCHERS男团工作室 @CATCHERS_赵俞澈全球后援会 @CATCHERS_朱匀天匀一全球后援会 @CATCHERS_应智越全球后援会 @CATCHERS_万宇贤全球后援会 直播传送门： O 网页链接 收起 d,28,61,95,245,11
idol_producer_045,应智越,偶像练习生,合作舞台阶段,2018-03-03,2018-03-23,应智越 偶像练习生,4213590905508302,https://m.weibo.cn/detail/4213590905508302,2018-03-03 20:56:00,@CATCHERS_朱匀一 @CATCHERS_朱匀天Z 想你們了！ #catchers男团# #偶像练习生# #应智越# #catchers朱匀天# #catchers朱匀一# #catchers应智越# 微博故事 ​,5,40,144,229,12
idol_producer_045,应智越,偶像练习生,排名发布阶段,2018-02-17,2018-03-02,应智越 偶像练习生,4211336214377496,https://m.weibo.cn/detail/4211336214377496,2018-02-25 15:37:00,聽說要發自拍才會讓你們想我 難道不發就不想了嗎？猜猜他們是誰，猜中無獎！ #偶像练习生# #catchers男团# #应智越# #catchers应智越# ​,2,46,110,204,13
idol_producer_045,应智越,偶像练习生,合作舞台阶段,2018-03-03,2018-03-23,应智越 偶像练习生,4216490297861662,https://m.weibo.cn/detail/4216490297861662,2018-03-11 20:58:00,我家神狗！ #偶像练习生# #catchers男团# #应智越# 微博故事 ​,0,28,145,201,14
idol_producer_045,应智越,偶像练习生,合作舞台阶段,2018-03-03,2018-03-23,应智越 偶像练习生,4217059086715877,https://m.weibo.cn/detail/4217059086715877,2018-03-13 10:38:00,教大家寫歌哦 #偶像练习生# #catchers男团# #catchers应智越# #应智越# 微博故事 ​,6,34,115,189,15
idol_producer_045,应智越,偶像练习生,合作舞台阶段,2018-03-03,2018-03-23,应智越 偶像练习生,4216370713131515,https://m.weibo.cn/detail/4216370713131515,2018-03-11 13:02:00,不要得罪我們家豬大哥 @CATCHERS_朱匀天Z 豬二哥 @CATCHERS_朱匀一 同時想看豬精同學 @甘俊同学 打一個，可能500？ #偶像练习生# #catchers男团# #应智越# #catchers朱匀天# #catchers朱匀一#,3,20,143,186,16
idol_producer_045,应智越,偶像练习生,排名发布阶段,2018-02-17,2018-03-02,应智越 偶像练习生,4212004883470060,https://m.weibo.cn/detail/4212004883470060,2018-02-27 11:54:00,好久沒回學校了 好陌生啊 #偶像练习生# #应智越# #catchers男团# #catchers应智越# 2 韩国·경희대학교 (Gyeonghui University) ​,1,29,114,173,17
idol_producer_045,应智越,偶像练习生,排名发布阶段,2018-02-17,2018-03-02,应智越 偶像练习生,4212499592783011,https://m.weibo.cn/detail/4212499592783011,2018-02-28 20:40:00,貓哥的女兒，因為工作原因，現在給朋友養了，見面還是黏人 #偶像练习生# #catchers男团# #应智越# #catchers应智越# ​,3,28,110,169,18
idol_producer_045,应智越,偶像练习生,合作舞台阶段,2018-03-03,2018-03-23,应智越 偶像练习生,4217543831176516,https://m.weibo.cn/detail/4217543831176516,2018-03-14 18:44:00,今天是情人節，但我不是一個人過！大家情人節快樂！ @CATCHERS_赵俞澈 #偶像练习生# #catchers男团# #应智越# #catchers应智越# #赵俞澈# 微博故事 同款滤镜 ​,2,18,129,167,19
idol_producer_045,应智越,偶像练习生,排名发布阶段,2018-02-17,2018-03-02,应智越 偶像练习生,4212789448886737,https://m.weibo.cn/detail/4212789448886737,2018-03-01 15:52:00,我要我自己的！ #偶像练习生# #catchers男团# #应智越# #catchers应智越#,2,20,73,115,20
idol_producer_045,应智越,偶像练习生,主题曲考核阶段,2018-01-27,2018-02-02,应智越 偶像练习生,4200837058589370,https://m.weibo.cn/detail/4200837058589370,2018-01-27 16:17:00,@CATCHERS_万宇贤 @CATCHERS_应智越 @CATCHERS_朱匀天Z @CATCHERS_朱匀一 @CATCHERS_赵俞澈 五位小哥哥精彩舞台终于出来啦 我正在爱奇艺看《偶像练习生》舞台纯享：新锐杂志—《Dangerous》，快来 @爱奇艺 一起看！ L 《偶像练习生》舞台纯享：新锐杂志—《Dangerous》 ​,17,24,49,114,21
idol_producer_045,应智越,偶像练习生,主题曲考核阶段,2018-01-27,2018-02-02,应智越 偶像练习生,4201554917326411,https://m.weibo.cn/detail/4201554917326411,2018-01-29 15:50:00,"带着队服进了 #偶像练习生# ""就算分开了，我们的心也一直在，因为我们是五个人。不是一个人在战斗。"" 官博君真的感动哭了 加油，五个孩子。 @CATCHERS_赵俞澈 @CATCHERS_万宇贤 @CATCHERS_朱匀一 @CATCHERS_朱匀天Z @CATCHERS_应智越 我正在爱奇艺看《偶像练习生》幕后花絮：Cathers团魂燃烧，快来 @爱奇艺 一起看！ L 《偶像练习生》幕后花絮：Cathers团魂燃烧 收起 d",3,17,42,79,22
idol_producer_045,应智越,偶像练习生,位置测评阶段,2018-02-03,2018-02-16,应智越 偶像练习生,4204609158947383,https://m.weibo.cn/detail/4204609158947383,2018-02-07 02:06:00,#偶像练习生# 因为下周要开始淘汰近一半人，所以原本pick的练习生近几天就不投了，都稳进下一轮。这几天打算把票给后边的练习生，希望他们能进第二轮吧。pick名单：周锐 胡致邦 姜京佐 罗杰 应智越 罗正 娄滋博 李俊毅 邓烺怡 高茂桐。18票投满，真的是纯靠这三期对他们的模糊印象投的… ​,0,30,16,76,23
idol_producer_045,应智越,偶像练习生,主题曲考核阶段,2018-01-27,2018-02-02,应智越 偶像练习生,4201930513542317,https://m.weibo.cn/detail/4201930513542317,2018-01-30 16:42:00,#偶像练习生# @CATCHERS_朱匀天Z @CATCHERS_朱匀一 @CATCHERS_万宇贤 @CATCHERS_应智越 @CATCHERS_赵俞澈 哥哥介绍自己的生活用品，弟弟有帅气的发带喔～ [噢耶][噢耶][噢耶]暖暖的万宇贤，可爱的赵俞澈，越啊你在哪里？ 五个娃加油加油加油,1,2,17,22,24
idol_producer_045,应智越,偶像练习生,总决赛阶段,2018-03-24,2018-04-06,应智越 偶像练习生,4225883834748463,https://m.weibo.cn/detail/4225883834748463,2018-04-06 19:04:00,历时四个多月，今晚即将画上第一个句号。 #偶像练习生# #catchers男团# #catchers朱匀一# #catchers朱匀天# #catchers万宇贤# #catchers赵俞澈# #catchers应智越# 2 北京·国家新媒体产业基地星光影视园 ​,0,1,8,10,25
idol_producer_045,应智越,偶像练习生,位置测评阶段,2018-02-03,2018-02-16,应智越 偶像练习生,4207760008124246,https://m.weibo.cn/detail/4207760008124246,2018-02-15 18:47:00,#偶像练习生# 今天过年，许个愿画个饼，希望吕晨瑜，孙凡杰，邓烺怡，应智越，赵俞澈 都能留下来！！！走的更久一点！！！！ ​,1,0,2,3,26
idol_producer_045,应智越,偶像练习生,主题曲考核阶段,2018-01-27,2018-02-02,应智越 偶像练习生,4203012178597965,https://m.weibo.cn/detail/4203012178597965,2018-02-02 16:20:00,#偶像练习生# 我向 @CATCHERS_应智越 送出了加油卡！我pick的小哥哥全世界最棒！大家快来一起给你喜欢的选手打call吧！ O 练习生PICK榜 ​,0,0,0,0,27
idol_producer_045,应智越,偶像练习生,主题曲考核阶段,2018-01-27,2018-02-02,应智越 偶像练习生,4203012161038670,https://m.weibo.cn/detail/4203012161038670,2018-02-02 16:20:00,@CATCHERS_应智越 我在 #偶像练习生# 练习生PICK榜上为你打call！把小心心都给你，赢取节目10s彩蛋！ O 练习生PICK榜 ​,0,0,0,0,28
idol_producer_045,应智越,偶像练习生,主题曲考核阶段,2018-01-27,2018-02-02,应智越 偶像练习生,4203012211632850,https://m.weibo.cn/detail/4203012211632850,2018-02-02 16:21:00,@CATCHERS_应智越 为你打爆电话！我们一起用爱发电，向 #偶像练习生# 练习生PICK榜第一名进击，赢取节目10s彩蛋！ // @CATCHERS_应智越 :我是 #偶像练习生# 應智越，全民製作人，請多關照。,0,0,0,0,29
idol_producer_045,应智越,偶像练习生,位置测评阶段,2018-02-03,2018-02-16,应智越 偶像练习生,4205705776384800,https://m.weibo.cn/detail/4205705776384800,2018-02-10 02:44:00,@CATCHERS_应智越 为你打爆电话！我们一起用爱发电，向 #偶像练习生# 练习生PICK榜第一名进击，赢取节目10s彩蛋！ // @CATCHERS_应智越 :我是 #偶像练习生# 應智越，全民製作人，請多關照。,0,0,0,0,30
idol_producer_046,张奕轩,偶像练习生,排名发布阶段,2018-02-17,2018-03-02,张奕轩 偶像练习生,4213176439935697,https://m.weibo.cn/detail/4213176439935697,2018-03-02 17:30:00,#偶像练习生# 恭喜 @X-TIME张奕轩 的礼物爱奇艺 @iReal耳机 敲开心解锁辣~ 不愧是四条腿飞檐走壁的军（二）犬（哈） 拜拜完之后阔爱的大眼睛全是迷茫“我还漏说了什么？ L 《偶像练习生》【礼物认证】“哈士奇”张奕轩的问候时间 为你pick的少年投票应援，解锁更多礼物戳这里>>> O 网页链接 ​,277,228,2514,3247,1
idol_producer_046,张奕轩,偶像练习生,排名发布阶段,2018-02-17,2018-03-02,张奕轩 偶像练习生,4213215053136139,https://m.weibo.cn/detail/4213215053136139,2018-03-02 20:03:00,#X-TIME# 元宵节 × 偶像练习生 元宵节和偶像练习生最配啦！ 来看看克洛斯小哥哥们为队员们的应援吧！看看我们的钢铁兄弟情！ O 网页链接 看完要记得救救孩子们呐 #张奕轩偶像练习生# #凌崎偶像练习生# 👉🏻 O 网页链接 —— #X-TIME时空手帐# #Day0437# ​,618,500,554,2172,2
idol_producer_046,张奕轩,偶像练习生,排名发布阶段,2018-02-17,2018-03-02,张奕轩 偶像练习生,4213167351316985,https://m.weibo.cn/detail/4213167351316985,2018-03-02 16:53:00,#X-TIME# #张奕轩偶像练习生# #凌崎偶像练习生# 在这个正逢周五的元宵节，想说的话都在图里！👇🏻👇🏻👇🏻 ​,546,518,557,2139,3
idol_producer_046,张奕轩,偶像练习生,合作舞台阶段,2018-03-03,2018-03-23,张奕轩 偶像练习生,4220760844716892,https://m.weibo.cn/detail/4220760844716892,2018-03-23 15:47:00,#XTIME# × @赛尔号官方微博 @X-TIME张昕 @X-TIME叶泓希 @X-TIME张奕轩 X-TIME三位偶像练习生成员首次亮嗓动画舞台剧——《赛尔号之逆行世界》，并将亮相新闻发布会，主题曲也将在发布会上首次公开。 O 4月1日，上午10:30，龙湖虹桥天街购物中心A馆中庭 ，欢迎大家到现场一起和小哥哥们走进逆行世界吧！ —— #X-TIME时空手帐# #Day0458# 收起 d,835,234,323,1626,4
idol_producer_046,张奕轩,偶像练习生,主题曲考核阶段,2018-01-27,2018-02-02,张奕轩 偶像练习生,4203033543533512,https://m.weibo.cn/detail/4203033543533512,2018-02-02 17:45:00,[ #X-FILE# ] #X-TIME# 或许…你们听说过克洛斯Company吗？ L X-TIMEboys的秒拍视频 最近，我们的张总、市场部叶经理、医疗部张经理和保洁部小凌正在北京“公干”，大家都很想他们吧？！ #张昕偶像练习生# #叶泓希偶像练习生# #张奕轩偶像练习生# #凌崎偶像练习生# O 今晚8:00，又能看到他们的表现啦 ~ 大家记得准时收看，给他们打电话哦！ —— #X-TIME时空手帐# #Day0409# 收起 d,370,205,145,925,5
idol_producer_046,张奕轩,偶像练习生,主题曲考核阶段,2018-01-27,2018-02-02,张奕轩 偶像练习生,4202694925611606,https://m.weibo.cn/detail/4202694925611606,2018-02-01 19:20:00,#张奕轩偶像练习生# 就是这周六！我们第一位登上 #快乐大本营# 的成员 @X-TIME张奕轩 ！灰常期待小白的表现惹 —— #X-TIME时空手帐# #Day0408# ​​​开心到模糊 查看图片,224,132,74,562,6
idol_producer_046,张奕轩,偶像练习生,排名发布阶段,2018-02-17,2018-03-02,张奕轩 偶像练习生,4213056668512557,https://m.weibo.cn/detail/4213056668512557,2018-03-02 09:34:00,《偶像练习生》【礼物认证】“哈士奇”张奕轩的问候时间 L 《偶像练习生》【礼物认证】“哈士奇”张奕轩的问候时间 ​,35,62,105,264,7
idol_producer_046,张奕轩,偶像练习生,位置测评阶段,2018-02-03,2018-02-16,张奕轩 偶像练习生,4208183649934897,https://m.weibo.cn/detail/4208183649934897,2018-02-16 22:50:00,#偶像练习生# 第一轮前60名： 蔡徐坤/陈立农/范丞丞/Justin/朱正廷/小鬼/卜凡/李权哲/何东东/尤长靖/王子异/Jeffrey/秦奋/林超泽/朱星杰/灵超/钱正昊/董岩磊/韩沐伯/丁泽仁/岳岳/左叶/徐凯皓/木子洋/郑锐彬/毕雯珺/周彦辰/林彦俊/李希侃/陆定昊/周锐/黄书豪/黄新淳/罗正/张达源/李让/贝汯璘/李长庚/陈斯琪/韩雍杰/秦子墨/武连杰/覃俊毅/娄滋博/靖佩瑶/余明君/陈名豪/明鹏/杨非同/朱匀一/伽里/凌崎/朱匀天/徐圣恩/李俊毅/张奕轩/王艺龙/姜达赫/胡致邦/梁辉 乐华女孩绝不认输 收起 d,2,32,106,172,8
idol_producer_046,张奕轩,偶像练习生,位置测评阶段,2018-02-03,2018-02-16,张奕轩 偶像练习生,4207453715060621,https://m.weibo.cn/detail/4207453715060621,2018-02-14 22:29:00,白 加油 一定要吃到“鸡” @X-TIME张奕轩 #张奕轩偶像练习生# 查看图片,0,4,48,56,9
idol_producer_046,张奕轩,偶像练习生,主题曲考核阶段,2018-01-27,2018-02-02,张奕轩 偶像练习生,4203072660407599,https://m.weibo.cn/detail/4203072660407599,2018-02-02 20:21:00,#张奕轩# #张奕轩偶像练习生# #偶像练习生#,0,2,47,51,10
idol_producer_046,张奕轩,偶像练习生,合作舞台阶段,2018-03-03,2018-03-23,张奕轩 偶像练习生,4220296325833973,https://m.weibo.cn/detail/4220296325833973,2018-03-22 09:01:00,#早安# #张奕轩# 不想撞南墙 想撞先生的胸膛 愿共饮一盏桃花凉 谈笑间是先生的奕奕轩昂 ——2018.3.22早安张奕轩 【图自截自制，截自视频：偶像练习生《双截棍》A组张奕轩直拍】 ​,1,11,10,33,11
idol_producer_046,张奕轩,偶像练习生,总决赛阶段,2018-03-24,2018-04-06,张奕轩 偶像练习生,4225917822162445,https://m.weibo.cn/detail/4225917822162445,2018-04-06 21:19:00,很开心遇见张奕轩 // @陶醉在睡觉中 :王牌ACE通道开启！陪着小白走花路！// @Perseverance_张奕轩数据站 :全民制作人们请多多关照我们张奕轩 // @X-TIME张奕轩 :我是 #偶像练习生# 张奕轩，全民制作人，谢谢关照。,26,0,0,26,12
idol_producer_046,张奕轩,偶像练习生,合作舞台阶段,2018-03-03,2018-03-23,张奕轩 偶像练习生,4220659917495125,https://m.weibo.cn/detail/4220659917495125,2018-03-23 09:06:00,#早安# #张奕轩# 我抬头 你垂首 茕茕徘徊予尔之相守 依依眷恋予君无尽头 相守只携手 尽头惟白头 ——2018.3.23早安张奕轩 【图自截自制，截自视频：偶像练习生《双截棍》A组张奕轩直拍】 ​​​,1,3,12,19,13
idol_producer_046,张奕轩,偶像练习生,合作舞台阶段,2018-03-03,2018-03-23,张奕轩 偶像练习生,4219571110602972,https://m.weibo.cn/detail/4219571110602972,2018-03-20 09:00:00,#早安# #张奕轩# 穹云间的想念是你 昼夜间的星愿是你 欲书千字如何提笔 心头指尖惟君而已 ——2018.3.20早安张奕轩 ​​​ 【图自截自制，截自：偶像练习生 取向狙击张奕轩】 ​,0,4,9,17,14
idol_producer_046,张奕轩,偶像练习生,排名发布阶段,2018-02-17,2018-03-02,张奕轩 偶像练习生,4213200923221019,https://m.weibo.cn/detail/4213200923221019,2018-03-02 19:07:00,恭喜 #张奕轩# 解锁 @iReal耳机 @iReal耳机 专为Hip-Hop音乐打造，萌爱的张奕轩用阔爱的大眼睛诉说着对 @iReal耳机 的喜欢 继续加油吧 关注 @iReal耳机 发现更多《偶像练习生》有趣音乐故事。全民制作人，支持哪位练习生，记得去他的个人页送礼物，帮他下一个解锁—》 O 网页链接,0,0,6,6,15
idol_producer_046,张奕轩,偶像练习生,合作舞台阶段,2018-03-03,2018-03-23,张奕轩 偶像练习生,4218644026569376,https://m.weibo.cn/detail/4218644026569376,2018-03-17 19:36:00,我们二哈 #张奕轩# 喜欢的彦辰哥 #周彦辰# ，偶像练习生的比赛加油💪,0,0,6,6,16
idol_producer_046,张奕轩,偶像练习生,主题曲考核阶段,2018-01-27,2018-02-02,张奕轩 偶像练习生,4203073146183080,https://m.weibo.cn/detail/4203073146183080,2018-02-02 20:23:00,#张奕轩# #张奕轩偶像练习生# #偶像练习生#,0,0,5,5,17
idol_producer_046,张奕轩,偶像练习生,排名发布阶段,2018-02-17,2018-03-02,张奕轩 偶像练习生,4213071280534971,https://m.weibo.cn/detail/4213071280534971,2018-03-02 10:32:00,#偶像练习生# 爱奇艺热播的综艺《偶像练习生》第一轮淘汰赛99进60已于2月16号结束，张奕轩顺利晋级。第二次投票时间是2月16日到3月3日，请为他投上一票。《偶像练习生》第二次淘汰是3月9日，第三次是3月23日，最终出道时间是4月6日。时间紧迫，让我们为他投上一票，成为他的制作人。 O 网页链接 收起 d,1,0,2,3,18
idol_producer_046,张奕轩,偶像练习生,合作舞台阶段,2018-03-03,2018-03-23,张奕轩 偶像练习生,4218644378167814,https://m.weibo.cn/detail/4218644378167814,2018-03-17 19:37:00,Justin朱正廷范丞丞丁泽仁黄新淳毕雯珺李权哲周彦辰钱正昊郑锐彬陆定昊灵超孙昊然张奕轩王艺龙李希侃徐圣恩林彦俊林超泽靖佩瑶秦子墨胡致邦陈立农 #justin黄明昊# #朱正廷# #范丞丞# #偶像练习生胡致邦# #偶像练习生张奕轩# #偶像练习生钱正昊# ​,0,1,1,3,19
idol_producer_046,张奕轩,偶像练习生,排名发布阶段,2018-02-17,2018-03-02,张奕轩 偶像练习生,4213207159450255,https://m.weibo.cn/detail/4213207159450255,2018-03-02 19:32:00,#张奕轩# #偶像练习生张奕轩# 捞一下二哈吧，各位仙女姐姐们 ​,0,1,0,2,20
idol_producer_046,张奕轩,偶像练习生,初评级阶段,2018-01-19,2018-01-26,张奕轩 偶像练习生,4199639311453429,https://m.weibo.cn/detail/4199639311453429,2018-01-24 08:58:00,@X-TIME张奕轩 我在 #偶像练习生# 练习生PICK榜上为你打call！把小心心都给你，赢取节目10s彩蛋！ O 练习生PICK榜 ​,0,0,0,0,21
idol_producer_046,张奕轩,偶像练习生,初评级阶段,2018-01-19,2018-01-26,张奕轩 偶像练习生,4199666608453920,https://m.weibo.cn/detail/4199666608453920,2018-01-24 10:46:00,@X-TIME张奕轩 我在 #偶像练习生# 练习生PICK榜上为你打call！把小心心都给你，赢取节目10s彩蛋！ 1 O 练习生PICK榜 ​,0,0,0,0,22
idol_producer_046,张奕轩,偶像练习生,初评级阶段,2018-01-19,2018-01-26,张奕轩 偶像练习生,4199666482942237,https://m.weibo.cn/detail/4199666482942237,2018-01-24 10:46:00,@X-TIME张奕轩 我在 #偶像练习生# 练习生PICK榜上为你打call！把小心心都给你，赢取节目10s彩蛋！ 3 O 练习生PICK榜 ​,0,0,0,0,23
idol_producer_046,张奕轩,偶像练习生,初评级阶段,2018-01-19,2018-01-26,张奕轩 偶像练习生,4199769394215264,https://m.weibo.cn/detail/4199769394215264,2018-01-24 17:35:00,@X-TIME张奕轩 我在 #偶像练习生# 练习生PICK榜上为你打call！把小心心都给你，赢取节目10s彩蛋！ 222 O 练习生PICK榜 ​,0,0,0,0,24
idol_producer_046,张奕轩,偶像练习生,初评级阶段,2018-01-19,2018-01-26,张奕轩 偶像练习生,4199769365057017,https://m.weibo.cn/detail/4199769365057017,2018-01-24 17:35:00,@X-TIME张奕轩 我在 #偶像练习生# 练习生PICK榜上为你打call！把小心心都给你，赢取节目10s彩蛋！ O 练习生PICK榜 ​,0,0,0,0,25
idol_producer_046,张奕轩,偶像练习生,初评级阶段,2018-01-19,2018-01-26,张奕轩 偶像练习生,4199854488493405,https://m.weibo.cn/detail/4199854488493405,2018-01-24 23:13:00,@X-TIME张奕轩 我在 #偶像练习生# 练习生PICK榜上为你打call！把小心心都给你，赢取节目10s彩蛋！ O 练习生PICK榜 ​,0,0,0,0,26
idol_producer_046,张奕轩,偶像练习生,初评级阶段,2018-01-19,2018-01-26,张奕轩 偶像练习生,4199869008739341,https://m.weibo.cn/detail/4199869008739341,2018-01-25 00:11:00,#偶像练习生# 我向 @X-TIME张奕轩 送出了加油卡！我pick的小哥哥全世界最棒！大家快来一起给你喜欢的选手打call吧！ O 练习生PICK榜 ​,0,0,0,0,27
idol_producer_046,张奕轩,偶像练习生,初评级阶段,2018-01-19,2018-01-26,张奕轩 偶像练习生,4200131421023877,https://m.weibo.cn/detail/4200131421023877,2018-01-25 17:33:00,@X-TIME张奕轩 我在 #偶像练习生# 练习生PICK榜上为你打call！把小心心都给你，赢取节目10s彩蛋！ O 练习生PICK榜 ​,0,0,0,0,28
idol_producer_046,张奕轩,偶像练习生,初评级阶段,2018-01-19,2018-01-26,张奕轩 偶像练习生,4200131517059245,https://m.weibo.cn/detail/4200131517059245,2018-01-25 17:34:00,@X-TIME张奕轩 为你打爆电话！我们一起用爱发电，向 #偶像练习生# 练习生PICK榜第一名进击，赢取节目10s彩蛋！ // @X-TIME张奕轩 :我是 #偶像练习生# 张奕轩，全民制作人，请多关照。,0,0,0,0,29
idol_producer_046,张奕轩,偶像练习生,初评级阶段,2018-01-19,2018-01-26,张奕轩 偶像练习生,4200508811992309,https://m.weibo.cn/detail/4200508811992309,2018-01-26 18:33:00,@X-TIME张奕轩 我在 #偶像练习生# 练习生PICK榜上为你打call！把小心心都给你，赢取节目10s彩蛋！ O 练习生PICK榜 ​,0,0,0,0,30
idol_producer_047,张宇晨,偶像练习生,位置测评阶段,2018-02-03,2018-02-16,张宇晨 偶像练习生,4205640664449825,https://m.weibo.cn/detail/4205640664449825,2018-02-09 22:25:00,#偶像练习生# 小组竞演《代号魂斗罗》恭喜B组获胜！Center杨非同 @杨非同Nemo 飙高音， 朱一文 @朱一文同學 林浩楷 @BBT林浩楷 何嘉庚 @MERXIC-PURO何嘉庚 徐鹤尼 @COSMOS-徐鹤尼 张宇晨 @MERXIC-TAKO张宇晨 韩雍杰 @韩雍杰辅导员 默契配合，超酷炫开场动作惊艳导师，一秒点燃现场气氛！let me do the fight ~本场最热血少年非你们莫属！ L 《偶像练习生》炫酷开场动作惊艳导师 代号魂斗罗组大秀舞技 收起 d,346,994,2343,4677,1
idol_producer_047,张宇晨,偶像练习生,位置测评阶段,2018-02-03,2018-02-16,张宇晨 偶像练习生,4208154289709248,https://m.weibo.cn/detail/4208154289709248,2018-02-16 20:53:00,偶像练习生 99进60的淘汰名单 乐华、坤音、觉醒东方、超能唱片全员安全 香蕉娱乐（9个淘汰4个） 高茂桐 姜京佐 李若天 邱治楷 辰星娱乐（6个淘汰4个） Rapen 王宥辰 J-one Gigel 麦锐娱乐（6个淘汰3个） 邓烺怡 孙凡杰 吕晨瑜 简单快乐（5个淘汰4个） 金逸涵 林浩楷 李志杰 孙浩然 盛夏星空（5个淘汰1个） 王梓豪 新锐杂志（5个淘汰3个） 赵俞澈 应智越 万宇贤 AIF娱乐（全军覆没） 于浩 赵凌峰 杨羿 张艺凡 焕星娱乐（全军覆没） 何嘉庚 李鑫岩 罗杰 张宇晨 铂熠娱乐（4个淘汰2个） 叶泓希 张昕 乐风艺社（全军覆没） 陈义夫 闵喆祥 果然娱乐（4个淘汰1个） 张晏恺 次元文化（2个淘汰1个） 徐鹤尼 新湃传媒（单人） 于斌 天津中视（单人） 朱一文 个人练习生（7个淘汰4个） 甘俊 侯浩然 黄若涵 周腾阳 个人觉得比较可惜的一些：扫地组合（罗杰、姜京佐）、张艺凡（第三期进A组）、闵喆祥（学舞能力突出） 收起 d,220,1591,1046,4448,2
idol_producer_047,张宇晨,偶像练习生,位置测评阶段,2018-02-03,2018-02-16,张宇晨 偶像练习生,4206979507559732,https://m.weibo.cn/detail/4206979507559732,2018-02-13 15:05:00,#偶像练习生# 叮！张宇晨同学 @MERXIC-TAKO张宇晨 的读信时间到！ 超级注重保养反复强调：“腰和膝盖真的很重要！”结尾还不忘大夸粉丝可爱～ L 《偶像练习生》【泡泡读信】张宇晨腰和膝盖太重要 ​,9,58,1119,1244,3
idol_producer_047,张宇晨,偶像练习生,位置测评阶段,2018-02-03,2018-02-16,张宇晨 偶像练习生,4205942927477922,https://m.weibo.cn/detail/4205942927477922,2018-02-10 18:26:00,#偶像练习生# 最新剧照+截图，有没有很心动 ， O 今晚8点投票就截止啦 ，希望大家抓紧时间，多多投票支持我们吧！！[噢耶] @MERXIC-TAKO张宇晨 @MERXIC-PURO何嘉庚 @MERXIC-ANPH李鑫岩 @MERXIC-ROGER罗杰 ​,4,16,39,75,4
idol_producer_047,张宇晨,偶像练习生,位置测评阶段,2018-02-03,2018-02-16,张宇晨 偶像练习生,4205653884454409,https://m.weibo.cn/detail/4205653884454409,2018-02-09 23:18:00,#偶像练习生# 节目大家都看完了吧，今天的舞台竞演棒棒哒[噢耶]赶紧交出截图吧 @MERXIC-ROGER罗杰 @MERXIC-ANPH李鑫岩 @MERXIC-PURO何嘉庚 @MERXIC-TAKO张宇晨 ​,3,12,42,69,5
idol_producer_047,张宇晨,偶像练习生,主题曲考核阶段,2018-01-27,2018-02-02,张宇晨 偶像练习生,4203109414731192,https://m.weibo.cn/detail/4203109414731192,2018-02-02 22:47:00,#偶像练习生# 今天他们写的“一句话”大家有收到吗？看完今天的节目，大家可以分享一下截图，分组选歌也已经确定好了，希望下周能给大家一个棒棒的表演 @MERXIC-TAKO张宇晨 @MERXIC-ANPH李鑫岩 @MERXIC-ROGER罗杰 @MERXIC-PURO何嘉庚 ​,0,3,24,30,6
idol_producer_047,张宇晨,偶像练习生,主题曲考核阶段,2018-01-27,2018-02-02,张宇晨 偶像练习生,4201535287663659,https://m.weibo.cn/detail/4201535287663659,2018-01-29 14:32:00,"#偶像练习生# 官推更新 《偶像练习生》之百分九中文小课堂！认真听张宇晨老师教你讲中文~~ IDOL PRODUCER's eighth ""9% Mini Chinese Lesson"" ! Listen carefully as Teacher Zhang Yuchen teach you to speak Chinese~~ #iqiyi # idolproducer #偶像练习生 # 张宇晨 #zhangyuchen ​",1,1,14,17,7
idol_producer_047,张宇晨,偶像练习生,排名发布阶段,2018-02-17,2018-03-02,张宇晨 偶像练习生,4212006527646610,https://m.weibo.cn/detail/4212006527646610,2018-02-27 12:01:00,燃爆！！ #爱奇艺偶像练习生# #杨非同# 代号魂斗罗 AB组纯享分屏版 左右声道 懒人最爱的一次看俩个视频 李长庚于斌林彦俊许凯皓叶泓希杨羿邱治谐朱一文林浩楷韩雍杰张宇晨何嘉庚徐鹤尼杨非同-P1 #哔哩哔哩# L 【9/100】代号魂斗罗 AB组纯享分屏版 左右声道 懒人最爱的一次看俩个视频 李长庚于斌林彦俊许凯皓叶泓希杨羿邱治谐朱一文林浩楷韩雍杰张宇晨何嘉庚徐鹤尼杨非同 ​,0,3,11,17,8
idol_producer_047,张宇晨,偶像练习生,总决赛阶段,2018-03-24,2018-04-06,张宇晨 偶像练习生,4221221879536124,https://m.weibo.cn/detail/4221221879536124,2018-03-24 22:19:00,#偶像练习生# #杨非同# 【温馨建议，戴耳机观看，超赞超燃超棒】代号魂斗罗 AB组纯享分屏版 左右声道 懒人最爱的一次看俩个视频 李长庚于斌林彦俊许凯皓叶泓希杨羿邱治谐朱一文林浩楷韩雍杰张宇晨何嘉庚徐鹤尼 @杨非同Nemo #哔哩哔哩动画# O 网页链接 ​,0,0,2,2,9
idol_producer_048,张昕,偶像练习生,位置测评阶段,2018-02-03,2018-02-16,张昕 偶像练习生,4208154289709248,https://m.weibo.cn/detail/4208154289709248,2018-02-16 20:53:00,偶像练习生 99进60的淘汰名单 乐华、坤音、觉醒东方、超能唱片全员安全 香蕉娱乐（9个淘汰4个） 高茂桐 姜京佐 李若天 邱治楷 辰星娱乐（6个淘汰4个） Rapen 王宥辰 J-one Gigel 麦锐娱乐（6个淘汰3个） 邓烺怡 孙凡杰 吕晨瑜 简单快乐（5个淘汰4个） 金逸涵 林浩楷 李志杰 孙浩然 盛夏星空（5个淘汰1个） 王梓豪 新锐杂志（5个淘汰3个） 赵俞澈 应智越 万宇贤 AIF娱乐（全军覆没） 于浩 赵凌峰 杨羿 张艺凡 焕星娱乐（全军覆没） 何嘉庚 李鑫岩 罗杰 张宇晨 铂熠娱乐（4个淘汰2个） 叶泓希 张昕 乐风艺社（全军覆没） 陈义夫 闵喆祥 果然娱乐（4个淘汰1个） 张晏恺 次元文化（2个淘汰1个） 徐鹤尼 新湃传媒（单人） 于斌 天津中视（单人） 朱一文 个人练习生（7个淘汰4个） 甘俊 侯浩然 黄若涵 周腾阳 个人觉得比较可惜的一些：扫地组合（罗杰、姜京佐）、张艺凡（第三期进A组）、闵喆祥（学舞能力突出） 收起 d,220,1591,1046,4448,1
idol_producer_048,张昕,偶像练习生,合作舞台阶段,2018-03-03,2018-03-23,张昕 偶像练习生,4215995012538741,https://m.weibo.cn/detail/4215995012538741,2018-03-10 12:10:00,#X-TIME# 欢迎我们四位大宝贝回家！👏🏻 偶像练习生正式告一段落，回顾这段旅程，四位成员也是感慨万千... 邀请大家一起参加我们的接风茶话会，喝喝茶聊聊天。总结过去，开始下一段精彩旅程！加油X-TIME，越努力，越幸运！ L X-TIMEboys的秒拍视频 @X-TIME张昕 @X-TIME李佳星 @X-TIME叶泓希 @X-TIME黄思源 @X-TIME张奕轩 @X-TIME刘天杨 @X-TIME彭灿辰 @X-TIME凌崎 —— #X-TIME时空手帐# #Day0445# ​​​ 收起 d,416,463,517,1859,2
idol_producer_048,张昕,偶像练习生,合作舞台阶段,2018-03-03,2018-03-23,张昕 偶像练习生,4220760844716892,https://m.weibo.cn/detail/4220760844716892,2018-03-23 15:47:00,#XTIME# × @赛尔号官方微博 @X-TIME张昕 @X-TIME叶泓希 @X-TIME张奕轩 X-TIME三位偶像练习生成员首次亮嗓动画舞台剧——《赛尔号之逆行世界》，并将亮相新闻发布会，主题曲也将在发布会上首次公开。 O 4月1日，上午10:30，龙湖虹桥天街购物中心A馆中庭 ，欢迎大家到现场一起和小哥哥们走进逆行世界吧！ —— #X-TIME时空手帐# #Day0458# 收起 d,835,234,323,1626,3
idol_producer_048,张昕,偶像练习生,主题曲考核阶段,2018-01-27,2018-02-02,张昕 偶像练习生,4203033543533512,https://m.weibo.cn/detail/4203033543533512,2018-02-02 17:45:00,[ #X-FILE# ] #X-TIME# 或许…你们听说过克洛斯Company吗？ L X-TIMEboys的秒拍视频 最近，我们的张总、市场部叶经理、医疗部张经理和保洁部小凌正在北京“公干”，大家都很想他们吧？！ #张昕偶像练习生# #叶泓希偶像练习生# #张奕轩偶像练习生# #凌崎偶像练习生# O 今晚8:00，又能看到他们的表现啦 ~ 大家记得准时收看，给他们打电话哦！ —— #X-TIME时空手帐# #Day0409# 收起 d,370,205,145,925,4
idol_producer_048,张昕,偶像练习生,排名发布阶段,2018-02-17,2018-03-02,张昕 偶像练习生,4208382351107724,https://m.weibo.cn/detail/4208382351107724,2018-02-17 12:00:00,#X-TIME# 《 #偶像练习生# 》第五期✔️ 第一轮淘汰，很高兴 @X-TIME张奕轩 和 @X-TIME凌崎 能够进入前60名，同时也很遗憾 @X-TIME张昕 和 @X-TIME叶泓希 就止步于此。比赛总是残酷的，但人生的舞台并不只有这一场比赛，最重要的是在这过程中努力了成长了。非常感谢全民制作人在第一轮投票中，对我们四位少年的支持！❤️ 相信我们老干部和叶公子回来后会更加努力，小白和07会带着队友们的梦想继续加油！也希望大家能继续支持 #张奕轩偶像练习生# 和 #凌崎偶像练习生# (90°鞠躬.jpg) —— #X-TIME时空手帐# #Day0424# 收起 d,145,234,196,809,5
idol_producer_048,张昕,偶像练习生,位置测评阶段,2018-02-03,2018-02-16,张昕 偶像练习生,4205915982712754,https://m.weibo.cn/detail/4205915982712754,2018-02-10 16:39:00,#X-TIME# 《 #偶像练习生# 》小组对决花絮图 距离第一阶段投票截止还有不到4个小时了！！！第一轮投票的截止也意味着有40位练习生即将被淘汰，各位全民制作人请多多为 #张奕轩偶像练习生# #凌崎偶像练习生# #叶泓希偶像练习生# #张昕偶像练习生# 拉拉票！四位小哥哥们等待各位制作人的Pick❤️ 最后再冲刺一下吧 O 网页链接 —— #X-TIME时空手帐# #Day0417# 收起 d,301,197,28,723,6
idol_producer_048,张昕,偶像练习生,排名发布阶段,2018-02-17,2018-03-02,张昕 偶像练习生,4208516954699699,https://m.weibo.cn/detail/4208516954699699,2018-02-17 20:54:00,#X-TIME# 再见偶像练习生张昕，你好X-TIME队长张昕！2018年要带着X-TIME向前冲啊！Shake起来!!!🤟🏻,106,102,126,436,7
idol_producer_048,张昕,偶像练习生,位置测评阶段,2018-02-03,2018-02-16,张昕 偶像练习生,4205835619622479,https://m.weibo.cn/detail/4205835619622479,2018-02-10 11:20:00,#X-TIME# 《 #偶像练习生# 》第四期✔️ #张奕轩偶像练习生# #凌崎偶像练习生# #叶泓希偶像练习生# #张昕偶像练习生# 在昨天的小组pk赛中，恭喜张奕轩所在的小组获胜，加了1w票！👏🏻 凌崎、张昕、叶泓希三人虽然在小组对决中落败了，但是...比赛嘛，输赢都是很正常的。重要的在过程中学习了，收获了，成长了！ 高兴能看到他们从练习到舞台表演的进步，也请各位全民制作人多多给我们四位少年投票，见证他们从青涩少年到完美爱豆的蜕变❤️ @X-TIME张奕轩 @X-TIME凌崎 @X-TIME叶泓希 @X-TIME张昕 —— #X-TIME时空手帐# #Day0417# 收起 d,153,29,75,286,8
idol_producer_048,张昕,偶像练习生,主题曲考核阶段,2018-01-27,2018-02-02,张昕 偶像练习生,4203072953967153,https://m.weibo.cn/detail/4203072953967153,2018-02-02 20:22:00,#张昕# #张昕偶像练习生# #偶像练习生#,1,0,3,4,9
idol_producer_048,张昕,偶像练习生,排名发布阶段,2018-02-17,2018-03-02,张昕 偶像练习生,4212765138256377,https://m.weibo.cn/detail/4212765138256377,2018-03-01 14:15:00,// @Silver佳佳 :💖💖💖 #叶泓希偶像练习生# #张昕偶像练习生# #张奕轩偶像练习生# #凌崎偶像练习生# #张奕轩# #叶泓希# #凌崎# #x-time张昕#,0,0,1,1,10
idol_producer_048,张昕,偶像练习生,合作舞台阶段,2018-03-03,2018-03-23,张昕 偶像练习生,4216007566265950,https://m.weibo.cn/detail/4216007566265950,2018-03-10 12:59:00,#X-TIME# 歡迎我們四位大寶貝回家！👏🏻 偶像練習生正式告一段落，回顧這段旅程，四位成員也是感慨萬千... 邀請大家一起參加我們的接風茶話會，喝喝茶聊聊天。總結過去，開始下一段精彩旅程！加油X-TIME，越努力，越幸運！ L X-TIMEboys的秒拍视频 @X-TIME张昕 @X-TIME李佳星 @X-TIME叶泓希 O 网页链接 收起 d,0,0,1,1,11
idol_producer_048,张昕,偶像练习生,总决赛阶段,2018-03-24,2018-04-06,张昕 偶像练习生,4225906850075949,https://m.weibo.cn/detail/4225906850075949,2018-04-06 20:36:00,#xtime张昕# // @X-TIME张昕 :我是 #偶像练习生# 张昕，全民制作人，谢谢关照。,0,0,1,1,12
idol_producer_048,张昕,偶像练习生,总决赛阶段,2018-03-24,2018-04-06,张昕 偶像练习生,4225890416580171,https://m.weibo.cn/detail/4225890416580171,2018-04-06 19:30:00,#x-time张昕# 哥哥加油啊，你是最棒的哈，么么// @X-TIME张昕 :我是 #偶像练习生# 张昕，全民制作人，谢谢关照。,0,0,0,0,13
idol_producer_048,张昕,偶像练习生,总决赛阶段,2018-03-24,2018-04-06,张昕 偶像练习生,4225890579947346,https://m.weibo.cn/detail/4225890579947346,2018-04-06 19:31:00,加油，贵在坚持，你是非常棒的啊// @X-TIME张昕 :我是 #偶像练习生# 张昕，全民制作人，谢谢关照。,0,0,0,0,14
idol_producer_048,张昕,偶像练习生,总决赛阶段,2018-03-24,2018-04-06,张昕 偶像练习生,4225890458725524,https://m.weibo.cn/detail/4225890458725524,2018-04-06 19:31:00,#XTIME张昕# 加油，一直都在你身后支持你 查看动图 // @X-TIME张昕 :我是 #偶像练习生# 张昕，全民制作人，谢谢关照。,0,0,0,0,15
idol_producer_048,张昕,偶像练习生,总决赛阶段,2018-03-24,2018-04-06,张昕 偶像练习生,4225890868931300,https://m.weibo.cn/detail/4225890868931300,2018-04-06 19:32:00,#XTIME张昕# 男神一直都那么棒，继续加油啊 // @X-TIME张昕 :我是 #偶像练习生# 张昕，全民制作人，谢谢关照。,0,0,0,0,16
idol_producer_048,张昕,偶像练习生,总决赛阶段,2018-03-24,2018-04-06,张昕 偶像练习生,4225890726143712,https://m.weibo.cn/detail/4225890726143712,2018-04-06 19:32:00,加油加油啊 // @X-TIME张昕 : 我是 #偶像练习生# 张昕，全民制作人，谢谢关照。,0,0,0,0,17
idol_producer_048,张昕,偶像练习生,总决赛阶段,2018-03-24,2018-04-06,张昕 偶像练习生,4225891326241990,https://m.weibo.cn/detail/4225891326241990,2018-04-06 19:34:00,#x-time张昕# 哥哥最帅了，今晚要努力啊，快出道吧 // @X-TIME张昕 :我是 #偶像练习生# 张昕，全民制作人，谢谢关照。,0,0,0,0,18
idol_producer_048,张昕,偶像练习生,总决赛阶段,2018-03-24,2018-04-06,张昕 偶像练习生,4225891284481007,https://m.weibo.cn/detail/4225891284481007,2018-04-06 19:34:00,从一开始就特别喜欢你！会一直陪你的// @X-TIME张昕 :我是 #偶像练习生# 张昕，全民制作人，谢谢关照。,0,0,0,0,19
idol_producer_048,张昕,偶像练习生,总决赛阶段,2018-03-24,2018-04-06,张昕 偶像练习生,4225891612098428,https://m.weibo.cn/detail/4225891612098428,2018-04-06 19:35:00,// @X-TIME张昕 :我是 #偶像练习生# 张昕，全民制作人，谢谢关照。,0,0,0,0,20
idol_producer_048,张昕,偶像练习生,总决赛阶段,2018-03-24,2018-04-06,张昕 偶像练习生,4225891548172933,https://m.weibo.cn/detail/4225891548172933,2018-04-06 19:35:00,希望一路可以有好多的鲜花和掌声// @X-TIME张昕 :我是 #偶像练习生# 张昕，全民制作人，谢谢关照。,0,0,0,0,21
idol_producer_048,张昕,偶像练习生,总决赛阶段,2018-03-24,2018-04-06,张昕 偶像练习生,4225893448144635,https://m.weibo.cn/detail/4225893448144635,2018-04-06 19:42:00,初来乍到 请多多关照我们小哥哥！ 查看动图 // @X-TIME张昕 :我是 #偶像练习生# 张昕，全民制作人，谢谢关照。,0,0,0,0,22
idol_producer_048,张昕,偶像练习生,总决赛阶段,2018-03-24,2018-04-06,张昕 偶像练习生,4225895461391409,https://m.weibo.cn/detail/4225895461391409,2018-04-06 19:50:00,张昕你要加油哟，爱你思密达么么哒 // @X-TIME张昕 :我是 #偶像练习生# 张昕，全民制作人，谢谢关照。,0,0,0,0,23
idol_producer_048,张昕,偶像练习生,总决赛阶段,2018-03-24,2018-04-06,张昕 偶像练习生,4225896442840057,https://m.weibo.cn/detail/4225896442840057,2018-04-06 19:54:00,期待你们的决赛表现，加油加油// @X-TIME张昕 :我是 #偶像练习生# 张昕，全民制作人，谢谢关照。,0,0,0,0,24
idol_producer_048,张昕,偶像练习生,总决赛阶段,2018-03-24,2018-04-06,张昕 偶像练习生,4225899673414513,https://m.weibo.cn/detail/4225899673414513,2018-04-06 20:07:00,帅气的小哥哥，今晚一定要加油啊，期待你的表现 // @X-TIME张昕 :我是 #偶像练习生# 张昕，全民制作人，谢谢关照。,0,0,0,0,25
idol_producer_048,张昕,偶像练习生,总决赛阶段,2018-03-24,2018-04-06,张昕 偶像练习生,4225900448804490,https://m.weibo.cn/detail/4225900448804490,2018-04-06 20:10:00,加油，越努力越幸运 #XTIME张昕# // @X-TIME张昕 :我是 #偶像练习生# 张昕，全民制作人，谢谢关照。,0,0,0,0,26
idol_producer_048,张昕,偶像练习生,总决赛阶段,2018-03-24,2018-04-06,张昕 偶像练习生,4225901832478066,https://m.weibo.cn/detail/4225901832478066,2018-04-06 20:16:00,你会越来越棒的加油 #XTIME张昕# // @X-TIME张昕 :我是 #偶像练习生# 张昕，全民制作人，谢谢关照。,0,0,0,0,27
idol_producer_048,张昕,偶像练习生,总决赛阶段,2018-03-24,2018-04-06,张昕 偶像练习生,4225902038764780,https://m.weibo.cn/detail/4225902038764780,2018-04-06 20:17:00,加油哇 很看好你呢 #XTIME张昕# 为你打电话// @X-TIME张昕 :我是 #偶像练习生# 张昕，全民制作人，谢谢关照。,0,0,0,0,28
idol_producer_048,张昕,偶像练习生,总决赛阶段,2018-03-24,2018-04-06,张昕 偶像练习生,4225903053859348,https://m.weibo.cn/detail/4225903053859348,2018-04-06 20:21:00,追梦的少年呀~我们会伴随你的 // @X-TIME张昕 :我是 #偶像练习生# 张昕，全民制作人，谢谢关照。,0,0,0,0,29
idol_producer_048,张昕,偶像练习生,总决赛阶段,2018-03-24,2018-04-06,张昕 偶像练习生,4225913429905355,https://m.weibo.cn/detail/4225913429905355,2018-04-06 21:02:00,// @X-TIME张昕 :我是 #偶像练习生# 张昕，全民制作人，谢谢关照。,0,0,0,0,30
idol_producer_049,张晏恺,偶像练习生,位置测评阶段,2018-02-03,2018-02-16,张晏恺 偶像练习生,4208154289709248,https://m.weibo.cn/detail/4208154289709248,2018-02-16 20:53:00,偶像练习生 99进60的淘汰名单 乐华、坤音、觉醒东方、超能唱片全员安全 香蕉娱乐（9个淘汰4个） 高茂桐 姜京佐 李若天 邱治楷 辰星娱乐（6个淘汰4个） Rapen 王宥辰 J-one Gigel 麦锐娱乐（6个淘汰3个） 邓烺怡 孙凡杰 吕晨瑜 简单快乐（5个淘汰4个） 金逸涵 林浩楷 李志杰 孙浩然 盛夏星空（5个淘汰1个） 王梓豪 新锐杂志（5个淘汰3个） 赵俞澈 应智越 万宇贤 AIF娱乐（全军覆没） 于浩 赵凌峰 杨羿 张艺凡 焕星娱乐（全军覆没） 何嘉庚 李鑫岩 罗杰 张宇晨 铂熠娱乐（4个淘汰2个） 叶泓希 张昕 乐风艺社（全军覆没） 陈义夫 闵喆祥 果然娱乐（4个淘汰1个） 张晏恺 次元文化（2个淘汰1个） 徐鹤尼 新湃传媒（单人） 于斌 天津中视（单人） 朱一文 个人练习生（7个淘汰4个） 甘俊 侯浩然 黄若涵 周腾阳 个人觉得比较可惜的一些：扫地组合（罗杰、姜京佐）、张艺凡（第三期进A组）、闵喆祥（学舞能力突出） 收起 d,220,1591,1046,4448,1
idol_producer_049,张晏恺,偶像练习生,初评级阶段,2018-01-19,2018-01-26,张晏恺 偶像练习生,4200560121217032,https://m.weibo.cn/detail/4200560121217032,2018-01-26 21:57:00,#偶像练习生# @小鬼-王琳凯 @朱星杰J_zen @周彦辰 @Zony_Kai张晏恺 《乱世巨星》燃爆舞台， 台下拼命练习，台上只为展示最好的姿态！ 感谢 #偶像练习生张艺兴# 和其他导师们，也谢谢全民制作人们的鼓励和支持 L 果然天空-的秒拍视频 ​,327,298,1064,1987,2
idol_producer_049,张晏恺,偶像练习生,初评级阶段,2018-01-19,2018-01-26,张晏恺 偶像练习生,4200556472421993,https://m.weibo.cn/detail/4200556472421993,2018-01-26 21:42:00,【 #偶像练习生# 果然天空《乱世巨星》获导师制作人肯定】哪一组的表演让 @歐陽靖MCJin 拍手称赞、让张艺兴 @努力努力再努力x 表示“太惊讶了”？音乐响起，满满的嘻哈版《上海滩》既视感！瞬间点燃全场！ 一起来欣赏 @AKA_imp小鬼 @朱星杰J_zen @周彦辰 @Zony_Kai张晏恺 带来的《乱世巨星》！ L 《偶像练习生》果然天空《乱世巨星》 更多有关《偶像练习生》的幕后花絮尽在每周五晚八点半 #偶像有新番# ！更多精彩 移动端 O 网页链接 pc端 O 网页链接 收起 d,259,289,679,1516,3
idol_producer_049,张晏恺,偶像练习生,位置测评阶段,2018-02-03,2018-02-16,张晏恺 偶像练习生,4208099089175408,https://m.weibo.cn/detail/4208099089175408,2018-02-16 17:14:00,#偶像练习生# 今晚八点，第一轮淘汰结果揭幕，果然家族大年初一的欧气都给你们！果然的四位少年！ @小鬼-王琳凯 @朱星杰J_zen @周彦辰 @Zony_Kai张晏恺 ​,46,201,761,1209,4
idol_producer_049,张晏恺,偶像练习生,初评级阶段,2018-01-19,2018-01-26,张晏恺 偶像练习生,4200493892480616,https://m.weibo.cn/detail/4200493892480616,2018-01-26 17:34:00,#偶像练习生# O 今晚8：00 果然练习生 @小鬼-王琳凯 @朱星杰 @周彦辰 @张晏恺 表演出击！准备好pick了吗 投票🔗 O 网页链接 ​,112,210,366,898,5
idol_producer_049,张晏恺,偶像练习生,位置测评阶段,2018-02-03,2018-02-16,张晏恺 偶像练习生,4208179204209151,https://m.weibo.cn/detail/4208179204209151,2018-02-16 22:32:00,#偶像练习生# #张晏恺# 你的未来刚刚开始，作为一百位练习生里最小的孩子，你乖巧懂事，上进努力，偶像练习生是你的起点，未来请继续加油吧少年 @Zony_Kai张晏恺 ​,62,104,262,532,6
idol_producer_049,张晏恺,偶像练习生,排名发布阶段,2018-02-17,2018-03-02,张晏恺 偶像练习生,4212881073085968,https://m.weibo.cn/detail/4212881073085968,2018-03-01 21:56:00,#偶像练习生# 显微镜女孩分享一下根据花絮扒出来了的宿舍分配。可能有稍许误差，欢迎大家补充修改，其他不熟悉就没扒了。 01宿舍，范丞丞 朱正廷 黄明昊 黄新淳 02宿舍，李权哲 丁泽仁 泰国人 毕雯珺 03宿舍，朱匀一 朱匀天 董岩磊 未知 04宿舍，罗正 吕晨瑜 余明君 李希侃 06宿舍，有长靖 高茂桐 林超泽 姜京佐 08宿舍，蔡徐坤 钱正昊 周锐 秦子墨 10宿舍， 秦奋 韩沐伯 左叶 靖佩瑶 17宿舍，董又霖 王子异 郑锐彬 胡志邦 18宿舍，坤音四子 灵超 卜凡 岳岳 木子洋 19宿舍，朱星杰 小鬼 周彦辰 张晏恺 21宿舍，林彦俊 陈立农 许凯皓 林浩楷 收起 d,17,79,258,433,7
idol_producer_049,张晏恺,偶像练习生,初评级阶段,2018-01-19,2018-01-26,张晏恺 偶像练习生,4200546967253026,https://m.weibo.cn/detail/4200546967253026,2018-01-26 21:05:00,【 #偶像练习生# 小鬼 朱星杰 周彦辰等级评价B】全民制作人代表张艺兴 @努力努力再努力x 宣布果然天空练习生等级评价， @小鬼-王琳凯 @朱星杰J_zen @周彦辰 获得B等级， @Zony_Kai张晏恺 获得C等级。 L 《偶像练习生》小鬼、朱星杰等级评价B 更多未曝光花絮，请继续锁定每周五晚八点半上线的 #偶像有新番# ！更多精彩 移动端 O 网页链接 pc端 O 网页链接 收起 d,18,57,143,275,8
idol_producer_049,张晏恺,偶像练习生,位置测评阶段,2018-02-03,2018-02-16,张晏恺 偶像练习生,4208102204861091,https://m.weibo.cn/detail/4208102204861091,2018-02-16 17:26:00,#张晏恺# #偶像练习生# 果然F4祝大家！新年快乐！！！！ @果然天空- 这4个活宝，可以说拜年视频都很欢脱了 我们 @Zony_Kai张晏恺 硬是把长裤穿成了7分裤 L 张晏恺全国粉丝后援会的秒拍视频 ​,10,11,51,83,9
idol_producer_049,张晏恺,偶像练习生,初评级阶段,2018-01-19,2018-01-26,张晏恺 偶像练习生,4200547106306726,https://m.weibo.cn/detail/4200547106306726,2018-01-26 21:05:00,#偶像练习生# 姑娘们，林彦俊，韩雍杰，李希侃，张晏恺真得也都很帅！大家千万不要放过他们！！！！！ 个人取向狙击是李希侃！！太鸡儿可爱了！！ ​,1,8,19,36,10
idol_producer_049,张晏恺,偶像练习生,初评级阶段,2018-01-19,2018-01-26,张晏恺 偶像练习生,4200500494341050,https://m.weibo.cn/detail/4200500494341050,2018-01-26 18:00:00,#偶像练习生# #张晏恺# 倒计时两小时！！！你们激动吗？ 今晚有 @果然天空- 果然四宝的表演！ @Zony_Kai张晏恺 @小鬼-王琳凯 @朱星杰J_zen @周彦辰 的表演！ 我已经迫不及待了！你们呢？晏窝们，准备好应援了吗？ 1、投票投起来 2、微博发起来 3、弹幕刷起来 让更多的人认识——张晏恺 收起 d,4,5,16,30,11
idol_producer_049,张晏恺,偶像练习生,位置测评阶段,2018-02-03,2018-02-16,张晏恺 偶像练习生,4207837686887631,https://m.weibo.cn/detail/4207837686887631,2018-02-15 23:55:00,@Zony_Kai张晏恺 我在 #偶像练习生# 练习生PICK榜上为你打call！把小心心都给你，赢取节目10s彩蛋！ O 练习生PICK榜 ​,0,1,8,10,12
idol_producer_049,张晏恺,偶像练习生,初评级阶段,2018-01-19,2018-01-26,张晏恺 偶像练习生,4200477132295819,https://m.weibo.cn/detail/4200477132295819,2018-01-26 16:27:00,今天pick张晏恺！ 评论配图 // @爱奇艺偶像练习生 : #偶像练习生# 感谢微博小伙伴和每一位全民制作人的支持，百位小哥哥满分出击！越努力越幸运，今晚也要记得来pick哦~,1,1,6,9,13
idol_producer_049,张晏恺,偶像练习生,位置测评阶段,2018-02-03,2018-02-16,张晏恺 偶像练习生,4207837611971573,https://m.weibo.cn/detail/4207837611971573,2018-02-15 23:55:00,#偶像练习生# 我向 @Zony_Kai张晏恺 送出了加油卡！我pick的小哥哥全世界最棒！大家快来一起给你喜欢的选手打call吧！ O 练习生PICK榜 ​,0,1,5,7,14
idol_producer_049,张晏恺,偶像练习生,位置测评阶段,2018-02-03,2018-02-16,张晏恺 偶像练习生,4207837645386010,https://m.weibo.cn/detail/4207837645386010,2018-02-15 23:55:00,@Zony_Kai张晏恺 为你打爆电话！我们一起用爱发电，向 #偶像练习生# 练习生PICK榜第一名进击，赢取节目10s彩蛋！ // @Zony_Kai张晏恺 :我是 #偶像练习生# 张晏恺，全民制作人，请多关照。,0,0,6,6,15
idol_producer_049,张晏恺,偶像练习生,总决赛阶段,2018-03-24,2018-04-06,张晏恺 偶像练习生,4225881994263141,https://m.weibo.cn/detail/4225881994263141,2018-04-06 18:57:00,#周彦辰# 周彦辰加油焰火宝宝一直陪你 #全能偶像周彦辰# @周彦辰 弟弟也加油啊 @Zony_Kai张晏恺 // @周彦辰 :我是 #偶像练习生# 周彦辰，全民制作人，谢谢关照。,0,0,1,1,16
idol_producer_049,张晏恺,偶像练习生,排名发布阶段,2018-02-17,2018-03-02,张晏恺 偶像练习生,4212862564485295,https://m.weibo.cn/detail/4212862564485295,2018-03-01 20:42:00,@Zony_Kai张晏恺 为你打爆电话！我们一起用爱发电，向 #偶像练习生# 练习生PICK榜第一名进击，赢取节目10s彩蛋！ // @Zony_Kai张晏恺 :我是 #偶像练习生# 张晏恺，全民制作人，请多关照。,0,0,0,0,17
idol_producer_049,张晏恺,偶像练习生,排名发布阶段,2018-02-17,2018-03-02,张晏恺 偶像练习生,4212862539050873,https://m.weibo.cn/detail/4212862539050873,2018-03-01 20:42:00,#偶像练习生# 我向 @Zony_Kai张晏恺 送出了加油卡！我pick的小哥哥全世界最棒！大家快来一起给你喜欢的选手打call吧！ O 练习生PICK榜 ​,0,0,0,0,18
idol_producer_049,张晏恺,偶像练习生,排名发布阶段,2018-02-17,2018-03-02,张晏恺 偶像练习生,4212862614918326,https://m.weibo.cn/detail/4212862614918326,2018-03-01 20:43:00,@Zony_Kai张晏恺 我在 #偶像练习生# 练习生PICK榜上为你打call！把小心心都给你，赢取节目10s彩蛋！ O 练习生PICK榜 ​,0,0,0,0,19
idol_producer_049,张晏恺,偶像练习生,排名发布阶段,2018-02-17,2018-03-02,张晏恺 偶像练习生,4213251615313356,https://m.weibo.cn/detail/4213251615313356,2018-03-02 22:28:00,我正在爱奇艺看【《偶像练习生》选手张晏恺】偶像练习生:张晏恺 籍贯:中国广东 生日:11月05日 星座:天蝎座 身高:188cm 体重:64kg 爱好:高尔夫、吉他 格言:Use limited power to do unlimited things.，快来 @爱奇艺 一起看！ O 网页链接 ​,0,0,0,0,20
idol_producer_049,张晏恺,偶像练习生,排名发布阶段,2018-02-17,2018-03-02,张晏恺 偶像练习生,4213258455943540,https://m.weibo.cn/detail/4213258455943540,2018-03-02 22:55:00,#偶像练习生# 我向 @Zony_Kai张晏恺 送出了加油卡！我pick的小哥哥全世界最棒！大家快来一起给你喜欢的选手打call吧！ O 练习生PICK榜 ​,0,0,0,0,21
idol_producer_049,张晏恺,偶像练习生,排名发布阶段,2018-02-17,2018-03-02,张晏恺 偶像练习生,4213258639984442,https://m.weibo.cn/detail/4213258639984442,2018-03-02 22:56:00,@Zony_Kai张晏恺 我在 #偶像练习生# 练习生PICK榜上为你打call！把小心心都给你，赢取节目10s彩蛋！ O 练习生PICK榜 2 深圳·塘朗山郊野公园 ​,0,0,0,0,22
idol_producer_049,张晏恺,偶像练习生,排名发布阶段,2018-02-17,2018-03-02,张晏恺 偶像练习生,4213258527409183,https://m.weibo.cn/detail/4213258527409183,2018-03-02 22:56:00,@Zony_Kai张晏恺 为你打爆电话！我们一起用爱发电，向 #偶像练习生# 练习生PICK榜第一名进击，赢取节目10s彩蛋！ // @Zony_Kai张晏恺 :我是 #偶像练习生# 张晏恺，全民制作人，请多关照。,0,0,0,0,23
idol_producer_049,张晏恺,偶像练习生,总决赛阶段,2018-03-24,2018-04-06,张晏恺 偶像练习生,4225877761855710,https://m.weibo.cn/detail/4225877761855710,2018-04-06 18:40:00,弟弟和哥哥们一起加油！！弟弟加油！！你最乖了 // @Zony_Kai张晏恺 :我是 #偶像练习生# 张晏恺 全民制作人 请多关照,0,0,0,0,24
idol_producer_049,张晏恺,偶像练习生,总决赛阶段,2018-03-24,2018-04-06,张晏恺 偶像练习生,4225878235895405,https://m.weibo.cn/detail/4225878235895405,2018-04-06 18:42:00,有见到我们的帅帅恺恺了 #张晏恺# // @Zony_Kai张晏恺 :我是 #偶像练习生# 张晏恺 全民制作人 请多关照,0,0,0,0,25
idol_producer_049,张晏恺,偶像练习生,总决赛阶段,2018-03-24,2018-04-06,张晏恺 偶像练习生,4225878794254859,https://m.weibo.cn/detail/4225878794254859,2018-04-06 18:44:00,弟弟超棒的！还特别暖心，天天给哥哥们拉票！大长腿、小暖男！啊！弟弟也出道吧 // @果然天空- : #张晏恺# 果然F4里年纪最小长的最高的晏恺弟弟加油！// @Zony_Kai张晏恺 :我是 #偶像练习生# 张晏恺 全民制作人 请多关照,0,0,0,0,26
idol_producer_049,张晏恺,偶像练习生,总决赛阶段,2018-03-24,2018-04-06,张晏恺 偶像练习生,4225879371989224,https://m.weibo.cn/detail/4225879371989224,2018-04-06 18:46:00,弟弟加油// @果然天空- : #张晏恺# 果然F4里年纪最小长的最高的晏恺弟弟加油！// @Zony_Kai张晏恺 :我是 #偶像练习生# 张晏恺 全民制作人 请多关照,0,0,0,0,27
idol_producer_049,张晏恺,偶像练习生,总决赛阶段,2018-03-24,2018-04-06,张晏恺 偶像练习生,4225880072750220,https://m.weibo.cn/detail/4225880072750220,2018-04-06 18:49:00,晏恺同学请多关照啦// @Zony_Kai张晏恺 :我是 #偶像练习生# 张晏恺 全民制作人 请多关照,0,0,0,0,28
idol_producer_049,张晏恺,偶像练习生,总决赛阶段,2018-03-24,2018-04-06,张晏恺 偶像练习生,4225885093639457,https://m.weibo.cn/detail/4225885093639457,2018-04-06 19:09:00,给你打 call！今晚是你的显微镜女孩 // @Zony_Kai张晏恺 :我是 #偶像练习生# 张晏恺 全民制作人 请多关照,0,0,0,0,29
idol_producer_049,张晏恺,偶像练习生,总决赛阶段,2018-03-24,2018-04-06,张晏恺 偶像练习生,4225886159261459,https://m.weibo.cn/detail/4225886159261459,2018-04-06 19:13:00,感谢相遇，未来要走的路还长着呢 // @Zony_Kai张晏恺 :我是 #偶像练习生# 张晏恺 全民制作人 请多关照,0,0,0,0,30
idol_producer_050,张津铭,偶像练习生,排名发布阶段,2018-02-17,2018-03-02,张津铭 偶像练习生,4208737746675550,https://m.weibo.cn/detail/4208737746675550,2018-02-18 11:32:00,坤音四子的岳岳被前女友投稿给神奇的吐槽君，说他出轨网红。事后他还很及时在自己微博道歉，被网友人肉出来了，女方是粉红粉红的一天。粉红粉红的一天之前就被爆过插足快手网红张津铭和黄雅楠，粉丝还因为这个事情互撕。这个张津铭用他的英文名Gigel参加了偶像练习生，后来传出因为打架退赛。 ​,1,26,14,67,1
idol_producer_050,张津铭,偶像练习生,位置测评阶段,2018-02-03,2018-02-16,张津铭 偶像练习生,4207019060320316,https://m.weibo.cn/detail/4207019060320316,2018-02-13 17:42:00,今天看偶像练习生 发现了张津铭，只想说 他还真不如当年好看 ​,0,21,10,52,2
idol_producer_050,张津铭,偶像练习生,位置测评阶段,2018-02-03,2018-02-16,张津铭 偶像练习生,4205697514773333,https://m.weibo.cn/detail/4205697514773333,2018-02-10 02:11:00,#偶像练习生# 整期看完晕晕乎乎的，大概是因为镜头老晃来晃去吧。这样花里胡哨的镜头很难直观地去看谁优谁劣，到最后想pick都不好选，对有实力没人气没镜头（嗯那么多人每个镜头都多也不可能）的选手不太友好。这期印象比较深的是木子洋的rap，王子异的范儿。然后貌似还看到了快手的张津铭？ ​,0,6,21,33,3
idol_producer_050,张津铭,偶像练习生,合作舞台阶段,2018-03-03,2018-03-23,张津铭 偶像练习生,4213534529536351,https://m.weibo.cn/detail/4213534529536351,2018-03-03 17:12:00,偶像练习生张津铭黑历史黑料扒皮 张津铭黄雅楠粉红撕逼事件全过程始末 O 网页链接 ​,0,0,29,29,4
idol_producer_051,张艺凡,偶像练习生,位置测评阶段,2018-02-03,2018-02-16,张艺凡 偶像练习生,4208154289709248,https://m.weibo.cn/detail/4208154289709248,2018-02-16 20:53:00,偶像练习生 99进60的淘汰名单 乐华、坤音、觉醒东方、超能唱片全员安全 香蕉娱乐（9个淘汰4个） 高茂桐 姜京佐 李若天 邱治楷 辰星娱乐（6个淘汰4个） Rapen 王宥辰 J-one Gigel 麦锐娱乐（6个淘汰3个） 邓烺怡 孙凡杰 吕晨瑜 简单快乐（5个淘汰4个） 金逸涵 林浩楷 李志杰 孙浩然 盛夏星空（5个淘汰1个） 王梓豪 新锐杂志（5个淘汰3个） 赵俞澈 应智越 万宇贤 AIF娱乐（全军覆没） 于浩 赵凌峰 杨羿 张艺凡 焕星娱乐（全军覆没） 何嘉庚 李鑫岩 罗杰 张宇晨 铂熠娱乐（4个淘汰2个） 叶泓希 张昕 乐风艺社（全军覆没） 陈义夫 闵喆祥 果然娱乐（4个淘汰1个） 张晏恺 次元文化（2个淘汰1个） 徐鹤尼 新湃传媒（单人） 于斌 天津中视（单人） 朱一文 个人练习生（7个淘汰4个） 甘俊 侯浩然 黄若涵 周腾阳 个人觉得比较可惜的一些：扫地组合（罗杰、姜京佐）、张艺凡（第三期进A组）、闵喆祥（学舞能力突出） 收起 d,220,1591,1046,4448,1
idol_producer_051,张艺凡,偶像练习生,合作舞台阶段,2018-03-03,2018-03-23,张艺凡 偶像练习生,4216070736892712,https://m.weibo.cn/detail/4216070736892712,2018-03-10 17:10:00,不擅长跟人撕逼 但是看到别家粉丝带节奏 路人跟风黑乐华抱团我还是觉得很难过 小丁扒舞教第二组的人在花絮里被人说理所应当 全组没人当队长正正揽下来被黑不作为 温柔体贴全在花絮里 我都不求某家粉丝放过乐华 【只求路人去看看花絮吧真的 有些花絮还挺好看的你们顺便就可以看到乐华不是你们想的那样了】我家正正真的很温柔很善良了 阻止小丁和小仓鼠打call真的让我哭崩 练习生谁不是努力过来的 说不公平的我至今忘不了张艺凡 #偶像练习生# #朱正廷# 收起 d,4,9,85,107,2
idol_producer_051,张艺凡,偶像练习生,总决赛阶段,2018-03-24,2018-04-06,张艺凡 偶像练习生,4225931679655308,https://m.weibo.cn/detail/4225931679655308,2018-04-06 22:14:00,// @张艺凡YiF1111 :我是 #偶像练习生# 张艺凡YiF，全民制作人，谢谢关照。,41,0,1,42,3
idol_producer_051,张艺凡,偶像练习生,合作舞台阶段,2018-03-03,2018-03-23,张艺凡 偶像练习生,4213430100140796,https://m.weibo.cn/detail/4213430100140796,2018-03-03 10:18:00,#偶像练习生# #朱正廷# 看了今天的偶练， 作为一个正正的粉只想说：iqy 你这个奸商！节目没播就蹭fbb fcc姐弟热度，节目前期集中拿cln 引骂战（估计还算计过cxk），现在竟然还拿恶魔剪辑去黑乐华……不引骂战不消停对么？！节目组会捧自己的练习生很正常，上一期有1/3的时间给了小鬼那组，zyc 也火了一把（但当然他俩都是有实力的我欣赏的练习生，我对他们没有偏见），但iqy你捧就捧嘛，黑别人算什么🤔 估计还想拆王炸四子然后自己的人渔翁得利吧。现在网上nc粉骂说乐华抱团……我真的是醉了，明明是比人气的节目你非拿实力说事。要是真的心疼实力选手，那之前被淘汰的A组张艺凡怎么没人喊冤？！我看等你们这些nc黑粉自己idol 排名上去了看你还说不说自己和别人抱团。双标啊双标。前半个月cln小朋友的情况发生在自己身上后真的没法再客观评判了。想炸了iqy 收起 d,0,1,12,14,4
idol_producer_051,张艺凡,偶像练习生,主题曲考核阶段,2018-01-27,2018-02-02,张艺凡 偶像练习生,4203087260139509,https://m.weibo.cn/detail/4203087260139509,2018-02-02 21:19:00,这数据 《偶像练习生》第三期选手本周迎来残酷地等级再评定，经过3天主题曲学习的他们，竟有27人掉级反转。PD张艺兴黑脸起身，音乐导师李荣浩的“心头好”不再惊艳。紧张极速地练习过后，A班翘楚能否保住战衣？Justin能否突破vocal瓶颈，陈立农又将如何面对舞蹈老师周洁琼的质疑。通过惊人的表现和刻苦排练成功进发前排的张艺凡又是何许人？等级再评定刷新百人排序。 C位之争，蔡徐坤凭借绝对实力与丰富惊艳拔得头筹。惹众人欣羨。ABCD班级彩排获老师敦促，F班练习生无法登台心酸落泪。 主题曲表演百人舞台震撼上演，张艺兴携百名练习生致敬全民制作人，诚意满满。酷帅小鬼变甜笑少年，范丞丞、丁泽仁舞蹈悟性高获张PD大赞。百位少年的极速成长让导师欣慰赞叹。真人秀环节中选手终于在残酷训练中获得与家人通话的宝贵机会，众人通话纷纷感动落泪。范丞丞给家人打电话遭范冰冰“训斥”？ L 偶像练习生之选手再评级惹张艺兴发火 主题曲舞台拉响C位争夺战 收起 d,0,0,13,13,5
idol_producer_051,张艺凡,偶像练习生,合作舞台阶段,2018-03-03,2018-03-23,张艺凡 偶像练习生,4215282198976109,https://m.weibo.cn/detail/4215282198976109,2018-03-08 12:57:00,安利一下张艺凡 真的是很优秀的哥哥。 @张艺凡YiF1111 #偶像练习生张艺凡# ​,0,1,8,10,6
idol_producer_051,张艺凡,偶像练习生,总决赛阶段,2018-03-24,2018-04-06,张艺凡 偶像练习生,4225049956840054,https://m.weibo.cn/detail/4225049956840054,2018-04-04 11:51:00,偶像练习生选手一开始就不应该要那么大的基数，100个变50个人这样才公平，100个人加上糟糕的剪辑，有些人根本还没看见人就被淘汰了，还有就是看颜值真心看的太可怕，第二期吧，我记得有个叫张艺凡跳舞很不错啊，唱歌也还好，后来pk就鸡儿拿了1分……而且还有个人啥都不会居然进前60，简直了，算了算了，像我这种路人只是冲着欧阳靖看的，不带脑子看就好 收起 d,0,2,0,4,7
idol_producer_051,张艺凡,偶像练习生,总决赛阶段,2018-03-24,2018-04-06,张艺凡 偶像练习生,4225936402141420,https://m.weibo.cn/detail/4225936402141420,2018-04-06 22:33:00,#张艺凡yif# #张艺凡# // @张艺凡YiF1111 :我是 #偶像练习生# 张艺凡YiF，全民制作人，谢谢关照。,0,2,0,4,8
idol_producer_051,张艺凡,偶像练习生,排名发布阶段,2018-02-17,2018-03-02,张艺凡 偶像练习生,4212884344694904,https://m.weibo.cn/detail/4212884344694904,2018-03-01 22:09:00,#偶像练习生# 有点开心 收到了 @快乐大本营 微博送出的 @爱奇艺偶像练习生 的签名照片 好快乐～ 对张奕轩、张艺凡感觉还行，可是 @周锐Zee 姐姐我超级喜欢的，棒棒哒～ 如果收到的是蔡徐坤或者尤长靖的照片，那就更棒啦～ 2 诸暨·第一百货 ​,0,0,3,3,9
idol_producer_051,张艺凡,偶像练习生,排名发布阶段,2018-02-17,2018-03-02,张艺凡 偶像练习生,4213131989455451,https://m.weibo.cn/detail/4213131989455451,2018-03-02 14:33:00,@爱奇艺偶像练习生 @朱星杰J_zen #偶像练习生# 小哥哥们热舞赢火锅，被柠檬酸到模糊~~【朱星杰】【余明君】【姜京佐】【朱匀一】【张艺凡】 UP主: 橙子君11 #bilibili# O 网页链接 ​,0,0,2,2,10
idol_producer_051,张艺凡,偶像练习生,合作舞台阶段,2018-03-03,2018-03-23,张艺凡 偶像练习生,4216512145996977,https://m.weibo.cn/detail/4216512145996977,2018-03-11 22:24:00,#偶像练习生# 我向 @张艺凡YiF1111 送出了加油卡！我pick的小哥哥全世界最棒！大家快来一起给你喜欢的选手打call吧！ O 练习生PICK榜 ​,0,0,1,1,11
idol_producer_051,张艺凡,偶像练习生,位置测评阶段,2018-02-03,2018-02-16,张艺凡 偶像练习生,4207147946495601,https://m.weibo.cn/detail/4207147946495601,2018-02-14 02:14:00,@张艺凡YiF1111 为你打爆电话！我们一起用爱发电，向 #偶像练习生# 练习生PICK榜第一名进击，赢取节目10s彩蛋！ // @张艺凡YiF1111 :我是 #偶像练习生# 张艺凡YiF，全民制作人，请多关照。,0,0,0,0,12
idol_producer_051,张艺凡,偶像练习生,位置测评阶段,2018-02-03,2018-02-16,张艺凡 偶像练习生,4207147925302200,https://m.weibo.cn/detail/4207147925302200,2018-02-14 02:14:00,@张艺凡YiF1111 我在 #偶像练习生# 练习生PICK榜上为你打call！把小心心都给你，赢取节目10s彩蛋！ O 练习生PICK榜 ​,0,0,0,0,13
idol_producer_051,张艺凡,偶像练习生,总决赛阶段,2018-03-24,2018-04-06,张艺凡 偶像练习生,4225913099370479,https://m.weibo.cn/detail/4225913099370479,2018-04-06 21:00:00,#张艺凡yif# #张艺凡# // @张艺凡YiF1111 :我是 #偶像练习生# 张艺凡YiF，全民制作人，谢谢关照。,0,0,0,0,14
idol_producer_051,张艺凡,偶像练习生,总决赛阶段,2018-03-24,2018-04-06,张艺凡 偶像练习生,4225941306339657,https://m.weibo.cn/detail/4225941306339657,2018-04-06 22:53:00,#张艺凡yif# #张艺凡# #艺路凡华# // @张艺凡YiF1111 :我是 #偶像练习生# 张艺凡YiF，全民制作人，谢谢关照。,0,0,0,0,15
idol_producer_052,张达源,偶像练习生,总决赛阶段,2018-03-24,2018-04-06,张达源 偶像练习生,4225886766743710,https://m.weibo.cn/detail/4225886766743710,2018-04-06 19:16:00,#盛夏星空# #偶像练习生# 接近四个月的时间里，感谢全民制作人温暖的陪伴 愿你们不改初心，永远做那个倔强的追梦少年 @杨非同Nemo @陈名豪M @张达源Darrien @王艺龙Enki @王梓豪Z-joe ​,141,615,573,1944,1
idol_producer_052,张达源,偶像练习生,总决赛阶段,2018-03-24,2018-04-06,张达源 偶像练习生,4225872402096982,https://m.weibo.cn/detail/4225872402096982,2018-04-06 18:19:00,我是 #偶像练习生# 张达源，这一段时间感谢你们，全民制作人，谢谢关照。,14,90,917,1111,2
idol_producer_052,张达源,偶像练习生,位置测评阶段,2018-02-03,2018-02-16,张达源 偶像练习生,4208183649934897,https://m.weibo.cn/detail/4208183649934897,2018-02-16 22:50:00,#偶像练习生# 第一轮前60名： 蔡徐坤/陈立农/范丞丞/Justin/朱正廷/小鬼/卜凡/李权哲/何东东/尤长靖/王子异/Jeffrey/秦奋/林超泽/朱星杰/灵超/钱正昊/董岩磊/韩沐伯/丁泽仁/岳岳/左叶/徐凯皓/木子洋/郑锐彬/毕雯珺/周彦辰/林彦俊/李希侃/陆定昊/周锐/黄书豪/黄新淳/罗正/张达源/李让/贝汯璘/李长庚/陈斯琪/韩雍杰/秦子墨/武连杰/覃俊毅/娄滋博/靖佩瑶/余明君/陈名豪/明鹏/杨非同/朱匀一/伽里/凌崎/朱匀天/徐圣恩/李俊毅/张奕轩/王艺龙/姜达赫/胡致邦/梁辉 乐华女孩绝不认输 收起 d,2,32,106,172,3
idol_producer_052,张达源,偶像练习生,排名发布阶段,2018-02-17,2018-03-02,张达源 偶像练习生,4213184422663565,https://m.weibo.cn/detail/4213184422663565,2018-03-02 18:01:00,#偶像练习生# 四个还在训练营努力练习的孩子们，祝大家元宵节快乐，不知道他们有没有在食堂吃到甜甜的汤圆呢，今晚竞演舞台打响位置争夺战，一起来看吧，记得为 @陈名豪M @王艺龙Enki @杨非同Nemo @张达源Darrien 投票哦 ​,9,32,58,131,4
idol_producer_052,张达源,偶像练习生,位置测评阶段,2018-02-03,2018-02-16,张达源 偶像练习生,4207781286948416,https://m.weibo.cn/detail/4207781286948416,2018-02-15 20:11:00,越努力越幸运，无论小哥哥们的 #偶像练习生# 之旅是结束还是继续，在园长心中他们都是小骄傲，都是最棒的 @陈名豪M @张达源Darrien @王梓豪Z-joe @王艺龙Enki @杨非同Nemo,10,13,39,75,5
idol_producer_052,张达源,偶像练习生,位置测评阶段,2018-02-03,2018-02-16,张达源 偶像练习生,4208145360431400,https://m.weibo.cn/detail/4208145360431400,2018-02-16 20:18:00,#偶像练习生# 图【7】我们家小哥哥可能都是杂技团特技表演者 这个出场方式可以说很厉害了 @陈名豪M @张达源Darrien @王梓豪Z-joe @王艺龙Enki @杨非同Nemo,0,8,40,56,6
idol_producer_052,张达源,偶像练习生,排名发布阶段,2018-02-17,2018-03-02,张达源 偶像练习生,4213238784270510,https://m.weibo.cn/detail/4213238784270510,2018-03-02 21:37:00,#偶像练习生张达源# #张达源# 位置测评《ME TOO》舞台纯享🎙羞涩腼腆的达源小哥哥，性感起来也是很撩了，空翻超级帅气了，从开始到现在，小哥哥真的进步了好多，也在不断努力证明自己，希望大家可以多多pick一下我们的京剧男孩 @张达源Darrien 哦 L 《偶像练习生》舞台纯享：位置测评《Me Too》 ​,1,6,37,50,7
idol_producer_052,张达源,偶像练习生,初评级阶段,2018-01-19,2018-01-26,张达源 偶像练习生,4200529553254472,https://m.weibo.cn/detail/4200529553254472,2018-01-26 19:55:00,#偶像练习生# 还有5分钟就要开播喽，蛙儿子喊你来看 #陈名豪# #张达源# #王梓豪# #王艺龙# #杨非同# 几个小哥哥喽 ​,0,4,40,48,8
idol_producer_052,张达源,偶像练习生,位置测评阶段,2018-02-03,2018-02-16,张达源 偶像练习生,4208111206072506,https://m.weibo.cn/detail/4208111206072506,2018-02-16 18:02:00,#偶像练习生王艺龙# #偶像练习生张达源# 【上期回顾】新春福利到～火力全开的【SHAKE】舞者 @王艺龙Enki @张达源Darrien 舞台花絮照大公开， O 今晚8点#偶像练习生# 不见不散哦 ​,0,3,37,43,9
idol_producer_052,张达源,偶像练习生,排名发布阶段,2018-02-17,2018-03-02,张达源 偶像练习生,4213208086496098,https://m.weibo.cn/detail/4213208086496098,2018-03-02 19:35:00,#偶像练习生# 有趣的表演 O 今晚8点超燃来袭 ，请期待一下 @陈名豪M @张达源Darrien @王艺龙Enki @杨非同Nemo 的精彩舞台吧,0,7,21,35,10
idol_producer_052,张达源,偶像练习生,总决赛阶段,2018-03-24,2018-04-06,张达源 偶像练习生,4225834274870859,https://m.weibo.cn/detail/4225834274870859,2018-04-06 15:47:00,#偶像练习生# #张达源# 真正的陪伴，是风雨中的不离不弃，快乐中的相守相依，一切都是那么美好。 心灵深处，是默默的支撑；灵魂之间，是静静的聆听，从不求任何回应，只是无怨的随行。彼岸的守望，是彼岸的感动；千里的陪同，是心中的丰盈。最深沉的爱，总是风雨兼程；最浓厚的情，总是冷暖与共。 @张达源Darrien 收起 d,0,4,27,35,11
idol_producer_052,张达源,偶像练习生,排名发布阶段,2018-02-17,2018-03-02,张达源 偶像练习生,4212898756182871,https://m.weibo.cn/detail/4212898756182871,2018-03-01 23:06:00,#偶像练习生# 小组直拍福利，我们的傻源又上线了 源来你还是那个离不开帽子的 @张达源Darrien 你听到我们在为你打call了吗？ #偶像练习生张达源# L 源来是一个榴莲啊的秒拍视频 ​,0,4,19,27,12
idol_producer_052,张达源,偶像练习生,合作舞台阶段,2018-03-03,2018-03-23,张达源 偶像练习生,4220497157808905,https://m.weibo.cn/detail/4220497157808905,2018-03-22 22:19:00,#偶像练习生# 回来后就疯了，不好意思哈， #张达源# 这是我家傻孩子，脑子不太好使，大半夜的没控制住，打扰大家休息了。,0,1,24,26,13
idol_producer_052,张达源,偶像练习生,合作舞台阶段,2018-03-03,2018-03-23,张达源 偶像练习生,4220309312154581,https://m.weibo.cn/detail/4220309312154581,2018-03-22 09:53:00,"#偶像练习生# #张达源# 你说你永远,记得那些大雨中为你撑伞的人、帮你挡住外来之物的人、黑暗中默默抱紧你的人、逗你笑的人、陪你彻夜聊天的人、坐车来看望你的人、陪你哭过的人、总是以你为重的人、带你四处游荡的人、说想念你的人，是这些人组成你生命中一点一滴的温暖，是这些温暖使你远离阴霾，是这些温暖使你成为善良的人。 ​​ @张达源Darrien 收起 d",1,2,18,23,14
idol_producer_052,张达源,偶像练习生,合作舞台阶段,2018-03-03,2018-03-23,张达源 偶像练习生,4220341028916359,https://m.weibo.cn/detail/4220341028916359,2018-03-22 11:59:00,#偶像练习生# #张达源# 驾驭得古典艺术，游走于现代之间.宠得了粉，卖的了萌，耍的了酷，唱得了歌，演得了戏，还会说得了段子，这么好的源哥，值得用一生守护❤️ @张达源Darrien ​,1,2,18,23,15
idol_producer_052,张达源,偶像练习生,排名发布阶段,2018-02-17,2018-03-02,张达源 偶像练习生,4212840678202968,https://m.weibo.cn/detail/4212840678202968,2018-03-01 19:15:00,#偶像练习生# 【截屏】【修图】 #偶像练习生张达源# 预告片里，一晃而过的一个镜头 快夸我 ​,0,3,15,21,16
idol_producer_052,张达源,偶像练习生,总决赛阶段,2018-03-24,2018-04-06,张达源 偶像练习生,4225862703851553,https://m.weibo.cn/detail/4225862703851553,2018-04-06 17:40:00,#偶像练习生# #张达源# 如果人人善良已为奢望，那么你的幸福快乐，就是我唯一所想 @张达源Darrien ​,0,0,16,16,17
idol_producer_052,张达源,偶像练习生,排名发布阶段,2018-02-17,2018-03-02,张达源 偶像练习生,4212850371200520,https://m.weibo.cn/detail/4212850371200520,2018-03-01 19:54:00,#偶像练习生# #能量应援# 超级想去看张达源 @栀子花香远益清,2,3,3,11,18
idol_producer_052,张达源,偶像练习生,合作舞台阶段,2018-03-03,2018-03-23,张达源 偶像练习生,4220496474046346,https://m.weibo.cn/detail/4220496474046346,2018-03-22 22:17:00,#张达源# #偶像练习生# 不好意思 我们家的 这就领走😂,0,0,4,4,19
idol_producer_052,张达源,偶像练习生,总决赛阶段,2018-03-24,2018-04-06,张达源 偶像练习生,4225835856518566,https://m.weibo.cn/detail/4225835856518566,2018-04-06 15:54:00,#zoom超能团# #张达源# 小长假奉上小哥哥的独家视频日记，趁着假期回母校看望了老师和师弟们，回忆起老师“打”他的日子，满脸的委屈，一肚子的控诉，哈哈哈 敲黑板！最后的惊喜小彩蛋一定不能错过～爱吃咖喱牛肉饭的 @伽里Curry 小哥哥和可爱的 @COSMOS-徐鹤尼 小哥哥也在这里哦，调皮起来真的很搞siao了 @张达源Darrien L ZOOM超能团的秒拍视频 收起 d,0,1,2,4,20
idol_producer_052,张达源,偶像练习生,位置测评阶段,2018-02-03,2018-02-16,张达源 偶像练习生,4207592601588710,https://m.weibo.cn/detail/4207592601588710,2018-02-15 07:41:00,#张达源# #偶像练习生#,0,1,1,3,21
idol_producer_052,张达源,偶像练习生,排名发布阶段,2018-02-17,2018-03-02,张达源 偶像练习生,4213244384132439,https://m.weibo.cn/detail/4213244384132439,2018-03-02 22:00:00,#张达源# #偶像练习生# 羞射腼腆 没错！,0,0,2,2,22
idol_producer_052,张达源,偶像练习生,总决赛阶段,2018-03-24,2018-04-06,张达源 偶像练习生,4225873504617270,https://m.weibo.cn/detail/4225873504617270,2018-04-06 18:23:00,#张达源# #偶像练习生# // @张达源Darrien :我是 #偶像练习生# 张达源，这一段时间感谢你们，全民制作人，谢谢关照。,0,0,2,2,23
idol_producer_052,张达源,偶像练习生,初评级阶段,2018-01-19,2018-01-26,张达源 偶像练习生,4200210852827530,https://m.weibo.cn/detail/4200210852827530,2018-01-25 22:49:00,#爱奇艺偶像练习生# #偶像练习生# Jeffrey @Jeffrey董又霖 超远距离的90度绅士鞠躬 还有盛夏星空的“迎宾小哥”们王艺龙 @王艺龙Enki 、王梓豪 @王梓豪Z-joe 、杨非同 @杨非同Nemo 、张达源 @张达源Darrien 、陈名豪 @陈名豪M 超五星级的指路服务 ​​​ #新偶像文化# #北京# 2 北京 ​,0,0,1,1,24
idol_producer_052,张达源,偶像练习生,合作舞台阶段,2018-03-03,2018-03-23,张达源 偶像练习生,4220286687265512,https://m.weibo.cn/detail/4220286687265512,2018-03-22 08:23:00,真的给张达源头都笑掉了，节目里没有太多存在感，只记得他会翻跟斗耍大刀😂，没想到从大厂出来，在微博上这么皮，沉迷和其它练习生互动。不是拿全民制作人的身份说要品客，就是商业互吹，不然就是好友互怼。实名支持经纪人没收这个人手机，真的话很多！😑 希望达源小哥哥多多表现在比赛里没能展现的自己吧，明明很爱耍宝很热爱舞台嘛。止步60名不是结束，结束是一切的开始。 #偶像练习生# #张达源# @张达源Darrien 收起 d,0,0,1,1,25
idol_producer_052,张达源,偶像练习生,合作舞台阶段,2018-03-03,2018-03-23,张达源 偶像练习生,4220305096063245,https://m.weibo.cn/detail/4220305096063245,2018-03-22 09:36:00,真的给张达源头都笑掉了，节目里没有太多存在感，只记得他会翻跟斗耍大刀😂，没想到从大厂出来，在微博上这么皮，沉迷和其它练习生互动。不是拿全民制作人的身份说要品客，就是商业互吹，不然就是好友互怼。实名支持经纪人没收这个人手机，真的话很多！😑 希望达源小哥哥多多表现在比赛里没能展现的自己吧，明明很爱耍宝很热爱舞台嘛。止步60名不是结束，结束是一切的开始。 #偶像练习生# #张达源# @张达源Darrien 收起 d,0,0,1,1,26
idol_producer_052,张达源,偶像练习生,合作舞台阶段,2018-03-03,2018-03-23,张达源 偶像练习生,4220374444713662,https://m.weibo.cn/detail/4220374444713662,2018-03-22 14:12:00,@张达源Darrien 为你打爆电话！我们一起用爱发电，向 #偶像练习生# 练习生PICK榜第一名进击，赢取节目10s彩蛋！ // @张达源Darrien :我们 一直 一起 在路上,0,0,1,1,27
idol_producer_052,张达源,偶像练习生,总决赛阶段,2018-03-24,2018-04-06,张达源 偶像练习生,4225930526270673,https://m.weibo.cn/detail/4225930526270673,2018-04-06 22:10:00,#盛夏星空# #偶像练习生# 【《EI EI》cover版】今晚总决赛直播，小哥哥们回归节目，这是他们五个人第一次也是最后一次合体站上《EI EI》的舞台，未来很长，这里只是梦开始的地方，以后，也请全民制作人多多关照 @杨非同Nemo @陈名豪M @王艺龙Enki @张达源Darrien @王梓豪Z-joe B站请戳： O 网页链接 L ZOOM超能团的秒拍视频 收起 d,0,0,1,1,28
idol_producer_052,张达源,偶像练习生,排名发布阶段,2018-02-17,2018-03-02,张达源 偶像练习生,4212853801518190,https://m.weibo.cn/detail/4212853801518190,2018-03-01 20:08:00,#偶像练习生# Pick张达源,0,0,0,0,29
idol_producer_052,张达源,偶像练习生,排名发布阶段,2018-02-17,2018-03-02,张达源 偶像练习生,4213095184535385,https://m.weibo.cn/detail/4213095184535385,2018-03-02 12:07:00,#偶像练习生# 我向 @张达源Darrien 送出了加油卡！我pick的小哥哥全世界最棒！大家快来一起给你喜欢的选手打call吧！ O 练习生PICK榜 ​,0,0,0,0,30
idol_producer_053,徐鹤尼,偶像练习生,位置测评阶段,2018-02-03,2018-02-16,徐鹤尼 偶像练习生,4208154289709248,https://m.weibo.cn/detail/4208154289709248,2018-02-16 20:53:00,偶像练习生 99进60的淘汰名单 乐华、坤音、觉醒东方、超能唱片全员安全 香蕉娱乐（9个淘汰4个） 高茂桐 姜京佐 李若天 邱治楷 辰星娱乐（6个淘汰4个） Rapen 王宥辰 J-one Gigel 麦锐娱乐（6个淘汰3个） 邓烺怡 孙凡杰 吕晨瑜 简单快乐（5个淘汰4个） 金逸涵 林浩楷 李志杰 孙浩然 盛夏星空（5个淘汰1个） 王梓豪 新锐杂志（5个淘汰3个） 赵俞澈 应智越 万宇贤 AIF娱乐（全军覆没） 于浩 赵凌峰 杨羿 张艺凡 焕星娱乐（全军覆没） 何嘉庚 李鑫岩 罗杰 张宇晨 铂熠娱乐（4个淘汰2个） 叶泓希 张昕 乐风艺社（全军覆没） 陈义夫 闵喆祥 果然娱乐（4个淘汰1个） 张晏恺 次元文化（2个淘汰1个） 徐鹤尼 新湃传媒（单人） 于斌 天津中视（单人） 朱一文 个人练习生（7个淘汰4个） 甘俊 侯浩然 黄若涵 周腾阳 个人觉得比较可惜的一些：扫地组合（罗杰、姜京佐）、张艺凡（第三期进A组）、闵喆祥（学舞能力突出） 收起 d,220,1591,1046,4448,1
idol_producer_053,徐鹤尼,偶像练习生,合作舞台阶段,2018-03-03,2018-03-23,徐鹤尼 偶像练习生,4219332349225002,https://m.weibo.cn/detail/4219332349225002,2018-03-19 17:11:00,迟来的29w粉福利，喜欢吗！ @Trainee18-尤长靖 @COSMOS-徐鹤尼 @COSMOS-陈斯琪 @COSMOS-李向哲 签名照共10张 ！关注 @诛仙手游官博 并转发此条就有机会抱走 #偶像练习生# 小哥哥哎嘿~ （PS：抽10位小仙友随机获得各一张 @微博抽奖平台 明天就开！ ​​​​！ ​​​​） #尤长靖# #徐鹤尼# #陈斯琪# #李向哲# 收起 d,219,218,125,780,2
idol_producer_053,徐鹤尼,偶像练习生,合作舞台阶段,2018-03-03,2018-03-23,徐鹤尼 偶像练习生,4219716338230446,https://m.weibo.cn/detail/4219716338230446,2018-03-20 18:37:00,【 #偶像练习生# 每日pick福利】又一枚帅气逼人的小哥哥来袭！微笑美男 @COSMOS-徐鹤尼 ！ 关注 @微博视频台 ，带话题 #偶像练习生# 转发评论，即有机会获得他的亲笔签名照哟~ ​,53,103,218,477,3
idol_producer_053,徐鹤尼,偶像练习生,位置测评阶段,2018-02-03,2018-02-16,徐鹤尼 偶像练习生,4208182941877183,https://m.weibo.cn/detail/4208182941877183,2018-02-16 22:47:00,【 #偶像练习生# 公布排名第60人选 梁辉晋级姜京佐被淘汰】排名第60名的练习生公布！ @梁辉LIANGHUI @COSMOS-徐鹤尼 @Trainee18-高茂桐 @Trainee18-姜京佐 四位排名接近60名的练习生中，只有一位能够坐上最后的座位。现场气氛紧张到极点。 L 《偶像练习生》公布排名第60人选 梁辉晋级姜京佐被淘汰 想知道更多关于《偶像练习生》的“小秘密”？请继续锁定每周五晚八点半上线的 #偶像有新番# ！ 更多精彩 移动端 O 网页链接 pc端 O 网页链接 收起 d,3,72,82,229,4
idol_producer_053,徐鹤尼,偶像练习生,合作舞台阶段,2018-03-03,2018-03-23,徐鹤尼 偶像练习生,4217859930321881,https://m.weibo.cn/detail/4217859930321881,2018-03-15 15:40:00,#偶像练习生# 第三次预测：蔡徐坤 朱正廷 灵超 Justin 范丞丞 陈立农 尤长靖 王子异 ＿＿（按喜好排） 比较可惜的颜：韩雍杰 胡致邦 姜京佐 靖佩瑶 李长庚 李若天 王艺龙 徐鹤尼 张晏恺（按首字排） ​,2,54,118,228,5
idol_producer_053,徐鹤尼,偶像练习生,排名发布阶段,2018-02-17,2018-03-02,徐鹤尼 偶像练习生,4213186872010464,https://m.weibo.cn/detail/4213186872010464,2018-03-02 18:11:00,#陈斯琪# #徐鹤尼# #李向哲# CMS练习室日常-翻跳经典《咆哮》 咚咚！ 别忘了看今晚八点爱奇艺 #偶像练习生# 哟～ 投票截止到明天晚上八点 请为 @COSMOS-陈斯琪 做最后的冲刺吧！ L COSMOS组合的秒拍视频 ​,26,36,85,183,6
idol_producer_053,徐鹤尼,偶像练习生,排名发布阶段,2018-02-17,2018-03-02,徐鹤尼 偶像练习生,4212737238563595,https://m.weibo.cn/detail/4212737238563595,2018-03-01 12:24:00,梁辉和姜达赫要退赛了？可惜扫地cp徐鹤尼高茂桐这些美人们也回不来了 #偶像练习生# ​,3,16,41,76,7
idol_producer_053,徐鹤尼,偶像练习生,位置测评阶段,2018-02-03,2018-02-16,徐鹤尼 偶像练习生,4208179761673320,https://m.weibo.cn/detail/4208179761673320,2018-02-16 22:35:00,#徐鹤尼# #偶像练习生徐鹤尼# #偶像练习生# 99个里我唯一认识的一个小哥哥，离开了， ，新的一年感觉不会再爱了 ，心疼我家小哥哥 @COSMOS-徐鹤尼 ​,5,4,19,32,8
idol_producer_053,徐鹤尼,偶像练习生,合作舞台阶段,2018-03-03,2018-03-23,徐鹤尼 偶像练习生,4220078591662396,https://m.weibo.cn/detail/4220078591662396,2018-03-21 18:36:00,#偶像练习生# 朱星杰像胡巴啊，王子异像王大陆啊，秦奋像池昌旭什么的，已经不新鲜了 节目一开播我就发现了下面这两对 今天终于想起来找图 魏巡 &丁泽仁、何屹繁&徐鹤尼 让我有种分分钟出戏的感觉 emm...不比较，单纯觉得有点像 #丁泽仁# #徐鹤尼# ​,0,5,12,22,9
idol_producer_053,徐鹤尼,偶像练习生,位置测评阶段,2018-02-03,2018-02-16,徐鹤尼 偶像练习生,4208180692850552,https://m.weibo.cn/detail/4208180692850552,2018-02-16 22:38:00,#偶像练习生# 震惊 #徐鹤尼势不可挡# 徐鹤尼是李真真的扮演者，震惊了！ 《盛势》要出网剧的时候，一直觉得：有一双美腿的李真真很难演，演不好会niang。但看了网剧后，发现演员蛮不错的！很传神了！ @COSMOS-徐鹤尼 呐，很棒啊！加油啊！ 图源 @盛势影视剧 PS：《盛势》选角色都很好！一路走来很不容易，希望大家支持~同样，请支持徐鹤尼~ 收起 d,0,2,14,18,10
idol_producer_053,徐鹤尼,偶像练习生,排名发布阶段,2018-02-17,2018-03-02,徐鹤尼 偶像练习生,4212006527646610,https://m.weibo.cn/detail/4212006527646610,2018-02-27 12:01:00,燃爆！！ #爱奇艺偶像练习生# #杨非同# 代号魂斗罗 AB组纯享分屏版 左右声道 懒人最爱的一次看俩个视频 李长庚于斌林彦俊许凯皓叶泓希杨羿邱治谐朱一文林浩楷韩雍杰张宇晨何嘉庚徐鹤尼杨非同-P1 #哔哩哔哩# L 【9/100】代号魂斗罗 AB组纯享分屏版 左右声道 懒人最爱的一次看俩个视频 李长庚于斌林彦俊许凯皓叶泓希杨羿邱治谐朱一文林浩楷韩雍杰张宇晨何嘉庚徐鹤尼杨非同 ​,0,3,11,17,11
idol_producer_053,徐鹤尼,偶像练习生,合作舞台阶段,2018-03-03,2018-03-23,徐鹤尼 偶像练习生,4218250743083782,https://m.weibo.cn/detail/4218250743083782,2018-03-16 17:33:00,#徐鹤尼# #天才学渣# #偶像练习生# 学校欠我一个徐老师 ​​​ @COSMOS-徐鹤尼 L 天才学渣 ​,1,0,11,12,12
idol_producer_053,徐鹤尼,偶像练习生,排名发布阶段,2018-02-17,2018-03-02,徐鹤尼 偶像练习生,4212829165131163,https://m.weibo.cn/detail/4212829165131163,2018-03-01 18:30:00,#偶像练习生徐鹤尼# 小团要成为福利的搬运工！ pick我们小王子徐鹤尼！,0,0,6,6,13
idol_producer_053,徐鹤尼,偶像练习生,排名发布阶段,2018-02-17,2018-03-02,徐鹤尼 偶像练习生,4213105824769961,https://m.weibo.cn/detail/4213105824769961,2018-03-02 12:49:00,#偶像练习生# 我向 @COSMOS-徐鹤尼 送出了加油卡！我pick的小哥哥全世界最棒！大家快来一起给你喜欢的选手打call吧！ O 练习生PICK榜 ​,0,0,1,1,14
idol_producer_053,徐鹤尼,偶像练习生,合作舞台阶段,2018-03-03,2018-03-23,徐鹤尼 偶像练习生,4217455708452325,https://m.weibo.cn/detail/4217455708452325,2018-03-14 12:54:00,// @COSMOS-徐鹤尼 :我是 #偶像练习生# 徐鹤尼，全民制作人，请多关照。,0,0,1,1,15
idol_producer_053,徐鹤尼,偶像练习生,合作舞台阶段,2018-03-03,2018-03-23,徐鹤尼 偶像练习生,4220519282770654,https://m.weibo.cn/detail/4220519282770654,2018-03-22 23:47:00,#偶像练习生# 当初第一眼就注意到的小哥哥但是没有很在意 今天二刷代号魂斗罗时再次被吸引 终于还是刷了波微博发现真的好好看www 颜很戳我 即使离开了这个节目也要好好加油哦 一定可以迎来你的时代的 徐鹤尼 加油 @COSMOS-徐鹤尼 ​,0,0,1,1,16
idol_producer_053,徐鹤尼,偶像练习生,初评级阶段,2018-01-19,2018-01-26,徐鹤尼 偶像练习生,4200571274003865,https://m.weibo.cn/detail/4200571274003865,2018-01-26 22:41:00,@COSMOS-徐鹤尼 我在 #偶像练习生# 练习生PICK榜上为你打call！把小心心都给你，赢取节目10s彩蛋！叶 O 练习生PICK榜 ​,0,0,0,0,17
idol_producer_053,徐鹤尼,偶像练习生,初评级阶段,2018-01-19,2018-01-26,徐鹤尼 偶像练习生,4200571249048388,https://m.weibo.cn/detail/4200571249048388,2018-01-26 22:41:00,@COSMOS-徐鹤尼 我在 #偶像练习生# 练习生PICK榜上为你打call！把小心心都给你，赢取节目10s彩蛋！是 O 练习生PICK榜 ​,0,0,0,0,18
idol_producer_053,徐鹤尼,偶像练习生,初评级阶段,2018-01-19,2018-01-26,徐鹤尼 偶像练习生,4200571227686229,https://m.weibo.cn/detail/4200571227686229,2018-01-26 22:41:00,@COSMOS-徐鹤尼 我在 #偶像练习生# 练习生PICK榜上为你打call！把小心心都给你，赢取节目10s彩蛋！她 O 练习生PICK榜 ​,0,0,0,0,19
idol_producer_053,徐鹤尼,偶像练习生,初评级阶段,2018-01-19,2018-01-26,徐鹤尼 偶像练习生,4200571206162099,https://m.weibo.cn/detail/4200571206162099,2018-01-26 22:41:00,@COSMOS-徐鹤尼 我在 #偶像练习生# 练习生PICK榜上为你打call！把小心心都给你，赢取节目10s彩蛋！去 O 练习生PICK榜 ​,0,0,0,0,20
idol_producer_053,徐鹤尼,偶像练习生,初评级阶段,2018-01-19,2018-01-26,徐鹤尼 偶像练习生,4200571189717647,https://m.weibo.cn/detail/4200571189717647,2018-01-26 22:41:00,@COSMOS-徐鹤尼 我在 #偶像练习生# 练习生PICK榜上为你打call！把小心心都给你，赢取节目10s彩蛋！就 O 练习生PICK榜 ​,0,0,0,0,21
idol_producer_053,徐鹤尼,偶像练习生,初评级阶段,2018-01-19,2018-01-26,徐鹤尼 偶像练习生,4200571164378380,https://m.weibo.cn/detail/4200571164378380,2018-01-26 22:41:00,@COSMOS-徐鹤尼 我在 #偶像练习生# 练习生PICK榜上为你打call！把小心心都给你，赢取节目10s彩蛋！饿 O 练习生PICK榜 ​,0,0,0,0,22
idol_producer_053,徐鹤尼,偶像练习生,初评级阶段,2018-01-19,2018-01-26,徐鹤尼 偶像练习生,4200571524708637,https://m.weibo.cn/detail/4200571524708637,2018-01-26 22:42:00,@COSMOS-徐鹤尼 为你打爆电话！我们一起用爱发电，向 #偶像练习生# 练习生PICK榜第一名进击，赢取节目10s彩蛋！ // @COSMOS-徐鹤尼 :我是 #偶像练习生# 徐鹤尼，全民制作人，请多关照。就,0,0,0,0,23
idol_producer_053,徐鹤尼,偶像练习生,初评级阶段,2018-01-19,2018-01-26,徐鹤尼 偶像练习生,4200571449844603,https://m.weibo.cn/detail/4200571449844603,2018-01-26 22:42:00,@COSMOS-徐鹤尼 为你打爆电话！我们一起用爱发电，向 #偶像练习生# 练习生PICK榜第一名进击，赢取节目10s彩蛋！ // @COSMOS-徐鹤尼 :我是 #偶像练习生# 徐鹤尼，全民制作人，请多关照。他,0,0,0,0,24
idol_producer_053,徐鹤尼,偶像练习生,初评级阶段,2018-01-19,2018-01-26,徐鹤尼 偶像练习生,4200571387481632,https://m.weibo.cn/detail/4200571387481632,2018-01-26 22:42:00,@COSMOS-徐鹤尼 为你打爆电话！我们一起用爱发电，向 #偶像练习生# 练习生PICK榜第一名进击，赢取节目10s彩蛋！ // @COSMOS-徐鹤尼 :我是 #偶像练习生# 徐鹤尼，全民制作人，请多关照。都,0,0,0,0,25
idol_producer_053,徐鹤尼,偶像练习生,初评级阶段,2018-01-19,2018-01-26,徐鹤尼 偶像练习生,4200571702035256,https://m.weibo.cn/detail/4200571702035256,2018-01-26 22:43:00,#偶像练习生# 我向 @COSMOS-徐鹤尼 送出了加油卡！我pick的小哥哥全世界最棒！大家快来一起给你喜欢的选手打call吧！ O 练习生PICK榜 ​,0,0,0,0,26
idol_producer_053,徐鹤尼,偶像练习生,初评级阶段,2018-01-19,2018-01-26,徐鹤尼 偶像练习生,4200571625887216,https://m.weibo.cn/detail/4200571625887216,2018-01-26 22:43:00,@COSMOS-徐鹤尼 为你打爆电话！我们一起用爱发电，向 #偶像练习生# 练习生PICK榜第一名进击，赢取节目10s彩蛋！ // @COSMOS-徐鹤尼 :我是 #偶像练习生# 徐鹤尼，全民制作人，请多关照。,0,0,0,0,27
idol_producer_053,徐鹤尼,偶像练习生,初评级阶段,2018-01-19,2018-01-26,徐鹤尼 偶像练习生,4200572230279127,https://m.weibo.cn/detail/4200572230279127,2018-01-26 22:45:00,@COSMOS-徐鹤尼 我在 #偶像练习生# 练习生PICK榜上为你打call！把小心心都给你，赢取节目10s彩蛋！红 ​,0,0,0,0,28
idol_producer_053,徐鹤尼,偶像练习生,初评级阶段,2018-01-19,2018-01-26,徐鹤尼 偶像练习生,4200572205206451,https://m.weibo.cn/detail/4200572205206451,2018-01-26 22:45:00,@COSMOS-徐鹤尼 我在 #偶像练习生# 练习生PICK榜上为你打call！把小心心都给你，赢取节目10s彩蛋！这 ​,0,0,0,0,29
idol_producer_053,徐鹤尼,偶像练习生,初评级阶段,2018-01-19,2018-01-26,徐鹤尼 偶像练习生,4200572162159614,https://m.weibo.cn/detail/4200572162159614,2018-01-26 22:45:00,@COSMOS-徐鹤尼 我在 #偶像练习生# 练习生PICK榜上为你打call！把小心心都给你，赢取节目10s彩蛋！她 ​,0,0,0,0,30
idol_producer_054,明鹏,偶像练习生,排名发布阶段,2018-02-17,2018-03-02,明鹏 偶像练习生,4212452327228873,https://m.weibo.cn/detail/4212452327228873,2018-02-28 17:32:00,#偶像练习生# 第一次小组竞演直拍播放量第一名福利第四弹献上 ～ 舞台前撩人的少年和萌动的心跳更配！ @灵超DIDI @岳岳PINKRAY @张达源Darrien @Pb明鹏 ​,254,1078,3660,6070,1
idol_producer_054,明鹏,偶像练习生,排名发布阶段,2018-02-17,2018-03-02,明鹏 偶像练习生,4212723551985611,https://m.weibo.cn/detail/4212723551985611,2018-03-01 11:30:00,#偶像练习生# 【福利放送】小组测评每组直拍播放量第一的福利 L 《偶像练习生》【福利放送】小组测评每组直拍播放量第一的福利 #蔡徐坤# ：谢谢我所有的ikun们，接下来会有更精彩的舞台，我们下一个舞台上见。 #范丞丞# ：你们真的太辛苦了，希望我们能一直走下去。 #朱星杰# ：期待我下一阶段的表现~爱你们～ #卜凡# ：希望这次舞台我表现得好像艺术品，珍惜这段缘，开心快乐每一天。 #灵超# ：不开心要记得吃糖，开心也要记得吃糖，或者看着吃糖的我，我可以甜到你~ #钱正昊# ：我会继续努力练习，以后可能会尝试rap。 #陈立农# ：请你们好好照顾自己身体，按时吃饭，敬请期待我下次表演。 #黄新淳# ：希望下个舞台可以呈现出更好的自己，天冷了要照顾好自己不要感冒。 #林彦俊# ：希望新的一年可以给大家不一样的林彦俊。 #明鹏# ：希望大家可以继续关注我，祝大家新年快乐~ #陆定昊# ：希望你们多多支持我~爱你们哟~ #木子洋# ：我会继续努力，新年你们有没有想木子洋啊~ #岳岳# ：如果你们继续支持我的话，可以一起join my party！ #张达源# ：希望下个舞台带给大家更好的自己，好好吃饭好好睡觉，开心~ #杨非同# ：我也想把自己很多不足的地方去改正，学习更多东西去完善自己，再站到你们面前，会很努力的~ 收起 d,54,455,550,1514,2
idol_producer_054,明鹏,偶像练习生,位置测评阶段,2018-02-03,2018-02-16,明鹏 偶像练习生,4208183649934897,https://m.weibo.cn/detail/4208183649934897,2018-02-16 22:50:00,#偶像练习生# 第一轮前60名： 蔡徐坤/陈立农/范丞丞/Justin/朱正廷/小鬼/卜凡/李权哲/何东东/尤长靖/王子异/Jeffrey/秦奋/林超泽/朱星杰/灵超/钱正昊/董岩磊/韩沐伯/丁泽仁/岳岳/左叶/徐凯皓/木子洋/郑锐彬/毕雯珺/周彦辰/林彦俊/李希侃/陆定昊/周锐/黄书豪/黄新淳/罗正/张达源/李让/贝汯璘/李长庚/陈斯琪/韩雍杰/秦子墨/武连杰/覃俊毅/娄滋博/靖佩瑶/余明君/陈名豪/明鹏/杨非同/朱匀一/伽里/凌崎/朱匀天/徐圣恩/李俊毅/张奕轩/王艺龙/姜达赫/胡致邦/梁辉 乐华女孩绝不认输 收起 d,2,32,106,172,3
idol_producer_054,明鹏,偶像练习生,合作舞台阶段,2018-03-03,2018-03-23,明鹏 偶像练习生,4217954213570323,https://m.weibo.cn/detail/4217954213570323,2018-03-15 21:55:00,#偶像练习生# #明鹏# 明鹏第一部参演电影，沉默的证人8月要和大家见面啦～ @Pb明鹏 ​,7,17,113,154,4
idol_producer_054,明鹏,偶像练习生,总决赛阶段,2018-03-24,2018-04-06,明鹏 偶像练习生,4221184247654201,https://m.weibo.cn/detail/4221184247654201,2018-03-24 19:50:00,#偶像练习生# 最最喜欢卜凡 林彦俊 [噢耶]然后是 小鬼 朱星杰 Jeffrey 范丞丞 朱正廷 再然后是 韩沐伯 木子洋 罗正 明鹏 ​,4,5,86,100,5
idol_producer_054,明鹏,偶像练习生,总决赛阶段,2018-03-24,2018-04-06,明鹏 偶像练习生,4223770178848410,https://m.weibo.cn/detail/4223770178848410,2018-03-31 23:05:00,#偶像练习生# #明鹏# 明鹏小哥哥亲笔签名照 ​,1,19,21,60,6
idol_producer_054,明鹏,偶像练习生,排名发布阶段,2018-02-17,2018-03-02,明鹏 偶像练习生,4211696689586402,https://m.weibo.cn/detail/4211696689586402,2018-02-26 15:30:00,#偶像练习生# #偶言偶语# 为什么选shape of you，猕猴桃的心思你别猜，你猜来猜去也猜不明白。 直拍链接👇 【李长庚】 L 《偶像练习生》【直拍】位置测评《Shape of you》李长庚 【明鹏】 L 《偶像练习生》【直拍】位置测评《Shape of you》明鹏 【陈名豪】 L 《偶像练习生》【直拍】位置测评《Shape of you》陈名豪 【韩雍杰】 L 《偶像练习生》【直拍】位置测评《Shape of you》韩雍杰 【陈斯琪】 L 《偶像练习生》【直拍】位置测评《Shape of you》陈斯琪 ​,1,17,16,51,7
idol_producer_054,明鹏,偶像练习生,合作舞台阶段,2018-03-03,2018-03-23,明鹏 偶像练习生,4217223125895584,https://m.weibo.cn/detail/4217223125895584,2018-03-13 21:30:00,偶像练习生要是出一个脸赞9人组就好了，像圭贤的罗正、像宋仲基的明鹏、灵超、justin 、这几个人必须要在，罗正的颜我真的很吃，在排名当中完全上位圈好吗，每一个镜头都超级帅。 ​,0,9,25,43,8
idol_producer_054,明鹏,偶像练习生,合作舞台阶段,2018-03-03,2018-03-23,明鹏 偶像练习生,4216890505499701,https://m.weibo.cn/detail/4216890505499701,2018-03-12 23:28:00,#李荣浩偶像练习生# 有没有和我一样觉得练习生里面这个叫明鹏的孩子像宋钟基 #东方风云榜为李荣浩打call# ​,0,19,4,42,9
idol_producer_054,明鹏,偶像练习生,合作舞台阶段,2018-03-03,2018-03-23,明鹏 偶像练习生,4218665399986409,https://m.weibo.cn/detail/4218665399986409,2018-03-17 21:01:00,那个明鹏不就是自带粉丝去快男，然后连海选都没过的么……当时唱得是超烂。来到偶像练习生，也就两个镜头……不过还好，居然有c。 ​,0,10,5,25,10
idol_producer_054,明鹏,偶像练习生,排名发布阶段,2018-02-17,2018-03-02,明鹏 偶像练习生,4213141921935264,https://m.weibo.cn/detail/4213141921935264,2018-03-02 15:12:00,敲黑板！上周国民学长 @Pb明鹏 《Shape of you》直拍测评看得还过瘾嘛？ 正片将在今日份的 #偶像练习生# 中完美呈现，为你续费周末福利！ O 今晚8点，记得准时瞄准爱奇艺 ，练习生 #明鹏# 满血进击！投票： O 网页链接 ​,0,1,22,24,11
idol_producer_054,明鹏,偶像练习生,排名发布阶段,2018-02-17,2018-03-02,明鹏 偶像练习生,4212550876530742,https://m.weibo.cn/detail/4212550876530742,2018-03-01 00:04:00,#偶像练习生# 明鹏小哥哥，你晃够没！？？？多动症患儿忍不住自己了 傻不傻 @Pb明鹏 ​,0,3,16,22,12
idol_producer_054,明鹏,偶像练习生,总决赛阶段,2018-03-24,2018-04-06,明鹏 偶像练习生,4222233108761134,https://m.weibo.cn/detail/4222233108761134,2018-03-27 17:18:00,偶像练习生中董岩磊跟明鹏之前是不是参加过偶滴歌神啊！看着好眼熟，而且明鹏之前还参加过快乐男生海选。周锐跟朱星杰周彦辰之前是在一个组合，翻第一期的评级视频怎么感觉在评级里没有看到周锐，是节目组剪了吗，还是我没看到。 #偶像练习生# ​,0,8,5,21,13
idol_producer_054,明鹏,偶像练习生,排名发布阶段,2018-02-17,2018-03-02,明鹏 偶像练习生,4213085176334741,https://m.weibo.cn/detail/4213085176334741,2018-03-02 11:27:00,#偶像练习生# 明鹏祝你们元宵节快乐🏮新的一年大家都要继续加油啊～ ​,0,3,12,18,14
idol_producer_054,明鹏,偶像练习生,合作舞台阶段,2018-03-03,2018-03-23,明鹏 偶像练习生,4218002340035913,https://m.weibo.cn/detail/4218002340035913,2018-03-16 01:06:00,#偶像练习生# 好吧，找到你的 @Pb明鹏 同款了～好看～ ​,0,5,7,17,15
idol_producer_054,明鹏,偶像练习生,总决赛阶段,2018-03-24,2018-04-06,明鹏 偶像练习生,4222250746141658,https://m.weibo.cn/detail/4222250746141658,2018-03-27 18:28:00,为什么大家都说 偶像练习生明鹏像宋仲基👔 我怎么看他跟林周焕一模一样 ​,1,5,5,16,16
idol_producer_054,明鹏,偶像练习生,总决赛阶段,2018-03-24,2018-04-06,明鹏 偶像练习生,4224463975104956,https://m.weibo.cn/detail/4224463975104956,2018-04-02 21:02:00,4.6 我们等你 @Pb明鹏 回归 #偶像练习生# 不见不散 #明鹏# ​,0,6,3,15,17
idol_producer_054,明鹏,偶像练习生,总决赛阶段,2018-03-24,2018-04-06,明鹏 偶像练习生,4221911967946883,https://m.weibo.cn/detail/4221911967946883,2018-03-26 20:01:00,#偶像练习生# #明鹏# 没错，蓄势待发，砥砺前行，相信你会让我们看到更加优秀的 @Pb明鹏 ！！！ L Yee_嫣的秒拍视频 ​,0,4,6,14,18
idol_producer_054,明鹏,偶像练习生,合作舞台阶段,2018-03-03,2018-03-23,明鹏 偶像练习生,4217430765141233,https://m.weibo.cn/detail/4217430765141233,2018-03-14 11:15:00,一开始看偶像练习生被长的像宋仲基的明鹏给圈粉了，但是之后几期老爷的表现，让我真正的喜欢上了他！！！笔芯！！ #明鹏# ​,0,3,5,11,19
idol_producer_054,明鹏,偶像练习生,总决赛阶段,2018-03-24,2018-04-06,明鹏 偶像练习生,4225904810782190,https://m.weibo.cn/detail/4225904810782190,2018-04-06 20:28:00,明鹏，曾经上过偶滴歌神这个节目 在节目里他是音痴来的 怎么上了偶像练习生就变成歌手了 难道是刚学会的 ​,0,1,8,10,20
idol_producer_054,明鹏,偶像练习生,总决赛阶段,2018-03-24,2018-04-06,明鹏 偶像练习生,4224451861936242,https://m.weibo.cn/detail/4224451861936242,2018-04-02 20:14:00,期待老爷的爱奇艺直播。 老爷加油↖(^ω^)↗ #明鹏# #偶像练习生# ​,0,2,4,8,21
idol_producer_054,明鹏,偶像练习生,合作舞台阶段,2018-03-03,2018-03-23,明鹏 偶像练习生,4216831172377233,https://m.weibo.cn/detail/4216831172377233,2018-03-12 19:32:00,#偶像练习生# #明鹏# 很不错的发型,0,0,7,7,22
idol_producer_054,明鹏,偶像练习生,合作舞台阶段,2018-03-03,2018-03-23,明鹏 偶像练习生,4218323468078023,https://m.weibo.cn/detail/4218323468078023,2018-03-16 22:22:00,妈呀明鹏又去参加《偶像练习生》了！ 张艺兴：你的声音挺好的，F（五等中最差的一等）。 我真的薯片都笑飞了,0,1,3,5,23
idol_producer_054,明鹏,偶像练习生,合作舞台阶段,2018-03-03,2018-03-23,明鹏 偶像练习生,4220091623620417,https://m.weibo.cn/detail/4220091623620417,2018-03-21 19:28:00,两期快看完了。明鹏韩雍杰不是快男吗？？？陈斯琪不是参加二次元大作战的coser吗？？？啊偶像练习生真奇妙,0,0,4,4,24
idol_producer_054,明鹏,偶像练习生,合作舞台阶段,2018-03-03,2018-03-23,明鹏 偶像练习生,4216429203096974,https://m.weibo.cn/detail/4216429203096974,2018-03-11 16:55:00,#偶像练习生# #偶像练习生# 近几天狂追偶像练习生，除了被才华横溢的预备idol们惊呆，更多的还是感叹~看看人家的十九岁。最最重要的是发现了好多明星脸 (๑• . •๑)李权哲→EXO秀敏 (๑• . •๑)陈立农→华晨宇(笑起来真是服气像) (๑• . •๑)卜凡→金宇彬(眉眼是真像) (๑• . •๑)Justin→杨丞琳(不知道vocal老师李荣浩发现没有 ) (๑• . •๑)明鹏→宋仲基 (๑• . •๑)来自泰国的黄书豪→黑一点的唐艺昕 (๑• . •๑)王子异→白一点的王大陆 (๑• . •๑)毕雯珺→马思纯＋吴亦凡(尤其是带妆以后) ♀还有还有，笑起来的范丞丞和窦骁有那么一丝神似，可能是那排整齐的大白牙带给我的错觉吧😂 看来我的九图是凑不齐了，欢迎大家来补充 表示会持续关注wuli练习生们 2 重庆 收起 d,0,0,1,1,25
idol_producer_054,明鹏,偶像练习生,总决赛阶段,2018-03-24,2018-04-06,明鹏 偶像练习生,4224435474885314,https://m.weibo.cn/detail/4224435474885314,2018-04-02 19:09:00,啊啊啊啊啊啊，学校里在放偶像练习生主题曲也！！ #明鹏# #偶像练习生# ​,0,0,1,1,26
idol_producer_054,明鹏,偶像练习生,总决赛阶段,2018-03-24,2018-04-06,明鹏 偶像练习生,4225420876950879,https://m.weibo.cn/detail/4225420876950879,2018-04-05 12:25:00,《偶像练习生》的选手 @Pb明鹏 和歌手 @赵哲ZzZz 在《偶滴歌神啊》里合演的《小幸运》，超级撞脸宋仲基和屁鹅呢 看得我少女心❤炸裂，特别是最后居然要亲上了 L 微博TiTo先生的秒拍视频 ​​​,0,0,1,1,27
idol_producer_054,明鹏,偶像练习生,总决赛阶段,2018-03-24,2018-04-06,明鹏 偶像练习生,4225872532114541,https://m.weibo.cn/detail/4225872532114541,2018-04-06 18:19:00,#偶像练习生# #明鹏# 加油// @Pb明鹏 :我是 #偶像练习生# 明鹏，全民制作人，谢谢关照。,0,0,1,1,28
idol_producer_054,明鹏,偶像练习生,排名发布阶段,2018-02-17,2018-03-02,明鹏 偶像练习生,4213065081781175,https://m.weibo.cn/detail/4213065081781175,2018-03-02 10:07:00,我正在爱奇艺看《偶像练习生》【直拍】位置测评《Shape of you》明鹏，快来 @爱奇艺 一起看！ L 《偶像练习生》【直拍】位置测评《Shape of you》明鹏 ​,0,0,0,0,29
idol_producer_054,明鹏,偶像练习生,排名发布阶段,2018-02-17,2018-03-02,明鹏 偶像练习生,4213189187224098,https://m.weibo.cn/detail/4213189187224098,2018-03-02 18:20:00,#偶像练习生# 我向 @Pb明鹏 送出了加油卡！我pick的小哥哥全世界最棒！大家快来一起给你喜欢的选手打call吧！ O 练习生PICK榜 ​,0,0,0,0,30
idol_producer_055,木子洋,偶像练习生,合作舞台阶段,2018-03-03,2018-03-23,木子洋 偶像练习生,4220869360131549,https://m.weibo.cn/detail/4220869360131549,2018-03-23 22:58:00,#偶像练习生# #BC221# #岳岳pinkray# #卜凡# #灵超# #木子洋# 坤音的这段视频太搞笑了，我也就看了十几遍 L 偶练生搬运小巴士的秒拍视频 ​,396,247,1261,2151,1
idol_producer_055,木子洋,偶像练习生,总决赛阶段,2018-03-24,2018-04-06,木子洋 偶像练习生,4225941674176885,https://m.weibo.cn/detail/4225941674176885,2018-04-06 22:54:00,#木子洋# 哥哥要继续加油呀未来有我们陪你喔 // @木子洋KWIN :我是 #偶像练习生# 木子洋，全民制作人，谢谢关照,254,0,0,254,2
idol_producer_055,木子洋,偶像练习生,排名发布阶段,2018-02-17,2018-03-02,木子洋 偶像练习生,4213254148640895,https://m.weibo.cn/detail/4213254148640895,2018-03-02 22:38:00,#木子洋# ◾️ #偶像练习生# 你值得这一切。 ​,16,0,117,133,3
idol_producer_055,木子洋,偶像练习生,合作舞台阶段,2018-03-03,2018-03-23,木子洋 偶像练习生,4220869041487789,https://m.weibo.cn/detail/4220869041487789,2018-03-23 22:57:00,今天的偶像练习生看得我真是一会笑一会哭哭完了笑笑完了哭 这个节目真的挺变态的 不仅折磨练习生们还折磨全民制作人阿！！ 我看到岳岳和洋哥被淘汰的时候真的是哭到泣不成声了吧 看到灵超弟弟那么难过心里真的很难受很难受 凡子虽然话说的不多但其实也能体会到他的难过… 人各有命 富贵在天 这里只是一个起点 无论是岳岳还是木子洋 还有被淘汰的每一个练习生们 周美锐阿周彦辰啦罗正小哥哥啦…每一个你们都是很优秀很棒的人 梦想的路永远不止这一条 想对你们每一个人说一句加油！ 最后就是凡子和弟弟继续努力🙏坤音女孩陪你们走到最后 坤音四子绝不认输 我们坤音永不放弃❤ #偶像练习生# #卜凡# #坤音四子# 收起 d,0,2,27,31,4
idol_producer_055,木子洋,偶像练习生,排名发布阶段,2018-02-17,2018-03-02,木子洋 偶像练习生,4213258434405443,https://m.weibo.cn/detail/4213258434405443,2018-03-02 22:55:00,#木子洋# #偶像练习生# 洋洋说爱我们 加油投票好好努力去见他 不能辜负这么温柔 这么好的人啊 @木子洋 ​,0,2,5,9,5
idol_producer_055,木子洋,偶像练习生,总决赛阶段,2018-03-24,2018-04-06,木子洋 偶像练习生,4225943012686055,https://m.weibo.cn/detail/4225943012686055,2018-04-06 22:59:00,#偶像练习生# #坤音娱乐# #坤音女孩绝不认输# #坤音四子# #BC221# 这个晚上又哭又笑的hhh 今晚过後我就可以做个吃瓜群衆笑看土偶饭圈各种瓜了WWW 毕竟pick的小可爱们都没进qqq 坤音自己崽自己疼！！！其实最想也是你们自己出道！！！ 坤音大势，未来可期！！！！ 我爱你们！！（笔芯 @木子洋KWIN @灵超DIDI @卜凡KATTO @岳岳PINKRA 收起 d,0,2,1,5,6
idol_producer_055,木子洋,偶像练习生,排名发布阶段,2018-02-17,2018-03-02,木子洋 偶像练习生,4213254739582670,https://m.weibo.cn/detail/4213254739582670,2018-03-02 22:41:00,#木子洋# #偶像练习生# 最温暖的木子洋，加油！❤️匀一，你哥哥很帅！❤️小哥哥们以后都要走花路！☀️ L Nancy_SmallS的秒拍视频 ​,0,0,4,4,7
idol_producer_055,木子洋,偶像练习生,总决赛阶段,2018-03-24,2018-04-06,木子洋 偶像练习生,4225941255174588,https://m.weibo.cn/detail/4225941255174588,2018-04-06 22:52:00,// @浓缩奶糖 :轮博啦宝贝们！// @浓缩奶糖 : #木子洋# 我已经准备好以后的生活都有你的陪伴啦 @木子洋KWIN // @木子洋KWIN :我是 #偶像练习生# 木子洋，全民制作人，谢谢关照,3,0,0,3,8
idol_producer_055,木子洋,偶像练习生,主题曲考核阶段,2018-01-27,2018-02-02,木子洋 偶像练习生,4203110420876668,https://m.weibo.cn/detail/4203110420876668,2018-02-02 22:51:00,#偶像练习生# 我向 @木子洋KWIN 送出了加油卡！我pick的小哥哥全世界最棒！大家快来一起给你喜欢的选手打call吧！ O 练习生PICK榜 ​,0,0,1,1,9
idol_producer_055,木子洋,偶像练习生,排名发布阶段,2018-02-17,2018-03-02,木子洋 偶像练习生,4213256756973120,https://m.weibo.cn/detail/4213256756973120,2018-03-02 22:49:00,#木子洋# #岳岳pinkray# #卜凡# #灵超# #坤音女孩绝不认输# #偶像练习生# 起码我要为他们做到我能做到一切,0,0,1,1,10
idol_producer_055,木子洋,偶像练习生,排名发布阶段,2018-02-17,2018-03-02,木子洋 偶像练习生,4213257172395764,https://m.weibo.cn/detail/4213257172395764,2018-03-02 22:50:00,#木子洋# #岳岳pinkray# #卜凡# #灵超# #坤音女孩绝不认输# #偶像练习生# 大家打投组了解一下！！个人打投或者全团打投！！无论团还是唯 目前为他们投票才是最重要的！！,0,0,1,1,11
idol_producer_055,木子洋,偶像练习生,排名发布阶段,2018-02-17,2018-03-02,木子洋 偶像练习生,4213258933668053,https://m.weibo.cn/detail/4213258933668053,2018-03-02 22:57:00,#跟爱豆一起，让爱放大# 感谢木子洋的粉丝 @BelieveKWIN_木子洋个站 牵头组织小懂事儿们为山区小朋友们捐赠35个爱心包裹，送去 一对一的关爱，这不仅是对孩子们的爱心，也是给他们送去对未来美好生活的期待！ 在此也祝 @木子洋KWIN 新年快乐！每天多一点开心，多一点笑容，有更美好的未来！也希望木子洋在 #偶像练习生# 里有更好的舞台！更好的成绩！ 收起 d,0,0,1,1,12
idol_producer_055,木子洋,偶像练习生,总决赛阶段,2018-03-24,2018-04-06,木子洋 偶像练习生,4225941381092621,https://m.weibo.cn/detail/4225941381092621,2018-04-06 22:53:00,来轮博吧 // @浓缩奶糖 :// @浓缩奶糖 :轮博啦宝贝们！// @浓缩奶糖 : #木子洋# 我已经准备好以后的生活都有你的陪伴啦 @木子洋KWIN // @木子洋KWIN :我是 #偶像练习生# 木子洋，全民制作人，谢谢关照,1,0,0,1,13
idol_producer_055,木子洋,偶像练习生,总决赛阶段,2018-03-24,2018-04-06,木子洋 偶像练习生,4225941368982813,https://m.weibo.cn/detail/4225941368982813,2018-04-06 22:53:00,新的路已经开始啦 宝贝们不想送他走向更高的舞台吗！// @浓缩奶糖 :轮博啦宝贝们！// @浓缩奶糖 : #木子洋# 我已经准备好以后的生活都有你的陪伴啦 @木子洋KWIN // @木子洋KWIN :我是 #偶像练习生# 木子洋，全民制作人，谢谢关照,1,0,0,1,14
idol_producer_055,木子洋,偶像练习生,总决赛阶段,2018-03-24,2018-04-06,木子洋 偶像练习生,4225941729368799,https://m.weibo.cn/detail/4225941729368799,2018-04-06 22:54:00,哥哥走花路啊// @十一木- :// @浓缩奶糖 :// @浓缩奶糖 :轮博啦宝贝们！// @浓缩奶糖 : #木子洋# 我已经准备好以后的生活都有你的陪伴啦 @木子洋KWIN // @木子洋KWIN :我是 #偶像练习生# 木子洋，全民制作人，谢谢关照,0,0,1,1,15
idol_producer_055,木子洋,偶像练习生,排名发布阶段,2018-02-17,2018-03-02,木子洋 偶像练习生,4213254173237627,https://m.weibo.cn/detail/4213254173237627,2018-03-02 22:38:00,@木子洋KWIN 我在 #偶像练习生# 练习生PICK榜上为你打call！把小心心都给你，赢取节目10s彩蛋！ O 练习生PICK榜 ​,0,0,0,0,16
idol_producer_055,木子洋,偶像练习生,排名发布阶段,2018-02-17,2018-03-02,木子洋 偶像练习生,4213254127994269,https://m.weibo.cn/detail/4213254127994269,2018-03-02 22:38:00,@木子洋KWIN 我在 #偶像练习生# 练习生PICK榜上为你打call！把小心心都给你，赢取节目10s彩蛋！ O 练习生PICK榜 ​,0,0,0,0,17
idol_producer_055,木子洋,偶像练习生,排名发布阶段,2018-02-17,2018-03-02,木子洋 偶像练习生,4213254202682464,https://m.weibo.cn/detail/4213254202682464,2018-03-02 22:39:00,#偶像练习生# 我向 @木子洋KWIN 送出了加油卡！我pick的小哥哥全世界最棒！大家快来一起给你喜欢的选手打call吧！ O 练习生PICK榜 ​,0,0,0,0,18
idol_producer_055,木子洋,偶像练习生,排名发布阶段,2018-02-17,2018-03-02,木子洋 偶像练习生,4213255125371347,https://m.weibo.cn/detail/4213255125371347,2018-03-02 22:42:00,#偶像练习生# 我向 @木子洋KWIN 送出了加油卡！我pick的小哥哥全世界最棒！大家快来一起给你喜欢的选手打call吧！ O 练习生PICK榜 ​,0,0,0,0,19
idol_producer_055,木子洋,偶像练习生,排名发布阶段,2018-02-17,2018-03-02,木子洋 偶像练习生,4213255222620742,https://m.weibo.cn/detail/4213255222620742,2018-03-02 22:43:00,#偶像练习生# 我向 @木子洋KWIN 送出了加油卡！我pick的小哥哥全世界最棒！大家快来一起给你喜欢的选手打call吧！ O 练习生PICK榜 ​,0,0,0,0,20
idol_producer_055,木子洋,偶像练习生,排名发布阶段,2018-02-17,2018-03-02,木子洋 偶像练习生,4213256446836653,https://m.weibo.cn/detail/4213256446836653,2018-03-02 22:47:00,#偶像练习生# 我向 @木子洋KWIN 送出了加油卡！我pick的小哥哥全世界最棒！大家快来一起给你喜欢的选手打call吧！ O 练习生PICK榜 ​,0,0,0,0,21
idol_producer_055,木子洋,偶像练习生,排名发布阶段,2018-02-17,2018-03-02,木子洋 偶像练习生,4213257289566992,https://m.weibo.cn/detail/4213257289566992,2018-03-02 22:51:00,@木子洋KWIN 我在 #偶像练习生# 练习生PICK榜上为你打call！把小心心都给你，赢取节目10s彩蛋！ O 练习生PICK榜 ​,0,0,0,0,22
idol_producer_055,木子洋,偶像练习生,排名发布阶段,2018-02-17,2018-03-02,木子洋 偶像练习生,4213257692382816,https://m.weibo.cn/detail/4213257692382816,2018-03-02 22:52:00,#偶像练习生# 我向 @木子洋KWIN 送出了加油卡！我pick的小哥哥全世界最棒！大家快来一起给你喜欢的选手打call吧！ O 练习生PICK榜 ​,0,0,0,0,23
idol_producer_055,木子洋,偶像练习生,排名发布阶段,2018-02-17,2018-03-02,木子洋 偶像练习生,4213257638220912,https://m.weibo.cn/detail/4213257638220912,2018-03-02 22:52:00,#偶像练习生# 我向 @木子洋KWIN 送出了加油卡！我pick的小哥哥全世界最棒！大家快来一起给你喜欢的选手打call吧！ O 练习生PICK榜 ​,0,0,0,0,24
idol_producer_055,木子洋,偶像练习生,排名发布阶段,2018-02-17,2018-03-02,木子洋 偶像练习生,4213257713641628,https://m.weibo.cn/detail/4213257713641628,2018-03-02 22:53:00,@木子洋KWIN 我在 #偶像练习生# 练习生PICK榜上为你打call！把小心心都给你，赢取节目10s彩蛋！ O 练习生PICK榜 ​,0,0,0,0,25
idol_producer_055,木子洋,偶像练习生,排名发布阶段,2018-02-17,2018-03-02,木子洋 偶像练习生,4213258036343407,https://m.weibo.cn/detail/4213258036343407,2018-03-02 22:54:00,#偶像练习生# 我向 @木子洋KWIN 送出了加油卡！我pick的小哥哥全世界最棒！大家快来一起给你喜欢的选手打call吧！ O 练习生PICK榜 ​,0,0,0,0,26
idol_producer_055,木子洋,偶像练习生,排名发布阶段,2018-02-17,2018-03-02,木子洋 偶像练习生,4213259060409947,https://m.weibo.cn/detail/4213259060409947,2018-03-02 22:58:00,@木子洋KWIN 我在 #偶像练习生# 练习生PICK榜上为你打call！把小心心都给你，赢取节目10s彩蛋！！！！！ O 练习生PICK榜 ​,0,0,0,0,27
idol_producer_055,木子洋,偶像练习生,排名发布阶段,2018-02-17,2018-03-02,木子洋 偶像练习生,4213259038941602,https://m.weibo.cn/detail/4213259038941602,2018-03-02 22:58:00,@木子洋KWIN 我在 #偶像练习生# 练习生PICK榜上为你打call！把小心心都给你，赢取节目10s彩蛋！！！！！！ O 练习生PICK榜 ​,0,0,0,0,28
idol_producer_055,木子洋,偶像练习生,排名发布阶段,2018-02-17,2018-03-02,木子洋 偶像练习生,4213259009777450,https://m.weibo.cn/detail/4213259009777450,2018-03-02 22:58:00,#偶像练习生# 我向 @木子洋KWIN 送出了加油卡！我pick的小哥哥全世界最棒！大家快来一起给你喜欢的选手打call吧！ O 练习生PICK榜 ​,0,0,0,0,29
idol_producer_055,木子洋,偶像练习生,排名发布阶段,2018-02-17,2018-03-02,木子洋 偶像练习生,4213259420081889,https://m.weibo.cn/detail/4213259420081889,2018-03-02 22:59:00,@木子洋KWIN 我在 #偶像练习生# 练习生PICK榜上为你打call！把小心心都给你，赢取节目10s彩蛋！ O 练习生PICK榜 ​,0,0,0,0,30
idol_producer_056,朱一文,偶像练习生,排名发布阶段,2018-02-17,2018-03-02,朱一文 偶像练习生,4208848367757036,https://m.weibo.cn/detail/4208848367757036,2018-02-18 18:51:00,#偶像练习生# 练习生宿舍喜迎新春，“吉祥物”董岩磊 @董岩磊 和舍长朱一文 @朱一文同學 来贴对联！可是对门宿舍余明君 @余明君_MJ 的手写对联好像更有排面？ 董岩磊同学你自作的对联尬到VJ 都听不下去了 L 《偶像练习生》幕后花絮：练习生宿舍迎新春 麦锐少年收获春联 ​,297,1131,4564,7123,1
idol_producer_056,朱一文,偶像练习生,位置测评阶段,2018-02-03,2018-02-16,朱一文 偶像练习生,4208154289709248,https://m.weibo.cn/detail/4208154289709248,2018-02-16 20:53:00,偶像练习生 99进60的淘汰名单 乐华、坤音、觉醒东方、超能唱片全员安全 香蕉娱乐（9个淘汰4个） 高茂桐 姜京佐 李若天 邱治楷 辰星娱乐（6个淘汰4个） Rapen 王宥辰 J-one Gigel 麦锐娱乐（6个淘汰3个） 邓烺怡 孙凡杰 吕晨瑜 简单快乐（5个淘汰4个） 金逸涵 林浩楷 李志杰 孙浩然 盛夏星空（5个淘汰1个） 王梓豪 新锐杂志（5个淘汰3个） 赵俞澈 应智越 万宇贤 AIF娱乐（全军覆没） 于浩 赵凌峰 杨羿 张艺凡 焕星娱乐（全军覆没） 何嘉庚 李鑫岩 罗杰 张宇晨 铂熠娱乐（4个淘汰2个） 叶泓希 张昕 乐风艺社（全军覆没） 陈义夫 闵喆祥 果然娱乐（4个淘汰1个） 张晏恺 次元文化（2个淘汰1个） 徐鹤尼 新湃传媒（单人） 于斌 天津中视（单人） 朱一文 个人练习生（7个淘汰4个） 甘俊 侯浩然 黄若涵 周腾阳 个人觉得比较可惜的一些：扫地组合（罗杰、姜京佐）、张艺凡（第三期进A组）、闵喆祥（学舞能力突出） 收起 d,220,1591,1046,4448,2
idol_producer_056,朱一文,偶像练习生,总决赛阶段,2018-03-24,2018-04-06,朱一文 偶像练习生,4225816608465668,https://m.weibo.cn/detail/4225816608465668,2018-04-06 14:37:00,@爱奇艺偶像练习生 有缘自会相聚 ，感谢每一位练习生，感谢全民制作人们。 #偶像练习生朱一文# #偶像练习生# #朱一文# L 朱一文同學的秒拍视频 ​,5,19,167,210,3
idol_producer_056,朱一文,偶像练习生,总决赛阶段,2018-03-24,2018-04-06,朱一文 偶像练习生,4225878021726118,https://m.weibo.cn/detail/4225878021726118,2018-04-06 18:41:00,我是 #偶像练习生# 朱一文，全民制作人，谢谢关照,3,14,176,207,4
idol_producer_056,朱一文,偶像练习生,排名发布阶段,2018-02-17,2018-03-02,朱一文 偶像练习生,4212006527646610,https://m.weibo.cn/detail/4212006527646610,2018-02-27 12:01:00,燃爆！！ #爱奇艺偶像练习生# #杨非同# 代号魂斗罗 AB组纯享分屏版 左右声道 懒人最爱的一次看俩个视频 李长庚于斌林彦俊许凯皓叶泓希杨羿邱治谐朱一文林浩楷韩雍杰张宇晨何嘉庚徐鹤尼杨非同-P1 #哔哩哔哩# L 【9/100】代号魂斗罗 AB组纯享分屏版 左右声道 懒人最爱的一次看俩个视频 李长庚于斌林彦俊许凯皓叶泓希杨羿邱治谐朱一文林浩楷韩雍杰张宇晨何嘉庚徐鹤尼杨非同 ​,0,3,11,17,5
idol_producer_056,朱一文,偶像练习生,合作舞台阶段,2018-03-03,2018-03-23,朱一文 偶像练习生,4215636597620445,https://m.weibo.cn/detail/4215636597620445,2018-03-09 12:25:00,#偶像练习生朱一文# #偶像练习生# 朱一文第一期CUT 在默默等待新消息的时候，再来回顾wuli岛主 @朱一文同學 紧紧盯住那一抹明亮的黄 ps.细碎的镜头真是让小团 L 朱一文后援团的秒拍视频 ​,1,2,4,9,6
idol_producer_056,朱一文,偶像练习生,排名发布阶段,2018-02-17,2018-03-02,朱一文 偶像练习生,4212727255503265,https://m.weibo.cn/detail/4212727255503265,2018-03-01 11:45:00,那也不是 #朱一文# 啊 那是 #偶像练习生于斌# // @同心杰_orient :朱一文同学的// @沁小妞的YJQ :这一张 查看图片,0,2,0,4,7
idol_producer_056,朱一文,偶像练习生,排名发布阶段,2018-02-17,2018-03-02,朱一文 偶像练习生,4211081314094674,https://m.weibo.cn/detail/4211081314094674,2018-02-24 22:44:00,#偶像练习生朱一文# #朱一文# 漫漫长路，稳稳的、不急不躁[互粉][互粉][互粉] ​,0,0,2,2,8
idol_producer_056,朱一文,偶像练习生,总决赛阶段,2018-03-24,2018-04-06,朱一文 偶像练习生,4221221879536124,https://m.weibo.cn/detail/4221221879536124,2018-03-24 22:19:00,#偶像练习生# #杨非同# 【温馨建议，戴耳机观看，超赞超燃超棒】代号魂斗罗 AB组纯享分屏版 左右声道 懒人最爱的一次看俩个视频 李长庚于斌林彦俊许凯皓叶泓希杨羿邱治谐朱一文林浩楷韩雍杰张宇晨何嘉庚徐鹤尼 @杨非同Nemo #哔哩哔哩动画# O 网页链接 ​,0,0,2,2,9
idol_producer_056,朱一文,偶像练习生,总决赛阶段,2018-03-24,2018-04-06,朱一文 偶像练习生,4221506499773605,https://m.weibo.cn/detail/4221506499773605,2018-03-25 17:10:00,#偶像练习生朱一文# #朱一文# 之前中奖得到的周边是朱一文小哥哥的签名照，可惜我pick的是陈立农，想问问有没有小姐姐有農農的签名照可以互换的哇，复印的勿扰喔，毕竟我这个是真实原版签名～有的小姐姐私我，么么哒～ ​,0,1,0,2,10
idol_producer_056,朱一文,偶像练习生,合作舞台阶段,2018-03-03,2018-03-23,朱一文 偶像练习生,4215797394172617,https://m.weibo.cn/detail/4215797394172617,2018-03-09 23:04:00,参加 #偶像练习生# 时 岛主 #朱一文# 演唱的,0,0,1,1,11
idol_producer_056,朱一文,偶像练习生,总决赛阶段,2018-03-24,2018-04-06,朱一文 偶像练习生,4225878962069552,https://m.weibo.cn/detail/4225878962069552,2018-04-06 18:45:00,#偶像练习生# #朱一文#,0,0,1,1,12
idol_producer_056,朱一文,偶像练习生,总决赛阶段,2018-03-24,2018-04-06,朱一文 偶像练习生,4223046972052210,https://m.weibo.cn/detail/4223046972052210,2018-03-29 23:12:00,#这一刻的小时光# 那都不想去，只想睡觉 #偶像练习生# #朱一文# ​,0,0,0,0,13
idol_producer_056,朱一文,偶像练习生,总决赛阶段,2018-03-24,2018-04-06,朱一文 偶像练习生,4224734952108089,https://m.weibo.cn/detail/4224734952108089,2018-04-03 14:59:00,扒一扒《偶像练习生》中的隐藏的学霸与理工男？ 1.朱正廷——来自于上海戏剧学院。；2.郑锐彬——中央戏剧学院；3.朱一文——北京电影学院；4.尤长靖——南京艺术学院；5.毕雯珺——沈阳音乐学院；6.岳岳——理工男，南航本科毕业，英国格拉斯哥大学。这所大学最高排名世界51名。属于名牌大学；7.秦奋——首尔建国大学;8.林彦俊——广东外语外贸大学;9.秦子墨——南通大学 #客家擂茶# O 网页链接 收起 d,0,0,0,0,14
idol_producer_057,朱匀一,偶像练习生,合作舞台阶段,2018-03-03,2018-03-23,朱匀一 偶像练习生,4219431011791925,https://m.weibo.cn/detail/4219431011791925,2018-03-19 23:43:00,群像 | #偶像练习生# X 九九八十一 回忆向 大家不要撕逼 和气生财 为啥发在瓜田呢…因为我剪了整整三天 这个真的很难剪啊 实在是很怕凉了 原唱：乐正绫 洛天依 翻唱：满汉全席音乐团队 特曼X裂天X小魂 剪辑： @今天丁泽仁出道了吗 B站： O 网页链接 唐玄奘 - #郑锐彬# 孙悟空 - #Justin# 猪悟能 - #朱正廷# 沙悟净 - #毕雯珺# 小白龙 - #范丞丞# 黑熊怪 - #卜凡# 黄风怪 - #木子洋# 奎木狼 - #林彦俊# 白骨精 - #周彦辰# 灵感大王 - #杨非同# 金角大王 - #朱匀天# 银角大王 - #朱匀一# 压龙大仙 - #岳岳Pinkray# 玉面狐狸 - #李希侃# 红鳞大蟒 - #丁泽仁# 女儿国国王 - #周锐# 红孩儿 - #钱正昊# 铁扇公主 - #小鬼王琳凯# 九头虫 - #王子异# 豹子精 - #朱星杰# 黄狮精 - #黄新淳# 白鼠精 - #李权哲# 蝎子精 - #蔡徐坤# 六耳猕猴 - #Justin# 赛太岁 - #徐圣恩# 玉兔精 - #陆定昊# 白鹿精 - #灵超# 蜘蛛精 - #小鬼王琳凯# 百目怪 - #娄滋博# 黄眉老祖 - #秦奋# 拂云叟 - #董岩磊# 孤直公 - #罗正# 辟寒大王 - #秦子墨# 辟暑大王 - #靖佩瑶# 辟尘大王 - #韩沐伯# 这人间 毕竟我真正走过 一途平九百波 九千错 凌云渡成正果 但我 有九九八十一种不舍 L 今天丁泽仁出道了吗的秒拍视频 收起 d,766,383,1113,2645,1
idol_producer_057,朱匀一,偶像练习生,总决赛阶段,2018-03-24,2018-04-06,朱匀一 偶像练习生,4225873303033487,https://m.weibo.cn/detail/4225873303033487,2018-04-06 18:22:00,我是 #偶像练习生# 朱匀一 全民制作人 谢谢关照 ❤️爱你们❤️,59,187,2039,2472,2
idol_producer_057,朱匀一,偶像练习生,排名发布阶段,2018-02-17,2018-03-02,朱匀一 偶像练习生,4213253204954702,https://m.weibo.cn/detail/4213253204954702,2018-03-02 22:35:00,成功从来不是一蹴而就的，在刚播出的 #偶像练习生# 中，双胞胎弟弟 @CATCHERS_朱匀一 在彩排中不幸受伤，哥哥 @CATCHERS_朱匀天Z 强忍难受呈现舞台的样子让小妖几欲泪目 ，两个少年镜头很少，但依然坚持给观众最棒的舞台，上天不会辜负努力的人，愿他们的付出能得到最好的回报 ！！ L catchers男团资讯站的秒拍视频 收起 d,538,459,907,2363,3
idol_producer_057,朱匀一,偶像练习生,排名发布阶段,2018-02-17,2018-03-02,朱匀一 偶像练习生,4213244555994419,https://m.weibo.cn/detail/4213244555994419,2018-03-02 22:00:00,今晚播出的 #偶像练习生# 看到了让人很心酸的一幕，双胞胎 @CATCHERS_朱匀一 @CATCHERS_朱匀天Z 展示歌曲《flow》，彩排中弟弟意外受伤，缺席了舞台的录制，我能理解他们两个的难过，像他们说的也许这是最后一次舞台了，偶像两个字太残酷了，这两个小哥哥之前都几乎没有镜头，希望这次可以让大家记住他们的名字吧 。 L catchers男团资讯站的秒拍视频 ​​​ 收起 d,335,297,605,1534,4
idol_producer_057,朱匀一,偶像练习生,排名发布阶段,2018-02-17,2018-03-02,朱匀一 偶像练习生,4213251153490403,https://m.weibo.cn/detail/4213251153490403,2018-03-02 22:26:00,双胞胎一起参加比赛，弟弟 @CATCHERS_朱匀一 受伤缺席舞台，哥哥 @CATCHERS_朱匀天Z 看起来比弟弟还难过 兄弟情义感人至深 兄弟俩作为职业dancer之前参加过很多比赛并取得了不菲的成绩，现在安利给大家，希望这两个没镜头的兄弟可以付出和回报成正比！ #偶像练习生# L catchers男团资讯站的秒拍视频 ​​​,406,254,554,1468,5
idol_producer_057,朱匀一,偶像练习生,排名发布阶段,2018-02-17,2018-03-02,朱匀一 偶像练习生,4213257562539719,https://m.weibo.cn/detail/4213257562539719,2018-03-02 22:52:00,以前关注了不少偶像练习生选手，但似乎漏掉了朱匀一、朱匀天这对双胞胎兄弟，要不是受伤，我大概是看不到这两个不仅努力，颜值实力也都在线的少年了，看到 @CATCHERS_朱匀一 把手搭在 @CATCHERS_朱匀天Z 的背上走进演播室的样子，很心疼，好想也有一个这样的好哥哥啊 L catchers男团资讯站的秒拍视频 ​,304,186,333,1009,6
idol_producer_057,朱匀一,偶像练习生,合作舞台阶段,2018-03-03,2018-03-23,朱匀一 偶像练习生,4220094860997494,https://m.weibo.cn/detail/4220094860997494,2018-03-21 19:41:00,#偶像练习生# #偶言偶语# #偶像练习生# #偶言偶语# 今天为什么这么好哭啊？ 李若天 微博正文 李俊毅 微博正文 朱匀一 微博正文 ​,74,80,390,624,7
idol_producer_057,朱匀一,偶像练习生,排名发布阶段,2018-02-17,2018-03-02,朱匀一 偶像练习生,4213237967191428,https://m.weibo.cn/detail/4213237967191428,2018-03-02 21:34:00,辛苦你們倆了，這期看到我都哭了 。最近手機丟了，沒了匀天合照。先用別的代替吧 ！ @CATCHERS_朱匀天Z @CATCHERS_朱匀一 #偶像练习生# #catchers男团# #应智越# #catchers应智越# #catchers朱匀一# #catchers朱匀天# ​,4,44,184,276,8
idol_producer_057,朱匀一,偶像练习生,合作舞台阶段,2018-03-03,2018-03-23,朱匀一 偶像练习生,4219328842670290,https://m.weibo.cn/detail/4219328842670290,2018-03-19 16:57:00,大家最近是不是都被 #偶像练习生# 里100位帅气的小哥哥刷屏了，是不是综艺看不够还想在直播中看到各位小哥哥？ 3月20日16:00偶像练习生 #catchers男团# 成员做客全民直播 #全民星访问# 栏目啦， @CATCHERS_朱匀一 @CATCHERS_朱匀天Z @CATCHERS_赵俞澈 @CATCHERS_应智越 @CATCHERS_万宇贤 ，在直播间等你哦！ @CATCHERS男团工作室 @CATCHERS_赵俞澈全球后援会 @CATCHERS_朱匀天匀一全球后援会 @CATCHERS_应智越全球后援会 @CATCHERS_万宇贤全球后援会 直播传送门： O 网页链接 收起 d,28,61,95,245,9
idol_producer_057,朱匀一,偶像练习生,位置测评阶段,2018-02-03,2018-02-16,朱匀一 偶像练习生,4208183649934897,https://m.weibo.cn/detail/4208183649934897,2018-02-16 22:50:00,#偶像练习生# 第一轮前60名： 蔡徐坤/陈立农/范丞丞/Justin/朱正廷/小鬼/卜凡/李权哲/何东东/尤长靖/王子异/Jeffrey/秦奋/林超泽/朱星杰/灵超/钱正昊/董岩磊/韩沐伯/丁泽仁/岳岳/左叶/徐凯皓/木子洋/郑锐彬/毕雯珺/周彦辰/林彦俊/李希侃/陆定昊/周锐/黄书豪/黄新淳/罗正/张达源/李让/贝汯璘/李长庚/陈斯琪/韩雍杰/秦子墨/武连杰/覃俊毅/娄滋博/靖佩瑶/余明君/陈名豪/明鹏/杨非同/朱匀一/伽里/凌崎/朱匀天/徐圣恩/李俊毅/张奕轩/王艺龙/姜达赫/胡致邦/梁辉 乐华女孩绝不认输 收起 d,2,32,106,172,10
idol_producer_057,朱匀一,偶像练习生,合作舞台阶段,2018-03-03,2018-03-23,朱匀一 偶像练习生,4219264249999849,https://m.weibo.cn/detail/4219264249999849,2018-03-19 12:40:00,【O!Mèi有问题】嗨！O妹又来啦！这一次对 #偶像练习生# 的专访对象是 @CATCHERS_朱匀天Z @CATCHERS_朱匀一 双胞胎小哥哥！提问戳站内【 O 网页链接 】站内提问有签名拿喔！转发此微博抽取两位粉丝送偶像练习生周边一个～ ​,24,13,45,95,11
idol_producer_057,朱匀一,偶像练习生,主题曲考核阶段,2018-01-27,2018-02-02,朱匀一 偶像练习生,4203105086701453,https://m.weibo.cn/detail/4203105086701453,2018-02-02 22:30:00,【偶像练习生第三期排名出炉 】今晚的 #偶像练习生# 虽然推迟了，但很快推出的加长版也算弥补了粉丝的期待！ #北音学子# 朱星杰、万宇贤、小鬼 、韩雍杰、吕晨瑜、靖佩瑶、王宥辰、赵俞澈、金逸涵、朱匀天、朱匀一、韩沐伯、丁泽仁、北音附中武连杰 加油！ #偶像练习生排名# ​,6,13,54,86,12
idol_producer_057,朱匀一,偶像练习生,合作舞台阶段,2018-03-03,2018-03-23,朱匀一 偶像练习生,4220730805942268,https://m.weibo.cn/detail/4220730805942268,2018-03-23 13:48:00,【 #Owhat专访# 🎙️O!Mèi有问题】 O妹近期对参加偶像练习生的 @CATCHERS_朱匀天Z @CATCHERS_朱匀一 兄弟二人进行了专访，跳舞实力真正battle的话谁更强？什么时候最需要对方？快问快答两位很多喜好不尽相同，O妹也get到了区分双胞胎的方法 专访很精彩，同样请期待一下O妹专访正片哦~最后送上独家图和资料卡！ ​ 收起 d,3,4,43,54,13
idol_producer_057,朱匀一,偶像练习生,排名发布阶段,2018-02-17,2018-03-02,朱匀一 偶像练习生,4213257340676362,https://m.weibo.cn/detail/4213257340676362,2018-03-02 22:51:00,看了新一期偶像练习生，真的很想骂271 很多小哥哥颜值实力都在线，镜头却给的很少 mmp镜头这么少，怎么吸引路人啊 还是说你们早就决定出道的9个人了 心疼我们林彦俊，灵超，朱匀天，朱匀一，周锐 ​,0,8,25,41,14
idol_producer_057,朱匀一,偶像练习生,排名发布阶段,2018-02-17,2018-03-02,朱匀一 偶像练习生,4213244664982056,https://m.weibo.cn/detail/4213244664982056,2018-03-02 22:01:00,今晚播出的 #偶像练习生# 看到了让人很心酸的一幕，双胞胎 @CATCHERS_朱匀一 @CATCHERS_朱匀天Z 展示歌曲《flow》，彩排中弟弟意外受伤，缺席了舞台的录制，我能理解他们两个的难过，像他们说的也许这是最后一次舞台了，偶像两个字太残酷了，这两个小哥哥之前都几乎没有镜头，希望这次可以让大家记住他们的名字吧 。 L catchers男团资讯站的秒拍视频 ​​​ 收起 d,4,3,21,31,15
idol_producer_057,朱匀一,偶像练习生,排名发布阶段,2018-02-17,2018-03-02,朱匀一 偶像练习生,4213250540993047,https://m.weibo.cn/detail/4213250540993047,2018-03-02 22:24:00,#偶像练习生# 舞蹈组的服装真的是。。朱正廷的裤子，朱匀天的外套，还有朱匀一，不就是因为服装的腰带打到眼睛的嘛。舞蹈组服装就不要给那么复杂的了呀，好累赘的感觉，动作什么的都不好做。。不过这期还算良心，双胞胎终于给镜头了呀。。 ​,0,1,21,23,16
idol_producer_057,朱匀一,偶像练习生,排名发布阶段,2018-02-17,2018-03-02,朱匀一 偶像练习生,4213246669789414,https://m.weibo.cn/detail/4213246669789414,2018-03-02 22:09:00,#我的青春有你_from追星族# #偶像练习生# 你们不要再受伤了，真的不要再受伤了，真的很心疼你们，年龄都不大，要学会注意身体，坤 @蔡徐坤 手过敏（IKUN们真的很心疼），周彦辰 @周彦辰 因为高强度训练晕倒（粉丝也都不想看到你们受伤），弟弟匀一 @CATCHERS_朱匀一 也意外受伤，哥哥匀天 @CATCHERS_朱匀天Z 也心疼弟弟，留下了泪，真的，你们作为练习生真的很棒了，但是我真的希望你们要把身体放在第一位，真的，真的，真的，不希望你们任何人离开，加油，练习生们，身为全民制作人的一员，真的希望你们照顾好自己，做个约定好吗? @爱奇艺偶像练习生 要照顾好他们，拜托了，不想在样他们受伤了 L Abby_Ztt的秒拍视频 收起 d,1,0,21,22,17
idol_producer_057,朱匀一,偶像练习生,排名发布阶段,2018-02-17,2018-03-02,朱匀一 偶像练习生,4213231171983064,https://m.weibo.cn/detail/4213231171983064,2018-03-02 21:07:00,#偶像练习生# 唉唉唉…… #朱匀一# 那段给我看哭了，原来是服装的原因受伤，大家给他投一票吧 ​,0,0,20,20,18
idol_producer_057,朱匀一,偶像练习生,排名发布阶段,2018-02-17,2018-03-02,朱匀一 偶像练习生,4213251199471992,https://m.weibo.cn/detail/4213251199471992,2018-03-02 22:27:00,之前关注了很多偶像练习生的选手但似乎漏掉了这对兄弟，要不是受伤，我大概是看不到这两个不仅努力，颜值实力也都在线的双胞胎了，看 @CATCHERS_朱匀一 把手搭在 @CATCHERS_朱匀天Z 的背上走进演播室的样子，心疼，同时也想问问我妈，欠我的哥哥啥时候给我生一下 L catchers男团资讯站的秒拍视频 ​​​,0,2,16,20,19
idol_producer_057,朱匀一,偶像练习生,排名发布阶段,2018-02-17,2018-03-02,朱匀一 偶像练习生,4213238231309362,https://m.weibo.cn/detail/4213238231309362,2018-03-02 21:35:00,#偶像练习生# 我发现双胞胎兄弟朱匀一朱匀天，颜值还OK诶，感觉第一次见到，这次好好看了下还可以哇，为啥之前都没看到，像新妓生传男主成勋类型的脸诶，赶紧给他两投了票再接着看 #catchers朱匀一# #catchers朱匀天# ​​​,0,0,16,16,20
idol_producer_057,朱匀一,偶像练习生,排名发布阶段,2018-02-17,2018-03-02,朱匀一 偶像练习生,4213250453334221,https://m.weibo.cn/detail/4213250453334221,2018-03-02 22:24:00,#我的青春有你_from追星族# #偶像练习生# #越努力越幸运# 请各位全民制作人们，给双胞胎兄弟 @CATCHERS_朱匀一 @CATCHERS_朱匀天Z 投票吧，让他们留在舞台上，让弟弟登上下一次舞台，弥补遗憾，70小时只睡了3个小时，他的努力都看到了，请在给他一次机会，把票都投起来吧，谢谢🙏🙏🙏 @爱奇艺偶像练习生 收起 d,0,2,11,15,21
idol_producer_057,朱匀一,偶像练习生,总决赛阶段,2018-03-24,2018-04-06,朱匀一 偶像练习生,4221829780244893,https://m.weibo.cn/detail/4221829780244893,2018-03-26 14:35:00,#catchers朱匀一# #catchers朱匀天# 看第一期《偶像练习生》的时候你们两个的镜头还不是很多，不过那时候发现你们是双胞胎，可能是自己比较喜欢双胞胎，然后就开始关注你们，给你们投票，渐渐地变得越来越喜欢你们了开始找关于你们的视频看，当匀一小哥哥受伤的那一次，真的被你们的兄弟情感动到了，匀天小哥哥看到匀一小哥哥受伤，哭得很伤心，说宁愿受伤的是他，匀一小哥哥真的很喜欢那个舞台，看到匀天小哥哥说匀一小哥哥为这个舞台付出了多少的时候，真的受不了了，泪奔了~~(>_<)~~，看到原本四个人的舞台只剩了三个人，看到你们两个哭的时候真的很心疼，为什么明明那么那么努力却上不了台，彻底被你们感动到了，后来才知道你们这么宠粉，为了粉丝建群，空降，和粉丝聊天，给粉丝签名，拍照，真的一点儿明星架子也没有就像两个大哥哥一样，就开始向身边的人安利你们，记住我们一直都会在你们身后支持你们，你们要努力，不过也要照顾好自己呀，你们会有更好的舞台在等着你，到时候我一定要去见你们，为你们加油，加油皮皮 @CATCHERS_朱匀一 和虎虎 @CATCHERS_朱匀天Z 。记住我们一直都在，希望你们一直微笑 收起 d,0,2,8,12,22
idol_producer_057,朱匀一,偶像练习生,总决赛阶段,2018-03-24,2018-04-06,朱匀一 偶像练习生,4225688292450647,https://m.weibo.cn/detail/4225688292450647,2018-04-06 06:07:00,真的是反复看了n回，眼泪一次次的忍不住掉下来，这么努力的孩子，你们的明天一定会更加精彩 @CATCHERS_朱匀天Z @CATCHERS_朱匀一 @CATCHERS_朱匀天匀一全球后援会 #catchers朱匀天# #catchers朱匀一# #偶像练习生# L catchers男团资讯站的秒拍视频 ​​​,1,0,9,10,23
idol_producer_057,朱匀一,偶像练习生,总决赛阶段,2018-03-24,2018-04-06,朱匀一 偶像练习生,4225873836259395,https://m.weibo.cn/detail/4225873836259395,2018-04-06 18:24:00,#catchers朱匀一# 你好偶像练习生朱匀一 今后不再是练习生 而是作为偶像朱匀一见吧 请多关照 // @CATCHERS_朱匀一 :我是 #偶像练习生# 朱匀一 全民制作人 谢谢关照 ❤️爱你们❤️,0,0,10,10,24
idol_producer_057,朱匀一,偶像练习生,总决赛阶段,2018-03-24,2018-04-06,朱匀一 偶像练习生,4225883834748463,https://m.weibo.cn/detail/4225883834748463,2018-04-06 19:04:00,历时四个多月，今晚即将画上第一个句号。 #偶像练习生# #catchers男团# #catchers朱匀一# #catchers朱匀天# #catchers万宇贤# #catchers赵俞澈# #catchers应智越# 2 北京·国家新媒体产业基地星光影视园 ​,0,1,8,10,25
idol_producer_057,朱匀一,偶像练习生,总决赛阶段,2018-03-24,2018-04-06,朱匀一 偶像练习生,4223439907053243,https://m.weibo.cn/detail/4223439907053243,2018-03-31 01:13:00,#catchers朱匀一# 今天看偶像练习生看到了你们的片段，看这个节目真的能体会到你们的不容易，每个人都在为自己的梦想而努力，看到你们努力的过程就会更加喜欢你们当再次看到你受伤的画面，还是忍不住流泪了，真的很心疼你，不管怎么样要时刻记住身体才是一位的，照顾好自己，我们一直都在 @CATCHERS_朱匀一 收起 d,1,3,2,9,26
idol_producer_057,朱匀一,偶像练习生,总决赛阶段,2018-03-24,2018-04-06,朱匀一 偶像练习生,4225829539778628,https://m.weibo.cn/detail/4225829539778628,2018-04-06 15:28:00,#catchers朱匀天# #catchers朱匀一# 今日20:00偶像练习生总决赛直播我们的匀一匀天将会回到现场与所有练习生们一起表演主题曲Ei Ei的舞台 请大家锁定链接准时观看哦👉 O 网页链接 ​,1,1,6,9,27
idol_producer_057,朱匀一,偶像练习生,排名发布阶段,2018-02-17,2018-03-02,朱匀一 偶像练习生,4213236196947603,https://m.weibo.cn/detail/4213236196947603,2018-03-02 21:27:00,看了这一期的偶像练习生 #偶像练习生# 看到朱匀一的眼睛受伤我大哭了一场，感觉当练习生真的很辛苦，想要出道就要付出千倍万倍的努力，你才有可能成功，希望偶像练习生们加油 @胡致邦Jack @Lee权哲 @CATCHERS_朱匀一 @Adam0616 @Biiiii毕雯珺 @蔡徐坤 @Zzt-朱正廷 ​,0,3,0,6,28
idol_producer_057,朱匀一,偶像练习生,总决赛阶段,2018-03-24,2018-04-06,朱匀一 偶像练习生,4225883688354855,https://m.weibo.cn/detail/4225883688354855,2018-04-06 19:04:00,#朱匀一# 最棒的朱匀一啊 // @CATCHERS_朱匀一 :我是 #偶像练习生# 朱匀一 全民制作人 谢谢关照 ❤️爱你们❤️,0,0,6,6,29
idol_producer_057,朱匀一,偶像练习生,总决赛阶段,2018-03-24,2018-04-06,朱匀一 偶像练习生,4221829993950122,https://m.weibo.cn/detail/4221829993950122,2018-03-26 14:36:00,#catchers朱匀一# #catchers朱匀天# 看第一期《偶像练习生》的时候你们两个的镜头还不是很多，不过那时候发现你们是双胞胎，可能是自己比较喜欢双胞胎，然后就开始关注你们，给你们投票，渐渐地变得越来越喜欢你们了开始找关于你们的视频看，当匀一小哥哥受伤的那一次，真的被你们的兄弟情感动到了，匀天小哥哥看到匀一小哥哥受伤，哭得很伤心，说宁愿受伤的是他，匀一小哥哥真的很喜欢那个舞台，看到匀天小哥哥说匀一小哥哥为这个舞台付出了多少的时候，真的受不了了，泪奔了~~(>_<)~~，看到原本四个人的舞台只剩了三个人，看到你们两个哭的时候真的很心疼，为什么明明那么那么努力却上不了台，彻底被你们感动到了，后来才知道你们这么宠粉，为了粉丝建群，空降，和粉丝聊天，给粉丝签名，拍照，真的一点儿明星架子也没有就像两个大哥哥一样，就开始向身边的人安利你们，记住我们一直都会在你们身后支持你们，你们要努力，不过也要照顾好自己呀，你们会有更好的舞台在等着你，到时候我一定要去见你们，为你们加油，加油皮皮 @CATCHERS_朱匀一 和虎虎 @CATCHERS_朱匀天Z 。记住我们一直都在，希望你们一直微笑 收起 d,0,0,5,5,30
idol_producer_058,朱匀天,偶像练习生,主题曲考核阶段,2018-01-27,2018-02-02,朱匀天 偶像练习生,4201928944509922,https://m.weibo.cn/detail/4201928944509922,2018-01-30 16:36:00,#偶像练习生# 生活过得非常精致的双胞胎兄弟朱匀天 @CATCHERS_朱匀天Z 朱匀一 @CATCHERS_朱匀一 细数自己带的东西都是生活必需品 万宇贤 @CATCHERS_万宇贤 还大秀团服“就算分开了，我们心也在一起” 那么附加题来了：你分得清谁是哥哥谁是弟弟吗？ L 《偶像练习生》幕后花絮：宿舍物品大曝光 Cathers秀队服团魂燃烧 ​,62,688,1520,2958,1
idol_producer_058,朱匀天,偶像练习生,合作舞台阶段,2018-03-03,2018-03-23,朱匀天 偶像练习生,4219431011791925,https://m.weibo.cn/detail/4219431011791925,2018-03-19 23:43:00,群像 | #偶像练习生# X 九九八十一 回忆向 大家不要撕逼 和气生财 为啥发在瓜田呢…因为我剪了整整三天 这个真的很难剪啊 实在是很怕凉了 原唱：乐正绫 洛天依 翻唱：满汉全席音乐团队 特曼X裂天X小魂 剪辑： @今天丁泽仁出道了吗 B站： O 网页链接 唐玄奘 - #郑锐彬# 孙悟空 - #Justin# 猪悟能 - #朱正廷# 沙悟净 - #毕雯珺# 小白龙 - #范丞丞# 黑熊怪 - #卜凡# 黄风怪 - #木子洋# 奎木狼 - #林彦俊# 白骨精 - #周彦辰# 灵感大王 - #杨非同# 金角大王 - #朱匀天# 银角大王 - #朱匀一# 压龙大仙 - #岳岳Pinkray# 玉面狐狸 - #李希侃# 红鳞大蟒 - #丁泽仁# 女儿国国王 - #周锐# 红孩儿 - #钱正昊# 铁扇公主 - #小鬼王琳凯# 九头虫 - #王子异# 豹子精 - #朱星杰# 黄狮精 - #黄新淳# 白鼠精 - #李权哲# 蝎子精 - #蔡徐坤# 六耳猕猴 - #Justin# 赛太岁 - #徐圣恩# 玉兔精 - #陆定昊# 白鹿精 - #灵超# 蜘蛛精 - #小鬼王琳凯# 百目怪 - #娄滋博# 黄眉老祖 - #秦奋# 拂云叟 - #董岩磊# 孤直公 - #罗正# 辟寒大王 - #秦子墨# 辟暑大王 - #靖佩瑶# 辟尘大王 - #韩沐伯# 这人间 毕竟我真正走过 一途平九百波 九千错 凌云渡成正果 但我 有九九八十一种不舍 L 今天丁泽仁出道了吗的秒拍视频 收起 d,766,383,1113,2645,2
idol_producer_058,朱匀天,偶像练习生,排名发布阶段,2018-02-17,2018-03-02,朱匀天 偶像练习生,4213258526705309,https://m.weibo.cn/detail/4213258526705309,2018-03-02 22:56:00,【朱匀一彩排意外受伤】今晚播出的偶像练习生中，dance组center朱匀一因彩排时意外受伤导致眼球出血紧急送医。双胞胎哥哥朱匀天：“我更希望受伤的人是我，希望我的弟弟能平安无事” L catchers男团资讯站的秒拍视频 ​,405,244,332,1225,3
idol_producer_058,朱匀天,偶像练习生,初评级阶段,2018-01-19,2018-01-26,朱匀天 偶像练习生,4200056334559683,https://m.weibo.cn/detail/4200056334559683,2018-01-25 12:35:00,#北音新闻# 近日，爱奇艺《 #偶像练习生# 》火热上线。来自北京现代音乐研修学院的13名学子：朱星杰、万宇贤、小鬼 、韩雍杰、吕晨瑜、靖佩瑶、王宥辰、赵俞澈、金逸涵、朱匀天、朱匀一、韩沐伯、丁泽仁、和北音附中 武连杰 共14名 #北音学子# 成功入围100强名单，几乎占据了入围名单的七分之一 ！同学们、老师们、朋友们，请为他们投票吧！ 投票通道请戳👉 O 网页链接 @CATCHERS_万宇贤 、 @吕晨瑜_LCY 、 @靖佩瑶 、 @王宥辰KiY @朱星杰J_zen 、 @AKA_imp小鬼 、 @韩雍杰辅导员 @CATCHERS_朱匀一 @CATCHERS_朱匀天Z @CATCHERS_赵俞澈 @BBT金逸涵 @韩沐伯 @Dzr_丁泽仁 @CNK-武连杰 收起 d,275,158,418,1009,4
idol_producer_058,朱匀天,偶像练习生,排名发布阶段,2018-02-17,2018-03-02,朱匀天 偶像练习生,4213257562539719,https://m.weibo.cn/detail/4213257562539719,2018-03-02 22:52:00,以前关注了不少偶像练习生选手，但似乎漏掉了朱匀一、朱匀天这对双胞胎兄弟，要不是受伤，我大概是看不到这两个不仅努力，颜值实力也都在线的少年了，看到 @CATCHERS_朱匀一 把手搭在 @CATCHERS_朱匀天Z 的背上走进演播室的样子，很心疼，好想也有一个这样的好哥哥啊 L catchers男团资讯站的秒拍视频 ​,304,186,333,1009,5
idol_producer_058,朱匀天,偶像练习生,排名发布阶段,2018-02-17,2018-03-02,朱匀天 偶像练习生,4212881073085968,https://m.weibo.cn/detail/4212881073085968,2018-03-01 21:56:00,#偶像练习生# 显微镜女孩分享一下根据花絮扒出来了的宿舍分配。可能有稍许误差，欢迎大家补充修改，其他不熟悉就没扒了。 01宿舍，范丞丞 朱正廷 黄明昊 黄新淳 02宿舍，李权哲 丁泽仁 泰国人 毕雯珺 03宿舍，朱匀一 朱匀天 董岩磊 未知 04宿舍，罗正 吕晨瑜 余明君 李希侃 06宿舍，有长靖 高茂桐 林超泽 姜京佐 08宿舍，蔡徐坤 钱正昊 周锐 秦子墨 10宿舍， 秦奋 韩沐伯 左叶 靖佩瑶 17宿舍，董又霖 王子异 郑锐彬 胡志邦 18宿舍，坤音四子 灵超 卜凡 岳岳 木子洋 19宿舍，朱星杰 小鬼 周彦辰 张晏恺 21宿舍，林彦俊 陈立农 许凯皓 林浩楷 收起 d,17,79,258,433,6
idol_producer_058,朱匀天,偶像练习生,排名发布阶段,2018-02-17,2018-03-02,朱匀天 偶像练习生,4213237967191428,https://m.weibo.cn/detail/4213237967191428,2018-03-02 21:34:00,辛苦你們倆了，這期看到我都哭了 。最近手機丟了，沒了匀天合照。先用別的代替吧 ！ @CATCHERS_朱匀天Z @CATCHERS_朱匀一 #偶像练习生# #catchers男团# #应智越# #catchers应智越# #catchers朱匀一# #catchers朱匀天# ​,4,44,184,276,7
idol_producer_058,朱匀天,偶像练习生,位置测评阶段,2018-02-03,2018-02-16,朱匀天 偶像练习生,4208183649934897,https://m.weibo.cn/detail/4208183649934897,2018-02-16 22:50:00,#偶像练习生# 第一轮前60名： 蔡徐坤/陈立农/范丞丞/Justin/朱正廷/小鬼/卜凡/李权哲/何东东/尤长靖/王子异/Jeffrey/秦奋/林超泽/朱星杰/灵超/钱正昊/董岩磊/韩沐伯/丁泽仁/岳岳/左叶/徐凯皓/木子洋/郑锐彬/毕雯珺/周彦辰/林彦俊/李希侃/陆定昊/周锐/黄书豪/黄新淳/罗正/张达源/李让/贝汯璘/李长庚/陈斯琪/韩雍杰/秦子墨/武连杰/覃俊毅/娄滋博/靖佩瑶/余明君/陈名豪/明鹏/杨非同/朱匀一/伽里/凌崎/朱匀天/徐圣恩/李俊毅/张奕轩/王艺龙/姜达赫/胡致邦/梁辉 乐华女孩绝不认输 收起 d,2,32,106,172,8
idol_producer_058,朱匀天,偶像练习生,主题曲考核阶段,2018-01-27,2018-02-02,朱匀天 偶像练习生,4203105086701453,https://m.weibo.cn/detail/4203105086701453,2018-02-02 22:30:00,【偶像练习生第三期排名出炉 】今晚的 #偶像练习生# 虽然推迟了，但很快推出的加长版也算弥补了粉丝的期待！ #北音学子# 朱星杰、万宇贤、小鬼 、韩雍杰、吕晨瑜、靖佩瑶、王宥辰、赵俞澈、金逸涵、朱匀天、朱匀一、韩沐伯、丁泽仁、北音附中武连杰 加油！ #偶像练习生排名# ​,6,13,54,86,9
idol_producer_058,朱匀天,偶像练习生,排名发布阶段,2018-02-17,2018-03-02,朱匀天 偶像练习生,4213236921797681,https://m.weibo.cn/detail/4213236921797681,2018-03-02 21:30:00,今天偶像练习生开播以来最棒的一期 没有之一 说实话提前看了几个舞台直拍之后 完全没期待今天的节目 但是 泪点和惊喜太多了 朱匀一受伤 希望他和他哥朱匀天都能留下来 想继续看他们 范丞丞rap歌词第一句出来我就被戳到了 最后几句也是他 恰到好处 very good整个舞台都超棒 覃俊毅这个center实力是ok的 把这首歌改的太好了 整个舞台各方面都很搭 爱你组林彦俊陆定昊黄新淳jeffrey完全惊喜 每个人都唱的太棒了 以为是实力不ok组来着 误会了 真的每个人都超级好听！！ 包括重新燃起我对小半的喜爱的小半组 很喜欢 我对偶像练习生重拾希望了 收起 d,0,9,39,57,10
idol_producer_058,朱匀天,偶像练习生,合作舞台阶段,2018-03-03,2018-03-23,朱匀天 偶像练习生,4218246556828780,https://m.weibo.cn/detail/4218246556828780,2018-03-16 17:16:00,#偶像练习生# 位置测评Dance组 《Flow》舞蹈demo！！ #编舞# @彬子_天舞IDG 男神！！ 小方被你们感动落泪的一句话：不管这个舞台是4个人还是3个人 还是2个1个人，我们都要演出完！！ #朱匀一# #catchers朱匀天# 为你们鼓掌 L 天舞IDG的秒拍视频 ​,7,2,34,45,11
idol_producer_058,朱匀天,偶像练习生,排名发布阶段,2018-02-17,2018-03-02,朱匀天 偶像练习生,4213257340676362,https://m.weibo.cn/detail/4213257340676362,2018-03-02 22:51:00,看了新一期偶像练习生，真的很想骂271 很多小哥哥颜值实力都在线，镜头却给的很少 mmp镜头这么少，怎么吸引路人啊 还是说你们早就决定出道的9个人了 心疼我们林彦俊，灵超，朱匀天，朱匀一，周锐 ​,0,8,25,41,12
idol_producer_058,朱匀天,偶像练习生,合作舞台阶段,2018-03-03,2018-03-23,朱匀天 偶像练习生,4217530023294057,https://m.weibo.cn/detail/4217530023294057,2018-03-14 17:49:00,希望 #坤音四子# 下一轮不会被淘汰 我不想再经历一次失去 #觉醒东方# 的痛了，特别是 #左叶# ……幸好我喜欢 #蔡徐坤# ，他会一直在，还能铺平下我的痛苦，我跟 #灵超# 一样，有点讨厌这个节目了 忽然理解了你们痛失 #偶像练习生姜京佐# 的感觉。 #余明君# 都捞得起来 #朱匀一# 和 #catchers朱匀天# 竟然捞不起来 PS：此时此刻我特别讨厌占地方的 #罗正# 为什么要捞他？get不到他的颜，就算有颜， #董岩磊# 也有啊，还不是因为能力不行而淘汰！你怎么就是个例外呢 收起 d,2,4,15,25,13
idol_producer_058,朱匀天,偶像练习生,排名发布阶段,2018-02-17,2018-03-02,朱匀天 偶像练习生,4213124184016323,https://m.weibo.cn/detail/4213124184016323,2018-03-02 14:02:00,#偶像练习生王艺龙# #王艺龙# 这是一次特殊的舞台表演，因为弟弟 #朱匀一# 的眼睛彩排时突发意外，所以队内需要临时换队形上场，但是大家谁都没气馁，因为大家都想要展现一个完美的舞台， #王艺龙# #朱匀天# #朱匀一# 三位少年辛苦啦，也希望弟弟匀一的眼睛可以早点好起来,0,0,23,23,14
idol_producer_058,朱匀天,偶像练习生,排名发布阶段,2018-02-17,2018-03-02,朱匀天 偶像练习生,4213250540993047,https://m.weibo.cn/detail/4213250540993047,2018-03-02 22:24:00,#偶像练习生# 舞蹈组的服装真的是。。朱正廷的裤子，朱匀天的外套，还有朱匀一，不就是因为服装的腰带打到眼睛的嘛。舞蹈组服装就不要给那么复杂的了呀，好累赘的感觉，动作什么的都不好做。。不过这期还算良心，双胞胎终于给镜头了呀。。 ​,0,1,21,23,15
idol_producer_058,朱匀天,偶像练习生,排名发布阶段,2018-02-17,2018-03-02,朱匀天 偶像练习生,4213257315777942,https://m.weibo.cn/detail/4213257315777942,2018-03-02 22:51:00,朱匀天、王艺龙、梁辉组成的“红红火火”组合演唱《Flow》，手指舞蹈炸裂，朱匀一因练习受伤缺席，在台后默默为队员加油！ #偶像练习生# L 娱阁主的秒拍视频 ​,1,2,14,19,16
idol_producer_058,朱匀天,偶像练习生,排名发布阶段,2018-02-17,2018-03-02,朱匀天 偶像练习生,4213238231309362,https://m.weibo.cn/detail/4213238231309362,2018-03-02 21:35:00,#偶像练习生# 我发现双胞胎兄弟朱匀一朱匀天，颜值还OK诶，感觉第一次见到，这次好好看了下还可以哇，为啥之前都没看到，像新妓生传男主成勋类型的脸诶，赶紧给他两投了票再接着看 #catchers朱匀一# #catchers朱匀天# ​​​,0,0,16,16,17
idol_producer_058,朱匀天,偶像练习生,总决赛阶段,2018-03-24,2018-04-06,朱匀天 偶像练习生,4225883834748463,https://m.weibo.cn/detail/4225883834748463,2018-04-06 19:04:00,历时四个多月，今晚即将画上第一个句号。 #偶像练习生# #catchers男团# #catchers朱匀一# #catchers朱匀天# #catchers万宇贤# #catchers赵俞澈# #catchers应智越# 2 北京·国家新媒体产业基地星光影视园 ​,0,1,8,10,18
idol_producer_058,朱匀天,偶像练习生,初评级阶段,2018-01-19,2018-01-26,朱匀天 偶像练习生,4199824879796449,https://m.weibo.cn/detail/4199824879796449,2018-01-24 21:15:00,#北京现代音乐学院# #现代歌舞系# #popping# 双胞胎朱匀天，朱匀一在最近 @爱奇艺 大火的《偶像练习生》中表现不俗 ，这对复制粘贴的帅哥真的是货真价实的双胞胎哦 还愣着干什么，动动你们勤劳的小手指，为他们投票吧 投票的网址如下 O 网页链接 @北京现代音乐研修学院 @李罡 @Crystal张晶068 收起 d,2,1,3,7,19
idol_producer_058,朱匀天,偶像练习生,合作舞台阶段,2018-03-03,2018-03-23,朱匀天 偶像练习生,4218352216490849,https://m.weibo.cn/detail/4218352216490849,2018-03-17 00:16:00,#catchers朱匀一# 180317 抖音更新2⃣ #偶像练习生# #双胞胎# #朱匀天# #朱匀一# #听听我说的吧 (Live) # L 1DAY_朱匀天朱匀一官博的秒拍视频 ​,0,0,7,7,20
idol_producer_058,朱匀天,偶像练习生,合作舞台阶段,2018-03-03,2018-03-23,朱匀天 偶像练习生,4218352207296889,https://m.weibo.cn/detail/4218352207296889,2018-03-17 00:16:00,#catchers朱匀一# 180317 抖音更新1⃣ #偶像练习生# #双胞胎# #朱匀天# #朱匀一# #听听我说的吧 (Live) # L 1DAY_朱匀天朱匀一官博的秒拍视频 ​,1,0,5,6,21
idol_producer_058,朱匀天,偶像练习生,排名发布阶段,2018-02-17,2018-03-02,朱匀天 偶像练习生,4212911217780461,https://m.weibo.cn/detail/4212911217780461,2018-03-01 23:56:00,#偶像练习生# 坤音四子，娄滋博，徐圣恩，周锐，大舅李俊毅，邦邦胡志邦，朱匀一，朱匀天...不好意思pick的还有很多...努力的孩子都想pick，每天自己的感觉就是能捞就捞，不想让任何一个孩子再走了...,0,0,4,4,22
idol_producer_058,朱匀天,偶像练习生,排名发布阶段,2018-02-17,2018-03-02,朱匀天 偶像练习生,4213255319060409,https://m.weibo.cn/detail/4213255319060409,2018-03-02 22:43:00,刚刚看了偶像练习生，所有的我都很喜欢 可是看到范丞丞组的《very good》的词之后 朱匀天组的《flow》的舞之后 感觉心里涌出心酸的感觉 突然觉得，这个节目让我们知道了他们 喜欢他们 可是 伴随着的 还有节目赛制 他们都为这个梦想这么努力 可最后还是会有别离 多希望 所有人都能留下 可是…… 这是比赛…… 不知道该说什么 只希望以后的日子里 能看到所有人实现梦想 在舞台绽放 我相信 如果以后能够再次看到所有人在舞台闪耀 我会流泪 这个节目 不会忘 里面所有为梦想努力奋斗的他们 不会忘 偶像练习生 加油 收起 d,0,0,3,3,23
idol_producer_058,朱匀天,偶像练习生,总决赛阶段,2018-03-24,2018-04-06,朱匀天 偶像练习生,4225914780745077,https://m.weibo.cn/detail/4225914780745077,2018-04-06 21:07:00,每次看偶像练习生彩排唱的好水 现场应该是假唱 朱匀一朱匀天受伤那次 假唱就太太明显啦 还有 cxk的人气水的很 觉得他有实力 但就是get不到 可能因为他前期自己拿tf超买点太多 自带反感 ​,0,0,3,3,24
idol_producer_058,朱匀天,偶像练习生,初评级阶段,2018-01-19,2018-01-26,朱匀天 偶像练习生,4199315922412489,https://m.weibo.cn/detail/4199315922412489,2018-01-23 11:33:00,Supreme科普走一波： #偶像练习生# 20180119 李长庚 #偶像练习生李长庚# Supreme X HYSTERIC GLAMOUR Hooded Sweatshirt 朱匀天 #catchers朱匀天# Supreme X Scarface The World Is Yours Denim Jacket #supremenewyork# ​,0,1,0,2,25
idol_producer_058,朱匀天,偶像练习生,排名发布阶段,2018-02-17,2018-03-02,朱匀天 偶像练习生,4213249941712677,https://m.weibo.cn/detail/4213249941712677,2018-03-02 22:22:00,我给我妈打电话 我：妈妈元宵节快乐！ 我妈：元宵节快乐明天跟你说我看偶像练习生呢刚到朱匀天他们那组你记得给左叶还有小鬼投票啊撂了！ 我：(老少女再见 ​,0,1,0,2,26
idol_producer_058,朱匀天,偶像练习生,排名发布阶段,2018-02-17,2018-03-02,朱匀天 偶像练习生,4213254525857867,https://m.weibo.cn/detail/4213254525857867,2018-03-02 22:40:00,"看了一半的偶像练习生 看到朱匀一和朱匀天弟兄俩那儿好心疼 还是依然喜欢范丞丞🌈 等会要从电视转移到手机上继续看 附图是一张晚上放花的照片,正月十五的小烟花 ​",0,0,2,2,27
idol_producer_058,朱匀天,偶像练习生,排名发布阶段,2018-02-17,2018-03-02,朱匀天 偶像练习生,4212881044257808,https://m.weibo.cn/detail/4212881044257808,2018-03-01 21:56:00,爱奇艺 #偶像练习生# 义 @CATCHERS_朱匀天Z 为你打爆电话！我们一起用爱发电，向 #偶像练习生# 练习生PICK榜第一名进击，赢取节目10s彩蛋！ // @CATCHERS_朱匀天Z :我是 #偶像练习生# 朱匀天，全民制作人，请多关照,0,0,1,1,28
idol_producer_058,朱匀天,偶像练习生,合作舞台阶段,2018-03-03,2018-03-23,朱匀天 偶像练习生,4220187077083767,https://m.weibo.cn/detail/4220187077083767,2018-03-22 01:47:00,#郑锐彬# 🦁 #全能主唱郑锐彬# 最后发一篇微博，准备睡觉了。说一说对 #偶像练习生# 看到现在的感受吧。除了心里排名第一的最爱 @郑锐彬_ ，还有……毕雯珺，长得好看不爱说话，还有坤音四子，尤其是木子洋和灵超，木子洋声音特别好听，说话特别温柔，灵超弟弟唱歌有着和外表不相符的厚度，很好听，还有乐华的正正，福西西，小富贵儿，都很可爱，也很有实力。还有蔡徐坤，他本人真的是很优秀，而且人是我没想到的nice，可以说他本人毫无黑点。还有周彦辰，不说晕倒的事，他一个个叫队员起床我觉得真的是很有责任心了！！还有朱匀天和朱匀一两兄弟，那么努力，卜凡哭着说匀一半夜起来一个人练舞……哎……太心疼他们了……最后，不管有没有通过这个节目出道，希望努力的孩子都是幸运的，希望每个人都有各自的粉丝陪伴，一起走花路！ 收起 d,0,0,1,1,29
idol_producer_058,朱匀天,偶像练习生,初评级阶段,2018-01-19,2018-01-26,朱匀天 偶像练习生,4199288793573032,https://m.weibo.cn/detail/4199288793573032,2018-01-23 09:45:00,@CATCHERS_朱匀天Z 为你打爆电话！我们一起用爱发电，向 #偶像练习生# 练习生PICK榜第一名进击，赢取节目10s彩蛋！ // @CATCHERS_朱匀天Z :我是 #偶像练习生# 朱匀天，全民制作人，请多关照,0,0,0,0,30
idol_producer_059,李俊毅,偶像练习生,合作舞台阶段,2018-03-03,2018-03-23,李俊毅 偶像练习生,4220092512583903,https://m.weibo.cn/detail/4220092512583903,2018-03-21 19:32:00,多年之后，我们老了，再回来看看这个，会嘴角微扬，想起这段一辈子的回忆。 我永远记得COVER【邦邦 大舅】 #胡致邦# #李俊毅# #偶像练习生# L 李俊毅小毅xiah的秒拍视频 ​,1901,2141,14010,20193,1
idol_producer_059,李俊毅,偶像练习生,合作舞台阶段,2018-03-03,2018-03-23,李俊毅 偶像练习生,4220092508015788,https://m.weibo.cn/detail/4220092508015788,2018-03-21 19:32:00,心里有许多想对你们说，却开不了口胆怯的我。我永远记得-cover #胡致邦# #李俊毅# #偶像练习生# L 胡致邦Jack的秒拍视频 ​,2569,1633,11670,17505,2
idol_producer_059,李俊毅,偶像练习生,主题曲考核阶段,2018-01-27,2018-02-02,李俊毅 偶像练习生,4203083859141496,https://m.weibo.cn/detail/4203083859141496,2018-02-02 21:05:00,【 #偶像有新番# 尤长靖魔性伴舞嗨爆全场】练习生小哥哥们等午饭的同时在做什么？ @李俊毅小毅xiah 展示freestyle，气氛满分， @Trainee18-陆定昊 接力上演， @Trainee18-尤长靖 魔性伴舞，嗨翻全场。 L 《偶像有新番》尤长靖魔性伴舞嗨爆全场 更多精彩 移动端 O 网页链接 pc端 O 网页链接 ​,39,232,291,794,3
idol_producer_059,李俊毅,偶像练习生,合作舞台阶段,2018-03-03,2018-03-23,李俊毅 偶像练习生,4220094860997494,https://m.weibo.cn/detail/4220094860997494,2018-03-21 19:41:00,#偶像练习生# #偶言偶语# #偶像练习生# #偶言偶语# 今天为什么这么好哭啊？ 李若天 微博正文 李俊毅 微博正文 朱匀一 微博正文 ​,74,80,390,624,4
idol_producer_059,李俊毅,偶像练习生,合作舞台阶段,2018-03-03,2018-03-23,李俊毅 偶像练习生,4220707610647851,https://m.weibo.cn/detail/4220707610647851,2018-03-23 12:16:00,我永远记得cover 幕后花絮 #偶像练习生# 大舅 @李俊毅小毅xiah ：说的我自己好想哭啊 邦邦 @胡致邦Jack ：我不想 大舅：hello？ L 点星文化SparkingTalent的秒拍视频 ​,123,91,302,607,5
idol_producer_059,李俊毅,偶像练习生,排名发布阶段,2018-02-17,2018-03-02,李俊毅 偶像练习生,4213252005516499,https://m.weibo.cn/detail/4213252005516499,2018-03-02 22:30:00,#偶像练习生# 不是知道是不是我的误会 总觉得这一期271剪辑试图捞一波人啊： 李希侃 娄滋博 杨非同 李俊毅 双胞胎 灵超(小王几其实不用捞只是镜头变多2333 捞的还是一批挺有实力的练习生 表白剪辑了 ​,1,57,133,248,6
idol_producer_059,李俊毅,偶像练习生,位置测评阶段,2018-02-03,2018-02-16,李俊毅 偶像练习生,4208183649934897,https://m.weibo.cn/detail/4208183649934897,2018-02-16 22:50:00,#偶像练习生# 第一轮前60名： 蔡徐坤/陈立农/范丞丞/Justin/朱正廷/小鬼/卜凡/李权哲/何东东/尤长靖/王子异/Jeffrey/秦奋/林超泽/朱星杰/灵超/钱正昊/董岩磊/韩沐伯/丁泽仁/岳岳/左叶/徐凯皓/木子洋/郑锐彬/毕雯珺/周彦辰/林彦俊/李希侃/陆定昊/周锐/黄书豪/黄新淳/罗正/张达源/李让/贝汯璘/李长庚/陈斯琪/韩雍杰/秦子墨/武连杰/覃俊毅/娄滋博/靖佩瑶/余明君/陈名豪/明鹏/杨非同/朱匀一/伽里/凌崎/朱匀天/徐圣恩/李俊毅/张奕轩/王艺龙/姜达赫/胡致邦/梁辉 乐华女孩绝不认输 收起 d,2,32,106,172,7
idol_producer_059,李俊毅,偶像练习生,排名发布阶段,2018-02-17,2018-03-02,李俊毅 偶像练习生,4213250574624968,https://m.weibo.cn/detail/4213250574624968,2018-03-02 22:24:00,#偶像练习生# 由范丞丞、李俊毅、覃俊毅、贝汯璘一起演唱《Very good》，歌曲仿佛就是在诉说着他们的心酸和不易，但又充满激励自己不断前行 ！ L 娱阁主的秒拍视频 ​,10,3,32,48,8
idol_producer_059,李俊毅,偶像练习生,排名发布阶段,2018-02-17,2018-03-02,李俊毅 偶像练习生,4213207398659454,https://m.weibo.cn/detail/4213207398659454,2018-03-02 19:33:00,#偶像练习生# 说实话，从上一次测评我就觉得。 其实李俊毅唱歌真的很好听…… 只是他的颜不是那么适合偶像罢了。 所以还是没有投他的票。 因为他不适合idol组合，颜会很辛苦的。 不过如果将来他能够solo以歌手出道的话。 我觉得我可能会买他的CD。 因为声音真的很不错。 没有偶像所需要的高颜值的话，就努力去做实力歌手好了呀～ 收起 d,0,14,13,41,9
idol_producer_059,李俊毅,偶像练习生,总决赛阶段,2018-03-24,2018-04-06,李俊毅 偶像练习生,4225942681242794,https://m.weibo.cn/detail/4225942681242794,2018-04-06 22:58:00,#偶像练习生# 恭喜蔡徐坤 陈立农 范丞丞 justin 朱正廷 王子异 小鬼 尤长靖八个练习生成功出道，还有没出道的我喜欢的罗正 李希侃 董岩磊 靖佩瑶 韩沐伯 朱星杰 丁泽仁 李俊毅 灵超 木子洋 周锐 山不转水转，我们江湖再见，未来可期！ ​,0,5,28,38,10
idol_producer_059,李俊毅,偶像练习生,合作舞台阶段,2018-03-03,2018-03-23,李俊毅 偶像练习生,4219637262673577,https://m.weibo.cn/detail/4219637262673577,2018-03-20 13:23:00,这是梦想才不是逞强 是我听歌声可以忽略颜值的人 希望还能再听到你唱歌啊啊啊啊啊啊 #偶像练习生# #李俊毅# L 丶爱情谁都说不定的的秒拍视频 ​,5,2,16,25,11
idol_producer_059,李俊毅,偶像练习生,位置测评阶段,2018-02-03,2018-02-16,李俊毅 偶像练习生,4208158051838847,https://m.weibo.cn/detail/4208158051838847,2018-02-16 21:08:00,#李俊毅# 投完票的小可爱可以去看看直拍哦，为大舅刷刷播放量，不要快进，不要静音，全程完整看下来哦！ #偶像练习生# #李俊毅0222生日快乐# #向全世界安利李俊毅# #实力派李俊毅# 地址： L 《偶像练习生》【直拍】小组对决《半兽人》李俊毅 ​,0,7,10,24,12
idol_producer_059,李俊毅,偶像练习生,排名发布阶段,2018-02-17,2018-03-02,李俊毅 偶像练习生,4213227576948512,https://m.weibo.cn/detail/4213227576948512,2018-03-02 20:53:00,看到大舅一个人孤独地在墙角比心了吗各位舅妈！ #偶像练习生# #李俊毅# ​,0,7,7,21,13
idol_producer_059,李俊毅,偶像练习生,排名发布阶段,2018-02-17,2018-03-02,李俊毅 偶像练习生,4213251380150315,https://m.weibo.cn/detail/4213251380150315,2018-03-02 22:27:00,那啥我觉得偶像练习生里 唱歌实力最好的是李俊毅 高音也驾驭的非常好 其实是最佳主唱人选 不过我觉得他可能下轮淘汰了 ​,0,4,5,13,14
idol_producer_059,李俊毅,偶像练习生,位置测评阶段,2018-02-03,2018-02-16,李俊毅 偶像练习生,4207959628349491,https://m.weibo.cn/detail/4207959628349491,2018-02-16 08:00:00,今晚八点偶像练习生上线，不要忘了搬着小板凳去看 #李俊毅# 哦！ ​,0,2,8,12,15
idol_producer_059,李俊毅,偶像练习生,位置测评阶段,2018-02-03,2018-02-16,李俊毅 偶像练习生,4208121411145407,https://m.weibo.cn/detail/4208121411145407,2018-02-16 18:43:00,请pick李俊毅，你是最棒的存在。 #偶像练习生# #李俊毅# #李俊毅0222生日快乐#,1,0,7,8,16
idol_producer_059,李俊毅,偶像练习生,合作舞台阶段,2018-03-03,2018-03-23,李俊毅 偶像练习生,4220122044726931,https://m.weibo.cn/detail/4220122044726931,2018-03-21 21:29:00,我正在爱奇艺看【希望你们可以喜欢这份礼物】多年之后，我们老了，再回来看看这个，会嘴角微扬，想起这段一辈子的回忆。 我永远记得COVER【邦邦 大舅】 #胡致邦# #李俊毅# #偶像练习生# ，快来 @爱http ://t.cn/RnJCcAc 虽然我是Ikun，但是还是很喜欢大舅唱的歌的，大舅实力vocal，加油！ ​,0,2,3,7,17
idol_producer_059,李俊毅,偶像练习生,排名发布阶段,2018-02-17,2018-03-02,李俊毅 偶像练习生,4213218056229101,https://m.weibo.cn/detail/4213218056229101,2018-03-02 20:15:00,#偶像练习生# 我们小姨也太可爱了哈哈哈哈哈哈哈哈哈哈哈哈哈哈哈哈哈哈哈哈哈哈哈哈哈哈哈 @李俊毅小毅xiah ​,0,0,5,5,18
idol_producer_059,李俊毅,偶像练习生,排名发布阶段,2018-02-17,2018-03-02,李俊毅 偶像练习生,4213249744010226,https://m.weibo.cn/detail/4213249744010226,2018-03-02 22:21:00,#偶像练习生# 覃俊毅，李俊毅，范丞丞，贝汯璘—《Very good》 L 国组安利博的秒拍视频 ​,0,0,5,5,19
idol_producer_059,李俊毅,偶像练习生,总决赛阶段,2018-03-24,2018-04-06,李俊毅 偶像练习生,4225889250830929,https://m.weibo.cn/detail/4225889250830929,2018-04-06 19:26:00,猜一下出道9人：蔡徐坤、陈立农、范丞丞、justin、小鬼、朱正廷、尤长靖、王子异、钱正昊（卜凡我也挺想让他进）今晚直播《偶像练习生》总决赛，说起来我虽然是从第一期开始看的，但看了几期都没有说要固定pick谁，也没有说怎么怎么特别喜欢看这个节目，公布排名也一直在快进，就一般吧，但后来感觉还挺好看的，尤其有些歌和rap真的好听，直到后来看到小钱，又发现他居然参加过中国新声代，而且以前是个小胖子很励志的瘦了下来，one pick钱正昊!其实这里面没有说特别讨厌谁，这个节目的火爆程度就是上课老师都会跟你说，而且不止一个老师提到，李俊毅大舅还是我们学校学长，我知道的时候他刚淘汰有点可惜。还有徐圣恩这两天才发现rap真心好听，小鬼rap就不用说了哈哈我觉得比欧阳靖好听 #偶像练习生# 各位9人出道是谁都会支持的! 收起 d,0,2,1,5,20
idol_producer_059,李俊毅,偶像练习生,合作舞台阶段,2018-03-03,2018-03-23,李俊毅 偶像练习生,4220465943558865,https://m.weibo.cn/detail/4220465943558865,2018-03-22 20:15:00,我正在爱奇艺看【希望你们可以喜欢这份礼物】多年之后，我们老了，再回来看看这个，会嘴角微扬，想起这段一辈子的回忆。 我永远记得COVER【邦邦 大舅】 #胡致邦# #李俊毅# #偶像练习生# ，快来 @爱奇艺 一起看！ O 网页链接 你努力的样子真好看# ​,0,2,0,4,21
idol_producer_059,李俊毅,偶像练习生,排名发布阶段,2018-02-17,2018-03-02,李俊毅 偶像练习生,4213127673531518,https://m.weibo.cn/detail/4213127673531518,2018-03-02 14:16:00,大家捞一捞李俊毅吧！实力超级好呀！多pick他吧！ #偶像练习生# #李俊毅# ​,0,1,0,2,22
idol_producer_059,李俊毅,偶像练习生,排名发布阶段,2018-02-17,2018-03-02,李俊毅 偶像练习生,4213173257301304,https://m.weibo.cn/detail/4213173257301304,2018-03-02 17:17:00,#李俊毅# #偶像练习生# 今天pick大舅了吗？ 图来自豆瓣不妥删 ​,0,0,2,2,23
idol_producer_059,李俊毅,偶像练习生,合作舞台阶段,2018-03-03,2018-03-23,李俊毅 偶像练习生,4220163618428148,https://m.weibo.cn/detail/4220163618428148,2018-03-22 00:14:00,我正在爱奇艺看【希望你们可以喜欢这份礼物】多年之后，我们老了，再回来看看这个，会嘴角微扬，想起这段一辈子的回忆。 我永远记得COVER【邦邦 大舅】 #胡致邦# #李俊毅# #偶像练习生# ，快来 @爱奇艺 一起看！ O 网页链接 李俊毅小毅xiah @国民制瓜人 @粉丝群 @微博视频台 #李俊毅# ​,0,1,0,2,24
idol_producer_059,李俊毅,偶像练习生,合作舞台阶段,2018-03-03,2018-03-23,李俊毅 偶像练习生,4220164083747532,https://m.weibo.cn/detail/4220164083747532,2018-03-22 00:16:00,我正在爱奇艺看【希望你们可以喜欢这份礼物】多年之后，我们老了，再回来看看这个，会嘴角微扬，想起这段一辈子的回忆。 我永远记得COVER【邦邦 大舅】 #胡致邦# #李俊毅# #偶像练习生# ，快来 @爱奇艺 一起看！ O 网页链接 新浪娱乐 #偶像练习生# #李俊毅# ​,0,1,0,2,25
idol_producer_059,李俊毅,偶像练习生,合作舞台阶段,2018-03-03,2018-03-23,李俊毅 偶像练习生,4220165132151337,https://m.weibo.cn/detail/4220165132151337,2018-03-22 00:20:00,我正在爱奇艺看【希望你们可以喜欢这份礼物】多年之后，我们老了，再回来看看这个，会嘴角微扬，想起这段一辈子的回忆。 我永远记得COVER【邦邦 大舅】 #胡致邦# #李俊毅# #偶像练习生# ，快来 @爱奇艺 一起看！ O 网页链接 大舅的舅妈外甥女 ​,0,1,0,2,26
idol_producer_059,李俊毅,偶像练习生,合作舞台阶段,2018-03-03,2018-03-23,李俊毅 偶像练习生,4220165510556697,https://m.weibo.cn/detail/4220165510556697,2018-03-22 00:22:00,我正在爱奇艺看【希望你们可以喜欢这份礼物】多年之后，我们老了，再回来看看这个，会嘴角微扬，想起这段一辈子的回忆。 我永远记得COVER【邦邦 大舅】 #胡致邦# #李俊毅# #偶像练习生# ，快来 @爱奇艺 一起看！ O 网页链接 你努力的样子真好看# ​,0,1,0,2,27
idol_producer_059,李俊毅,偶像练习生,合作舞台阶段,2018-03-03,2018-03-23,李俊毅 偶像练习生,4220165770151315,https://m.weibo.cn/detail/4220165770151315,2018-03-22 00:23:00,我正在爱奇艺看【希望你们可以喜欢这份礼物】多年之后，我们老了，再回来看看这个，会嘴角微扬，想起这段一辈子的回忆。 我永远记得COVER【邦邦 大舅】 #胡致邦# #李俊毅# #偶像练习生# ，快来 @爱奇艺 一起看！ O 网页链接 大舅的舅妈和外甥女们（二群） ​,0,1,0,2,28
idol_producer_059,李俊毅,偶像练习生,合作舞台阶段,2018-03-03,2018-03-23,李俊毅 偶像练习生,4220352357345503,https://m.weibo.cn/detail/4220352357345503,2018-03-22 12:44:00,我正在爱奇艺看【希望你们可以喜欢这份礼物】多年之后，我们老了，再回来看看这个，会嘴角微扬，想起这段一辈子的回忆。 我永远记得COVER【邦邦 大舅】 #胡致邦# #李俊毅# #偶像练习生# ，快来 @爱奇艺 一起看！ O 网页链接 李俊毅小毅xiah @国民制瓜人 ​,0,1,0,2,29
idol_producer_059,李俊毅,偶像练习生,合作舞台阶段,2018-03-03,2018-03-23,李俊毅 偶像练习生,4220464924540957,https://m.weibo.cn/detail/4220464924540957,2018-03-22 20:11:00,我正在爱奇艺看【希望你们可以喜欢这份礼物】多年之后，我们老了，再回来看看这个，会嘴角微扬，想起这段一辈子的回忆。 我永远记得COVER【邦邦 大舅】 #胡致邦# #李俊毅# #偶像练习生# ，快来 @爱奇艺 一起看！ O 网页链接 国民制瓜人 ​,0,1,0,2,30
idol_producer_060,李志杰,偶像练习生,总决赛阶段,2018-03-24,2018-04-06,李志杰 偶像练习生,4225879292642449,https://m.weibo.cn/detail/4225879292642449,2018-04-06 18:46:00,酷的bro #王子异# 兄弟加油 今晚八点 #偶像练习生# 决赛之夜 全民制作人请多关照 @BBT孙浩然 @BBT林浩楷 @BBT王子异 @BBT李志杰 ​,1392,827,2297,5343,1
idol_producer_060,李志杰,偶像练习生,位置测评阶段,2018-02-03,2018-02-16,李志杰 偶像练习生,4208154289709248,https://m.weibo.cn/detail/4208154289709248,2018-02-16 20:53:00,偶像练习生 99进60的淘汰名单 乐华、坤音、觉醒东方、超能唱片全员安全 香蕉娱乐（9个淘汰4个） 高茂桐 姜京佐 李若天 邱治楷 辰星娱乐（6个淘汰4个） Rapen 王宥辰 J-one Gigel 麦锐娱乐（6个淘汰3个） 邓烺怡 孙凡杰 吕晨瑜 简单快乐（5个淘汰4个） 金逸涵 林浩楷 李志杰 孙浩然 盛夏星空（5个淘汰1个） 王梓豪 新锐杂志（5个淘汰3个） 赵俞澈 应智越 万宇贤 AIF娱乐（全军覆没） 于浩 赵凌峰 杨羿 张艺凡 焕星娱乐（全军覆没） 何嘉庚 李鑫岩 罗杰 张宇晨 铂熠娱乐（4个淘汰2个） 叶泓希 张昕 乐风艺社（全军覆没） 陈义夫 闵喆祥 果然娱乐（4个淘汰1个） 张晏恺 次元文化（2个淘汰1个） 徐鹤尼 新湃传媒（单人） 于斌 天津中视（单人） 朱一文 个人练习生（7个淘汰4个） 甘俊 侯浩然 黄若涵 周腾阳 个人觉得比较可惜的一些：扫地组合（罗杰、姜京佐）、张艺凡（第三期进A组）、闵喆祥（学舞能力突出） 收起 d,220,1591,1046,4448,2
idol_producer_060,李志杰,偶像练习生,初评级阶段,2018-01-19,2018-01-26,李志杰 偶像练习生,4200571004889442,https://m.weibo.cn/detail/4200571004889442,2018-01-26 22:40:00,得到导师的“努力”认证，但得不到节目的“幸运”呈现。 #偶像练习生# 仅7秒的现场表演，获得导师1个A，4个B的肯定。节目里无法看到，只能给你看练习室版《Mr. Lee》。我们依然相信越努力越幸运，加油BBT。 @BBT孙浩然 @BBT林浩楷 @BBT王子异 @BBT李志杰 @BBT金逸涵 L BBTofficial的秒拍视频 ​,196,269,724,1458,3
idol_producer_060,李志杰,偶像练习生,位置测评阶段,2018-02-03,2018-02-16,李志杰 偶像练习生,4208063521127174,https://m.weibo.cn/detail/4208063521127174,2018-02-16 14:53:00,#偶像练习生# 活泼的李志杰 @BBT李志杰 弟弟读信时间到~ 有的人明明一本正经说自己喝水都胖，过会儿就和节目组强调这顿饭别忘了 L 《偶像练习生》【泡泡读信】李志杰GET英文告白 ​,9,103,987,1202,4
idol_producer_060,李志杰,偶像练习生,排名发布阶段,2018-02-17,2018-03-02,李志杰 偶像练习生,4212796344277283,https://m.weibo.cn/detail/4212796344277283,2018-03-01 16:19:00,#bbt# #偶像练习生# Simple Style 西田造型团队之“金马”颁奖后台 艺术总监 @BBT孙浩然 Tony助理 @BBT林浩楷 战士本士 @BBT王子异 腹肌撕裂者 @BBT李志杰 I watch you L BBTofficial的秒拍视频 ​,170,170,451,961,5
idol_producer_060,李志杰,偶像练习生,总决赛阶段,2018-03-24,2018-04-06,李志杰 偶像练习生,4225884724551185,https://m.weibo.cn/detail/4225884724551185,2018-04-06 19:08:00,我们是 #偶像练习生# 孙浩然 @BBT孙浩然 林浩楷 @BBT林浩楷 王子异 @BBT王子异 李志杰 @BBT李志杰 全民制作人 谢谢关照,7,34,502,577,6
idol_producer_060,李志杰,偶像练习生,初评级阶段,2018-01-19,2018-01-26,李志杰 偶像练习生,4200566706532481,https://m.weibo.cn/detail/4200566706532481,2018-01-26 22:23:00,今晚没有你们的镜头，唯一一个A组没有表演镜头的 @BBT王子异 ，其他所有成员均在B组的 @BBT孙浩然 @BBT林浩楷 @BBT李志杰 @BBT金逸涵 ，节目剪辑分配可以不均匀，但导师们给了你们1A4B的肯定评价。我们以你们为荣！ #偶像练习生# ​,87,84,316,571,7
idol_producer_060,李志杰,偶像练习生,位置测评阶段,2018-02-03,2018-02-16,李志杰 偶像练习生,4208106147854297,https://m.weibo.cn/detail/4208106147854297,2018-02-16 17:42:00,《目属目》MV拍摄花絮——恐高的少年啊，快去创造奇迹 @BBT孙浩然 @BBT林浩楷 @BBT王子异 @BBT李志杰 新年第一天，祝大家春节快乐 今晚也要记得看 #偶像练习生# 为 #BBT# 加油哦 L BBTofficial的秒拍视频 ​,88,83,276,530,8
idol_producer_060,李志杰,偶像练习生,总决赛阶段,2018-03-24,2018-04-06,李志杰 偶像练习生,4225384453158560,https://m.weibo.cn/detail/4225384453158560,2018-04-05 10:00:00,BOOM BOOM TAKER！在偶像练习的战场上怎么有这么可爱的小哥哥 @BBT林浩楷 @BBT孙浩然 @BBT李志杰 ！简单快乐BBT将在今晚节目中分享练习生生活的点点滴滴，并隔空应援 @BBT王子异 送上温暖空投！ @BBTofficial 放假第一天，节奏燃不燃？ 锁定收听 O 今晚9点 @京都念慈菴 #流行音乐全金榜# @蜻蜓FM O 网页链接 @BBTaker_天使站 收起 d,67,62,166,357,9
idol_producer_061,李权哲,偶像练习生,主题曲考核阶段,2018-01-27,2018-02-02,李权哲 偶像练习生,4203106293681255,https://m.weibo.cn/detail/4203106293681255,2018-02-02 22:34:00,"#偶像练习生# 李老师 @李荣浩 进入F班教室手把手一对一声乐课教学开始！ 独特李式练唱方式：咳嗽变成“hey hey”，小仓鼠李权哲 @Lee权哲 被李老师点名表扬~ 罗正 @罗正_LZ 虽然接连失误但却受到李老师“爱的鼓励抱抱” L 《偶像练习生》【小课堂】李荣浩独创""咳嗽法""拯救假音困难症 ​",74,158,1832,2222,1
idol_producer_061,李权哲,偶像练习生,初评级阶段,2018-01-19,2018-01-26,李权哲 偶像练习生,4200555796714923,https://m.weibo.cn/detail/4200555796714923,2018-01-26 21:40:00,偶像练习生里乐华的几位练习生大合照，朱正延、黄明昊、范丞丞、丁泽仁、毕文珺、李权哲、黄新淳，最看好谁 ​​​,84,88,115,375,2
idol_producer_061,李权哲,偶像练习生,总决赛阶段,2018-03-24,2018-04-06,李权哲 偶像练习生,4225892999905376,https://m.weibo.cn/detail/4225892999905376,2018-04-06 19:41:00,#乐华练习生# #偶像练习生# #朱正廷# #毕雯珺# #黄新淳# #丁泽仁# #范丞丞# #李权哲# #黄明昊# 四个月的时光转瞬即逝 乐华line七位追梦少年带给我们欢笑与感动 同时我们也见证了他们的成长与蜕变 是兄弟亦是战友 是困难时的互相扶持 是紧张时握紧的双手 是发自内心的鼓励 是晋级时真心的祝福 今晚 最后的战役即将打响 请大家为乐华line的出道贡献力量 朱正廷 毕雯珺 范丞丞 Justin 必须出道！ @Zzt-朱正廷 @Biiiii毕雯珺 @MONKEY_OFFICIAL @Dzr_丁泽仁 @Adam0616 @Lee权哲 @jjjustin0219 投票地址👉 O 网页链接 投票时间和方法✨ O 今晚20:00准时开始 ，每半个小时可投一次票，从开始到21:30结束总共有3次投票机会，普通用户每次有1票投票权，VIP用户每次有2票投票权 收起 d,31,15,137,198,3
idol_producer_061,李权哲,偶像练习生,位置测评阶段,2018-02-03,2018-02-16,李权哲 偶像练习生,4208183649934897,https://m.weibo.cn/detail/4208183649934897,2018-02-16 22:50:00,#偶像练习生# 第一轮前60名： 蔡徐坤/陈立农/范丞丞/Justin/朱正廷/小鬼/卜凡/李权哲/何东东/尤长靖/王子异/Jeffrey/秦奋/林超泽/朱星杰/灵超/钱正昊/董岩磊/韩沐伯/丁泽仁/岳岳/左叶/徐凯皓/木子洋/郑锐彬/毕雯珺/周彦辰/林彦俊/李希侃/陆定昊/周锐/黄书豪/黄新淳/罗正/张达源/李让/贝汯璘/李长庚/陈斯琪/韩雍杰/秦子墨/武连杰/覃俊毅/娄滋博/靖佩瑶/余明君/陈名豪/明鹏/杨非同/朱匀一/伽里/凌崎/朱匀天/徐圣恩/李俊毅/张奕轩/王艺龙/姜达赫/胡致邦/梁辉 乐华女孩绝不认输 收起 d,2,32,106,172,4
idol_producer_061,李权哲,偶像练习生,总决赛阶段,2018-03-24,2018-04-06,李权哲 偶像练习生,4225895314857186,https://m.weibo.cn/detail/4225895314857186,2018-04-06 19:50:00,#乐华练习生# #偶像练习生# #朱正廷# #毕雯珺# #黄新淳# #丁泽仁# #范丞丞# #李权哲# #黄明昊# 四个月的时光转瞬即逝 乐华line七位追梦少年带给我们欢笑与感动 同时我们也见证了他们的成长与蜕变 是兄弟亦是战友 是困难时的互相扶持 是紧张时握紧的双手 是发自内心的鼓励 是晋级时真心的祝福 今晚 最后的战役即将打响 请大家为乐华line的出道贡献力量 朱正廷 毕雯珺 范丞丞 Justin 必须出道！ @Zzt-朱正廷 @Biiiii毕雯珺 @MONKEY_OFFICIAL @Dzr_丁泽仁 @Adam0616 @Lee权哲 @jjjustin0219 投票地址👉 O 网页链接 投票时间和方法✨ O 今晚20:00准时开始 ，每半个小时可投一次票，从开始到21:30结束总共有3次投票机会，普通用户每次有1票投票权，VIP用户每次有2票投票权 收起 d,15,20,112,167,5
idol_producer_061,李权哲,偶像练习生,总决赛阶段,2018-03-24,2018-04-06,李权哲 偶像练习生,4225895251623394,https://m.weibo.cn/detail/4225895251623394,2018-04-06 19:50:00,#乐华练习生# #偶像练习生# #朱正廷# #毕雯珺# #黄新淳# #丁泽仁# #范丞丞# #李权哲# #黄明昊# 四个月的时光转瞬即逝 乐华line七位追梦少年带给我们欢笑与感动 同时我们也见证了他们的成长与蜕变 是兄弟亦是战友 是困难时的互相扶持 是紧张时握紧的双手 是发自内心的鼓励 是晋级时真心的祝福 今晚 最后的战役即将打响 请大家为乐华line的出道贡献力量 朱正廷 毕雯珺 范丞丞 Justin 必须出道！ @Zzt-朱正廷 @Biiiii毕雯珺 @MONKEY_OFFICIAL @Dzr_丁泽仁 @Adam0616 @Lee权哲 @jjjustin0219 投票地址👉 O 网页链接 投票时间和方法✨ O 今晚20:00准时开始 ，每半个小时可投一次票，从开始到21:30结束总共有3次投票机会，普通用户每次有1票投票权，VIP用户每次有2票投票权 收起 d,8,10,107,135,6
idol_producer_061,李权哲,偶像练习生,合作舞台阶段,2018-03-03,2018-03-23,李权哲 偶像练习生,4220860082678806,https://m.weibo.cn/detail/4220860082678806,2018-03-23 22:22:00,我的周彦辰李权哲黄新淳周锐明明这么好 感觉乐华七小只因为被传报团的谣言排名都有下降 心好累 justin李希侃加油！ #偶像练习生# ​,1,20,72,113,7
idol_producer_061,李权哲,偶像练习生,排名发布阶段,2018-02-17,2018-03-02,李权哲 偶像练习生,4213251166892404,https://m.weibo.cn/detail/4213251166892404,2018-03-02 22:26:00,#李权哲# 🌙 #偶像练习生李权哲# 今天也是在夹缝中生存的存折女孩 给大家标明有我们的小仓鼠李权哲的时间线啦！分别是: 15:20。 20:27。 1:12:38。 1:21:16。 2:11:26。 2:30:10。 2:35:09。 请各位可爱的存折女孩去爱奇艺给我们的小仓鼠疯狂的弹幕打call吧 L 偶像练习生之张艺兴表白粉丝 “霸总”范丞丞原创歌词惹人心疼 收起 d,23,15,44,97,8
idol_producer_061,李权哲,偶像练习生,总决赛阶段,2018-03-24,2018-04-06,李权哲 偶像练习生,4225895264726013,https://m.weibo.cn/detail/4225895264726013,2018-04-06 19:50:00,#乐华练习生# #偶像练习生# #朱正廷# #毕雯珺# #黄新淳# #丁泽仁# #范丞丞# #李权哲# #黄明昊# 四个月的时光转瞬即逝 乐华line七位追梦少年带给我们欢笑与感动 同时我们也见证了他们的成长与蜕变 是兄弟亦是战友 是困难时的互相扶持 是紧张时握紧的双手 是发自内心的鼓励 是晋级时真心的祝福 今晚 最后的战役即将打响 请大家为乐华line的出道贡献力量 朱正廷 毕雯珺 范丞丞 Justin 必须出道！ @Zzt-朱正廷 @Biiiii毕雯珺 @MONKEY_OFFICIAL @Dzr_丁泽仁 @Adam0616 @Lee权哲 @jjjustin0219 投票地址👉 O 网页链接 投票时间和方法✨ O 今晚20:00准时开始 ，每半个小时可投一次票，从开始到21:30结束总共有3次投票机会，普通用户每次有1票投票权，VIP用户每次有2票投票权 收起 d,6,6,56,74,9
idol_producer_061,李权哲,偶像练习生,总决赛阶段,2018-03-24,2018-04-06,李权哲 偶像练习生,4225895243968232,https://m.weibo.cn/detail/4225895243968232,2018-04-06 19:50:00,#乐华练习生# #偶像练习生# #朱正廷# #毕雯珺# #黄新淳# #丁泽仁# #范丞丞# #李权哲# #黄明昊# 四个月的时光转瞬即逝 乐华line七位追梦少年带给我们欢笑与感动 同时我们也见证了他们的成长与蜕变 是兄弟亦是战友 是困难时的互相扶持 是紧张时握紧的双手 是发自内心的鼓励 是晋级时真心的祝福 今晚 最后的战役即将打响 请大家为乐华line的出道贡献力量 朱正廷 毕雯珺 范丞丞 Justin 必须出道！ @Zzt-朱正廷 @Biiiii毕雯珺 @MONKEY_OFFICIAL @Dzr_丁泽仁 @Adam0616 @Lee权哲 @jjjustin0219 投票地址👉 O 网页链接 投票时间和方法✨ O 今晚20:00准时开始 ，每半个小时可投一次票，从开始到21:30结束总共有3次投票机会，普通用户每次有1票投票权，VIP用户每次有2票投票权 收起 d,5,2,62,71,10
idol_producer_061,李权哲,偶像练习生,排名发布阶段,2018-02-17,2018-03-02,李权哲 偶像练习生,4213245776511308,https://m.weibo.cn/detail/4213245776511308,2018-03-02 22:05:00,#偶像练习生# 又跳了个墙头 李希侃哈哈哈哈 固定pick 蔡徐坤 justin 李权哲 胡致邦 林超泽 不固定的有好多哈哈哈 都是墙头 救救邦邦好嘛 想看他好好的唱一次vocal 拜托活过这次的排名 还有每次都可怜兮兮的仓鼠 现场投票排名而已 最终一位对坤坤有自信 然后 晚安 明天要上班的人 ​,0,15,35,65,11
idol_producer_061,李权哲,偶像练习生,排名发布阶段,2018-02-17,2018-03-02,李权哲 偶像练习生,4213259056208761,https://m.weibo.cn/detail/4213259056208761,2018-03-02 22:58:00,#偶像练习生# 感受一下周锐的美颜对大家的暴击！👌 王子异为你惊叹，朱正廷夸你好美 李权哲夸你神颜，范丞丞为你跺脚 尤长靖为你张嘴，陈立农为你瞪眼👌 Justin漂亮连发👌 众人还为你迷醉脸👌 ​,2,4,32,42,12
idol_producer_061,李权哲,偶像练习生,排名发布阶段,2018-02-17,2018-03-02,李权哲 偶像练习生,4213258388687582,https://m.weibo.cn/detail/4213258388687582,2018-03-02 22:55:00,#李权哲# #偶像练习生李权哲# 就小小的心意，毕竟你出道了 我才有机会去看你 @Lee权哲 ​,0,6,13,25,13
idol_producer_061,李权哲,偶像练习生,排名发布阶段,2018-02-17,2018-03-02,李权哲 偶像练习生,4213250549406518,https://m.weibo.cn/detail/4213250549406518,2018-03-02 22:24:00,#偶像练习生# 我最喜欢最期待出道的： 蔡徐坤 王子异 尤长靖 jeffery 小鬼 朱正廷 郑瑞彬 范丞丞虽然我不pick，但是他肯定能出道~ 还有一个私心是罗正，虽然知道罗正的排名有点靠后，但是真的是好喜欢罗正的颜值！！！！！！！！！！！！ 还有李希侃，李权哲，毕雯珺…… 唉(๑◕︵◕๑) 九个人太少了吧 ​,0,2,18,22,14
idol_producer_061,李权哲,偶像练习生,总决赛阶段,2018-03-24,2018-04-06,李权哲 偶像练习生,4225897349525093,https://m.weibo.cn/detail/4225897349525093,2018-04-06 19:58:00,#乐华练习生# #偶像练习生# #朱正廷# #毕雯珺# #黄新淳# #丁泽仁# #范丞丞# #李权哲# #黄明昊# 四个月的时光转瞬即逝 乐华line七位追梦少年带给我们欢笑与感动 同时我们也见证了他们的成长与蜕变 是兄弟亦是战友 是困难时的互相扶持 是紧张时握紧的双手 是发自内心的鼓励 是晋级时真心的祝福 今晚 最后的战役即将打响 请大家为乐华line的出道贡献力量 朱正廷 毕雯珺 范丞丞 Justin 必须出道！ @Zzt-朱正廷 @Biiiii毕雯珺 @MONKEY_OFFICIAL @Dzr_丁泽仁 @Adam0616 @Lee权哲 @jjjustin0219 投票地址👉 O 网页链接 投票时间和方法✨ O 今晚20:00准时开始 ，每半个小时可投一次票，从开始到21:30结束总共有3次投票机会，普通用户每次有1票投票权，VIP用户每次有2票投票权 收起 d,0,2,16,20,15
idol_producer_061,李权哲,偶像练习生,合作舞台阶段,2018-03-03,2018-03-23,李权哲 偶像练习生,4220864533033113,https://m.weibo.cn/detail/4220864533033113,2018-03-23 22:39:00,周美锐 岳岳 韩沐博 木子洋 余明君 李权哲·····愿各位都能越来越好～ #偶像练习生#,0,2,15,19,16
idol_producer_061,李权哲,偶像练习生,合作舞台阶段,2018-03-03,2018-03-23,李权哲 偶像练习生,4220861646647173,https://m.weibo.cn/detail/4220861646647173,2018-03-23 22:28:00,#偶像练习生# #木子洋# #李权哲# 以后都走花路吧 ​,0,2,12,16,17
idol_producer_061,李权哲,偶像练习生,总决赛阶段,2018-03-24,2018-04-06,李权哲 偶像练习生,4225935929148615,https://m.weibo.cn/detail/4225935929148615,2018-04-06 22:31:00,【偶像练习生】【乐华七子】神七团魂向-你曾是少年【朱正廷】 【justin】【范丞丞】 【黄新淳】 【毕雯珺】 【李权哲】【丁泽仁】 涂山家的狐狸十七 承诺过会发的，朱正廷以后请一直走花路！！永远爱你 #朱正廷# #哔哩哔哩# O 网页链接 ​,1,0,15,16,18
idol_producer_061,李权哲,偶像练习生,排名发布阶段,2018-02-17,2018-03-02,李权哲 偶像练习生,4213258305131678,https://m.weibo.cn/detail/4213258305131678,2018-03-02 22:55:00,#偶像练习生# #爱奇艺# #李权哲# #毕雯珺# 说乐华抱团的有没有考虑过李权哲的感受 P1 队友都抱着庆祝，他在后面很慌张，又想一起庆祝又担心有长靖难过。 P2 他放弃了陪队友庆祝选择了陪尤。 P3 听到并列第一的时候才放心高兴了起来。 都是努力的孩子，不要恶言相对了 ​,0,7,1,15,19
idol_producer_061,李权哲,偶像练习生,合作舞台阶段,2018-03-03,2018-03-23,李权哲 偶像练习生,4220868890409262,https://m.weibo.cn/detail/4220868890409262,2018-03-23 22:57:00,#李权哲# #偶像练习生李权哲# 这么可爱的小仓鼠李权哲就这么淘汰了【不开心】 权哲在节目里镜头很少，但他真的非常努力，想用实力证明自己 李权哲，加油 @Lee权哲 ​,0,0,15,15,20
idol_producer_061,李权哲,偶像练习生,合作舞台阶段,2018-03-03,2018-03-23,李权哲 偶像练习生,4220867758010864,https://m.weibo.cn/detail/4220867758010864,2018-03-23 22:52:00,#偶像练习生李权哲# 虽然这一次的偶像练习生我还没有看，但是我已经知道了你要淘汰的消息，不过这一次我们可爱的小仓鼠🐹没有哭，相信你是最棒的。 ​,0,3,7,13,21
idol_producer_061,李权哲,偶像练习生,总决赛阶段,2018-03-24,2018-04-06,李权哲 偶像练习生,4225898872276259,https://m.weibo.cn/detail/4225898872276259,2018-04-06 20:04:00,#乐华练习生# #偶像练习生# #朱正廷# #毕雯珺# #黄新淳# #丁泽仁# #范丞丞# #李权哲# #黄明昊# 四个月的时光转瞬即逝 乐华line七位追梦少年带给我们欢笑与感动 同时我们也见证了他们的成长与蜕变 是兄弟亦是战友 是困难时的互相扶持 是紧张时握紧的双手 是发自内心的鼓励 是晋级时真心的祝福 今晚 最后的战役即将打响 请大家为乐华line的出道贡献力量 朱正廷 毕雯珺 范丞丞 Justin 必须出道！ @Zzt-朱正廷 @Biiiii毕雯珺 @MONKEY_OFFICIAL @Dzr_丁泽仁 @Adam0616 @Lee权哲 @jjjustin0219 投票地址👉 O 网页链接 投票时间和方法✨ O 今晚20:00准时开始 ，每半个小时可投一次票，从开始到21:30结束总共有3次投票机会，普通用户每次有1票投票权，VIP用户每次有2票投票权 收起 d,1,1,9,12,22
idol_producer_061,李权哲,偶像练习生,合作舞台阶段,2018-03-03,2018-03-23,李权哲 偶像练习生,4220863098041629,https://m.weibo.cn/detail/4220863098041629,2018-03-23 22:34:00,没关系 尽力就好了. 这个舞台是梦开始的地方 以后的路会更精彩 你是经历过下雨天还依旧能走火路的李权哲 所以调整自己 准备出发 权哲 山不转水转 江湖再见 @Lee权哲 #偶像练习生李权哲# #李权哲# #Firewalking (Live) ##我怀念的 (Live) (原唱：孙燕姿) # ​,0,0,10,10,23
idol_producer_061,李权哲,偶像练习生,总决赛阶段,2018-03-24,2018-04-06,李权哲 偶像练习生,4225941746192451,https://m.weibo.cn/detail/4225941746192451,2018-04-06 22:54:00,偶像练习生！ 恭喜蔡徐坤，陈立农，范丞丞，justin，林彦俊，朱正廷，王子异，小鬼，尤长靖。 喜欢卜凡小鬼的性格。灵超弟弟颜值。萌系努力李权哲。佩服尤长靖的高音。还有还有周锐，周美锐！ #偶像练习生# ​,0,0,10,10,24
idol_producer_061,李权哲,偶像练习生,排名发布阶段,2018-02-17,2018-03-02,李权哲 偶像练习生,4213259395534821,https://m.weibo.cn/detail/4213259395534821,2018-03-02 22:59:00,#李权哲# #偶像练习生李权哲# 1⃣️节目互动才升1 （多到 @Lee权哲 微博里点赞评论转发） 2⃣️小红书涨幅情况 3⃣️势力榜各数据都下降了（多发带有 @Lee权哲 和李权哲的话题，多多到 @Lee权哲 微博看看，评论，点赞，转发） 4⃣️礼物进度 ​,0,0,8,8,25
idol_producer_061,李权哲,偶像练习生,总决赛阶段,2018-03-24,2018-04-06,李权哲 偶像练习生,4225918941329469,https://m.weibo.cn/detail/4225918941329469,2018-04-06 21:24:00,蔡徐坤，范丞丞，朱正廷，jastin，秦奋，毕雯珺，李权哲，尤长靖，jeffrey 理想中的 #偶像练习生# #秦奋# 九人出道 ​,0,0,8,8,26
idol_producer_061,李权哲,偶像练习生,初评级阶段,2018-01-19,2018-01-26,李权哲 偶像练习生,4200559021980231,https://m.weibo.cn/detail/4200559021980231,2018-01-26 21:52:00,#偶像练习生# 话题下10分钟内pick #李权哲# #justin黄明昊# #陈立农# #胡致邦# #jeffery# #idolproducer# 话题2分钟下，因为实在太多而且已经被泰国粉丝包围了，听到泰国歌集体高潮 ​,0,0,7,7,27
idol_producer_061,李权哲,偶像练习生,合作舞台阶段,2018-03-03,2018-03-23,李权哲 偶像练习生,4220864247173670,https://m.weibo.cn/detail/4220864247173670,2018-03-23 22:38:00,周彦辰 韩沐伯 自从看到韩沐伯拉大提琴开始就挺喜欢他的 哎，还是有点震惊 不是很想接受这次淘汰 还有李权哲 虽然我最喜欢坤坤，但是我还是好心痛，他们都好努力啊 #蔡徐坤# #韩沐伯# #周彦辰# #偶像练习生# ​,0,0,7,7,28
idol_producer_061,李权哲,偶像练习生,排名发布阶段,2018-02-17,2018-03-02,李权哲 偶像练习生,4213249211418427,https://m.weibo.cn/detail/4213249211418427,2018-03-02 22:19:00,#李权哲# #偶像练习生李权哲# 你是什么味儿呀 @Lee权哲 ​,0,0,6,6,29
idol_producer_061,李权哲,偶像练习生,合作舞台阶段,2018-03-03,2018-03-23,李权哲 偶像练习生,4220869025017349,https://m.weibo.cn/detail/4220869025017349,2018-03-23 22:57:00,"目前私心希望出道的人有蔡徐坤，朱正廷，范丞丞，Justin，Jeffrey,林彦俊，王子异。陈立农肯定也会有的，剩下一个suprise me 吧!希望是惊喜，不要是惊吓!希望各方面能跟这个团搭一点吧！好像这个团rapper比较多啊，希望大家以后能够balence一下吧!还有，真心喜欢Jeffrey,不是因为他家世多么显赫，而是因为他在那么好的外在条件下还可以这么有礼貌，这么谦虚!可爱哈哈哈!子异也很非常优秀!林彦俊哈哈哈新头发还不错!送走的练习生很多都很不错，罗正，希望去演戏吧！不要浪费那么好的颜!周锐，也可以发展发展演戏道路哈哈!木子洋继续时尚道路吧！丁泽仁继续加油，实力很强的练习生,今天换了发型真的get到颜了!李权哲，很可爱的练习生，也是有实力的练习生，加油!娄滋博确定是要回河南种地吗？哈哈哈，其实还蛮有可塑性的。韩沐伯真的是可惜了，有才唱歌也很好!回去和左叶继续加油!周彦辰，真的，实力也很强!感谢 #偶像练习生# 让我认识了你们!加油!我也要加油! 收起 d",0,3,0,6,30
idol_producer_062,李若天,偶像练习生,总决赛阶段,2018-03-24,2018-04-06,李若天 偶像练习生,4225888826213631,https://m.weibo.cn/detail/4225888826213631,2018-04-06 19:24:00,九子同心 #偶像练习生# #香蕉娱乐TRAINEE18# #尤长靖# #林彦俊# #林超泽# #李若天# #姜京佐# #陆定昊# #贝汯璘# #高茂桐# #邱治谐# ​,4369,1419,4332,11539,1
idol_producer_062,李若天,偶像练习生,总决赛阶段,2018-03-24,2018-04-06,李若天 偶像练习生,4225895814731754,https://m.weibo.cn/detail/4225895814731754,2018-04-06 19:52:00,集齐九子召唤 @王思聪 #偶像练习生# #香蕉娱乐TRAINEE18# #尤长靖# #林彦俊# #林超泽# #陆定昊# #姜京佐# #李若天# #高茂桐# #邱治谐# #贝汯璘# ​,2069,946,3586,7547,2
idol_producer_062,李若天,偶像练习生,合作舞台阶段,2018-03-03,2018-03-23,李若天 偶像练习生,4218299098686033,https://m.weibo.cn/detail/4218299098686033,2018-03-16 20:45:00,#空降直播间# 直播预告：嘿下一秒向你靠近！他们是 #偶像练习生# 里认真努力的 @香蕉娱乐TRAINEE18 练习生， O 03月19日，晚上7点30 。 @Trainee18-姜京佐 & @Trainee18-李若天Kai 就要空降 @KilaKila 啦！粉丝专属连麦福利大派发，快去 #KilaKila# 抢麦~ KilaKila:香蕉娱乐TRAINE的直播间 ​,4327,318,261,5224,3
idol_producer_062,李若天,偶像练习生,初评级阶段,2018-01-19,2018-01-26,李若天 偶像练习生,4200550956290435,https://m.weibo.cn/detail/4200550956290435,2018-01-26 21:20:00,#偶像练习生# “十八般担当”都齐全的香蕉娱乐九人团贝汯璘 @Trainee18-贝汯璘Air 李若天 @Trainee18-李若天Kai 高茂桐 @Trainee18-高茂桐 姜京佐 @Trainee18-姜京佐 尤长靖 @Trainee18-尤长靖 林彦俊 @Trainee18-林彦俊 林超泽 @Trainee18-林超泽 陆定昊 @Trainee18-陆定昊 邱治谐 @Trainee18-邱治谐 团体配合度完美，群舞获得导师团一致好评！给你们鼓鼓掌 L 【偶像练习生】尤长靖：小宇宙大爆发 走心演唱获李荣浩好评 收起 d,458,1084,2089,4715,4
idol_producer_062,李若天,偶像练习生,位置测评阶段,2018-02-03,2018-02-16,李若天 偶像练习生,4208154289709248,https://m.weibo.cn/detail/4208154289709248,2018-02-16 20:53:00,偶像练习生 99进60的淘汰名单 乐华、坤音、觉醒东方、超能唱片全员安全 香蕉娱乐（9个淘汰4个） 高茂桐 姜京佐 李若天 邱治楷 辰星娱乐（6个淘汰4个） Rapen 王宥辰 J-one Gigel 麦锐娱乐（6个淘汰3个） 邓烺怡 孙凡杰 吕晨瑜 简单快乐（5个淘汰4个） 金逸涵 林浩楷 李志杰 孙浩然 盛夏星空（5个淘汰1个） 王梓豪 新锐杂志（5个淘汰3个） 赵俞澈 应智越 万宇贤 AIF娱乐（全军覆没） 于浩 赵凌峰 杨羿 张艺凡 焕星娱乐（全军覆没） 何嘉庚 李鑫岩 罗杰 张宇晨 铂熠娱乐（4个淘汰2个） 叶泓希 张昕 乐风艺社（全军覆没） 陈义夫 闵喆祥 果然娱乐（4个淘汰1个） 张晏恺 次元文化（2个淘汰1个） 徐鹤尼 新湃传媒（单人） 于斌 天津中视（单人） 朱一文 个人练习生（7个淘汰4个） 甘俊 侯浩然 黄若涵 周腾阳 个人觉得比较可惜的一些：扫地组合（罗杰、姜京佐）、张艺凡（第三期进A组）、闵喆祥（学舞能力突出） 收起 d,220,1591,1046,4448,5
idol_producer_062,李若天,偶像练习生,总决赛阶段,2018-03-24,2018-04-06,李若天 偶像练习生,4225902063676847,https://m.weibo.cn/detail/4225902063676847,2018-04-06 20:17:00,【王思聪现身《偶练》】《偶像练习生》总决赛，香蕉娱乐的boss @王思聪 现身为旗下的练习生助阵！ 与尤长靖、林彦俊、林超泽、陆定昊、姜京佐、李若天、高茂桐、邱治谐、贝汯璘合照 O 《偶练》总决赛王思聪现身 ​,112,569,1879,3129,6
idol_producer_062,李若天,偶像练习生,合作舞台阶段,2018-03-03,2018-03-23,李若天 偶像练习生,4219392797978830,https://m.weibo.cn/detail/4219392797978830,2018-03-19 21:11:00,今天 @Trainee18-姜京佐 @Trainee18-李若天Kai 空降 @KilaKila 直播间。直播中的他们是什么样子的？李若天脚底受伤，依然从图一聊到了图四，堪称位置大跃进 ~~谢谢今天来直播间的粉丝宝宝们，也希望之后大家能够多多支持香蕉男孩~ #偶像练习生# #李若天# #姜京佐# ​,1275,362,571,2570,7
idol_producer_062,李若天,偶像练习生,合作舞台阶段,2018-03-03,2018-03-23,李若天 偶像练习生,4217817450384152,https://m.weibo.cn/detail/4217817450384152,2018-03-15 12:51:00,【学EIEI送 #偶像练习生# 签名照咯！】 @跳跳app 与 @香蕉娱乐TRAINEE18 合作拍摄的 #偶像练习生# 主题曲《EIEI》原版教学新鲜出炉！舞蹈教学导师是最近大火的 @Trainee18-李若天Kai @Trainee18-高茂桐 @Trainee18-姜京佐 这三位小哥哥哦！大家快来Pick 起来吧！ 关注 @跳跳APP 并转发本条微博即可有机会获得 @Trainee18 9位小哥哥的签名合照哦！ @爱奇艺偶像练习生 3月17日（周六）中午12点开奖！教学视频传送门→ O 网页链接 收起 d,1351,143,63,1700,8
idol_producer_062,李若天,偶像练习生,合作舞台阶段,2018-03-03,2018-03-23,李若天 偶像练习生,4220094860997494,https://m.weibo.cn/detail/4220094860997494,2018-03-21 19:41:00,#偶像练习生# #偶言偶语# #偶像练习生# #偶言偶语# 今天为什么这么好哭啊？ 李若天 微博正文 李俊毅 微博正文 朱匀一 微博正文 ​,74,80,390,624,9
idol_producer_062,李若天,偶像练习生,总决赛阶段,2018-03-24,2018-04-06,李若天 偶像练习生,4225918815857955,https://m.weibo.cn/detail/4225918815857955,2018-04-06 21:23:00,《偶像练习生》总决赛，香蕉娱乐boss 王思聪 低调现身，为旗下的练习生助阵！并与尤长靖、林彦俊、林超泽、陆定昊、姜京佐、李若天、高茂桐、邱治谐、贝汯璘合照。 另外，范丞丞爸妈 也来到现场，为范丞丞加油打气！ 你最支持谁？ ​,158,118,189,583,10
idol_producer_062,李若天,偶像练习生,排名发布阶段,2018-02-17,2018-03-02,李若天 偶像练习生,4212804325893620,https://m.weibo.cn/detail/4212804325893620,2018-03-01 16:51:00,#创造101# 【等待开播的日子】小首的安利课堂 第一课 香蕉娱乐之Trainee18 1、强东玥 1994年3月31日 华东师范大学 2、曾妮 1993年6月9日 上海戏剧学院 宣言： 不忘初心 方能始终 3、傅菁 1995年6月2日 宣言： 一切才刚开始 加油 未来会更加努力 4、王亦然 宣言：Just another girl 5、王曼君 6、刘尼夷 Trainee18是王思聪旗下上海香蕉计划演出经纪有限公司于2016年12月20日成军的首批18名练习生。其中 #高茂桐# 、 #贝汯璘# 、 #陆定昊# 、 #姜京佐# 、 #邱治谐# 、 #尤长靖# 、 #林彦俊# 、 #林超泽# 、 #李若天# 因参加《偶像练习生》被粉丝熟知，这些都是他们的师妹哦~ 收起 d,66,160,167,553,11
idol_producer_062,李若天,偶像练习生,合作舞台阶段,2018-03-03,2018-03-23,李若天 偶像练习生,4217859930321881,https://m.weibo.cn/detail/4217859930321881,2018-03-15 15:40:00,#偶像练习生# 第三次预测：蔡徐坤 朱正廷 灵超 Justin 范丞丞 陈立农 尤长靖 王子异 ＿＿（按喜好排） 比较可惜的颜：韩雍杰 胡致邦 姜京佐 靖佩瑶 李长庚 李若天 王艺龙 徐鹤尼 张晏恺（按首字排） ​,2,54,118,228,12
idol_producer_062,李若天,偶像练习生,位置测评阶段,2018-02-03,2018-02-16,李若天 偶像练习生,4208162674747019,https://m.weibo.cn/detail/4208162674747019,2018-02-16 21:27:00,安利最好笑也是最有团魂的香蕉娱乐！愿姜京佐，李若天，高茂桐，邱治谐在以后的路上披荆斩棘！你们的路才刚开始！继续加油吧💪 #姜京佐# #李若天# #高茂桐# #邱治谐# #偶像练习生# K Rock the show-TRAINEE18练习生 ​,2,33,40,108,13
idol_producer_062,李若天,偶像练习生,排名发布阶段,2018-02-17,2018-03-02,李若天 偶像练习生,4213106559046962,https://m.weibo.cn/detail/4213106559046962,2018-03-02 12:52:00,##李若天##偶像练习生李若天# 李若天一辈子都要帅的小傻瓜，真心希望你越来越好。 ​,2,0,6,8,14
idol_producer_062,李若天,偶像练习生,合作舞台阶段,2018-03-03,2018-03-23,李若天 偶像练习生,4218128210468403,https://m.weibo.cn/detail/4218128210468403,2018-03-16 09:26:00,#偶像练习生# 香蕉娱乐练习生 @Trainee18-姜京佐 @Trainee18-高茂桐 @Trainee18-李若天Kai 示范偶像练习生主题曲《Ei Ei》教学。 原版人马的示范真的就是不一样啊，跳得真好。 #姜京佐# #高茂桐# #李若天# #ei ei# #eiei# #Ei Ei # L 香蕉娱乐Trainee18的秒拍视频 ​,0,0,6,6,15
idol_producer_062,李若天,偶像练习生,合作舞台阶段,2018-03-03,2018-03-23,李若天 偶像练习生,4219025497640183,https://m.weibo.cn/detail/4219025497640183,2018-03-18 20:52:00,【T18日常】节后回公司报道的第一天（姜京佐、高茂桐、李若天） #哔哩哔哩# L 【T18日常】节后回公司报道的第一天（姜京佐、高茂桐、李若天） 好哈哈哈哈哈哈哈小橘你是不是披萨点太多了 @爱奇艺偶像练习生 🙈🙈🙈 ​,1,1,3,6,16
idol_producer_062,李若天,偶像练习生,合作舞台阶段,2018-03-03,2018-03-23,李若天 偶像练习生,4220377078724584,https://m.weibo.cn/detail/4220377078724584,2018-03-22 14:22:00,出 今天 #偶像练习生# #姜京佐# #高茂桐# #李若天# 仁川到达 ​,2,2,0,6,17
idol_producer_062,李若天,偶像练习生,合作舞台阶段,2018-03-03,2018-03-23,李若天 偶像练习生,4218504657680030,https://m.weibo.cn/detail/4218504657680030,2018-03-17 10:22:00,#偶像练习生李若天# #李若天# 最喜欢他穿休闲的了，舒适随意。 ​,1,0,4,5,18
idol_producer_062,李若天,偶像练习生,合作舞台阶段,2018-03-03,2018-03-23,李若天 偶像练习生,4220091740161597,https://m.weibo.cn/detail/4220091740161597,2018-03-21 19:28:00,接 高茂桐 李若天 姜京佐 仁川到达 #偶像练习生# #高茂桐# #李若天# #姜京佐# 麻烦帮扩 @饭拍中转博 @PICS高清中转 @卖图饭拍中转博 @追星少女代拍中转博 @救救孩子代拍中转站 @饭拍高清中转区 @代拍中转小助手 @代拍卖图中转站 谢谢🙏 ​​​,3,1,0,5,19
idol_producer_062,李若天,偶像练习生,总决赛阶段,2018-03-24,2018-04-06,李若天 偶像练习生,4225913841305857,https://m.weibo.cn/detail/4225913841305857,2018-04-06 21:03:00,【王思聪现身《偶像练习生》】《偶像练习生》总决赛，香蕉娱乐的boss #王思聪# 现身为旗下的练习生助阵 与尤长靖、林彦俊、林超泽、陆定昊、姜京佐、李若天、高茂桐、邱治谐、贝汯璘合照 ​,2,0,3,5,20
idol_producer_062,李若天,偶像练习生,总决赛阶段,2018-03-24,2018-04-06,李若天 偶像练习生,4225917339545053,https://m.weibo.cn/detail/4225917339545053,2018-04-06 21:17:00,王思聪现身《偶像练习生》总决赛，为其公司香蕉娱乐旗下的练习生加油！尤长靖、林彦俊、林超泽、陆定昊、姜京佐、李若天、高茂桐、邱治谐、贝汯璘加油～ ​ L 肾肾先生的秒拍视频 ​,0,0,4,4,21
idol_producer_062,李若天,偶像练习生,总决赛阶段,2018-03-24,2018-04-06,李若天 偶像练习生,4225916483853863,https://m.weibo.cn/detail/4225916483853863,2018-04-06 21:14:00,#偶像练习生# 总决赛，香蕉娱乐的boss #王思聪# 现身为旗下的练习生助阵 与尤长靖、林彦俊、林超泽、陆定昊、姜京佐、李若天、高茂桐、邱治谐、贝汯璘合照 ​​​,1,0,2,3,22
idol_producer_062,李若天,偶像练习生,合作舞台阶段,2018-03-03,2018-03-23,李若天 偶像练习生,4217858525165038,https://m.weibo.cn/detail/4217858525165038,2018-03-15 15:34:00,#董岩磊# 偶像练习生李若天晒出三张自己 高茂桐和董岩磊三家后援会踢出粉丝群的截图，并调侃：“我们不要面子哒？ 看来现在后援会也是很厉害啊～ ​,0,0,2,2,23
idol_producer_062,李若天,偶像练习生,合作舞台阶段,2018-03-03,2018-03-23,李若天 偶像练习生,4219246696901995,https://m.weibo.cn/detail/4219246696901995,2018-03-19 11:31:00,小尤啊 @Trainee18-尤长靖你在 #偶像练习生# 努力从实力担当变成了综艺担当 陆定昊也是，林彦俊，林超泽，李若天，姜京佐，邱志谐，高茂桐都是，香蕉孩子都超，林彦俊，林超泽，李若天，姜京佐，邱治谐，高茂桐都是，香蕉里都是好孩子，香蕉加油有梗也都是好孩子，香蕉加油 #尤长靖#,0,0,2,2,24
idol_producer_062,李若天,偶像练习生,总决赛阶段,2018-03-24,2018-04-06,李若天 偶像练习生,4225920195263465,https://m.weibo.cn/detail/4225920195263465,2018-04-06 21:29:00,【偶像练习生 王思聪】香蕉娱乐的大boss @王思聪 现身《偶像练习生》总决赛为旗下的练习生助阵并合照！ 我们的宝宝都变得乖巧起来 看看 #尤长靖# 那个可爱娇羞样子 一定要出道噢 （与尤长靖、林彦俊、林超泽、陆定昊、姜京佐、李若天、高茂桐、邱治谐、贝汯璘合照 ） 收起 d,0,0,2,2,25
idol_producer_062,李若天,偶像练习生,排名发布阶段,2018-02-17,2018-03-02,李若天 偶像练习生,4213105887699859,https://m.weibo.cn/detail/4213105887699859,2018-03-02 12:49:00,#李若天# #偶像练习生李若天# 希望你继续努力，离你的梦想越来越近。越来越成熟。,0,0,1,1,26
idol_producer_062,李若天,偶像练习生,排名发布阶段,2018-02-17,2018-03-02,李若天 偶像练习生,4213217712036153,https://m.weibo.cn/detail/4213217712036153,2018-03-02 20:14:00,#李若天# #偶像练习生李若天# 你玩开心就好。黑只是表面，心永远是美的就行。,0,0,1,1,27
idol_producer_062,李若天,偶像练习生,合作舞台阶段,2018-03-03,2018-03-23,李若天 偶像练习生,4219227152471614,https://m.weibo.cn/detail/4219227152471614,2018-03-19 10:13:00,小尤啊 @Trainee18-尤长靖 ，你在 #偶像练习生# 努力从实力担当变成了综艺担当 陆定昊也是，林彦俊，林超泽，李若天，姜京佐，邱志谐，高茂桐都是，香蕉孩子都超有梗也都是好孩子，香蕉加油 #偶像练习生# #尤长靖#,0,0,1,1,28
idol_producer_062,李若天,偶像练习生,总决赛阶段,2018-03-24,2018-04-06,李若天 偶像练习生,4225888645760705,https://m.weibo.cn/detail/4225888645760705,2018-04-06 19:23:00,以后也要和你多多关照，路要一起走哦❤️// @Trainee18-李若天Kai :我是 #偶像练习生# 李若天 全民制作人 谢谢关照！,0,0,1,1,29
idol_producer_062,李若天,偶像练习生,排名发布阶段,2018-02-17,2018-03-02,李若天 偶像练习生,4212796167621313,https://m.weibo.cn/detail/4212796167621313,2018-03-01 16:18:00,// @Trainee18-李若天Kai :哎呀 人生的第五次毕业全家福 我想你们呀 你们还好还顺利吗 我这边挺好的不用担心我 @爱奇艺偶像练习生 #偶像练习生# #李若天# @香蕉娱乐TRAINEE18,0,0,0,0,30
idol_producer_063,李让,偶像练习生,合作舞台阶段,2018-03-03,2018-03-23,李让 偶像练习生,4220850892805811,https://m.weibo.cn/detail/4220850892805811,2018-03-23 21:45:00,【蔡徐坤第一】今晚偶像练习生第三轮35进20排名排名揭晓！第一蔡徐坤。 2~9：陈立农、范丞丞、Justin、王子异、小鬼、朱正廷、尤长靖、卜凡 10~20：钱正昊、林彦俊、毕雯珺、灵超、朱星杰、林超泽、Jeffrey、秦奋、李希侃、徐圣恩、郑锐彬 21~35（淘汰）： 周彦辰、木子洋、李权哲、韩沐伯、周锐、丁泽仁、岳岳、杨非同、楼滋博、罗正、陆定昊、黄新淳、何东东、李让、余明君。 蔡徐坤一千七百多万票（占总票数七分之一左右）遥遥领先！加油，你们都是最棒的 L 娱乐日爆社的秒拍视频 收起 d,31,359,913,1662,1
idol_producer_063,李让,偶像练习生,合作舞台阶段,2018-03-03,2018-03-23,李让 偶像练习生,4220845310425642,https://m.weibo.cn/detail/4220845310425642,2018-03-23 21:23:00,蔡徐坤第一，陈立农第二，范丞丞第三 偶像练习生排名 4~9：Justin 王子异 小鬼 朱正廷 尤长靖 卜凡 10~20：钱正昊 林彦俊 毕雯珺 灵超 朱星杰 林超泽 Jeffrey 秦奋 李希侃 徐圣恩 郑锐彬 21~35（淘汰）： 周彦辰 木子洋 李权哲 韩沐伯 周锐 丁泽仁 岳岳 杨非同 楼滋博 罗正 陆定昊 黄新淳 何东东 李让 余明君 收起 d,32,476,655,1639,2
idol_producer_063,李让,偶像练习生,合作舞台阶段,2018-03-03,2018-03-23,李让 偶像练习生,4220516271655740,https://m.weibo.cn/detail/4220516271655740,2018-03-22 23:35:00,偶像练习生boom boom boom组是团灭了嘛 只能说第一次听boom感觉一般 听了几次后还感觉挺洗脑的 跳舞越来越好的娄滋博 老干部岳岳 陆定昊 黄新淳 何东东 李让 罗正 网传都淘汰了额 我永远记得组 被性格耽误的仙子周锐 韩沐伯 杨非同 居然也淘汰了 L 林沐叔叔的秒拍视频 收起 d,65,276,1003,1620,3
idol_producer_063,李让,偶像练习生,合作舞台阶段,2018-03-03,2018-03-23,李让 偶像练习生,4220845251071340,https://m.weibo.cn/detail/4220845251071340,2018-03-23 21:23:00,#偶像练习生# #蔡徐坤# 排名 35进20 蔡徐坤第一 2~9：陈立农 范丞丞 Justin 王子异 小鬼 朱正廷 尤长靖 卜凡 10~20：钱正昊 林彦俊 毕雯珺 灵超 朱星杰 林超泽 Jeffrey 秦奋 李希侃 徐圣恩 郑锐彬 21~35（淘汰）： 周彦辰 木子洋 李权哲 韩沐伯 周锐 丁泽仁 岳岳 杨非同 楼滋博 罗正 陆定昊 黄新淳 何东东 李让 余明君 有什么想对各位小哥哥说的吗 L Healer听风的秒拍视频 收起 d,26,49,512,636,4
idol_producer_063,李让,偶像练习生,合作舞台阶段,2018-03-03,2018-03-23,李让 偶像练习生,4220842504145970,https://m.weibo.cn/detail/4220842504145970,2018-03-23 21:12:00,#蔡徐坤# ♡ #偶像练习生# @蔡徐坤 【蔡徐坤第一】 第一轮获得第一名感想 “首先我想感谢所有台前幕后的工作人员，给我们这么华丽这么漂亮的舞台，没有你们就没有我们，谢谢。 还有特别想感谢张PD，因为不仅在专业上给了我们很多指导，而且也特别关心我们，觉得特别温暖，谢谢你。 还有每一个投票给我的全民制作人们，还有我的ikun们，谢谢你们，你们真的很辛苦。 其实第一真的是一个压力很大的位置，但是我觉得也是一件很开心很幸福的事情，因为我觉得这个位置是属于我和每一个支持喜欢我的人的，所以我会更加把这种压力当成一种动力，在今后的节目中和舞台上展现出更好的自己。谢谢你们，辛苦了。” 第二轮获得第一名感想 “我真的没想到能够排名没有降下来。 首先还是想感谢所有的全民制作人，还有我的ikun们，因为你们的努力我才能继续站在这里，谢谢你们。 还有一定要感谢的是台前幕后的所有工作人员和PD，真的辛苦了，谢谢。 其实我现在心情也很复杂，因为我有几个兄弟还在下面，这一次我们《Dream》的小伙伴，真的很不容易。我看到大家从一开始，完全没有自信，到后来，找到状态，我真的被点燃了，我很感动，谢谢我们…李让还有名豪，真的很不容易，我觉得我们做到了把《Dream》这首歌当成我们自己的歌，我希望你们不要太难过，因为真的这只是我们梦想的开始，一定要加油，一定要加油，谢谢大家。” L 一只锅半仙的秒拍视频 收起 d,197,57,317,628,5
idol_producer_063,李让,偶像练习生,合作舞台阶段,2018-03-03,2018-03-23,李让 偶像练习生,4220512097363687,https://m.weibo.cn/detail/4220512097363687,2018-03-22 23:19:00,👉根据路透👈 偶像练习生中淘汰了岳岳，木子洋，黄新淳，李权哲，李让，罗正，周锐，丁泽仁，韩沐伯，杨非同，林超泽，陆定昊，何东东，余明君，娄滋博。 蔡徐坤第一，陈立农第二，范丞丞第三。 只能说实力是一方面，运气也很重要。 希望钱正昊弟弟有个好的结果。✌ ​,4,102,317,525,6
idol_producer_063,李让,偶像练习生,主题曲考核阶段,2018-01-27,2018-02-02,李让 偶像练习生,4203063152132586,https://m.weibo.cn/detail/4203063152132586,2018-02-02 19:43:00,#偶像练习生# 第一波福利来袭！ 转发并评论本条微博 大声说出对超能四子 @CNK-武连杰 @CNK-娄滋博BOi @CNK-李让RanG @CNK-覃俊毅 的爱 官博将在2月9号抽出4位粉丝 送出四位小哥哥真人比例抱枕！ 越努力越幸运！请为 @爱奇艺偶像练习生 超能四子投票吧，投票请戳 O 网页链接 👇 收起 d,37,119,55,330,7
idol_producer_063,李让,偶像练习生,位置测评阶段,2018-02-03,2018-02-16,李让 偶像练习生,4208169453036302,https://m.weibo.cn/detail/4208169453036302,2018-02-16 21:54:00,"@爱奇艺偶像练习生 #偶像练习生# 感谢全民制作人对超能四子 @CNK-李让RanG @CNK-武连杰 @CNK-娄滋博BOi @CNK-覃俊毅 的支持 你们觉得怎样的福利才能甜到你的心里？先曝签名照好不好？ 越努力越幸运,希望各位粉丝继续疼爱超能四子哦~~ ​",17,73,70,233,8
idol_producer_063,李让,偶像练习生,位置测评阶段,2018-02-03,2018-02-16,李让 偶像练习生,4208183649934897,https://m.weibo.cn/detail/4208183649934897,2018-02-16 22:50:00,#偶像练习生# 第一轮前60名： 蔡徐坤/陈立农/范丞丞/Justin/朱正廷/小鬼/卜凡/李权哲/何东东/尤长靖/王子异/Jeffrey/秦奋/林超泽/朱星杰/灵超/钱正昊/董岩磊/韩沐伯/丁泽仁/岳岳/左叶/徐凯皓/木子洋/郑锐彬/毕雯珺/周彦辰/林彦俊/李希侃/陆定昊/周锐/黄书豪/黄新淳/罗正/张达源/李让/贝汯璘/李长庚/陈斯琪/韩雍杰/秦子墨/武连杰/覃俊毅/娄滋博/靖佩瑶/余明君/陈名豪/明鹏/杨非同/朱匀一/伽里/凌崎/朱匀天/徐圣恩/李俊毅/张奕轩/王艺龙/姜达赫/胡致邦/梁辉 乐华女孩绝不认输 收起 d,2,32,106,172,9
idol_producer_063,李让,偶像练习生,合作舞台阶段,2018-03-03,2018-03-23,李让 偶像练习生,4220123948150649,https://m.weibo.cn/detail/4220123948150649,2018-03-21 21:36:00,《偶像练习生》机票和人选总结后，35进20淘汰名单:李权哲，丁泽仁，黄新淳，韩沐伯，杨非同，林超泽，周锐，陆定昊，娄滋博，何东东，余明君，李让，罗正，木子洋，岳岳，有你的pick嘛？ #探探爆料# ​,8,46,26,126,10
idol_producer_063,李让,偶像练习生,位置测评阶段,2018-02-03,2018-02-16,李让 偶像练习生,4208147575053273,https://m.weibo.cn/detail/4208147575053273,2018-02-16 20:27:00,【偶像练习生】李让：小哪吒获张PD召唤 超能唱片全员晋级 L 【偶像练习生】李让：小哪吒获张PD召唤 超能唱片全员晋级 ​,5,12,84,113,11
idol_producer_063,李让,偶像练习生,合作舞台阶段,2018-03-03,2018-03-23,李让 偶像练习生,4220119967688616,https://m.weibo.cn/detail/4220119967688616,2018-03-21 21:21:00,今日份不开心 #偶像练习生# 第三次排名发布35进20，小仓鼠李权哲，舞担丁泽仁，小黄人黄新淳，高级脸木子洋，岳岳，大伯韩沐伯，佛系小哥哥杨非同，小超人林超泽，仙子周锐，小可爱陆定昊，侧颜小哥哥罗正，娄滋博，何东东，余明君，李让淘汰了 谁说没结果 冷眼嘲笑我 以往的蹉跎 今天的放纵 谁都想笑着看天空 谁说我不能 这就是我最初的梦 有些故事开始就没错 来日可期！剩下的小哥哥加油吧～ 收起 d,0,15,57,87,12
idol_producer_063,李让,偶像练习生,合作舞台阶段,2018-03-03,2018-03-23,李让 偶像练习生,4220143267213731,https://m.weibo.cn/detail/4220143267213731,2018-03-21 22:53:00,#偶像练习生# 最新一期，第三次排名发布35进20。淘汰名单如下:李权哲，丁泽仁，黄新淳，韩沐伯，杨非同，林超泽，周锐，陆定昊，娄滋博，何东东，余明君，李让，罗正，木子洋，岳岳。 还剩下20位小哥哥，剩下的小哥哥们，一定要带着其余兄弟的心愿拼下去。 ​,7,27,25,86,13
idol_producer_063,李让,偶像练习生,位置测评阶段,2018-02-03,2018-02-16,李让 偶像练习生,4208178213829275,https://m.weibo.cn/detail/4208178213829275,2018-02-16 22:28:00,谢谢大家对超能四子 @CNK-李让RanG @CNK-武连杰 @CNK-娄滋博BOi @CNK-覃俊毅 的疼爱 小编也来放一波福利 大家点击视频链接观看并在评论区留言，小编将抽出四位全民制作人发放超能四子人形抱枕哦 #偶像练习生# 越努力越幸运 希望大家继续支持超能四子 O 网页链接 ​,1,17,39,74,14
idol_producer_063,李让,偶像练习生,排名发布阶段,2018-02-17,2018-03-02,李让 偶像练习生,4213205540570818,https://m.weibo.cn/detail/4213205540570818,2018-03-02 19:25:00,#偶像练习生# #偶像练习生李让# 全民制作人们，祝大家元宵节快乐哦～ 我们晚上8:00见哦～ 废话不多说 今日份福利给各位小姐姐小哥哥呈上～ #佛系李让# 听说小圆脸和元宵节更配哦，今天你们吃汤圆了吗？全民制作人们，请多多关照【偶像练习生李让】 @CNK-李让RanG ​,2,4,11,21,15
idol_producer_063,李让,偶像练习生,合作舞台阶段,2018-03-03,2018-03-23,李让 偶像练习生,4220842990878460,https://m.weibo.cn/detail/4220842990878460,2018-03-23 21:14:00,#偶像练习生# 排名 35进20 蔡徐坤第一 2~9：陈立农 范丞丞 Justin 王子异 小鬼 朱正廷 尤长靖 卜凡 10~20：钱正昊 林彦俊 毕雯珺 灵超 朱星杰 林超泽 Jeffrey 秦奋 李希侃 徐圣恩 郑锐彬 21~35（淘汰）： 周彦辰 木子洋 李权哲 韩沐伯 周锐 丁泽仁 岳岳 杨非同 楼滋博 罗正 陆定昊 黄新淳 何东东 李让 余明君 收起 d,0,3,10,16,16
idol_producer_063,李让,偶像练习生,排名发布阶段,2018-02-17,2018-03-02,李让 偶像练习生,4213124195688575,https://m.weibo.cn/detail/4213124195688575,2018-03-02 14:02:00,抓到一个开心的让哥 @CNK-李让RanG #偶像练习生# #李让# #偶像练习生李让# 查看图片,1,2,8,13,17
idol_producer_063,李让,偶像练习生,总决赛阶段,2018-03-24,2018-04-06,李让 偶像练习生,4225935681644275,https://m.weibo.cn/detail/4225935681644275,2018-04-06 22:30:00,出道与否都不是终点 今天路上听了很多土偶的歌 发现很多不知名的金子 杨非同的高音 李让的rap…还有由很多中下位练习生努力呈现的完美舞台 名次有先后 努力却没有极限 可贵的是追梦之心 任何位置都可以发光 再不知名也有人在注视 拥抱幸运吧小伙子们 @爱奇艺偶像练习生 #偶像练习生# #蔡徐坤# @蔡徐坤 ​,0,0,8,8,18
idol_producer_063,李让,偶像练习生,合作舞台阶段,2018-03-03,2018-03-23,李让 偶像练习生,4220838116740078,https://m.weibo.cn/detail/4220838116740078,2018-03-23 20:54:00,#偶像练习生# 第三次排名35进20名单公布: 前9名: #蔡徐坤# 、陈立农、范丞丞、Justin、王子异、小鬼、朱正廷、尤长靖、卜凡。 10-20名: 钱正昊、林彦俊、毕雯珺、灵超、朱星杰、林超泽、Jeffrey、秦奋、李希侃、徐圣恩、郑锐彬。 21-35名被淘汰: 周彦辰、木子洋、李权哲、韩沐伯、周锐、丁泽仁、岳岳、杨非同、娄滋博、罗正、陆定昊、黄新淳、何东东、李让、余明君。 收起 d,0,1,2,4,19
idol_producer_063,李让,偶像练习生,初评级阶段,2018-01-19,2018-01-26,李让 偶像练习生,4200477266754738,https://m.weibo.cn/detail/4200477266754738,2018-01-26 16:28:00,回看偶像练习生，决定再pick一下李让~ ​,0,1,1,3,20
idol_producer_063,李让,偶像练习生,排名发布阶段,2018-02-17,2018-03-02,李让 偶像练习生,4213179901175872,https://m.weibo.cn/detail/4213179901175872,2018-03-02 17:43:00,#偶像练习生# #偶像练习生李让# 👇 链接看这里🔗： O 网页链接 ​,0,0,3,3,21
idol_producer_063,李让,偶像练习生,主题曲考核阶段,2018-01-27,2018-02-02,李让 偶像练习生,4202926853083005,https://m.weibo.cn/detail/4202926853083005,2018-02-02 10:41:00,今天这个这个打卡真的不好说🤗因为每个瞬间都被治愈啦 #偶像练习生李让# #我的pick安利打卡# #偶像练习生# #李让# @CNK-李让RanG 查看图片,0,0,2,2,22
idol_producer_063,李让,偶像练习生,主题曲考核阶段,2018-01-27,2018-02-02,李让 偶像练习生,4203112467872024,https://m.weibo.cn/detail/4203112467872024,2018-02-02 22:59:00,#偶像练习生# 八大分组竞演曲目首发！ O 网页链接 《半兽人》《PPAP》《CAN’T STOP》《DANCE TO THE MUSIC》《大艺术家》《代号魂斗罗》《SHAKE》《GET UGLY》八大舞台练习生直拍合辑出炉！人人有份！这次不用当显微镜女孩啦~全民制作人各自来领走你pick的少年，感受独属于他的舞台魅力吧！ 收起 d,0,0,2,2,23
idol_producer_063,李让,偶像练习生,排名发布阶段,2018-02-17,2018-03-02,李让 偶像练习生,4213065404133599,https://m.weibo.cn/detail/4213065404133599,2018-03-02 10:08:00,#偶像练习生# 我向 @CNK-李让RanG 送出了加油卡！我pick的小哥哥全世界最棒！大家快来一起给你喜欢的选手打call吧！ O 练习生PICK榜 ​,0,1,0,2,24
idol_producer_063,李让,偶像练习生,排名发布阶段,2018-02-17,2018-03-02,李让 偶像练习生,4213167506672401,https://m.weibo.cn/detail/4213167506672401,2018-03-02 16:54:00,两大本命同框 // @李让全球粉丝后援会 :抓到一个开心的让哥 @CNK-李让RanG #偶像练习生# #李让# #偶像练习生李让# 查看图片,0,1,0,2,25
idol_producer_063,李让,偶像练习生,排名发布阶段,2018-02-17,2018-03-02,李让 偶像练习生,4213239095594871,https://m.weibo.cn/detail/4213239095594871,2018-03-02 21:39:00,#偶像练习生# 推测，dream组 蔡徐坤 Justin 范丞丞 钱正昊 丁泽仁 周彦辰 陈名豪 郑锐彬 朱星杰 李让（10人确定） 朱正廷 王子异 （2人推测） 但是经过淘汰之后，这个组可能会多人，然后组内在投票，得票少的八名以外就去别的组 希望王炸在一组吧，团队战这样最稳呀 ​​​,0,0,2,2,26
idol_producer_063,李让,偶像练习生,合作舞台阶段,2018-03-03,2018-03-23,李让 偶像练习生,4220171885141527,https://m.weibo.cn/detail/4220171885141527,2018-03-22 00:47:00,#偶像练习生# 最新一期，第三次排名发布35进20。淘汰名单如下:李权哲，丁泽仁，黄新淳，韩沐伯，杨非同，林超泽，周锐，陆定昊，娄滋博，何东东，余明君，李让，罗正，木子洋，岳岳。】 这个不会是真的吧 到35了其实都好舍不得 271能让他们一起出道吗？现在的氛围真的刚刚好。最近刚粉上的林超泽、杨非同、陆定昊、周锐 真的都是超有实力。香蕉的团魂真的超赞，很喜欢！！！ 还有，最重要的-蔡徐坤，等你C位出道 收起 d,0,1,0,2,27
idol_producer_063,李让,偶像练习生,合作舞台阶段,2018-03-03,2018-03-23,李让 偶像练习生,4220269792746063,https://m.weibo.cn/detail/4220269792746063,2018-03-22 07:16:00,我正在爱奇艺看【坤坤带领的听听组全员留下来了，成功逆袭】星期五偶像练习生35进20强晋级，淘汰名单：李权哲、丁泽仁、黄新淳、韩沐伯、杨非同、林超泽、周锐、陆定昊、娄滋博、何东东、余明君、李让、罗正、木子洋、岳岳。 剩下人员名单如下： 毕雯珺、卜凡、 #蔡徐坤# 、陈立农、范丞丞、Jeffrey、Justin、李希侃、林彦俊、周彦辰、灵超、钱正昊、秦奋、王子异、小鬼、徐圣恩、尤长靖、郑锐彬、朱星杰，朱正廷。，快来 @爱奇艺 一起看！ O 网页链接 收起 d,0,1,0,2,28
idol_producer_063,李让,偶像练习生,合作舞台阶段,2018-03-03,2018-03-23,李让 偶像练习生,4220530707715718,https://m.weibo.cn/detail/4220530707715718,2018-03-23 00:33:00,我正在爱奇艺看【为希侃打call】 #周锐# 偶像练习生35进20强晋级，淘汰名单：李权哲、丁泽仁、黄新淳、韩沐伯、杨非同、林超泽、周锐、陆定昊、娄滋博、何东东、余明君、李让、罗正、木子洋、岳岳。 剩下人员名单如下： 毕雯珺、卜凡、 #蔡徐坤# 、陈立农、范丞丞、Jeffrey、Justin、李希侃、林彦俊、周彦辰、灵超、钱正昊、秦奋、王子异、小鬼、徐圣恩、尤长靖、郑锐彬、朱兴杰、朱正廷。你将为谁打call，快来 @爱奇艺 一起看！ O 网页链接 郑锐彬_ @李希侃_LXK 收起 d,0,1,0,2,29
idol_producer_063,李让,偶像练习生,合作舞台阶段,2018-03-03,2018-03-23,李让 偶像练习生,4220860866460707,https://m.weibo.cn/detail/4220860866460707,2018-03-23 22:25:00,【偶像练习生第三轮排名】 今晚，《偶像练习生》35进20排名公布！ 2~9：陈立农、范丞丞、Justin、王子异、小鬼、朱正廷、尤长靖、卜凡 10~20：钱正昊、林彦俊、毕雯珺、灵超、朱星杰、林超泽、Jeffrey、秦奋、李希侃、徐圣恩、郑锐彬 21~35（淘汰）： 周彦辰、木子洋、李权哲、韩沐伯、周锐、丁泽仁、岳岳、杨非同、娄滋博、罗正、陆定昊、黄新淳、何东东、李让、余明君 #偶像练习生# 越努力，越幸运 收起 d,0,1,0,2,30
idol_producer_064,李鑫岩,偶像练习生,位置测评阶段,2018-02-03,2018-02-16,李鑫岩 偶像练习生,4208154289709248,https://m.weibo.cn/detail/4208154289709248,2018-02-16 20:53:00,偶像练习生 99进60的淘汰名单 乐华、坤音、觉醒东方、超能唱片全员安全 香蕉娱乐（9个淘汰4个） 高茂桐 姜京佐 李若天 邱治楷 辰星娱乐（6个淘汰4个） Rapen 王宥辰 J-one Gigel 麦锐娱乐（6个淘汰3个） 邓烺怡 孙凡杰 吕晨瑜 简单快乐（5个淘汰4个） 金逸涵 林浩楷 李志杰 孙浩然 盛夏星空（5个淘汰1个） 王梓豪 新锐杂志（5个淘汰3个） 赵俞澈 应智越 万宇贤 AIF娱乐（全军覆没） 于浩 赵凌峰 杨羿 张艺凡 焕星娱乐（全军覆没） 何嘉庚 李鑫岩 罗杰 张宇晨 铂熠娱乐（4个淘汰2个） 叶泓希 张昕 乐风艺社（全军覆没） 陈义夫 闵喆祥 果然娱乐（4个淘汰1个） 张晏恺 次元文化（2个淘汰1个） 徐鹤尼 新湃传媒（单人） 于斌 天津中视（单人） 朱一文 个人练习生（7个淘汰4个） 甘俊 侯浩然 黄若涵 周腾阳 个人觉得比较可惜的一些：扫地组合（罗杰、姜京佐）、张艺凡（第三期进A组）、闵喆祥（学舞能力突出） 收起 d,220,1591,1046,4448,1
idol_producer_064,李鑫岩,偶像练习生,总决赛阶段,2018-03-24,2018-04-06,李鑫岩 偶像练习生,4225889585341567,https://m.weibo.cn/detail/4225889585341567,2018-04-06 19:27:00,我是 #偶像练习生# 李鑫岩，全民制作人，谢谢关照,5,21,265,312,2
idol_producer_064,李鑫岩,偶像练习生,总决赛阶段,2018-03-24,2018-04-06,李鑫岩 偶像练习生,4221144506040596,https://m.weibo.cn/detail/4221144506040596,2018-03-24 17:12:00,今晚八点， @MERXIC-ROGER罗杰 @MERXIC-PURO何嘉庚 @MERXIC-ANPH李鑫岩 将在 #国内组合# 超级话题与大家进行互动 ，届时我们将于19:30在该超话下发布 #偶像练习生MERXIC成员专访# 话题帖，请大家积极回复，积极提问，孩子们会在帖子里与大家进行互动哦！ 期待大家参与 @国内组合贴吧 ​,56,28,40,152,3
idol_producer_064,李鑫岩,偶像练习生,合作舞台阶段,2018-03-03,2018-03-23,李鑫岩 偶像练习生,4220311849390111,https://m.weibo.cn/detail/4220311849390111,2018-03-22 10:03:00,#偶像练习生# #国内组合# 本周六(3.24日)晚八点，偶像练习生参赛选手，MERXIC @MERXIC-OFFICIAL 三位成员罗杰，何嘉庚，李鑫岩将至本吧微博超话 #国内组合# 做客，历时一个小时的访问，大家踊跃参加! 近距离接触爱豆本人哦！详情关注本吧微博 @国内组合贴吧 ​,21,25,31,102,4
idol_producer_064,李鑫岩,偶像练习生,位置测评阶段,2018-02-03,2018-02-16,李鑫岩 偶像练习生,4205942927477922,https://m.weibo.cn/detail/4205942927477922,2018-02-10 18:26:00,#偶像练习生# 最新剧照+截图，有没有很心动 ， O 今晚8点投票就截止啦 ，希望大家抓紧时间，多多投票支持我们吧！！[噢耶] @MERXIC-TAKO张宇晨 @MERXIC-PURO何嘉庚 @MERXIC-ANPH李鑫岩 @MERXIC-ROGER罗杰 ​,4,16,39,75,5
idol_producer_064,李鑫岩,偶像练习生,位置测评阶段,2018-02-03,2018-02-16,李鑫岩 偶像练习生,4205653884454409,https://m.weibo.cn/detail/4205653884454409,2018-02-09 23:18:00,#偶像练习生# 节目大家都看完了吧，今天的舞台竞演棒棒哒[噢耶]赶紧交出截图吧 @MERXIC-ROGER罗杰 @MERXIC-ANPH李鑫岩 @MERXIC-PURO何嘉庚 @MERXIC-TAKO张宇晨 ​,3,12,42,69,6
idol_producer_064,李鑫岩,偶像练习生,位置测评阶段,2018-02-03,2018-02-16,李鑫岩 偶像练习生,4205601712296604,https://m.weibo.cn/detail/4205601712296604,2018-02-09 19:50:00,#偶像练习生# 节目马上就开播啦！今晚三场舞台竞演等着你，不见不散 @MERXIC-ROGER罗杰 @MERXIC-TAKO张宇晨 @MERXIC-PURO何嘉庚 @MERXIC-ANPH李鑫岩 ​,5,7,27,46,7
idol_producer_064,李鑫岩,偶像练习生,主题曲考核阶段,2018-01-27,2018-02-02,李鑫岩 偶像练习生,4200857895276252,https://m.weibo.cn/detail/4200857895276252,2018-01-27 17:40:00,#偶像练习生# 舞台纯享版，加油向上UPUP!!! @MERXIC-PURO何嘉庚 @MERXIC-ROGER罗杰 @MERXIC-ANPH李鑫岩 @MERXIC-TAKO张宇晨 【视频：《偶像练习生》舞台纯享：焕星文化—《练习生告白》】 O 网页链接 ​,1,6,19,32,8
idol_producer_064,李鑫岩,偶像练习生,主题曲考核阶段,2018-01-27,2018-02-02,李鑫岩 偶像练习生,4203109414731192,https://m.weibo.cn/detail/4203109414731192,2018-02-02 22:47:00,#偶像练习生# 今天他们写的“一句话”大家有收到吗？看完今天的节目，大家可以分享一下截图，分组选歌也已经确定好了，希望下周能给大家一个棒棒的表演 @MERXIC-TAKO张宇晨 @MERXIC-ANPH李鑫岩 @MERXIC-ROGER罗杰 @MERXIC-PURO何嘉庚 ​,0,3,24,30,9
idol_producer_064,李鑫岩,偶像练习生,总决赛阶段,2018-03-24,2018-04-06,李鑫岩 偶像练习生,4221059588747768,https://m.weibo.cn/detail/4221059588747768,2018-03-24 11:34:00,#偶像练习生# 💗 最近距离接触你的偶练男孩，来就有机会被你的小偶像翻牌 @MERXIC-ROGER罗杰 @MERXIC-ANPH李鑫岩 @MERXIC-PURO何嘉庚 O 今晚20:00#国内组合# 超话不见不散！ ​,0,4,10,18,10
idol_producer_064,李鑫岩,偶像练习生,总决赛阶段,2018-03-24,2018-04-06,李鑫岩 偶像练习生,4221180951048410,https://m.weibo.cn/detail/4221180951048410,2018-03-24 19:37:00,#国内组合# #偶像练习生MERXIC成员访谈# 大家先提一下问题吼，小哥哥们随后就来喽！ @MERXIC-ROGER罗杰 @MERXIC-PURO何嘉庚 @MERXIC-ANPH李鑫岩 等你们哟,0,4,10,18,11
idol_producer_064,李鑫岩,偶像练习生,总决赛阶段,2018-03-24,2018-04-06,李鑫岩 偶像练习生,4221195484065846,https://m.weibo.cn/detail/4221195484065846,2018-03-24 20:34:00,#国内组合# #偶像练习生MERXIC成员访谈# 访谈已经开始了半小时，成员们也在积极回答大家提出的问题，有什么好奇的或者想对 @MERXIC-ROGER罗杰 @MERXIC-ANPH李鑫岩 @MERXIC-PURO何嘉庚 @MERXIC-OFFICIAL 说的，快来说说吧，已经有几十位小伙伴被翻牌啦[噢耶][噢耶][噢耶] ​,1,0,8,9,12
idol_producer_065,李长庚,偶像练习生,排名发布阶段,2018-02-17,2018-03-02,李长庚 偶像练习生,4213199580884027,https://m.weibo.cn/detail/4213199580884027,2018-03-02 19:02:00,火热的周五可以同时看到 @李长庚是我呀 的《Shape of you》和 @史迪奇他哥何东东 的《Always Oline》位置测评舞台~ 等待20点的到来是不是很漫长呢~ 快来看两位小哥哥的美图吧！ #爱奇艺# #偶像练习生# #李长庚# #何东东# ​,36,143,100,422,1
idol_producer_065,李长庚,偶像练习生,位置测评阶段,2018-02-03,2018-02-16,李长庚 偶像练习生,4208183649934897,https://m.weibo.cn/detail/4208183649934897,2018-02-16 22:50:00,#偶像练习生# 第一轮前60名： 蔡徐坤/陈立农/范丞丞/Justin/朱正廷/小鬼/卜凡/李权哲/何东东/尤长靖/王子异/Jeffrey/秦奋/林超泽/朱星杰/灵超/钱正昊/董岩磊/韩沐伯/丁泽仁/岳岳/左叶/徐凯皓/木子洋/郑锐彬/毕雯珺/周彦辰/林彦俊/李希侃/陆定昊/周锐/黄书豪/黄新淳/罗正/张达源/李让/贝汯璘/李长庚/陈斯琪/韩雍杰/秦子墨/武连杰/覃俊毅/娄滋博/靖佩瑶/余明君/陈名豪/明鹏/杨非同/朱匀一/伽里/凌崎/朱匀天/徐圣恩/李俊毅/张奕轩/王艺龙/姜达赫/胡致邦/梁辉 乐华女孩绝不认输 收起 d,2,32,106,172,2
idol_producer_065,李长庚,偶像练习生,合作舞台阶段,2018-03-03,2018-03-23,李长庚 偶像练习生,4220398054599737,https://m.weibo.cn/detail/4220398054599737,2018-03-22 15:46:00,#李长庚# 💓 #偶像练习生李长庚# “ 你是我一生中只会遇见一次的惊喜 就像上帝派来的天使 在我心里 留下了一颗欢乐的种子 现在 它已经发芽了 ” 💓 @李长庚是我呀 💓 ​,28,14,61,117,3
idol_producer_065,李长庚,偶像练习生,排名发布阶段,2018-02-17,2018-03-02,李长庚 偶像练习生,4213254769217599,https://m.weibo.cn/detail/4213254769217599,2018-03-02 22:41:00,#李长庚# 💓 #偶像练习生李长庚# -第二次竞演- “你的努力 我们都看到啦 ” @李长庚是我呀 ​,14,15,38,82,4
idol_producer_065,李长庚,偶像练习生,排名发布阶段,2018-02-17,2018-03-02,李长庚 偶像练习生,4213097059648195,https://m.weibo.cn/detail/4213097059648195,2018-03-02 12:14:00,#李长庚# 💓 #偶像练习生李长庚# “街角的突然出现 我的又一次心动” 元宵节快乐 @李长庚是我呀 今天也要加油哦💓 ​,16,10,31,67,5
idol_producer_065,李长庚,偶像练习生,合作舞台阶段,2018-03-03,2018-03-23,李长庚 偶像练习生,4220418502041453,https://m.weibo.cn/detail/4220418502041453,2018-03-22 17:07:00,#李长庚# #偶像练习生李长庚# 关于上户口这件事 他说:我就真的很蠢唉(请自行脑补长庚语气) ​,13,5,12,35,6
idol_producer_065,李长庚,偶像练习生,主题曲考核阶段,2018-01-27,2018-02-02,李长庚 偶像练习生,4203109955412250,https://m.weibo.cn/detail/4203109955412250,2018-02-02 22:49:00,超长福利 #偶像练习生# 第三期~ 努力与收获成正比，越努力 越幸运！ 请再接再厉 #李长庚# @李长庚是我呀 #何东东# @史迪奇他哥何东东 L 偶像练习生之选手再评级惹张艺兴发火 主题曲舞台拉响C位争夺战 ​,1,5,17,28,7
idol_producer_065,李长庚,偶像练习生,合作舞台阶段,2018-03-03,2018-03-23,李长庚 偶像练习生,4219699422002187,https://m.weibo.cn/detail/4219699422002187,2018-03-20 17:30:00,#偶像练习生# 之《练习生的凌晨零点》 S01E01 贴牌区隐藏拍摄小花絮 范丞丞 @Adam0616 困到哈欠连天，李长庚 @李长庚是我呀 何东东 @史迪奇他哥何东东 小剧场再次上演！ 想知道小哥哥更多有趣独家的小花絮，记得每周二晚8点准时来看~ @酷燃视频 L 卫视大婊哥的秒拍视频 ​,0,0,9,9,8
idol_producer_065,李长庚,偶像练习生,主题曲考核阶段,2018-01-27,2018-02-02,李长庚 偶像练习生,4203106286431385,https://m.weibo.cn/detail/4203106286431385,2018-02-02 22:34:00,《偶像练习生》坚持让我看下去唯一的理由就是何东东和李长庚这对百事姐妹花，笑死,1,0,7,8,9
idol_producer_065,李长庚,偶像练习生,排名发布阶段,2018-02-17,2018-03-02,李长庚 偶像练习生,4213201165620739,https://m.weibo.cn/detail/4213201165620739,2018-03-02 19:08:00,#李长庚# #偶像练习生李长庚# 哇哇哇 第一个小哥哥真是让人心动的小哥哥呢💓💓💓 @李长庚是我呀,0,1,5,7,10
idol_producer_065,李长庚,偶像练习生,合作舞台阶段,2018-03-03,2018-03-23,李长庚 偶像练习生,4220425863434823,https://m.weibo.cn/detail/4220425863434823,2018-03-22 17:36:00,#李长庚# 温柔可爱又有礼貌的小天使 眼里带着星光少年 #偶像练习生# #李长庚# ​,0,1,1,3,11
idol_producer_065,李长庚,偶像练习生,总决赛阶段,2018-03-24,2018-04-06,李长庚 偶像练习生,4225923446794330,https://m.weibo.cn/detail/4225923446794330,2018-04-06 21:42:00,我正在爱奇艺看【偶像练习生】练习生集体拜年 蔡徐坤 陈立农 卜凡 小鬼 左叶 韩沐伯 岳岳 灵超 木子洋 何东东 李长庚_综艺_娱乐_哔哩哔哩，快来 @爱奇艺 一起看！ O 网页链接 ​,0,0,3,3,12
idol_producer_065,李长庚,偶像练习生,合作舞台阶段,2018-03-03,2018-03-23,李长庚 偶像练习生,4220413946431701,https://m.weibo.cn/detail/4220413946431701,2018-03-22 16:49:00,温柔帅气的长庚 #李长庚# #李长庚# #偶像练习生# #爱奇艺# @李长庚是我呀 融化在一汪春水里 ​,1,0,1,2,13
idol_producer_065,李长庚,偶像练习生,合作舞台阶段,2018-03-03,2018-03-23,李长庚 偶像练习生,4220650023829130,https://m.weibo.cn/detail/4220650023829130,2018-03-23 08:27:00,呃...// @-西有长庚 :后续.....// @HONGYI_Entertainment :感谢大家一路以来对 #偶像练习生# #李长庚# 的支持和帮助！敬请期待 @李长庚是我呀 的后续活动！,2,0,0,2,14
idol_producer_065,李长庚,偶像练习生,合作舞台阶段,2018-03-03,2018-03-23,李长庚 偶像练习生,4219955580846872,https://m.weibo.cn/detail/4219955580846872,2018-03-21 10:27:00,恭喜 #李长庚# 解锁 @iReal耳机 @iReal耳机 专为Hip-Hop音乐打造，长庚这波戴耳机装作音源和全民制作人互动的操作太可爱了，音质满分 关注 @iReal耳机 发现更多《偶像练习生》有趣音乐故事 全民制作人，支持哪位练习生，记得去他的个人页送礼物，帮他下一个解锁—》 O 网页链接,0,0,1,1,15
idol_producer_065,李长庚,偶像练习生,合作舞台阶段,2018-03-03,2018-03-23,李长庚 偶像练习生,4220823751443406,https://m.weibo.cn/detail/4220823751443406,2018-03-23 19:57:00,……// @不会制作人 :呃...// @-西有长庚 :后续.....// @HONGYI_Entertainment :感谢大家一路以来对 #偶像练习生# #李长庚# 的支持和帮助！敬请期待 @李长庚是我呀 的后续活动！,1,0,0,1,16
idol_producer_065,李长庚,偶像练习生,主题曲考核阶段,2018-01-27,2018-02-02,李长庚 偶像练习生,4203088321988772,https://m.weibo.cn/detail/4203088321988772,2018-02-02 21:23:00,@李长庚是我呀 我在 #偶像练习生# 练习生PICK榜上为你打call！把小心心都给你，赢取节目10s彩蛋！ O 练习生PICK榜 ​,0,0,0,0,17
idol_producer_065,李长庚,偶像练习生,主题曲考核阶段,2018-01-27,2018-02-02,李长庚 偶像练习生,4203088271636911,https://m.weibo.cn/detail/4203088271636911,2018-02-02 21:23:00,@李长庚是我呀 为你打爆电话！我们一起用爱发电，向 #偶像练习生# 练习生PICK榜第一名进击，赢取节目10s彩蛋！ // @李长庚是我呀 :我是 #偶像练习生# 李长庚，全民制作人，请多关照,0,0,0,0,18
idol_producer_065,李长庚,偶像练习生,主题曲考核阶段,2018-01-27,2018-02-02,李长庚 偶像练习生,4203088250612543,https://m.weibo.cn/detail/4203088250612543,2018-02-02 21:23:00,#偶像练习生# 我向 @李长庚是我呀 送出了加油卡！我pick的小哥哥全世界最棒！大家快来一起给你喜欢的选手打call吧！ O 练习生PICK榜 ​,0,0,0,0,19
idol_producer_065,李长庚,偶像练习生,排名发布阶段,2018-02-17,2018-03-02,李长庚 偶像练习生,4213110702905391,https://m.weibo.cn/detail/4213110702905391,2018-03-02 13:08:00,#偶像练习生# #李长庚# 3月份的长庚 @李长庚是我呀,0,0,0,0,20
idol_producer_065,李长庚,偶像练习生,排名发布阶段,2018-02-17,2018-03-02,李长庚 偶像练习生,4213113396437773,https://m.weibo.cn/detail/4213113396437773,2018-03-02 13:19:00,@李长庚是我呀 为你打爆电话！我们一起用爱发电，向 #偶像练习生# 练习生PICK榜第一名进击，赢取节目10s彩蛋！ // @李长庚是我呀 :我是 #偶像练习生# 李长庚，全民制作人，请多关照,0,0,0,0,21
idol_producer_065,李长庚,偶像练习生,排名发布阶段,2018-02-17,2018-03-02,李长庚 偶像练习生,4213121348147746,https://m.weibo.cn/detail/4213121348147746,2018-03-02 13:51:00,@李长庚是我呀 为你打爆电话！我们一起用爱发电，向 #偶像练习生# 练习生PICK榜第一名进击，赢取节目10s彩蛋！ // @李长庚是我呀 :我是 #偶像练习生# 李长庚，全民制作人，请多关照,0,0,0,0,22
idol_producer_065,李长庚,偶像练习生,排名发布阶段,2018-02-17,2018-03-02,李长庚 偶像练习生,4213121331550240,https://m.weibo.cn/detail/4213121331550240,2018-03-02 13:51:00,@李长庚是我呀 我在 #偶像练习生# 练习生PICK榜上为你打call！把小心心都给你，赢取节目10s彩蛋！ O 练习生PICK榜 ​,0,0,0,0,23
idol_producer_065,李长庚,偶像练习生,排名发布阶段,2018-02-17,2018-03-02,李长庚 偶像练习生,4213132626847557,https://m.weibo.cn/detail/4213132626847557,2018-03-02 14:35:00,#偶像练习生# 我向 @李长庚是我呀 送出了加油卡！我pick的小哥哥全世界最棒！大家快来一起给你喜欢的选手打call吧！ O 练习生PICK榜 ​,0,0,0,0,24
idol_producer_065,李长庚,偶像练习生,排名发布阶段,2018-02-17,2018-03-02,李长庚 偶像练习生,4213132618966219,https://m.weibo.cn/detail/4213132618966219,2018-03-02 14:35:00,@李长庚是我呀 我在 #偶像练习生# 练习生PICK榜上为你打call！把小心心都给你，赢取节目10s彩蛋！ O 练习生PICK榜 ​,0,0,0,0,25
idol_producer_065,李长庚,偶像练习生,排名发布阶段,2018-02-17,2018-03-02,李长庚 偶像练习生,4213202629329794,https://m.weibo.cn/detail/4213202629329794,2018-03-02 19:14:00,@李长庚是我呀 为你打爆电话！我们一起用爱发电，向 #偶像练习生# 练习生PICK榜第一名进击，赢取节目10s彩蛋！ // @李长庚是我呀 :我是 #偶像练习生# 李长庚，全民制作人，请多关照,0,0,0,0,26
idol_producer_065,李长庚,偶像练习生,排名发布阶段,2018-02-17,2018-03-02,李长庚 偶像练习生,4213202608477295,https://m.weibo.cn/detail/4213202608477295,2018-03-02 19:14:00,#偶像练习生# 我向 @李长庚是我呀 送出了加油卡！我pick的小哥哥全世界最棒！大家快来一起给你喜欢的选手打call吧！ O 练习生PICK榜 ​,0,0,0,0,27
idol_producer_065,李长庚,偶像练习生,排名发布阶段,2018-02-17,2018-03-02,李长庚 偶像练习生,4213202600508449,https://m.weibo.cn/detail/4213202600508449,2018-03-02 19:14:00,@李长庚是我呀 我在 #偶像练习生# 练习生PICK榜上为你打call！把小心心都给你，赢取节目10s彩蛋！ O 练习生PICK榜 ​,0,0,0,0,28
idol_producer_065,李长庚,偶像练习生,排名发布阶段,2018-02-17,2018-03-02,李长庚 偶像练习生,4213203833225881,https://m.weibo.cn/detail/4213203833225881,2018-03-02 19:18:00,#偶像练习生# #李长庚# 期待帅气酷酷的长庚 @李长庚是我呀,0,0,0,0,29
idol_producer_065,李长庚,偶像练习生,排名发布阶段,2018-02-17,2018-03-02,李长庚 偶像练习生,4213215359173839,https://m.weibo.cn/detail/4213215359173839,2018-03-02 20:04:00,#偶像练习生# #李长庚# 嗷长庚超级帅！,0,0,0,0,30
idol_producer_066,杨羿,偶像练习生,位置测评阶段,2018-02-03,2018-02-16,杨羿 偶像练习生,4208154289709248,https://m.weibo.cn/detail/4208154289709248,2018-02-16 20:53:00,偶像练习生 99进60的淘汰名单 乐华、坤音、觉醒东方、超能唱片全员安全 香蕉娱乐（9个淘汰4个） 高茂桐 姜京佐 李若天 邱治楷 辰星娱乐（6个淘汰4个） Rapen 王宥辰 J-one Gigel 麦锐娱乐（6个淘汰3个） 邓烺怡 孙凡杰 吕晨瑜 简单快乐（5个淘汰4个） 金逸涵 林浩楷 李志杰 孙浩然 盛夏星空（5个淘汰1个） 王梓豪 新锐杂志（5个淘汰3个） 赵俞澈 应智越 万宇贤 AIF娱乐（全军覆没） 于浩 赵凌峰 杨羿 张艺凡 焕星娱乐（全军覆没） 何嘉庚 李鑫岩 罗杰 张宇晨 铂熠娱乐（4个淘汰2个） 叶泓希 张昕 乐风艺社（全军覆没） 陈义夫 闵喆祥 果然娱乐（4个淘汰1个） 张晏恺 次元文化（2个淘汰1个） 徐鹤尼 新湃传媒（单人） 于斌 天津中视（单人） 朱一文 个人练习生（7个淘汰4个） 甘俊 侯浩然 黄若涵 周腾阳 个人觉得比较可惜的一些：扫地组合（罗杰、姜京佐）、张艺凡（第三期进A组）、闵喆祥（学舞能力突出） 收起 d,220,1591,1046,4448,1
idol_producer_066,杨羿,偶像练习生,合作舞台阶段,2018-03-03,2018-03-23,杨羿 偶像练习生,4217361232000635,https://m.weibo.cn/detail/4217361232000635,2018-03-14 06:38:00,也就看了不下十遍吧 #偶像练习生# #杨羿# @杨羿Terry L 爱追星的仙女彤的秒拍视频 ​,11,26,50,113,2
idol_producer_066,杨羿,偶像练习生,位置测评阶段,2018-02-03,2018-02-16,杨羿 偶像练习生,4205585203411244,https://m.weibo.cn/detail/4205585203411244,2018-02-09 18:45:00,#偶像练习生# 180209 【应援认证】偶像练习生杨羿 小年夜3P cr：logo ​​​,2,3,42,50,3
idol_producer_066,杨羿,偶像练习生,排名发布阶段,2018-02-17,2018-03-02,杨羿 偶像练习生,4212006527646610,https://m.weibo.cn/detail/4212006527646610,2018-02-27 12:01:00,燃爆！！ #爱奇艺偶像练习生# #杨非同# 代号魂斗罗 AB组纯享分屏版 左右声道 懒人最爱的一次看俩个视频 李长庚于斌林彦俊许凯皓叶泓希杨羿邱治谐朱一文林浩楷韩雍杰张宇晨何嘉庚徐鹤尼杨非同-P1 #哔哩哔哩# L 【9/100】代号魂斗罗 AB组纯享分屏版 左右声道 懒人最爱的一次看俩个视频 李长庚于斌林彦俊许凯皓叶泓希杨羿邱治谐朱一文林浩楷韩雍杰张宇晨何嘉庚徐鹤尼杨非同 ​,0,3,11,17,4
idol_producer_066,杨羿,偶像练习生,位置测评阶段,2018-02-03,2018-02-16,杨羿 偶像练习生,4205647840845096,https://m.weibo.cn/detail/4205647840845096,2018-02-09 22:54:00,#偶像练习生# 首次小组对决，《代号魂斗罗》A组用自己的魔幻肢体语言点燃了现场，童年回忆再次上线，cool guy林彦俊变身眼神犀利的魅力boy，帅气演绎《代号魂斗罗》，李长庚、于斌、 叶泓希、 邱治谐、杨羿 嗨翻全场 ！大家有被帅到了吗？ L 《偶像练习生》程潇识许凯皓开场失误 李长庚释放天性变狂野男孩 ​,1,1,11,14,5
idol_producer_066,杨羿,偶像练习生,主题曲考核阶段,2018-01-27,2018-02-02,杨羿 偶像练习生,4201534385990494,https://m.weibo.cn/detail/4201534385990494,2018-01-29 14:28:00,"#偶像练习生# 官推更新 《偶像练习生》之百分九中文小课堂第二集~来跟杨羿老师学习吧，学会周末有惊喜呦~ IDOL PRODUCER's ""9% Mini Chinese Lesson"" second episode~ Come and learn with Teacher Yang Yi. If you study well, there'll be surprises over the weekend~ #iqiyi # idolproducer #偶像练习生 # 杨羿 #yangyi 收起 d",0,2,9,13,6
idol_producer_066,杨羿,偶像练习生,总决赛阶段,2018-03-24,2018-04-06,杨羿 偶像练习生,4221221879536124,https://m.weibo.cn/detail/4221221879536124,2018-03-24 22:19:00,#偶像练习生# #杨非同# 【温馨建议，戴耳机观看，超赞超燃超棒】代号魂斗罗 AB组纯享分屏版 左右声道 懒人最爱的一次看俩个视频 李长庚于斌林彦俊许凯皓叶泓希杨羿邱治谐朱一文林浩楷韩雍杰张宇晨何嘉庚徐鹤尼 @杨非同Nemo #哔哩哔哩动画# O 网页链接 ​,0,0,2,2,7
idol_producer_067,杨非同,偶像练习生,初评级阶段,2018-01-19,2018-01-26,杨非同 偶像练习生,4199837643688360,https://m.weibo.cn/detail/4199837643688360,2018-01-24 22:06:00,#偶像练习生# Jeffrey @Jeffrey董又霖 超远距离的90度绅士鞠躬 还有盛夏星空的“迎宾小哥”们王艺龙 @王艺龙Enki 、王梓豪 @王梓豪Z-joe 、杨非同 @杨非同Nemo 、张达源 @张达源Darrien 、陈名豪 @陈名豪M 超五星级的指路服务 ​,71,557,1679,2864,1
idol_producer_067,杨非同,偶像练习生,合作舞台阶段,2018-03-03,2018-03-23,杨非同 偶像练习生,4220854265450374,https://m.weibo.cn/detail/4220854265450374,2018-03-23 21:58:00,#偶像练习生杨非同# #杨非同# 天不怕地不怕，就怕主唱说rap，这段放飞自我的模仿秀给你99分，剩下1分让你骄傲，没想到你是这样的幺鸡宝宝，不怕以后子异 #王子异# 看到这段，会有想揍你的冲动吗😂😂😂 @杨非同Nemo L ZOOM超能团的秒拍视频 ​,636,434,779,2283,2
idol_producer_067,杨非同,偶像练习生,合作舞台阶段,2018-03-03,2018-03-23,杨非同 偶像练习生,4220867028096943,https://m.weibo.cn/detail/4220867028096943,2018-03-23 22:49:00,#偶像练习生杨非同# #杨非同# 你说“再困难，氧气总是吸得够的”，一路走来，你创造了一个又一个奇迹。不要哭，你有我们，还有小可，就算梦醒了，你也要继续奔跑，而且要笑着奔跑哦💪💪谢谢你们，全民制作人！小可们，请多指教！ ​,485,461,863,2270,3
idol_producer_067,杨非同,偶像练习生,合作舞台阶段,2018-03-03,2018-03-23,杨非同 偶像练习生,4220859156010878,https://m.weibo.cn/detail/4220859156010878,2018-03-23 22:18:00,#偶像练习生杨非同# #杨非同# 我们的小可爱真的成长了很多，他想感恩的人太多太多，给予他指导和帮助的PD和各位导师，节目组的工作人员，朝夕相处3个月的伙伴们，还有他最重要的小可们，所以要努力的做到更好，就是这么直接的行动派，笑着走下去吧，我们桶哥💪💪💪 @杨非同Nemo L ZOOM超能团的秒拍视频 ​,205,232,397,1066,4
idol_producer_067,杨非同,偶像练习生,排名发布阶段,2018-02-17,2018-03-02,杨非同 偶像练习生,4213234800159578,https://m.weibo.cn/detail/4213234800159578,2018-03-02 21:21:00,#偶像练习生杨非同# #杨非同# 位置测评《ME TOO》舞台纯享🎙今天是被导师夸奖超常发挥的杨主唱啊，虽然舞蹈不是最强项，但是舞台上的小性感很撩人哦，希望全民制作人可以多多关注 @杨非同Nemo 为他投票哦，相信他可以展示出更多不一样的自己 一定要进35哦，我们等着听你唱歌 L 《偶像练习生》舞台纯享：位置测评《Me Too》 收起 d,102,140,290,672,5
idol_producer_067,杨非同,偶像练习生,初评级阶段,2018-01-19,2018-01-26,杨非同 偶像练习生,4199829300824535,https://m.weibo.cn/detail/4199829300824535,2018-01-24 21:33:00,#杨非同# #偶像练习生杨非同# 安利我们同同的一段舞蹈 希望大家多多支持 不要忘记投票！！！ 链接： O 网页链接 @杨非同Nemo L 非同小可_Nemo0806的秒拍视频 ​,35,56,144,291,6
idol_producer_067,杨非同,偶像练习生,合作舞台阶段,2018-03-03,2018-03-23,杨非同 偶像练习生,4220857763220326,https://m.weibo.cn/detail/4220857763220326,2018-03-23 22:12:00,#偶像练习生# #杨非同# 模仿 #王子异# 原来你是这样的杨非同。 哈哈哈哈哈哈哈我喜欢杨非同在《代号魂斗罗》那个高音，然后就没太关注了，因为实在太沉默了 一句话都不说。 但是！！！！！！ 杨非同模仿王子异这段我真的不认识他了好吗哈哈哈哈哈哈哈原来为什么不开口说话（or镜头太少 L 少女-懿的秒拍视频 收起 d,27,49,145,270,7
idol_producer_067,杨非同,偶像练习生,排名发布阶段,2018-02-17,2018-03-02,杨非同 偶像练习生,4213252005516499,https://m.weibo.cn/detail/4213252005516499,2018-03-02 22:30:00,#偶像练习生# 不是知道是不是我的误会 总觉得这一期271剪辑试图捞一波人啊： 李希侃 娄滋博 杨非同 李俊毅 双胞胎 灵超(小王几其实不用捞只是镜头变多2333 捞的还是一批挺有实力的练习生 表白剪辑了 ​,1,57,133,248,8
idol_producer_067,杨非同,偶像练习生,位置测评阶段,2018-02-03,2018-02-16,杨非同 偶像练习生,4208149063998101,https://m.weibo.cn/detail/4208149063998101,2018-02-16 20:33:00,【偶像练习生】杨非同：舞台高音杀非同凡响 惊艳全民制作人 L 【偶像练习生】杨非同：舞台高音杀非同凡响 惊艳全民制作人 ​,7,17,140,181,9
idol_producer_067,杨非同,偶像练习生,位置测评阶段,2018-02-03,2018-02-16,杨非同 偶像练习生,4208183649934897,https://m.weibo.cn/detail/4208183649934897,2018-02-16 22:50:00,#偶像练习生# 第一轮前60名： 蔡徐坤/陈立农/范丞丞/Justin/朱正廷/小鬼/卜凡/李权哲/何东东/尤长靖/王子异/Jeffrey/秦奋/林超泽/朱星杰/灵超/钱正昊/董岩磊/韩沐伯/丁泽仁/岳岳/左叶/徐凯皓/木子洋/郑锐彬/毕雯珺/周彦辰/林彦俊/李希侃/陆定昊/周锐/黄书豪/黄新淳/罗正/张达源/李让/贝汯璘/李长庚/陈斯琪/韩雍杰/秦子墨/武连杰/覃俊毅/娄滋博/靖佩瑶/余明君/陈名豪/明鹏/杨非同/朱匀一/伽里/凌崎/朱匀天/徐圣恩/李俊毅/张奕轩/王艺龙/姜达赫/胡致邦/梁辉 乐华女孩绝不认输 收起 d,2,32,106,172,10
idol_producer_067,杨非同,偶像练习生,排名发布阶段,2018-02-17,2018-03-02,杨非同 偶像练习生,4213212054713865,https://m.weibo.cn/detail/4213212054713865,2018-03-02 19:51:00,#偶像练习生# 我的前9 pick 蔡徐坤 陈立农 范丞丞 Justin 朱正廷(说实话这五个不是稳得一匹吗？ ) 小鬼 朱星杰 尤长靖 丁泽仁 (我虽然非常喜欢杨非同，但是他实在是太悬了，希望能多留几轮吧 ) ​,0,28,19,75,11
idol_producer_067,杨非同,偶像练习生,排名发布阶段,2018-02-17,2018-03-02,杨非同 偶像练习生,4213237442184859,https://m.weibo.cn/detail/4213237442184859,2018-03-02 21:32:00,#偶像练习生杨非同# #杨非同# 位置测评《ME TOO》舞台纯享🎙今天是被导师夸奖超常发挥的杨主唱啊，虽然舞蹈不是最强项，但是舞台上的小性感很撩人哦，希望全民制作人可以多多关注 @杨非同Nemo 为他投票哦，相信他可以展示出更多不一样的自己 一定要进35哦，我们等着听你唱歌 L 《偶像练习生》舞台纯享：位置测评《Me Too》 收起 d,27,6,15,54,12
idol_producer_067,杨非同,偶像练习生,主题曲考核阶段,2018-01-27,2018-02-02,杨非同 偶像练习生,4200968033688669,https://m.weibo.cn/detail/4200968033688669,2018-01-28 00:58:00,#偶像练习生# #杨非同快乐大本营# 我们 @杨非同Nemo 小哥哥的快乐大本营综艺秀就要来喽，会有什么有趣的事情发生呢，下周六，锁定 @快乐大本营 ，一起和 #杨非同# 向快乐出发吧,2,7,36,52,13
idol_producer_067,杨非同,偶像练习生,主题曲考核阶段,2018-01-27,2018-02-02,杨非同 偶像练习生,4201878173128957,https://m.weibo.cn/detail/4201878173128957,2018-01-30 13:14:00,#杨非同# 🎤 #偶像练习生杨非同# 这么努力的你值得被更多人喜欢 未来可期 安利一个非同🎤的视频合辑 @杨非同Nemo 今天也不要忘记投票！！！ 投票链接： O 网页链接 L 非同小可_Nemo0806的秒拍视频 ​,3,8,32,51,14
idol_producer_067,杨非同,偶像练习生,初评级阶段,2018-01-19,2018-01-26,杨非同 偶像练习生,4200529553254472,https://m.weibo.cn/detail/4200529553254472,2018-01-26 19:55:00,#偶像练习生# 还有5分钟就要开播喽，蛙儿子喊你来看 #陈名豪# #张达源# #王梓豪# #王艺龙# #杨非同# 几个小哥哥喽 ​,0,4,40,48,15
idol_producer_067,杨非同,偶像练习生,主题曲考核阶段,2018-01-27,2018-02-02,杨非同 偶像练习生,4200713414430546,https://m.weibo.cn/detail/4200713414430546,2018-01-27 08:06:00,#杨非同# ✨ #偶像练习生杨非同# 不要忘记投票！！！ 投票链接： O 网页链接 L 《偶像练习生》舞台纯享：盛夏星空—《立》 ​,8,8,24,48,16
idol_producer_067,杨非同,偶像练习生,排名发布阶段,2018-02-17,2018-03-02,杨非同 偶像练习生,4213249388453170,https://m.weibo.cn/detail/4213249388453170,2018-03-02 22:19:00,#杨非同# #偶像练习生杨非同# I love three things in the world The sun the moon and you The sun for the day The moon for the night And you forever💕 @杨非同Nemo ​,1,5,37,48,17
idol_producer_067,杨非同,偶像练习生,合作舞台阶段,2018-03-03,2018-03-23,杨非同 偶像练习生,4220863320457578,https://m.weibo.cn/detail/4220863320457578,2018-03-23 22:34:00,心疼杨非同 出道吧 实力少年 赞 #偶像练习生# ​,2,2,42,48,18
idol_producer_067,杨非同,偶像练习生,主题曲考核阶段,2018-01-27,2018-02-02,杨非同 偶像练习生,4202012100623269,https://m.weibo.cn/detail/4202012100623269,2018-01-30 22:06:00,#偶像练习生# #杨非同# 本周六 @杨非同Nemo 快乐大本营首次综艺秀，我们不见不敢哦～,0,5,30,40,19
idol_producer_067,杨非同,偶像练习生,合作舞台阶段,2018-03-03,2018-03-23,杨非同 偶像练习生,4220864503046407,https://m.weibo.cn/detail/4220864503046407,2018-03-23 22:39:00,真的偶像练习生一看到晋级就要哭死，舍不得周美锐，丁泽仁，杨非同，陆定昊，周彦辰啊，真的真的不想让你们走，你们真的很努力了，徐圣恩李希侃进了20超开心，没有想到，郑锐彬20我也很开心，我喜欢的留下的越来越少了，哭死，Justin崽崽加油 ​,0,7,23,37,20
idol_producer_067,杨非同,偶像练习生,主题曲考核阶段,2018-01-27,2018-02-02,杨非同 偶像练习生,4202243961832385,https://m.weibo.cn/detail/4202243961832385,2018-01-31 13:28:00,#偶像练习生# 《SHEEP》高能来袭，你们有看到很萌很酷的杨非同 @杨非同Nemo 小哥哥吗 本周六快乐大本营约起来吧,1,1,29,32,21
idol_producer_067,杨非同,偶像练习生,总决赛阶段,2018-03-24,2018-04-06,杨非同 偶像练习生,4225941574031552,https://m.weibo.cn/detail/4225941574031552,2018-04-06 22:54:00,尤长靖进了真的是生死关头，我预想卜凡也能进的，我以为坤音肯定会进一个，好像不太一样…坤坤c位出道，尤长靖进前九太惊喜了！也希望原来喜欢的杨非同哥哥一直走花路！谢谢偶像练习生让我认识这么多优秀并且努力的所有人！ #偶像练习生# #蔡徐坤# #尤长靖# #杨非同# ​,0,11,4,26,22
idol_producer_067,杨非同,偶像练习生,排名发布阶段,2018-02-17,2018-03-02,杨非同 偶像练习生,4213198733717067,https://m.weibo.cn/detail/4213198733717067,2018-03-02 18:58:00,#杨非同# #偶像练习生杨非同# 今日正值元宵佳节 会会在此携后援会所有成员祝大家元宵节快乐！ 不要忘记看一会的 #偶像练习生# 哦 为 @杨非同Nemo 弹幕刷起来吧！ 投票通道快结束了，小可们用剩下的时间抓紧投票吧！ 投票链接： O 网页链接 ​,0,3,16,22,23
idol_producer_067,杨非同,偶像练习生,合作舞台阶段,2018-03-03,2018-03-23,杨非同 偶像练习生,4220863496343729,https://m.weibo.cn/detail/4220863496343729,2018-03-23 22:35:00,#晚安沈师# 今天，我们的晚安曲是由 @JL_阿宅 点播的一首由周锐&尤长靖&韩沐伯&杨非同&王子异&毕雯珺&董又霖在《偶像练习生》中共同演唱的《我永远记得》。“强势pick尤长靖小哥哥啊！！可爱与实力并存 ”真是一群可爱的少年们呐~加油！ L 星八卦娱乐的秒拍视频 ​​​,0,4,10,18,24
idol_producer_067,杨非同,偶像练习生,位置测评阶段,2018-02-03,2018-02-16,杨非同 偶像练习生,4208122513893553,https://m.weibo.cn/detail/4208122513893553,2018-02-16 18:47:00,#杨非同# #偶像练习生杨非同# 零食已经准备好啦！就等我们同同啦！ @杨非同Nemo 期待！！,0,0,14,14,25
idol_producer_067,杨非同,偶像练习生,总决赛阶段,2018-03-24,2018-04-06,杨非同 偶像练习生,4225942903561614,https://m.weibo.cn/detail/4225942903561614,2018-04-06 22:59:00,#偶像练习生# 虽然跟我心里的出道组不是完全相同，但是还是祝福希望继续加油！还有丁泽仁、朱星杰、杨非同、钱正昊、毕雯珺、卜凡和所有优秀努力的练习生们，你们也要加油，不要失落，你们很优秀！期待你们！ ​,0,0,8,8,26
idol_producer_067,杨非同,偶像练习生,主题曲考核阶段,2018-01-27,2018-02-02,杨非同 偶像练习生,4201663420053660,https://m.weibo.cn/detail/4201663420053660,2018-01-29 23:01:00,#杨非同# #偶像练习生杨非同# 希望这个冬天都是惊喜 这么可爱的男孩子怎么能不喜欢呢 多多支持 加油！！！ 晚安啦 @杨非同Nemo O 网页链接 ​,0,0,7,7,27
idol_producer_067,杨非同,偶像练习生,主题曲考核阶段,2018-01-27,2018-02-02,杨非同 偶像练习生,4201303263186620,https://m.weibo.cn/detail/4201303263186620,2018-01-28 23:10:00,#偶像练习生# #偶像练习生杨非同# 看到X'back和北极星们都在为小哥哥加油，园长就把《一个人》练习花絮送给大家作为感谢吧（咳咳～请忽略有两句好像唱错了歌词 ），看来表演的时候拿到 #张艺兴# 张PD的“艺兴牌麦”真的太激动了，抖～抖～抖，相信下次一定会更好，也特别感谢张PD的“艺兴牌麦”在现场带给 @杨非同Nemo 力量 L ZOOM超能团的秒拍视频 收起 d,1,1,3,6,28
idol_producer_067,杨非同,偶像练习生,排名发布阶段,2018-02-17,2018-03-02,杨非同 偶像练习生,4213193281304905,https://m.weibo.cn/detail/4213193281304905,2018-03-02 18:36:00,#杨非同# #偶像练习生杨非同# @张永杰Justice 元宵节快乐啊 记得多吃点元宵！期待你回来和团里的小哥们合体！,0,0,6,6,29
idol_producer_067,杨非同,偶像练习生,合作舞台阶段,2018-03-03,2018-03-23,杨非同 偶像练习生,4220861005839290,https://m.weibo.cn/detail/4220861005839290,2018-03-23 22:25:00,#偶像练习生# 真的越看到后面越难受了 杨非同啊为什么这么佛啊我真的哭了 木子洋娄滋博韩沐伯也走了 讲真觉得有些人不适合偶像团体出道 ，尤长靖钱正昊就自己做歌手出道啊 ，小鬼就走rapper路啊 ，坤音就自己出道啊 感觉还是像蔡徐坤王子异Justin朱正廷范丞丞毕雯珺适合偶像团体 另外蔡徐坤第一 #蔡徐坤第一# 本猪猪女孩真的是太满意了 疯狂想带舍友看星动亚洲 ，我们坤那会儿就超级棒棒了呢 而且一直对粉丝超好的呀 ！从头到尾都在提到粉丝 日常宣布王子异 #王子异# 超帅 ！但是每天到处和别人抢王子异的日子过得有点憋屈 …… 最后 ，山不转水转 ，咱们江湖再见 所有小哥哥们前程似锦 ，未来可期 收起 d,0,2,2,6,30
idol_producer_068,林浩楷,偶像练习生,排名发布阶段,2018-02-17,2018-03-02,林浩楷 偶像练习生,4210290218268869,https://m.weibo.cn/detail/4210290218268869,2018-02-22 18:21:00,#BBT# #偶像练习生# 告别记录公开 “ 不知所措，才是人生。” @BBT孙浩然 @BBT林浩楷 @BBT王子异 @BBT李志杰 @BBT金逸涵 L BBTofficial的秒拍视频 ​,1458,1487,5586,10018,1
idol_producer_068,林浩楷,偶像练习生,总决赛阶段,2018-03-24,2018-04-06,林浩楷 偶像练习生,4225879292642449,https://m.weibo.cn/detail/4225879292642449,2018-04-06 18:46:00,酷的bro #王子异# 兄弟加油 今晚八点 #偶像练习生# 决赛之夜 全民制作人请多关照 @BBT孙浩然 @BBT林浩楷 @BBT王子异 @BBT李志杰 ​,1392,827,2297,5343,2
idol_producer_068,林浩楷,偶像练习生,位置测评阶段,2018-02-03,2018-02-16,林浩楷 偶像练习生,4208154289709248,https://m.weibo.cn/detail/4208154289709248,2018-02-16 20:53:00,偶像练习生 99进60的淘汰名单 乐华、坤音、觉醒东方、超能唱片全员安全 香蕉娱乐（9个淘汰4个） 高茂桐 姜京佐 李若天 邱治楷 辰星娱乐（6个淘汰4个） Rapen 王宥辰 J-one Gigel 麦锐娱乐（6个淘汰3个） 邓烺怡 孙凡杰 吕晨瑜 简单快乐（5个淘汰4个） 金逸涵 林浩楷 李志杰 孙浩然 盛夏星空（5个淘汰1个） 王梓豪 新锐杂志（5个淘汰3个） 赵俞澈 应智越 万宇贤 AIF娱乐（全军覆没） 于浩 赵凌峰 杨羿 张艺凡 焕星娱乐（全军覆没） 何嘉庚 李鑫岩 罗杰 张宇晨 铂熠娱乐（4个淘汰2个） 叶泓希 张昕 乐风艺社（全军覆没） 陈义夫 闵喆祥 果然娱乐（4个淘汰1个） 张晏恺 次元文化（2个淘汰1个） 徐鹤尼 新湃传媒（单人） 于斌 天津中视（单人） 朱一文 个人练习生（7个淘汰4个） 甘俊 侯浩然 黄若涵 周腾阳 个人觉得比较可惜的一些：扫地组合（罗杰、姜京佐）、张艺凡（第三期进A组）、闵喆祥（学舞能力突出） 收起 d,220,1591,1046,4448,3
idol_producer_068,林浩楷,偶像练习生,排名发布阶段,2018-02-17,2018-03-02,林浩楷 偶像练习生,4211776075766156,https://m.weibo.cn/detail/4211776075766156,2018-02-26 20:45:00,#BBT# #夜间小剧场# #偶像练习生# 听说有一位肌肉发达的男子，因为血管太细被扎了五针？ @BBT孙浩然 我忍 @BBT林浩楷 我聊 @BBT王子异 我…… @BBT李志杰 我哭 I watch you L BBTofficial的秒拍视频 ​,551,477,992,2497,4
idol_producer_068,林浩楷,偶像练习生,总决赛阶段,2018-03-24,2018-04-06,林浩楷 偶像练习生,4224674055521310,https://m.weibo.cn/detail/4224674055521310,2018-04-03 10:57:00,【独家专访 #偶像练习生# #陈立农# ：这段经历 最让我练到的是心】日前，《偶像练习生》陈立农 @超级農農 接受了爱奇艺娱乐的独家专访> L 专访《偶像》陈立农:这段经历 最让我练到的是心 陈立农表示： 1.我其实很爱吃，有时候半夜睡不着饿了，我会毫不犹豫地吃东西。可是最近在减肥，所以也就没有那么爱吃东西了。 2.我和室友林浩楷非常要好，他搬走的时候把床整理得干干净净，唯一留了一顶帽子，我现在想起来真的特别难过。 3.其实我来参加这个节目只是抱着学习的心态，这是一个很难得的机会。我在这里最大的练习就是“练心”。 了解更多《偶像练习生》独家幕后花絮，请锁定每周五晚八点半 #偶像有新番# 更多精彩 移动端> O 网页链接 pc端> O 网页链接 收起 d,575,297,1029,2198,5
idol_producer_068,林浩楷,偶像练习生,合作舞台阶段,2018-03-03,2018-03-23,林浩楷 偶像练习生,4213829816128852,https://m.weibo.cn/detail/4213829816128852,2018-03-04 12:46:00,#BBT# ❤ #偶像练习生# 《目属目》MV拍摄花絮 酷boy贪吃不胜防 “要求严格” @BBT孙浩然 “零食赔罪” @BBT林浩楷 “都是你的” @BBT王子异 “篮球小子” @BBT李志杰 L BBTofficial的秒拍视频 ​,364,327,754,1772,6
idol_producer_068,林浩楷,偶像练习生,初评级阶段,2018-01-19,2018-01-26,林浩楷 偶像练习生,4200571004889442,https://m.weibo.cn/detail/4200571004889442,2018-01-26 22:40:00,得到导师的“努力”认证，但得不到节目的“幸运”呈现。 #偶像练习生# 仅7秒的现场表演，获得导师1个A，4个B的肯定。节目里无法看到，只能给你看练习室版《Mr. Lee》。我们依然相信越努力越幸运，加油BBT。 @BBT孙浩然 @BBT林浩楷 @BBT王子异 @BBT李志杰 @BBT金逸涵 L BBTofficial的秒拍视频 ​,196,269,724,1458,7
idol_producer_068,林浩楷,偶像练习生,位置测评阶段,2018-02-03,2018-02-16,林浩楷 偶像练习生,4206321840162728,https://m.weibo.cn/detail/4206321840162728,2018-02-11 19:32:00,#bbt# #偶像练习生# 学院师兄教你们课本的正确使用方式，目属目不一样的课堂时光。 @BBT孙浩然 @BBT李志杰 增高鞋垫～到底是谁的呢？ @BBT林浩楷 为黑发变身神秘蒙面男 @BBT王子异 今日你的咖啡男孩，明日你的午睡男孩 I watch you L BBTofficial的秒拍视频 收起 d,160,183,698,1224,8
idol_producer_068,林浩楷,偶像练习生,排名发布阶段,2018-02-17,2018-03-02,林浩楷 偶像练习生,4208372989143462,https://m.weibo.cn/detail/4208372989143462,2018-02-17 11:22:00,#bbt# #新歌首发# K 矢量青春 也许是太年轻的问题 一时灰心的结局 但是知道你就在身旁 逆境也是顺意 @BBT孙浩然 @BBT林浩楷 @BBT李志杰 #偶像练习生# 毕业答卷 ​,184,198,561,1141,9
idol_producer_068,林浩楷,偶像练习生,排名发布阶段,2018-02-17,2018-03-02,林浩楷 偶像练习生,4210250061898256,https://m.weibo.cn/detail/4210250061898256,2018-02-22 15:41:00,#BBT# 闷骚慢热温和内敛，cool boy说再见谁是小哭包？BBTO新年开工啦 #偶像练习生# 告别记录稍后公开，今天也要听 K 矢量青春 哦 @BBT孙浩然 @BBT林浩楷 @BBT王子异 @BBT李志杰 @BBT金逸涵 ​,201,157,457,972,10
idol_producer_068,林浩楷,偶像练习生,排名发布阶段,2018-02-17,2018-03-02,林浩楷 偶像练习生,4212796344277283,https://m.weibo.cn/detail/4212796344277283,2018-03-01 16:19:00,#bbt# #偶像练习生# Simple Style 西田造型团队之“金马”颁奖后台 艺术总监 @BBT孙浩然 Tony助理 @BBT林浩楷 战士本士 @BBT王子异 腹肌撕裂者 @BBT李志杰 I watch you L BBTofficial的秒拍视频 ​,170,170,451,961,11
idol_producer_068,林浩楷,偶像练习生,位置测评阶段,2018-02-03,2018-02-16,林浩楷 偶像练习生,4206720941186638,https://m.weibo.cn/detail/4206720941186638,2018-02-12 21:58:00,#BBT# #偶像练习生# 课堂听歌，课间午睡， @BBT孙浩然 @BBT王子异 实力cos校园生活 @BBT李志杰 到底做了什么被 @BBT林浩楷 一脸嫌弃 《目属目》练习室视频明天见 L BBTofficial的秒拍视频 ​,82,108,360,658,12
idol_producer_068,林浩楷,偶像练习生,位置测评阶段,2018-02-03,2018-02-16,林浩楷 偶像练习生,4207317010350434,https://m.weibo.cn/detail/4207317010350434,2018-02-14 13:26:00,#BBT# #偶像练习生# 新人100问Part 3 谢谢你的出现，赐我岁月的波澜 承蒙你的喜欢，完成生命的灿烂 @BBT孙浩然 @BBT林浩楷 @BBT王子异 @BBT李志杰 ​,149,162,185,658,13
idol_producer_068,林浩楷,偶像练习生,总决赛阶段,2018-03-24,2018-04-06,林浩楷 偶像练习生,4225884724551185,https://m.weibo.cn/detail/4225884724551185,2018-04-06 19:08:00,我们是 #偶像练习生# 孙浩然 @BBT孙浩然 林浩楷 @BBT林浩楷 王子异 @BBT王子异 李志杰 @BBT李志杰 全民制作人 谢谢关照,7,34,502,577,14
idol_producer_068,林浩楷,偶像练习生,初评级阶段,2018-01-19,2018-01-26,林浩楷 偶像练习生,4200566706532481,https://m.weibo.cn/detail/4200566706532481,2018-01-26 22:23:00,今晚没有你们的镜头，唯一一个A组没有表演镜头的 @BBT王子异 ，其他所有成员均在B组的 @BBT孙浩然 @BBT林浩楷 @BBT李志杰 @BBT金逸涵 ，节目剪辑分配可以不均匀，但导师们给了你们1A4B的肯定评价。我们以你们为荣！ #偶像练习生# ​,87,84,316,571,15
idol_producer_068,林浩楷,偶像练习生,位置测评阶段,2018-02-03,2018-02-16,林浩楷 偶像练习生,4208106147854297,https://m.weibo.cn/detail/4208106147854297,2018-02-16 17:42:00,《目属目》MV拍摄花絮——恐高的少年啊，快去创造奇迹 @BBT孙浩然 @BBT林浩楷 @BBT王子异 @BBT李志杰 新年第一天，祝大家春节快乐 今晚也要记得看 #偶像练习生# 为 #BBT# 加油哦 L BBTofficial的秒拍视频 ​,88,83,276,530,16
idol_producer_068,林浩楷,偶像练习生,排名发布阶段,2018-02-17,2018-03-02,林浩楷 偶像练习生,4212881073085968,https://m.weibo.cn/detail/4212881073085968,2018-03-01 21:56:00,#偶像练习生# 显微镜女孩分享一下根据花絮扒出来了的宿舍分配。可能有稍许误差，欢迎大家补充修改，其他不熟悉就没扒了。 01宿舍，范丞丞 朱正廷 黄明昊 黄新淳 02宿舍，李权哲 丁泽仁 泰国人 毕雯珺 03宿舍，朱匀一 朱匀天 董岩磊 未知 04宿舍，罗正 吕晨瑜 余明君 李希侃 06宿舍，有长靖 高茂桐 林超泽 姜京佐 08宿舍，蔡徐坤 钱正昊 周锐 秦子墨 10宿舍， 秦奋 韩沐伯 左叶 靖佩瑶 17宿舍，董又霖 王子异 郑锐彬 胡志邦 18宿舍，坤音四子 灵超 卜凡 岳岳 木子洋 19宿舍，朱星杰 小鬼 周彦辰 张晏恺 21宿舍，林彦俊 陈立农 许凯皓 林浩楷 收起 d,17,79,258,433,17
idol_producer_068,林浩楷,偶像练习生,排名发布阶段,2018-02-17,2018-03-02,林浩楷 偶像练习生,4210369688091700,https://m.weibo.cn/detail/4210369688091700,2018-02-22 23:37:00,#王子异# #偶像练习生# 告别视频公开 “不知所措，才是人生。” @BBT孙浩然 @BBT林浩楷 @BBT王子异 @BBT李志杰 L BBTofficial的秒拍视频 ​,54,76,209,415,18
idol_producer_068,林浩楷,偶像练习生,位置测评阶段,2018-02-03,2018-02-16,林浩楷 偶像练习生,4206918392779048,https://m.weibo.cn/detail/4206918392779048,2018-02-13 11:02:00,#偶像练习生# 新人100问Part2 @BBT孙浩然 养过的宠物：不听话的狗 @BBT林浩楷 最喜欢的花：开心果 @BBT王子异 怎么形容自己外形：帅 @BBT李志杰 怎么形容自己个性：平易近人 原来你们是这样的 #BBT# 明日Part3答案更精彩 猜对的小可爱要不要考虑来做志杰翻译助理 收起 d,64,102,146,414,19
idol_producer_068,林浩楷,偶像练习生,位置测评阶段,2018-02-03,2018-02-16,林浩楷 偶像练习生,4208021296457487,https://m.weibo.cn/detail/4208021296457487,2018-02-16 12:05:00,#bbt# #偶像练习生# 新人100Part5 如清风朗月 似雪霁初晴 从未知而来 到未知而去 一切知与否 于现在开始 很高兴 认识你 @BBT孙浩然 @BBT林浩楷 @BBT王子异 @BBT李志杰 ​,69,72,164,377,20
idol_producer_068,林浩楷,偶像练习生,总决赛阶段,2018-03-24,2018-04-06,林浩楷 偶像练习生,4225384453158560,https://m.weibo.cn/detail/4225384453158560,2018-04-05 10:00:00,BOOM BOOM TAKER！在偶像练习的战场上怎么有这么可爱的小哥哥 @BBT林浩楷 @BBT孙浩然 @BBT李志杰 ！简单快乐BBT将在今晚节目中分享练习生生活的点点滴滴，并隔空应援 @BBT王子异 送上温暖空投！ @BBTofficial 放假第一天，节奏燃不燃？ 锁定收听 O 今晚9点 @京都念慈菴 #流行音乐全金榜# @蜻蜓FM O 网页链接 @BBTaker_天使站 收起 d,67,62,166,357,21
idol_producer_068,林浩楷,偶像练习生,位置测评阶段,2018-02-03,2018-02-16,林浩楷 偶像练习生,4206562396257827,https://m.weibo.cn/detail/4206562396257827,2018-02-12 11:28:00,#偶像练习生# 你知道的不知道的，你了解的不了解的 #BBT# 现在！此刻！新人100问了解一下 问题与答案为 @BBT孙浩然 @BBT林浩楷 @BBT王子异 @BBT李志杰 初次加入组合时所填，这份初心问卷的答案或许未来会有不同，因为少年们的偶像之路，一直在进步 ​,50,82,118,332,22
idol_producer_068,林浩楷,偶像练习生,排名发布阶段,2018-02-17,2018-03-02,林浩楷 偶像练习生,4210371084478929,https://m.weibo.cn/detail/4210371084478929,2018-02-22 23:42:00,#李志杰# #偶像练习生# 告别视频公开 “不知所措，才是人生。” @BBT孙浩然 @BBT林浩楷 @BBT王子异 @BBT李志杰 L BBTofficial的秒拍视频 ​,24,22,105,173,23
idol_producer_068,林浩楷,偶像练习生,主题曲考核阶段,2018-01-27,2018-02-02,林浩楷 偶像练习生,4202012880567041,https://m.weibo.cn/detail/4202012880567041,2018-01-30 22:10:00,#BBT# #偶像练习生# 每一个为了梦想而战斗的人，不是对手，而是伙伴。因为你的善良，我的行走总有方向 @BBT孙浩然 @BBT林浩楷 @BBT王子异 @BBT李志杰 @BBT金逸涵 ​,13,12,109,146,24
idol_producer_068,林浩楷,偶像练习生,初评级阶段,2018-01-19,2018-01-26,林浩楷 偶像练习生,4200478466404805,https://m.weibo.cn/detail/4200478466404805,2018-01-26 16:32:00,爱奇艺 #偶像练习生# 今晚八点第二期就要上线啦，记得为 #BBT# 打call呦呦呦，风里雨里，弹幕等你 @BBT孙浩然 @BBT林浩楷 @BBT王子异 @BBT李志杰 @BBT金逸涵 ​,0,10,75,95,25
idol_producer_068,林浩楷,偶像练习生,排名发布阶段,2018-02-17,2018-03-02,林浩楷 偶像练习生,4210370719489851,https://m.weibo.cn/detail/4210370719489851,2018-02-22 23:41:00,#林浩楷# #偶像练习生# 告别视频公开 “不知所措，才是人生。” @BBT孙浩然 @BBT林浩楷 @BBT王子异 @BBT李志杰 L BBTofficial的秒拍视频 ​,5,4,32,45,26
idol_producer_068,林浩楷,偶像练习生,排名发布阶段,2018-02-17,2018-03-02,林浩楷 偶像练习生,4210370354736454,https://m.weibo.cn/detail/4210370354736454,2018-02-22 23:39:00,#孙浩然# #偶像练习生# 告别视频公开 “不知所措，才是人生。” @BBT孙浩然 @BBT林浩楷 @BBT王子异 @BBT李志杰 L BBTofficial的秒拍视频 ​,2,3,16,24,27
idol_producer_068,林浩楷,偶像练习生,排名发布阶段,2018-02-17,2018-03-02,林浩楷 偶像练习生,4212006527646610,https://m.weibo.cn/detail/4212006527646610,2018-02-27 12:01:00,燃爆！！ #爱奇艺偶像练习生# #杨非同# 代号魂斗罗 AB组纯享分屏版 左右声道 懒人最爱的一次看俩个视频 李长庚于斌林彦俊许凯皓叶泓希杨羿邱治谐朱一文林浩楷韩雍杰张宇晨何嘉庚徐鹤尼杨非同-P1 #哔哩哔哩# L 【9/100】代号魂斗罗 AB组纯享分屏版 左右声道 懒人最爱的一次看俩个视频 李长庚于斌林彦俊许凯皓叶泓希杨羿邱治谐朱一文林浩楷韩雍杰张宇晨何嘉庚徐鹤尼杨非同 ​,0,3,11,17,28
idol_producer_068,林浩楷,偶像练习生,总决赛阶段,2018-03-24,2018-04-06,林浩楷 偶像练习生,4225146137564617,https://m.weibo.cn/detail/4225146137564617,2018-04-04 18:13:00,#陈立农# #偶像练习生# #陪陈立农出道# 啊啊啊啊啊啊啊啊啊楷哥真的是太暖啦 超开心 我一定是沾了農農儿崽的光 都怪我的头像太帅气了 加油啊宝贝大家都在为你加油呢 @超级農農 @BBT林浩楷 ​,0,0,9,9,29
idol_producer_068,林浩楷,偶像练习生,合作舞台阶段,2018-03-03,2018-03-23,林浩楷 偶像练习生,4219041126620711,https://m.weibo.cn/detail/4219041126620711,2018-03-18 21:54:00,#偶像练习生# 我向 @BBT林浩楷 送出了加油卡！我pick的小哥哥全世界最棒！大家快来一起给你喜欢的选手打call吧！ O 练习生PICK榜 ​,0,0,1,1,30
idol_producer_069,梁辉,偶像练习生,合作舞台阶段,2018-03-03,2018-03-23,梁辉 偶像练习生,4213542602874644,https://m.weibo.cn/detail/4213542602874644,2018-03-03 17:45:00,#偶像练习生# 跟着 @CATCHERS_朱匀天Z @梁辉LIANGHUI @王艺龙Enki 的《flow》游动在节奏里头！虽然演出前双胞胎弟弟 @CATCHERS_朱匀一 因伤不能出席，但队员们还是完成了属于四个人的完美舞台 L 《偶像练习生》Flow组团魂不灭 朱匀天为弟弟而战 ​,57,241,2197,2736,1
idol_producer_069,梁辉,偶像练习生,总决赛阶段,2018-03-24,2018-04-06,梁辉 偶像练习生,4225871621317017,https://m.weibo.cn/detail/4225871621317017,2018-04-06 18:16:00,我是 #偶像练习生# 梁辉，全民制作人，谢谢关照！,29,123,791,1066,2
idol_producer_069,梁辉,偶像练习生,位置测评阶段,2018-02-03,2018-02-16,梁辉 偶像练习生,4208182941877183,https://m.weibo.cn/detail/4208182941877183,2018-02-16 22:47:00,【 #偶像练习生# 公布排名第60人选 梁辉晋级姜京佐被淘汰】排名第60名的练习生公布！ @梁辉LIANGHUI @COSMOS-徐鹤尼 @Trainee18-高茂桐 @Trainee18-姜京佐 四位排名接近60名的练习生中，只有一位能够坐上最后的座位。现场气氛紧张到极点。 L 《偶像练习生》公布排名第60人选 梁辉晋级姜京佐被淘汰 想知道更多关于《偶像练习生》的“小秘密”？请继续锁定每周五晚八点半上线的 #偶像有新番# ！ 更多精彩 移动端 O 网页链接 pc端 O 网页链接 收起 d,3,72,82,229,3
idol_producer_069,梁辉,偶像练习生,位置测评阶段,2018-02-03,2018-02-16,梁辉 偶像练习生,4208183649934897,https://m.weibo.cn/detail/4208183649934897,2018-02-16 22:50:00,#偶像练习生# 第一轮前60名： 蔡徐坤/陈立农/范丞丞/Justin/朱正廷/小鬼/卜凡/李权哲/何东东/尤长靖/王子异/Jeffrey/秦奋/林超泽/朱星杰/灵超/钱正昊/董岩磊/韩沐伯/丁泽仁/岳岳/左叶/徐凯皓/木子洋/郑锐彬/毕雯珺/周彦辰/林彦俊/李希侃/陆定昊/周锐/黄书豪/黄新淳/罗正/张达源/李让/贝汯璘/李长庚/陈斯琪/韩雍杰/秦子墨/武连杰/覃俊毅/娄滋博/靖佩瑶/余明君/陈名豪/明鹏/杨非同/朱匀一/伽里/凌崎/朱匀天/徐圣恩/李俊毅/张奕轩/王艺龙/姜达赫/胡致邦/梁辉 乐华女孩绝不认输 收起 d,2,32,106,172,4
idol_producer_069,梁辉,偶像练习生,排名发布阶段,2018-02-17,2018-03-02,梁辉 偶像练习生,4212737238563595,https://m.weibo.cn/detail/4212737238563595,2018-03-01 12:24:00,梁辉和姜达赫要退赛了？可惜扫地cp徐鹤尼高茂桐这些美人们也回不来了 #偶像练习生# ​,3,16,41,76,5
idol_producer_069,梁辉,偶像练习生,合作舞台阶段,2018-03-03,2018-03-23,梁辉 偶像练习生,4216093633002302,https://m.weibo.cn/detail/4216093633002302,2018-03-10 18:41:00,#梁辉# #偶像练习生梁辉# 亲笔信文字整理版 请大家去小哥哥的微博给他留言评论吧 他回来了，更需要我们！ @梁辉LIANGHUI ​,1,21,30,73,6
idol_producer_069,梁辉,偶像练习生,排名发布阶段,2018-02-17,2018-03-02,梁辉 偶像练习生,4212882624861507,https://m.weibo.cn/detail/4212882624861507,2018-03-01 22:02:00,#梁辉# 🌸 #偶像练习生梁辉# 我们正装辉也是hin~帅的 @梁辉LIANGHUI 出处不详 🍃偶像练习生爱奇艺投票 O 网页链接 ​,0,2,24,28,7
idol_producer_069,梁辉,偶像练习生,合作舞台阶段,2018-03-03,2018-03-23,梁辉 偶像练习生,4216120356035767,https://m.weibo.cn/detail/4216120356035767,2018-03-10 20:28:00,#梁辉# #偶像练习生# 梁辉自拍更新啦 居然发在评论里，一定是很认真的看大家评论啦！原来新宿舍是和卜凡&岳岳一起，再次表示辉常卜错！！给哈士奇打个call，想看你们同框 @梁辉LIANGHUI @卜凡KATTO ​,0,8,12,28,8
idol_producer_069,梁辉,偶像练习生,合作舞台阶段,2018-03-03,2018-03-23,梁辉 偶像练习生,4215819502732163,https://m.weibo.cn/detail/4215819502732163,2018-03-10 00:32:00,『《偶像练习生》姜达赫梁辉真的退赛了？』 O 《偶像练习生》姜达赫梁辉真的退赛了？ ​,0,6,8,20,9
idol_producer_069,梁辉,偶像练习生,排名发布阶段,2018-02-17,2018-03-02,梁辉 偶像练习生,4213257315777942,https://m.weibo.cn/detail/4213257315777942,2018-03-02 22:51:00,朱匀天、王艺龙、梁辉组成的“红红火火”组合演唱《Flow》，手指舞蹈炸裂，朱匀一因练习受伤缺席，在台后默默为队员加油！ #偶像练习生# L 娱阁主的秒拍视频 ​,1,2,14,19,10
idol_producer_069,梁辉,偶像练习生,总决赛阶段,2018-03-24,2018-04-06,梁辉 偶像练习生,4222289643865950,https://m.weibo.cn/detail/4222289643865950,2018-03-27 21:02:00,#梁辉# #偶像练习生# 偶像练习生梁辉抖音了解一下 @梁辉LIANGHUI 最后看到了什么 L 全世界最好的梁辉_ljixbsw3zw61eh4qqqfvt的秒拍视频 ​,0,6,7,19,11
idol_producer_069,梁辉,偶像练习生,总决赛阶段,2018-03-24,2018-04-06,梁辉 偶像练习生,4224784328045507,https://m.weibo.cn/detail/4224784328045507,2018-04-03 18:15:00,#梁辉# #偶像练习生梁辉# 偶像练习生梁辉抖音抓娃娃了解一下 L 全世界最好的梁辉_ljixbsw3zw61eh4qqqfvt的秒拍视频 ​,0,3,12,18,12
idol_producer_069,梁辉,偶像练习生,合作舞台阶段,2018-03-03,2018-03-23,梁辉 偶像练习生,4220803707340323,https://m.weibo.cn/detail/4220803707340323,2018-03-23 18:38:00,#梁辉# #偶像练习生梁辉# @梁辉LIANGHUI 梁辉星期五更新小红书了！所以什么时候发微博 星期👋 O 网页链接 ​​​,1,2,12,17,13
idol_producer_069,梁辉,偶像练习生,排名发布阶段,2018-02-17,2018-03-02,梁辉 偶像练习生,4212703029588332,https://m.weibo.cn/detail/4212703029588332,2018-03-01 10:08:00,#梁辉# 🌸 #偶像练习生梁辉# 不要被我们辉舞台上霸气的样子固化哦~ 舞台下的我们辉就是一个可爱的小男孩 @梁辉LIANGHUI cr:Mayonnaise ​,0,2,12,16,14
idol_producer_069,梁辉,偶像练习生,位置测评阶段,2018-02-03,2018-02-16,梁辉 偶像练习生,4207748494700841,https://m.weibo.cn/detail/4207748494700841,2018-02-15 18:01:00,#梁辉# #偶像练习生梁辉# 今天是大年三十~ 祝辉家各位小仙女新年快乐~ 未来的路请继续陪梁辉一起走下去哦~ @梁辉LIANGHUI 更多精彩详戳 L 《偶像练习生》【新春特辑】狗年行大运 练习生集体拜大年（上） L 梁辉LIANGHUI_Bar的秒拍视频 ​,2,0,12,14,15
idol_producer_069,梁辉,偶像练习生,合作舞台阶段,2018-03-03,2018-03-23,梁辉 偶像练习生,4220802943169077,https://m.weibo.cn/detail/4220802943169077,2018-03-23 18:35:00,#梁辉# #偶像练习生梁辉# @梁辉LIANGHUI 梁辉星期五更新小红书了！所以什么时候发微博 星期👋 O 网页链接 ​,1,4,5,14,16
idol_producer_069,梁辉,偶像练习生,合作舞台阶段,2018-03-03,2018-03-23,梁辉 偶像练习生,4213579173747279,https://m.weibo.cn/detail/4213579173747279,2018-03-03 20:10:00,昨晚自以为很认真的追了最新一期的《偶像练习生》，结果今天刷微博才知道姜达赫和梁辉退赛了，看来有点不太认真 #偶像练习生# ​,0,0,11,11,17
idol_producer_069,梁辉,偶像练习生,总决赛阶段,2018-03-24,2018-04-06,梁辉 偶像练习生,4222235793353394,https://m.weibo.cn/detail/4222235793353394,2018-03-27 17:28:00,#梁辉# #偶像练习生# 你们喝完了吗？ 我最后一瓶了！ ​,0,1,9,11,18
idol_producer_069,梁辉,偶像练习生,合作舞台阶段,2018-03-03,2018-03-23,梁辉 偶像练习生,4216371338731205,https://m.weibo.cn/detail/4216371338731205,2018-03-11 13:05:00,#梁辉# #偶像练习生梁辉# 谢谢校友小姐姐,0,0,10,10,19
idol_producer_069,梁辉,偶像练习生,合作舞台阶段,2018-03-03,2018-03-23,梁辉 偶像练习生,4216451595765829,https://m.weibo.cn/detail/4216451595765829,2018-03-11 18:24:00,回复 @梁辉LIANGHUI : #梁辉# #偶像练习生# 辉常卜错！！！！梁辉卜凡你们原来是上下 评论配图 // @梁辉LIANGHUI :加油！睡在我下铺的兄弟 忘了问你上次那段梦话什么意思,0,4,2,10,20
idol_producer_069,梁辉,偶像练习生,合作舞台阶段,2018-03-03,2018-03-23,梁辉 偶像练习生,4213782483491145,https://m.weibo.cn/detail/4213782483491145,2018-03-04 09:38:00,希望能够快乐就好 总会好的 真的实力人们看得到 虽然我们的能力微不足道 不能做什么 但只需记得永远有我们的支持 做自己就OK 不是偶像练习生的梁辉 而是真正的偶像梁辉,0,1,7,9,21
idol_producer_069,梁辉,偶像练习生,总决赛阶段,2018-03-24,2018-04-06,梁辉 偶像练习生,4223720363074671,https://m.weibo.cn/detail/4223720363074671,2018-03-31 19:47:00,#梁辉# #偶像练习生# @梁辉LIANGHUI 偶像练习生梁辉小红书更新！DIOR HUI O 网页链接 ​​​,0,0,8,8,22
idol_producer_069,梁辉,偶像练习生,总决赛阶段,2018-03-24,2018-04-06,梁辉 偶像练习生,4225872703447506,https://m.weibo.cn/detail/4225872703447506,2018-04-06 18:20:00,辉～不管怎样，辛苦了！辉姑娘们以后陪你一起走花路 评论配图 // @梁辉LIANGHUI :我是 #偶像练习生# 梁辉，全民制作人，谢谢关照！,0,0,7,7,23
idol_producer_069,梁辉,偶像练习生,位置测评阶段,2018-02-03,2018-02-16,梁辉 偶像练习生,4207971661181804,https://m.weibo.cn/detail/4207971661181804,2018-02-16 08:48:00,#梁辉# 🌸 #偶像练习生梁辉# 大年初一给大家拜年啦 @梁辉LIANGHUI,0,0,6,6,24
idol_producer_069,梁辉,偶像练习生,位置测评阶段,2018-02-03,2018-02-16,梁辉 偶像练习生,4207991589238289,https://m.weibo.cn/detail/4207991589238289,2018-02-16 10:07:00,#梁辉# 🌸 #偶像练习生梁辉# #偶像练习生# 今日份 #我的pick安利打卡# √ DAY26 带给你的正能量 砥砺奋进 @梁辉LIANGHUI @爱奇艺偶像练习生 ​,0,0,5,5,25
idol_producer_069,梁辉,偶像练习生,合作舞台阶段,2018-03-03,2018-03-23,梁辉 偶像练习生,4217758465753471,https://m.weibo.cn/detail/4217758465753471,2018-03-15 08:57:00,#偶像练习生# 我向 @梁辉LIANGHUI 送出了加油卡！我pick的小哥哥全世界最棒！大家快来一起给你喜欢的选手打call吧！ O 练习生PICK榜 ​,0,0,3,3,26
idol_producer_069,梁辉,偶像练习生,总决赛阶段,2018-03-24,2018-04-06,梁辉 偶像练习生,4225871881275840,https://m.weibo.cn/detail/4225871881275840,2018-04-06 18:17:00,#梁辉# #偶像练习生梁辉# 辉姑娘永远都在 // @梁辉LIANGHUI :我是 #偶像练习生# 梁辉，全民制作人，谢谢关照！,0,0,3,3,27
idol_producer_069,梁辉,偶像练习生,位置测评阶段,2018-02-03,2018-02-16,梁辉 偶像练习生,4207701107624070,https://m.weibo.cn/detail/4207701107624070,2018-02-15 14:53:00,#梁辉# 🌸 #偶像练习生梁辉# 新春快乐~狗年大吉~ 旺旺旺 @梁辉LIANGHUI,0,0,2,2,28
idol_producer_069,梁辉,偶像练习生,合作舞台阶段,2018-03-03,2018-03-23,梁辉 偶像练习生,4213791720457105,https://m.weibo.cn/detail/4213791720457105,2018-03-04 10:14:00,#偶像练习生# 紧急通知——投票通道进入关闭倒计时八小时！！ O 今晚8点，第二次网络投票将截止 ！相比上一次公布的排名，少年们的排名再一次发生变动 想让自己pick的练习生一直活跃在舞台上，就赶紧为他们投票应援吧！！全民制作人的每一票都至关重要哦 投票请戳>>> O 网页链接 选手位置评测现场投票，加上十五万奖励票后的现场排名如下👇🏻 收起 d,0,0,2,2,29
idol_producer_069,梁辉,偶像练习生,合作舞台阶段,2018-03-03,2018-03-23,梁辉 偶像练习生,4213868160444715,https://m.weibo.cn/detail/4213868160444715,2018-03-04 15:18:00,#偶像练习生# 我向 @梁辉LIANGHUI 送出了加油卡！我pick的小哥哥全世界最棒！大家快来一起给你喜欢的选手打call吧！ O 练习生PICK榜 ​,0,0,2,2,30
idol_producer_070,武连杰,偶像练习生,主题曲考核阶段,2018-01-27,2018-02-02,武连杰 偶像练习生,4202712117427385,https://m.weibo.cn/detail/4202712117427385,2018-02-01 20:28:00,看完超能四子 #cnk男团# @CNK-李让RanG @CNK-娄滋博BOi @CNK-武连杰 @CNK-覃俊毅 @爱奇艺偶像练习生 #偶像练习生# 舞台纯享版是不是意犹未尽呀 马上为大家奉上练习室版花絮 各路粉丝速来围观 ​​​​ L CNK男团的秒拍视频 ​,81,87,294,549,1
idol_producer_070,武连杰,偶像练习生,排名发布阶段,2018-02-17,2018-03-02,武连杰 偶像练习生,4213240030574759,https://m.weibo.cn/detail/4213240030574759,2018-03-02 21:42:00,#偶像练习生# 舞蹈组 朱正廷、林超泽、左叶、李希侃、许凯皓、武连杰一起表演了张艺兴的《sheep》，舞蹈加了自己的改编，降低了难度增加了趣味性，可看性非常强。这段舞蹈，谁是心中当之无愧的舞王？ L 娱圈辣评的秒拍视频 ​,18,101,297,517,2
idol_producer_070,武连杰,偶像练习生,主题曲考核阶段,2018-01-27,2018-02-02,武连杰 偶像练习生,4203063152132586,https://m.weibo.cn/detail/4203063152132586,2018-02-02 19:43:00,#偶像练习生# 第一波福利来袭！ 转发并评论本条微博 大声说出对超能四子 @CNK-武连杰 @CNK-娄滋博BOi @CNK-李让RanG @CNK-覃俊毅 的爱 官博将在2月9号抽出4位粉丝 送出四位小哥哥真人比例抱枕！ 越努力越幸运！请为 @爱奇艺偶像练习生 超能四子投票吧，投票请戳 O 网页链接 👇 收起 d,37,119,55,330,3
idol_producer_070,武连杰,偶像练习生,排名发布阶段,2018-02-17,2018-03-02,武连杰 偶像练习生,4213241309305020,https://m.weibo.cn/detail/4213241309305020,2018-03-02 21:47:00,由朱正廷、林超泽、左叶、许凯皓、李希侃、武连杰组成的“小绵羊”组合，共同演绎不一样的《Sheep》，现场舞蹈略显“骚气”，整个舞台气氛很不错[抱抱_旧]。 #偶像练习生# L 娱阁主的秒拍视频 ​,12,28,174,242,4
idol_producer_070,武连杰,偶像练习生,位置测评阶段,2018-02-03,2018-02-16,武连杰 偶像练习生,4208169453036302,https://m.weibo.cn/detail/4208169453036302,2018-02-16 21:54:00,"@爱奇艺偶像练习生 #偶像练习生# 感谢全民制作人对超能四子 @CNK-李让RanG @CNK-武连杰 @CNK-娄滋博BOi @CNK-覃俊毅 的支持 你们觉得怎样的福利才能甜到你的心里？先曝签名照好不好？ 越努力越幸运,希望各位粉丝继续疼爱超能四子哦~~ ​",17,73,70,233,5
idol_producer_070,武连杰,偶像练习生,位置测评阶段,2018-02-03,2018-02-16,武连杰 偶像练习生,4208183649934897,https://m.weibo.cn/detail/4208183649934897,2018-02-16 22:50:00,#偶像练习生# 第一轮前60名： 蔡徐坤/陈立农/范丞丞/Justin/朱正廷/小鬼/卜凡/李权哲/何东东/尤长靖/王子异/Jeffrey/秦奋/林超泽/朱星杰/灵超/钱正昊/董岩磊/韩沐伯/丁泽仁/岳岳/左叶/徐凯皓/木子洋/郑锐彬/毕雯珺/周彦辰/林彦俊/李希侃/陆定昊/周锐/黄书豪/黄新淳/罗正/张达源/李让/贝汯璘/李长庚/陈斯琪/韩雍杰/秦子墨/武连杰/覃俊毅/娄滋博/靖佩瑶/余明君/陈名豪/明鹏/杨非同/朱匀一/伽里/凌崎/朱匀天/徐圣恩/李俊毅/张奕轩/王艺龙/姜达赫/胡致邦/梁辉 乐华女孩绝不认输 收起 d,2,32,106,172,6
idol_producer_070,武连杰,偶像练习生,主题曲考核阶段,2018-01-27,2018-02-02,武连杰 偶像练习生,4203105086701453,https://m.weibo.cn/detail/4203105086701453,2018-02-02 22:30:00,【偶像练习生第三期排名出炉 】今晚的 #偶像练习生# 虽然推迟了，但很快推出的加长版也算弥补了粉丝的期待！ #北音学子# 朱星杰、万宇贤、小鬼 、韩雍杰、吕晨瑜、靖佩瑶、王宥辰、赵俞澈、金逸涵、朱匀天、朱匀一、韩沐伯、丁泽仁、北音附中武连杰 加油！ #偶像练习生排名# ​,6,13,54,86,7
idol_producer_070,武连杰,偶像练习生,位置测评阶段,2018-02-03,2018-02-16,武连杰 偶像练习生,4208178213829275,https://m.weibo.cn/detail/4208178213829275,2018-02-16 22:28:00,谢谢大家对超能四子 @CNK-李让RanG @CNK-武连杰 @CNK-娄滋博BOi @CNK-覃俊毅 的疼爱 小编也来放一波福利 大家点击视频链接观看并在评论区留言，小编将抽出四位全民制作人发放超能四子人形抱枕哦 #偶像练习生# 越努力越幸运 希望大家继续支持超能四子 O 网页链接 ​,1,17,39,74,8
idol_producer_070,武连杰,偶像练习生,排名发布阶段,2018-02-17,2018-03-02,武连杰 偶像练习生,4213254752407178,https://m.weibo.cn/detail/4213254752407178,2018-03-02 22:41:00,#偶像练习生# 真的特别特别特别替武连杰不平 明明那么有实力 却因为镜头太太太太太少都没有太多人认识他 ​,0,10,8,28,9
idol_producer_070,武连杰,偶像练习生,总决赛阶段,2018-03-24,2018-04-06,武连杰 偶像练习生,4225598405124456,https://m.weibo.cn/detail/4225598405124456,2018-04-06 00:10:00,#偶像练习生# #朱正廷# 昨r去了趟大厂～本来就想着看看这个他们待了四个月的地方结果没想到这好碰上他们上班！！！！ 我看见了两辆车第一辆小鬼坐前面巨近巨清楚！然后第二辆大车上听说正正他们都在但我只看见了坐在前面的武连杰和木子洋！能离他们这么近我已经满足了 然后还去吃了海底捞呀呀呀 上有天堂下有大厂～也算圆了个小小的梦 大厂走出的追梦的练习生们，愿你们归来，依旧是少年 2 廊坊·大厂影视小镇 收起 d,0,8,12,28,10
idol_producer_070,武连杰,偶像练习生,排名发布阶段,2018-02-17,2018-03-02,武连杰 偶像练习生,4213207234823828,https://m.weibo.cn/detail/4213207234823828,2018-03-02 19:32:00,我正在爱奇艺看《偶像练习生》【张艺兴】成功融入练习生羊群 自称长沙小绵羊，快来 @爱奇艺 一起看！ L 《偶像练习生》【张艺兴】成功融入练习生羊群 自称长沙小绵羊 巨人羊 #武连杰# ​,7,0,19,26,11
idol_producer_070,武连杰,偶像练习生,排名发布阶段,2018-02-17,2018-03-02,武连杰 偶像练习生,4213241095131517,https://m.weibo.cn/detail/4213241095131517,2018-03-02 21:46:00,#偶像练习生# 朱正廷，林超泽，李希侃，许凯皓，武连杰，左叶—《Sheep》 L 国组安利博的秒拍视频 ​,1,3,10,17,12
idol_producer_070,武连杰,偶像练习生,排名发布阶段,2018-02-17,2018-03-02,武连杰 偶像练习生,4213224268703157,https://m.weibo.cn/detail/4213224268703157,2018-03-02 20:40:00,#张艺兴# #张艺兴偶像练习生# #偶像练习生# 朱正廷、林超泽、左叶、许凯皓、李希侃、武连杰，就冲着选艺兴的《SHEEP》就勇气可嘉，这个就要pick一下，加油！还有张艺兴的《SHEEP》真的是非常高质量的一张专辑，童叟无欺，大家真的可以了解一下 #SHEEP-张艺兴 # ​,0,4,0,8,13
idol_producer_070,武连杰,偶像练习生,总决赛阶段,2018-03-24,2018-04-06,武连杰 偶像练习生,4225065753118526,https://m.weibo.cn/detail/4225065753118526,2018-04-04 12:53:00,#偶像练习生# 【卖图】今天上班图 #武连杰# #覃俊毅# #李俊毅# #韩雍杰# #陈斯琪# #李长庚# 私信问价 不贵 ​,3,2,1,8,14
idol_producer_070,武连杰,偶像练习生,主题曲考核阶段,2018-01-27,2018-02-02,武连杰 偶像练习生,4202436141310962,https://m.weibo.cn/detail/4202436141310962,2018-02-01 02:11:00,#偶像练习生# #偶像练习生武连杰# 二月 💛 请对我的小可爱好一点 镜头多一些 努力的人 @CNK-武连杰 该被更多人看到的 ​,0,1,3,5,15
idol_producer_070,武连杰,偶像练习生,总决赛阶段,2018-03-24,2018-04-06,武连杰 偶像练习生,4225884955532982,https://m.weibo.cn/detail/4225884955532982,2018-04-06 19:09:00,#武连杰# @CNK-武连杰 我家的艾斯 会一直给你应援打call哒！！ // @CNK-武连杰 :我是 #偶像练习生# 武连杰，全民制作人，谢谢你们一直以来的关照，小武会继续努力。怀念、感恩❤️,0,0,2,2,16
idol_producer_070,武连杰,偶像练习生,主题曲考核阶段,2018-01-27,2018-02-02,武连杰 偶像练习生,4202442746528448,https://m.weibo.cn/detail/4202442746528448,2018-02-01 02:38:00,#偶像练习生# 想对我一直以来都特别努力的弟弟说 @CNK-武连杰 照顾好自己 不要感冒 多吃点饭饭 哈哈哈 希望二月 对他好一点 多给一些镜头 努力的人 该被更多人看到的💛未来可期 越努力越幸运💛,0,0,1,1,17
idol_producer_070,武连杰,偶像练习生,主题曲考核阶段,2018-01-27,2018-02-02,武连杰 偶像练习生,4202526444336981,https://m.weibo.cn/detail/4202526444336981,2018-02-01 08:10:00,#偶像练习生# #我的pick安利打卡# DAY-11 打卡 最喜欢他哪个部位 其实他的一切都喜欢 @CNK-武连杰 非让我选一个的话 对于一个手控来说 那当然是手啦 武连杰的手真的很好看 很修长 想拉手手 哈哈哈哈 ​,0,0,1,1,18
idol_producer_070,武连杰,偶像练习生,主题曲考核阶段,2018-01-27,2018-02-02,武连杰 偶像练习生,4202713896456236,https://m.weibo.cn/detail/4202713896456236,2018-02-01 20:35:00,#偶像练习生# #偶像练习生武连杰# 这次没有滑溜溜的地板了,0,0,1,1,19
idol_producer_070,武连杰,偶像练习生,主题曲考核阶段,2018-01-27,2018-02-02,武连杰 偶像练习生,4202924319962721,https://m.weibo.cn/detail/4202924319962721,2018-02-02 10:31:00,#偶像练习生# #我的pick安利打卡# DAY-12 安利打卡 被他治愈的瞬间 武连杰的笑 是治愈一切的良药 @CNK-武连杰 看到他笑 自己也会跟着他笑 很暖心❤ ​,0,0,1,1,20
idol_producer_070,武连杰,偶像练习生,排名发布阶段,2018-02-17,2018-03-02,武连杰 偶像练习生,4212553922046241,https://m.weibo.cn/detail/4212553922046241,2018-03-01 00:16:00,武连杰 @CNK-武连杰 睡衣秀，哈哈哈哈，意外地有点…妖娆？ #cnk男团# #偶像练习生# #娄滋博boi# #星颜娱乐# #超能唱片# L 左左-hwong的秒拍视频 ​,0,0,1,1,21
idol_producer_070,武连杰,偶像练习生,总决赛阶段,2018-03-24,2018-04-06,武连杰 偶像练习生,4225877082850425,https://m.weibo.cn/detail/4225877082850425,2018-04-06 18:37:00,武连杰 我们一起走花路 // @CNK-武连杰 :我是 #偶像练习生# 武连杰，全民制作人，谢谢你们一直以来的关照，小武会继续努力。怀念、感恩❤️,0,0,1,1,22
idol_producer_070,武连杰,偶像练习生,总决赛阶段,2018-03-24,2018-04-06,武连杰 偶像练习生,4225877291670239,https://m.weibo.cn/detail/4225877291670239,2018-04-06 18:38:00,加油❤️一直在// @CNK-武连杰 :我是 #偶像练习生# 武连杰，全民制作人，谢谢你们一直以来的关照，小武会继续努力。怀念、感恩❤️,0,0,1,1,23
idol_producer_070,武连杰,偶像练习生,排名发布阶段,2018-02-17,2018-03-02,武连杰 偶像练习生,4211839744659679,https://m.weibo.cn/detail/4211839744659679,2018-02-27 00:58:00,@CNK-武连杰 为你打爆电话！我们一起用爱发电，向 #偶像练习生# 练习生PICK榜第一名进击，赢取节目10s彩蛋！ // @CNK-武连杰 :我是 #偶像练习生# 武连杰，全民制作人，请多关照！,0,0,0,0,24
idol_producer_070,武连杰,偶像练习生,排名发布阶段,2018-02-17,2018-03-02,武连杰 偶像练习生,4212193769355148,https://m.weibo.cn/detail/4212193769355148,2018-02-28 00:25:00,#偶像练习生# 我向 @CNK-武连杰 送出了加油卡！我pick的小哥哥全世界最棒！大家快来一起给你喜欢的选手打call吧！ O 练习生PICK榜 ​,0,0,0,0,25
idol_producer_070,武连杰,偶像练习生,排名发布阶段,2018-02-17,2018-03-02,武连杰 偶像练习生,4212732125142260,https://m.weibo.cn/detail/4212732125142260,2018-03-01 12:04:00,@CNK-武连杰 为你打爆电话！我们一起用爱发电，向 #偶像练习生# 练习生PICK榜第一名进击，赢取节目10s彩蛋！ // @CNK-武连杰 :我是 #偶像练习生# 武连杰，全民制作人，请多关照！,0,0,0,0,26
idol_producer_070,武连杰,偶像练习生,排名发布阶段,2018-02-17,2018-03-02,武连杰 偶像练习生,4212732066330110,https://m.weibo.cn/detail/4212732066330110,2018-03-01 12:04:00,@CNK-武连杰 我在 #偶像练习生# 练习生PICK榜上为你打call！把小心心都给你，赢取节目10s彩蛋！ O 练习生PICK榜 ​,0,0,0,0,27
idol_producer_070,武连杰,偶像练习生,排名发布阶段,2018-02-17,2018-03-02,武连杰 偶像练习生,4212732260069489,https://m.weibo.cn/detail/4212732260069489,2018-03-01 12:05:00,#偶像练习生# 我向 @CNK-武连杰 送出了加油卡！我pick的小哥哥全世界最棒！大家快来一起给你喜欢的选手打call吧！ O 练习生PICK榜 ​,0,0,0,0,28
idol_producer_070,武连杰,偶像练习生,排名发布阶段,2018-02-17,2018-03-02,武连杰 偶像练习生,4212782952477233,https://m.weibo.cn/detail/4212782952477233,2018-03-01 15:26:00,#偶像练习生# 我向 @CNK-武连杰 送出了加油卡！我pick的小哥哥全世界最棒！大家快来一起给你喜欢的选手打call吧！ O 练习生PICK榜 ​,0,0,0,0,29
idol_producer_070,武连杰,偶像练习生,排名发布阶段,2018-02-17,2018-03-02,武连杰 偶像练习生,4212887880629451,https://m.weibo.cn/detail/4212887880629451,2018-03-01 22:23:00,#偶像练习生# 我向 @CNK-武连杰 送出了加油卡！我pick的小哥哥全世界最棒！大家快来一起给你喜欢的选手打call吧！ O 练习生PICK榜 ​,0,0,0,0,30
idol_producer_071,王宥辰,偶像练习生,位置测评阶段,2018-02-03,2018-02-16,王宥辰 偶像练习生,4208154289709248,https://m.weibo.cn/detail/4208154289709248,2018-02-16 20:53:00,偶像练习生 99进60的淘汰名单 乐华、坤音、觉醒东方、超能唱片全员安全 香蕉娱乐（9个淘汰4个） 高茂桐 姜京佐 李若天 邱治楷 辰星娱乐（6个淘汰4个） Rapen 王宥辰 J-one Gigel 麦锐娱乐（6个淘汰3个） 邓烺怡 孙凡杰 吕晨瑜 简单快乐（5个淘汰4个） 金逸涵 林浩楷 李志杰 孙浩然 盛夏星空（5个淘汰1个） 王梓豪 新锐杂志（5个淘汰3个） 赵俞澈 应智越 万宇贤 AIF娱乐（全军覆没） 于浩 赵凌峰 杨羿 张艺凡 焕星娱乐（全军覆没） 何嘉庚 李鑫岩 罗杰 张宇晨 铂熠娱乐（4个淘汰2个） 叶泓希 张昕 乐风艺社（全军覆没） 陈义夫 闵喆祥 果然娱乐（4个淘汰1个） 张晏恺 次元文化（2个淘汰1个） 徐鹤尼 新湃传媒（单人） 于斌 天津中视（单人） 朱一文 个人练习生（7个淘汰4个） 甘俊 侯浩然 黄若涵 周腾阳 个人觉得比较可惜的一些：扫地组合（罗杰、姜京佐）、张艺凡（第三期进A组）、闵喆祥（学舞能力突出） 收起 d,220,1591,1046,4448,1
idol_producer_071,王宥辰,偶像练习生,初评级阶段,2018-01-19,2018-01-26,王宥辰 偶像练习生,4200056334559683,https://m.weibo.cn/detail/4200056334559683,2018-01-25 12:35:00,#北音新闻# 近日，爱奇艺《 #偶像练习生# 》火热上线。来自北京现代音乐研修学院的13名学子：朱星杰、万宇贤、小鬼 、韩雍杰、吕晨瑜、靖佩瑶、王宥辰、赵俞澈、金逸涵、朱匀天、朱匀一、韩沐伯、丁泽仁、和北音附中 武连杰 共14名 #北音学子# 成功入围100强名单，几乎占据了入围名单的七分之一 ！同学们、老师们、朋友们，请为他们投票吧！ 投票通道请戳👉 O 网页链接 @CATCHERS_万宇贤 、 @吕晨瑜_LCY 、 @靖佩瑶 、 @王宥辰KiY @朱星杰J_zen 、 @AKA_imp小鬼 、 @韩雍杰辅导员 @CATCHERS_朱匀一 @CATCHERS_朱匀天Z @CATCHERS_赵俞澈 @BBT金逸涵 @韩沐伯 @Dzr_丁泽仁 @CNK-武连杰 收起 d,275,158,418,1009,2
idol_producer_071,王宥辰,偶像练习生,位置测评阶段,2018-02-03,2018-02-16,王宥辰 偶像练习生,4205602391584660,https://m.weibo.cn/detail/4205602391584660,2018-02-09 19:53:00,#偶像练习生# 首次小组对战Live舞台 O 今晚20：00炸裂来袭 ！！下面是观看指南👇 #大艺术家# 实力C位 @哇噻Rapen #大艺术家# 魅惑高音 @GIGEL是谁 #大艺术家# 首次rap挑战 @NGC_J-One #PPAP# 全能C位 @王宥辰KiY #can't stop# 温暖搭档 @圣恩XII @伽里Curry ​,57,45,137,284,3
idol_producer_071,王宥辰,偶像练习生,初评级阶段,2018-01-19,2018-01-26,王宥辰 偶像练习生,4199323149492128,https://m.weibo.cn/detail/4199323149492128,2018-01-23 12:02:00,plan B is online @圣恩XII 少年就是很酷啊 @王宥辰KiY #偶像练习生# 越努力，越幸运 ​​​,55,48,117,268,4
idol_producer_071,王宥辰,偶像练习生,主题曲考核阶段,2018-01-27,2018-02-02,王宥辰 偶像练习生,4203105086701453,https://m.weibo.cn/detail/4203105086701453,2018-02-02 22:30:00,【偶像练习生第三期排名出炉 】今晚的 #偶像练习生# 虽然推迟了，但很快推出的加长版也算弥补了粉丝的期待！ #北音学子# 朱星杰、万宇贤、小鬼 、韩雍杰、吕晨瑜、靖佩瑶、王宥辰、赵俞澈、金逸涵、朱匀天、朱匀一、韩沐伯、丁泽仁、北音附中武连杰 加油！ #偶像练习生排名# ​,6,13,54,86,5
idol_producer_071,王宥辰,偶像练习生,位置测评阶段,2018-02-03,2018-02-16,王宥辰 偶像练习生,4206974519750341,https://m.weibo.cn/detail/4206974519750341,2018-02-13 14:45:00,#北音下午茶# #北音学子# @王宥辰KiY 在 #偶像练习生# 上首次舞台表演公开！演绎神曲《PPAP》古灵精怪 ！一起来pick他吧！ L 《偶像练习生》【直拍】小组对决《PPAP》王宥辰 ​,2,2,18,24,6
idol_producer_071,王宥辰,偶像练习生,位置测评阶段,2018-02-03,2018-02-16,王宥辰 偶像练习生,4205648406739449,https://m.weibo.cn/detail/4205648406739449,2018-02-09 22:56:00,#偶像练习生# 蔡徐坤和王宥辰的舞蹈对比，看后你才知道什么叫做“帅” #小梅花情怀# L 小梅花情怀的秒拍视频 ​,0,0,9,9,7
idol_producer_071,王宥辰,偶像练习生,初评级阶段,2018-01-19,2018-01-26,王宥辰 偶像练习生,4199377184405384,https://m.weibo.cn/detail/4199377184405384,2018-01-23 15:36:00,#辰星娱乐# #偶像练习生# 辰星娱乐练习生 plan B is online @圣恩XII 少年就是很酷啊 @王宥辰KiY 越努力，越幸运 ​​​ @M-NATION_辰星娱乐 @爱奇艺偶像练习生 ​,0,0,2,2,8
idol_producer_071,王宥辰,偶像练习生,合作舞台阶段,2018-03-03,2018-03-23,王宥辰 偶像练习生,4215573045046886,https://m.weibo.cn/detail/4215573045046886,2018-03-09 08:13:00,我正在爱奇艺看【【偶像练习生】蔡徐坤VS王宥辰 | 初次公演PPAP A/B组C位近景直拍】，快来 @爱奇艺 一起看！ O 网页链接 ​,0,0,2,2,9
idol_producer_071,王宥辰,偶像练习生,合作舞台阶段,2018-03-03,2018-03-23,王宥辰 偶像练习生,4217022084714943,https://m.weibo.cn/detail/4217022084714943,2018-03-13 08:11:00,我正在爱奇艺看【偶像练习生 蔡徐坤完爆王宥辰 初次公演 A-B组C位近景直拍】，快来 @爱奇艺 一起看！ O 网页链接 真的是舞者的灵魂 ​,1,0,1,2,10
idol_producer_071,王宥辰,偶像练习生,位置测评阶段,2018-02-03,2018-02-16,王宥辰 偶像练习生,4205625099132508,https://m.weibo.cn/detail/4205625099132508,2018-02-09 21:23:00,#偶像练习生# 首次小组对战Live舞台20：00上线！下面是观看指南👇 #大艺术家# 实力C位 @哇噻Rapen #大艺术家# 魅惑高音 @GIGEL是谁 #大艺术家# 首次rap挑战 @NGC_J-One #PPAP# 全能C位 @王宥辰KiY #can't stop# 温暖搭档 @圣恩XII @伽里Curry ​,0,0,1,1,11
idol_producer_071,王宥辰,偶像练习生,总决赛阶段,2018-03-24,2018-04-06,王宥辰 偶像练习生,4221826931891680,https://m.weibo.cn/detail/4221826931891680,2018-03-26 14:24:00,【偶像练习生】蔡徐坤VS王宥辰 | 初舞台PPAP A/B组C位近景直拍 #哔哩哔哩动画# 《PPAP》——大家不要看啊，没对比就没有伤害（有点残忍） O 网页链接 ​,0,0,1,1,12
idol_producer_071,王宥辰,偶像练习生,初评级阶段,2018-01-19,2018-01-26,王宥辰 偶像练习生,4200179291229350,https://m.weibo.cn/detail/4200179291229350,2018-01-25 20:44:00,#辰星娱乐# #偶像练习生# 辰星娱乐_来刷一波安利~ O 明天晚上20:00爱奇艺偶像练习生第二期就要开播啦[嘿哈] ，让你看到星光舞台下闪耀明星背后的艰辛！扫图片当中二维码为他们投票啦[嘿哈]而且每天都可以投票哦[奸笑]…辰星六子~分别是伽里~Rapen~GIGEL~J-ONE~王宥辰~徐圣恩，别投错了！ @M-NATION_辰星娱乐 @爱奇艺偶像练习生 ​,0,0,0,0,13
idol_producer_071,王宥辰,偶像练习生,合作舞台阶段,2018-03-03,2018-03-23,王宥辰 偶像练习生,4215172396814748,https://m.weibo.cn/detail/4215172396814748,2018-03-08 05:41:00,我正在爱奇艺看【偶像练习生 蔡徐坤完爆王宥辰 初次公演 A-B组C位近景直拍】，快来 @爱奇艺 一起看！ O 网页链接 ​,0,0,0,0,14
idol_producer_071,王宥辰,偶像练习生,合作舞台阶段,2018-03-03,2018-03-23,王宥辰 偶像练习生,4215568380374514,https://m.weibo.cn/detail/4215568380374514,2018-03-09 07:54:00,【【偶像练习生】蔡徐坤VS王宥辰 | 初次公演PPAP A/B组C位近景直拍】（分享自：爱奇艺泡泡圈） O 网页链接 ​,0,0,0,0,15
idol_producer_071,王宥辰,偶像练习生,合作舞台阶段,2018-03-03,2018-03-23,王宥辰 偶像练习生,4215572570446475,https://m.weibo.cn/detail/4215572570446475,2018-03-09 08:11:00,我正在爱奇艺看【【偶像练习生】蔡徐坤VS王宥辰 | 初次公演PPAP A/B组C位近景直拍】，快来 @爱奇艺 一起看！ O 网页链接 ​,0,0,0,0,16
idol_producer_071,王宥辰,偶像练习生,合作舞台阶段,2018-03-03,2018-03-23,王宥辰 偶像练习生,4216310373714987,https://m.weibo.cn/detail/4216310373714987,2018-03-11 09:03:00,我正在爱奇艺看【偶像练习生 蔡徐坤完爆王宥辰 初次公演 A-B组C位近景直拍】，快来 @爱奇艺 一起看！ O 网页链接 ​,0,0,0,0,17
idol_producer_071,王宥辰,偶像练习生,合作舞台阶段,2018-03-03,2018-03-23,王宥辰 偶像练习生,4216343366218444,https://m.weibo.cn/detail/4216343366218444,2018-03-11 11:14:00,我正在爱奇艺看【偶像练习生 蔡徐坤完爆王宥辰 初次公演 A-B组C位近景直拍】，快来 @爱奇艺 一起看！ O 网页链接 ​,0,0,0,0,18
idol_producer_071,王宥辰,偶像练习生,合作舞台阶段,2018-03-03,2018-03-23,王宥辰 偶像练习生,4217265363258431,https://m.weibo.cn/detail/4217265363258431,2018-03-14 00:17:00,#偶像练习生# 我向 @王宥辰KiY 送出了加油卡！我pick的小哥哥全世界最棒！大家快来一起给你喜欢的选手打call吧！ O 练习生PICK榜 ​,0,0,0,0,19
idol_producer_071,王宥辰,偶像练习生,合作舞台阶段,2018-03-03,2018-03-23,王宥辰 偶像练习生,4217265907739380,https://m.weibo.cn/detail/4217265907739380,2018-03-14 00:20:00,我正在爱奇艺看【偶像练习生 蔡徐坤完爆王宥辰 初次公演 A-B组C位近景直拍】，快来 @爱奇艺 一起看！ O 网页链接 ​,0,0,0,0,20
idol_producer_071,王宥辰,偶像练习生,总决赛阶段,2018-03-24,2018-04-06,王宥辰 偶像练习生,4221239700276428,https://m.weibo.cn/detail/4221239700276428,2018-03-24 23:30:00,我正在爱奇艺看【偶像练习生：蔡徐坤完爆王宥辰，这段直拍太赞了】，快来 @爱奇艺 一起看！ O 网页链接 蔡徐坤 @蔡徐坤 @蔡徐坤 ​,0,0,0,0,21
idol_producer_071,王宥辰,偶像练习生,总决赛阶段,2018-03-24,2018-04-06,王宥辰 偶像练习生,4221253780476651,https://m.weibo.cn/detail/4221253780476651,2018-03-25 00:26:00,我正在爱奇艺看【偶像练习生：蔡徐坤完爆王宥辰，这段直拍太赞了】，快来 @爱奇艺 一起看！ O 网页链接 ​,0,0,0,0,22
idol_producer_072,王梓豪,偶像练习生,总决赛阶段,2018-03-24,2018-04-06,王梓豪 偶像练习生,4225795662790241,https://m.weibo.cn/detail/4225795662790241,2018-04-06 13:14:00,#盛夏星空# #偶像练习生# 【《EI EI》cover版】今晚总决赛直播，小哥哥们回归节目，这是他们五个人第一次也是最后一次合体站上《EI EI》的舞台，未来很长，这里只是梦开始的地方，以后，也请全民制作人多多关照 @杨非同Nemo @陈名豪M @王艺龙Enki @张达源Darrien @王梓豪Z-joe B站请戳： O 网页链接 L ZOOM超能团的秒拍视频 收起 d,10404,1807,1343,15361,1
idol_producer_072,王梓豪,偶像练习生,位置测评阶段,2018-02-03,2018-02-16,王梓豪 偶像练习生,4208154289709248,https://m.weibo.cn/detail/4208154289709248,2018-02-16 20:53:00,偶像练习生 99进60的淘汰名单 乐华、坤音、觉醒东方、超能唱片全员安全 香蕉娱乐（9个淘汰4个） 高茂桐 姜京佐 李若天 邱治楷 辰星娱乐（6个淘汰4个） Rapen 王宥辰 J-one Gigel 麦锐娱乐（6个淘汰3个） 邓烺怡 孙凡杰 吕晨瑜 简单快乐（5个淘汰4个） 金逸涵 林浩楷 李志杰 孙浩然 盛夏星空（5个淘汰1个） 王梓豪 新锐杂志（5个淘汰3个） 赵俞澈 应智越 万宇贤 AIF娱乐（全军覆没） 于浩 赵凌峰 杨羿 张艺凡 焕星娱乐（全军覆没） 何嘉庚 李鑫岩 罗杰 张宇晨 铂熠娱乐（4个淘汰2个） 叶泓希 张昕 乐风艺社（全军覆没） 陈义夫 闵喆祥 果然娱乐（4个淘汰1个） 张晏恺 次元文化（2个淘汰1个） 徐鹤尼 新湃传媒（单人） 于斌 天津中视（单人） 朱一文 个人练习生（7个淘汰4个） 甘俊 侯浩然 黄若涵 周腾阳 个人觉得比较可惜的一些：扫地组合（罗杰、姜京佐）、张艺凡（第三期进A组）、闵喆祥（学舞能力突出） 收起 d,220,1591,1046,4448,2
idol_producer_072,王梓豪,偶像练习生,初评级阶段,2018-01-19,2018-01-26,王梓豪 偶像练习生,4199837643688360,https://m.weibo.cn/detail/4199837643688360,2018-01-24 22:06:00,#偶像练习生# Jeffrey @Jeffrey董又霖 超远距离的90度绅士鞠躬 还有盛夏星空的“迎宾小哥”们王艺龙 @王艺龙Enki 、王梓豪 @王梓豪Z-joe 、杨非同 @杨非同Nemo 、张达源 @张达源Darrien 、陈名豪 @陈名豪M 超五星级的指路服务 ​,71,557,1679,2864,3
idol_producer_072,王梓豪,偶像练习生,总决赛阶段,2018-03-24,2018-04-06,王梓豪 偶像练习生,4225886766743710,https://m.weibo.cn/detail/4225886766743710,2018-04-06 19:16:00,#盛夏星空# #偶像练习生# 接近四个月的时间里，感谢全民制作人温暖的陪伴 愿你们不改初心，永远做那个倔强的追梦少年 @杨非同Nemo @陈名豪M @张达源Darrien @王艺龙Enki @王梓豪Z-joe ​,141,615,573,1944,4
idol_producer_072,王梓豪,偶像练习生,合作舞台阶段,2018-03-03,2018-03-23,王梓豪 偶像练习生,4219051519596364,https://m.weibo.cn/detail/4219051519596364,2018-03-18 22:35:00,新一期偶像练习生最喜欢的歌应该是firewalking 陈立农笑了上了热搜 因为人红是非多 农农一个爱笑的男孩被网络舆论逼到都不敢笑了 林彦俊也说感觉和第一次看到他差很多，没办法做明星不能让所有人喜欢而网络暴力又得不到解决只有靠他们自己去过滤掉这种负面了……加油哦别想太多 还有pick一下林超泽同学真的是有他在就没有不齐的舞，拉丁也很棒 特别那段和王梓豪的双人拉丁。 其次比较喜欢dream那首，副歌很抓人，胡巴朱星杰的vocal实力在这首歌里爆发 接下来是听听我说的吧，是五组里调动最多的，调动了蔡徐坤秦奋郑锐彬李希侃 练习了一天结果居然争第一第二 牛啊 L 林沐叔叔的秒拍视频 收起 d,34,30,354,448,5
idol_producer_072,王梓豪,偶像练习生,排名发布阶段,2018-02-17,2018-03-02,王梓豪 偶像练习生,4209970914298871,https://m.weibo.cn/detail/4209970914298871,2018-02-21 21:12:00,林超泽和王梓豪这段拉丁battle 目前土偶最燃 #偶像练习生# L 藤原小直的秒拍视频 ​,21,22,119,184,6
idol_producer_072,王梓豪,偶像练习生,排名发布阶段,2018-02-17,2018-03-02,王梓豪 偶像练习生,4209627925508900,https://m.weibo.cn/detail/4209627925508900,2018-02-20 22:29:00,#偶像练习生# 小哥哥们在张PD的带领下给大家送祝福啦，希望大家新的一年每天都要开心快乐哦 快来捞小哥哥啦，找找他们都在哪里呢 @陈名豪M @张达源Darrien @王梓豪Z-joe @王艺龙Enki @杨非同Nemo,2,35,50,122,7
idol_producer_072,王梓豪,偶像练习生,合作舞台阶段,2018-03-03,2018-03-23,王梓豪 偶像练习生,4216732060915799,https://m.weibo.cn/detail/4216732060915799,2018-03-12 12:58:00,#盛夏星空# #偶像练习生# 一直保持在路上的状态吧，去看不同的风景，遇见不同的人，然后与更好的自己重逢 @陈名豪M @张达源Darrien @王梓豪Z-joe @王艺龙Enki ​,1,21,70,113,8
idol_producer_072,王梓豪,偶像练习生,合作舞台阶段,2018-03-03,2018-03-23,王梓豪 偶像练习生,4217084634667713,https://m.weibo.cn/detail/4217084634667713,2018-03-13 12:19:00,#偶像练习生# #王梓豪# 【偶练之路回顾全纪录】所有错过的，都会以另一种方式归来，坚持做自己，朝着自己认定的方向去走吧，无论多远多艰难，背后都有我们陪着你 @王梓豪Z-joe L ZOOM超能团的秒拍视频 ​,6,15,58,94,9
idol_producer_072,王梓豪,偶像练习生,位置测评阶段,2018-02-03,2018-02-16,王梓豪 偶像练习生,4207459910092585,https://m.weibo.cn/detail/4207459910092585,2018-02-14 22:54:00,#偶像练习生# 哇，看到小哥哥们收到礼物后开心的样子，真像个没长大的好奇宝宝 谢谢所有支持他们，陪伴着他们，为他们一直在辛苦努力的你们，相信这份爱会支持他们勇敢走下去 @陈名豪M @张达源Darrien @王梓豪Z-joe @王艺龙Enki @杨非同Nemo L 《偶像练习生》【泡泡独家】小年夜应援 ​,7,17,45,86,10
idol_producer_072,王梓豪,偶像练习生,位置测评阶段,2018-02-03,2018-02-16,王梓豪 偶像练习生,4207781286948416,https://m.weibo.cn/detail/4207781286948416,2018-02-15 20:11:00,越努力越幸运，无论小哥哥们的 #偶像练习生# 之旅是结束还是继续，在园长心中他们都是小骄傲，都是最棒的 @陈名豪M @张达源Darrien @王梓豪Z-joe @王艺龙Enki @杨非同Nemo,10,13,39,75,11
idol_producer_072,王梓豪,偶像练习生,位置测评阶段,2018-02-03,2018-02-16,王梓豪 偶像练习生,4205935184335960,https://m.weibo.cn/detail/4205935184335960,2018-02-10 17:55:00,#偶像练习生# Attention here！!投票通道进入关闭倒计时三小时！今晚八点，偶像练习生第一次网络投票将截止，各位全民制作人pick的少年能否进入安全区呢？想要继续看到他就要抓住最后的时刻为他助力啦！！投票快戳>>> O 网页链接 第一次公开录制舞台—小组对决现场观众投票优胜组加上一万票后排名如下↓↓ 收起 d,2,10,37,59,12
idol_producer_072,王梓豪,偶像练习生,位置测评阶段,2018-02-03,2018-02-16,王梓豪 偶像练习生,4208145360431400,https://m.weibo.cn/detail/4208145360431400,2018-02-16 20:18:00,#偶像练习生# 图【7】我们家小哥哥可能都是杂技团特技表演者 这个出场方式可以说很厉害了 @陈名豪M @张达源Darrien @王梓豪Z-joe @王艺龙Enki @杨非同Nemo,0,8,40,56,13
idol_producer_072,王梓豪,偶像练习生,主题曲考核阶段,2018-01-27,2018-02-02,王梓豪 偶像练习生,4202646492974366,https://m.weibo.cn/detail/4202646492974366,2018-02-01 16:07:00,#偶像练习生# 主题曲表演舞台终于公开啦，blingbling的舞台让小哥哥们震惊又心动，捕捉到了我们家这几只渴望的眼神，新晋表情包 #王艺龙# 又出金句“我的天呐，简直就是国王”，你们有没有听出来呢😜😜😜还有新鲜的为了目标默默努力的 #王梓豪# 小哥哥，不管站在哪里，继续努力，继续加油，一步步向前走，一定会越来越靠近舞台中央 @王艺龙Enki @王梓豪Z-joe L 《偶像练习生》主题曲表演舞台曝光 C位太瞩目引欢呼 收起 d,4,3,41,51,14
idol_producer_072,王梓豪,偶像练习生,初评级阶段,2018-01-19,2018-01-26,王梓豪 偶像练习生,4200529553254472,https://m.weibo.cn/detail/4200529553254472,2018-01-26 19:55:00,#偶像练习生# 还有5分钟就要开播喽，蛙儿子喊你来看 #陈名豪# #张达源# #王梓豪# #王艺龙# #杨非同# 几个小哥哥喽 ​,0,4,40,48,15
idol_producer_072,王梓豪,偶像练习生,合作舞台阶段,2018-03-03,2018-03-23,王梓豪 偶像练习生,4216448572304991,https://m.weibo.cn/detail/4216448572304991,2018-03-11 18:12:00,#杨非同# #偶像练习生杨非同# 谢谢梓豪哥哥 @王梓豪Z-joe 对同同一直以来的照顾和鼓励!也祝梓豪哥哥和同同未来越来越好!,2,2,28,34,16
idol_producer_072,王梓豪,偶像练习生,合作舞台阶段,2018-03-03,2018-03-23,王梓豪 偶像练习生,4214693750742191,https://m.weibo.cn/detail/4214693750742191,2018-03-06 21:59:00,#偶像练习生王梓豪# #王梓豪# 小哥哥突如其来的小搞怪有点萌哦，皮一下很好玩嘛 怪不得主题曲舞蹈倍速挑战的时候完成度那么高，原来平时都是这么练的呀 @王梓豪Z-joe L 《偶像练习生》值班VJ：健身房大揭秘 跑步机上尬舞主题曲 ​,2,1,22,26,17
idol_producer_072,王梓豪,偶像练习生,位置测评阶段,2018-02-03,2018-02-16,王梓豪 偶像练习生,4208095796373426,https://m.weibo.cn/detail/4208095796373426,2018-02-16 17:01:00,#偶像练习生王梓豪# 【上期回顾】那个唱着【Can't stop】向你告白的深情王子 @王梓豪Z-joe 向你拜年啦， O 今晚8点，他等你一起收看#偶像练习生# 哦 ​,0,1,23,25,18
idol_producer_072,王梓豪,偶像练习生,位置测评阶段,2018-02-03,2018-02-16,王梓豪 偶像练习生,4207085648421837,https://m.weibo.cn/detail/4207085648421837,2018-02-13 22:07:00,#偶像练习生# #偶像练习生王梓豪# 我们 @王梓豪Z-joe 小哥哥好不容易得到的美食券要被收回了 你们有数吗，小哥哥到底转了几圈呢 L 《偶像练习生》独家抢鲜：抢红包开启大混战模式 练习生跑掉鞋子 ​,0,2,20,24,19
idol_producer_072,王梓豪,偶像练习生,位置测评阶段,2018-02-03,2018-02-16,王梓豪 偶像练习生,4206638371602880,https://m.weibo.cn/detail/4206638371602880,2018-02-12 16:30:00,#偶像练习生# 掰手腕？游戏pk？还可以反弹？下一期内容也太精彩了吧，看到小哥哥们努力的样子，更好奇了，坐等下一期 @陈名豪M @张达源Darrien @王艺龙Enki @王梓豪Z-joe @杨非同Nemo,0,1,16,18,20
idol_producer_072,王梓豪,偶像练习生,主题曲考核阶段,2018-01-27,2018-02-02,王梓豪 偶像练习生,4201880198398591,https://m.weibo.cn/detail/4201880198398591,2018-01-30 13:22:00,#偶像练习生# 捕捉到我们 @王梓豪Z-joe 小哥哥的镜头啦， 期待小哥哥的舞蹈哦,0,0,14,14,21
idol_producer_072,王梓豪,偶像练习生,合作舞台阶段,2018-03-03,2018-03-23,王梓豪 偶像练习生,4217132197140924,https://m.weibo.cn/detail/4217132197140924,2018-03-13 15:28:00,感谢偶像练习生可以给老板一个那么好的平台，这次的再见是为了以后更好的出现，很感谢这段时间全民制作人对老板的支持与员工们的努力，让我们与梓豪一起努力，豪情天下，梓因有你 @王梓豪Z-joe,1,1,10,13,22
idol_producer_072,王梓豪,偶像练习生,位置测评阶段,2018-02-03,2018-02-16,王梓豪 偶像练习生,4207048633438160,https://m.weibo.cn/detail/4207048633438160,2018-02-13 19:40:00,钱是万物的解药🙃 。 我永远爱哥哥。 #王梓豪# #王梓豪的日记# #偶像练习生王梓豪# ​,0,1,1,3,23
idol_producer_072,王梓豪,偶像练习生,初评级阶段,2018-01-19,2018-01-26,王梓豪 偶像练习生,4200210852827530,https://m.weibo.cn/detail/4200210852827530,2018-01-25 22:49:00,#爱奇艺偶像练习生# #偶像练习生# Jeffrey @Jeffrey董又霖 超远距离的90度绅士鞠躬 还有盛夏星空的“迎宾小哥”们王艺龙 @王艺龙Enki 、王梓豪 @王梓豪Z-joe 、杨非同 @杨非同Nemo 、张达源 @张达源Darrien 、陈名豪 @陈名豪M 超五星级的指路服务 ​​​ #新偶像文化# #北京# 2 北京 ​,0,0,1,1,24
idol_producer_072,王梓豪,偶像练习生,总决赛阶段,2018-03-24,2018-04-06,王梓豪 偶像练习生,4223415966176974,https://m.weibo.cn/detail/4223415966176974,2018-03-30 23:38:00,#中国国际时装周# ❌ #JIWENBO# #马锐# & #偶像练习生# @杨非同Nemo @陈名豪M @王梓豪Z-joe @张达源Darrien @王艺龙Enki 同台观秀，最萌年龄差10岁～我不说你看的出来吗❓❓❓ ​​​ 2 北京·北京饭店金色大厅 ​,1,0,0,1,25
idol_producer_072,王梓豪,偶像练习生,总决赛阶段,2018-03-24,2018-04-06,王梓豪 偶像练习生,4225871415994535,https://m.weibo.cn/detail/4225871415994535,2018-04-06 18:15:00,请多关照 // @王梓豪Z-joe :我是 #偶像练习生# 王梓豪，全民制作人，谢谢关照。,0,0,1,1,26
idol_producer_072,王梓豪,偶像练习生,总决赛阶段,2018-03-24,2018-04-06,王梓豪 偶像练习生,4225873558679629,https://m.weibo.cn/detail/4225873558679629,2018-04-06 18:23:00,请多多关照 // @王梓豪Z-joe :我是 #偶像练习生# 王梓豪，全民制作人，谢谢关照。,0,0,1,1,27
idol_producer_072,王梓豪,偶像练习生,总决赛阶段,2018-03-24,2018-04-06,王梓豪 偶像练习生,4225878832072362,https://m.weibo.cn/detail/4225878832072362,2018-04-06 18:44:00,加油// @王梓豪Z-joe : 我是 #偶像练习生# 王梓豪，全民制作人，谢谢关照。,1,0,0,1,28
idol_producer_072,王梓豪,偶像练习生,位置测评阶段,2018-02-03,2018-02-16,王梓豪 偶像练习生,4205837746859616,https://m.weibo.cn/detail/4205837746859616,2018-02-10 11:28:00,#偶像练习生# 我向 @王梓豪Z-joe 送出了加油卡！我pick的小哥哥全世界最棒！大家快来一起给你喜欢的选手打call吧！ O 练习生PICK榜 ​,0,0,0,0,29
idol_producer_072,王梓豪,偶像练习生,位置测评阶段,2018-02-03,2018-02-16,王梓豪 偶像练习生,4205837960305971,https://m.weibo.cn/detail/4205837960305971,2018-02-10 11:29:00,@王梓豪Z-joe 我在 #偶像练习生# 练习生PICK榜上为你打call！把小心心都给你，赢取节目10s彩蛋！ O 练习生PICK榜 2 北京 ​,0,0,0,0,30
idol_producer_073,王艺龙,偶像练习生,总决赛阶段,2018-03-24,2018-04-06,王艺龙 偶像练习生,4225795662790241,https://m.weibo.cn/detail/4225795662790241,2018-04-06 13:14:00,#盛夏星空# #偶像练习生# 【《EI EI》cover版】今晚总决赛直播，小哥哥们回归节目，这是他们五个人第一次也是最后一次合体站上《EI EI》的舞台，未来很长，这里只是梦开始的地方，以后，也请全民制作人多多关照 @杨非同Nemo @陈名豪M @王艺龙Enki @张达源Darrien @王梓豪Z-joe B站请戳： O 网页链接 L ZOOM超能团的秒拍视频 收起 d,10404,1807,1343,15361,1
idol_producer_073,王艺龙,偶像练习生,合作舞台阶段,2018-03-03,2018-03-23,王艺龙 偶像练习生,4220099562613229,https://m.weibo.cn/detail/4220099562613229,2018-03-21 20:00:00,"#偶像练习生# 又到了心跳boom boom的时刻 ：小仓鼠李权哲 @Lee权哲 和陈立农 @超级農農 用美食""诱惑""你，一起enjoy蛋糕与辣条碰撞出的美妙滋味！ @余明君_MJ @王艺龙Enki 温柔满满叫你起床～试问谁听到""饭我来做，碗我来洗""这句话能不心动呢？还有 @Dzr_丁泽仁 化身舞台上的主角，为你起舞 温馨提示：点开视频前请捂好你的小心脏哟 L 《偶像练习生》心跳BoomBoom:来自少年们的心动告白 第七波请查收 收起 d",1585,2370,6421,12746,2
idol_producer_073,王艺龙,偶像练习生,总决赛阶段,2018-03-24,2018-04-06,王艺龙 偶像练习生,4225886766743710,https://m.weibo.cn/detail/4225886766743710,2018-04-06 19:16:00,#盛夏星空# #偶像练习生# 接近四个月的时间里，感谢全民制作人温暖的陪伴 愿你们不改初心，永远做那个倔强的追梦少年 @杨非同Nemo @陈名豪M @张达源Darrien @王艺龙Enki @王梓豪Z-joe ​,141,615,573,1944,3
idol_producer_073,王艺龙,偶像练习生,总决赛阶段,2018-03-24,2018-04-06,王艺龙 偶像练习生,4225883319524083,https://m.weibo.cn/detail/4225883319524083,2018-04-06 19:02:00,Pick❤️ #偶像练习生# IDOL PRODUCER #王艺龙# 感谢全民制作人👍 ​,17,140,1191,1488,4
idol_producer_073,王艺龙,偶像练习生,合作舞台阶段,2018-03-03,2018-03-23,王艺龙 偶像练习生,4218180707181334,https://m.weibo.cn/detail/4218180707181334,2018-03-16 12:55:00,#偶像练习生# #王艺龙# 【偶练之路回顾全纪录】拼命的练习，无声的坚持，代表了你从未说出的对梦想郑重的承诺，温暖如你，善良如你，梦想的路上，道阻且长，加油吧，我们的少年！ @王艺龙Enki L ZOOM超能团的秒拍视频 ​,19,33,221,306,5
idol_producer_073,王艺龙,偶像练习生,合作舞台阶段,2018-03-03,2018-03-23,王艺龙 偶像练习生,4220133620790074,https://m.weibo.cn/detail/4220133620790074,2018-03-21 22:15:00,#偶像练习生# #王艺龙# 今天是你们的男朋友 @王艺龙Enki 哦，奶茶加珍珠，加椰果，七分糖，给你冬日的温暖，还会陪你去超市，这样的男朋友，不来把他带走吗 L ZOOM超能团的秒拍视频 ​,14,41,123,219,6
idol_producer_073,王艺龙,偶像练习生,位置测评阶段,2018-02-03,2018-02-16,王艺龙 偶像练习生,4208183649934897,https://m.weibo.cn/detail/4208183649934897,2018-02-16 22:50:00,#偶像练习生# 第一轮前60名： 蔡徐坤/陈立农/范丞丞/Justin/朱正廷/小鬼/卜凡/李权哲/何东东/尤长靖/王子异/Jeffrey/秦奋/林超泽/朱星杰/灵超/钱正昊/董岩磊/韩沐伯/丁泽仁/岳岳/左叶/徐凯皓/木子洋/郑锐彬/毕雯珺/周彦辰/林彦俊/李希侃/陆定昊/周锐/黄书豪/黄新淳/罗正/张达源/李让/贝汯璘/李长庚/陈斯琪/韩雍杰/秦子墨/武连杰/覃俊毅/娄滋博/靖佩瑶/余明君/陈名豪/明鹏/杨非同/朱匀一/伽里/凌崎/朱匀天/徐圣恩/李俊毅/张奕轩/王艺龙/姜达赫/胡致邦/梁辉 乐华女孩绝不认输 收起 d,2,32,106,172,7
idol_producer_073,王艺龙,偶像练习生,排名发布阶段,2018-02-17,2018-03-02,王艺龙 偶像练习生,4212849242767956,https://m.weibo.cn/detail/4212849242767956,2018-03-01 19:49:00,#偶像练习生王艺龙# #王艺龙# 【王艺龙背后二三事】不管是作为小队长还是哥哥，他都做的非常好，一直都是善良温暖的男孩子呀，为了梦想，一个人努力，一个人坚强，这里的所有故事都是他的生活和日常，希望可以带给你们温暖 @王艺龙Enki ​,15,31,90,167,8
idol_producer_073,王艺龙,偶像练习生,排名发布阶段,2018-02-17,2018-03-02,王艺龙 偶像练习生,4213184422663565,https://m.weibo.cn/detail/4213184422663565,2018-03-02 18:01:00,#偶像练习生# 四个还在训练营努力练习的孩子们，祝大家元宵节快乐，不知道他们有没有在食堂吃到甜甜的汤圆呢，今晚竞演舞台打响位置争夺战，一起来看吧，记得为 @陈名豪M @王艺龙Enki @杨非同Nemo @张达源Darrien 投票哦 ​,9,32,58,131,9
idol_producer_073,王艺龙,偶像练习生,位置测评阶段,2018-02-03,2018-02-16,王艺龙 偶像练习生,4207459910092585,https://m.weibo.cn/detail/4207459910092585,2018-02-14 22:54:00,#偶像练习生# 哇，看到小哥哥们收到礼物后开心的样子，真像个没长大的好奇宝宝 谢谢所有支持他们，陪伴着他们，为他们一直在辛苦努力的你们，相信这份爱会支持他们勇敢走下去 @陈名豪M @张达源Darrien @王梓豪Z-joe @王艺龙Enki @杨非同Nemo L 《偶像练习生》【泡泡独家】小年夜应援 ​,7,17,45,86,10
idol_producer_073,王艺龙,偶像练习生,位置测评阶段,2018-02-03,2018-02-16,王艺龙 偶像练习生,4207781286948416,https://m.weibo.cn/detail/4207781286948416,2018-02-15 20:11:00,越努力越幸运，无论小哥哥们的 #偶像练习生# 之旅是结束还是继续，在园长心中他们都是小骄傲，都是最棒的 @陈名豪M @张达源Darrien @王梓豪Z-joe @王艺龙Enki @杨非同Nemo,10,13,39,75,11
idol_producer_073,王艺龙,偶像练习生,排名发布阶段,2018-02-17,2018-03-02,王艺龙 偶像练习生,4213226843180581,https://m.weibo.cn/detail/4213226843180581,2018-03-02 20:50:00,#偶像练习生王艺龙# #王艺龙# 位置测评《Flow》舞台纯享🎙舞台上闪耀的火红色少年，这次的舞台表演超级棒。真的是一个暖心的哥哥，在队友遇到突发意外时，会第一时间帮忙处理隐形眼镜，70多个小时没怎么睡得情况下，凌晨重新排队形也毫无怨言，上次投票排名59，这次现场排名31名，是一直在擦边的孩子啊，希望这次可以擦边成功，请全民制作人救救我们这个被忽略的宝藏男孩 @王艺龙Enki 吧🙏 L 《偶像练习生》舞台纯享：位置测评《Flow》 收起 d,6,12,39,69,12
idol_producer_073,王艺龙,偶像练习生,位置测评阶段,2018-02-03,2018-02-16,王艺龙 偶像练习生,4208145360431400,https://m.weibo.cn/detail/4208145360431400,2018-02-16 20:18:00,#偶像练习生# 图【7】我们家小哥哥可能都是杂技团特技表演者 这个出场方式可以说很厉害了 @陈名豪M @张达源Darrien @王梓豪Z-joe @王艺龙Enki @杨非同Nemo,0,8,40,56,13
idol_producer_073,王艺龙,偶像练习生,主题曲考核阶段,2018-01-27,2018-02-02,王艺龙 偶像练习生,4202646492974366,https://m.weibo.cn/detail/4202646492974366,2018-02-01 16:07:00,#偶像练习生# 主题曲表演舞台终于公开啦，blingbling的舞台让小哥哥们震惊又心动，捕捉到了我们家这几只渴望的眼神，新晋表情包 #王艺龙# 又出金句“我的天呐，简直就是国王”，你们有没有听出来呢😜😜😜还有新鲜的为了目标默默努力的 #王梓豪# 小哥哥，不管站在哪里，继续努力，继续加油，一步步向前走，一定会越来越靠近舞台中央 @王艺龙Enki @王梓豪Z-joe L 《偶像练习生》主题曲表演舞台曝光 C位太瞩目引欢呼 收起 d,4,3,41,51,14
idol_producer_073,王艺龙,偶像练习生,初评级阶段,2018-01-19,2018-01-26,王艺龙 偶像练习生,4200529553254472,https://m.weibo.cn/detail/4200529553254472,2018-01-26 19:55:00,#偶像练习生# 还有5分钟就要开播喽，蛙儿子喊你来看 #陈名豪# #张达源# #王梓豪# #王艺龙# #杨非同# 几个小哥哥喽 ​,0,4,40,48,15
idol_producer_073,王艺龙,偶像练习生,位置测评阶段,2018-02-03,2018-02-16,王艺龙 偶像练习生,4207745869141223,https://m.weibo.cn/detail/4207745869141223,2018-02-15 17:50:00,#王艺龙# #偶像练习生王艺龙# 龙哥对不起哈哈哈哈哈 太好玩了 @王艺龙Enki @孙雪儿- L 阿尘0525的秒拍视频 ​,0,16,11,43,16
idol_producer_073,王艺龙,偶像练习生,位置测评阶段,2018-02-03,2018-02-16,王艺龙 偶像练习生,4208111206072506,https://m.weibo.cn/detail/4208111206072506,2018-02-16 18:02:00,#偶像练习生王艺龙# #偶像练习生张达源# 【上期回顾】新春福利到～火力全开的【SHAKE】舞者 @王艺龙Enki @张达源Darrien 舞台花絮照大公开， O 今晚8点#偶像练习生# 不见不散哦 ​,0,3,37,43,17
idol_producer_073,王艺龙,偶像练习生,排名发布阶段,2018-02-17,2018-03-02,王艺龙 偶像练习生,4213208086496098,https://m.weibo.cn/detail/4213208086496098,2018-03-02 19:35:00,#偶像练习生# 有趣的表演 O 今晚8点超燃来袭 ，请期待一下 @陈名豪M @张达源Darrien @王艺龙Enki @杨非同Nemo 的精彩舞台吧,0,7,21,35,18
idol_producer_073,王艺龙,偶像练习生,初评级阶段,2018-01-19,2018-01-26,王艺龙 偶像练习生,4200163020757287,https://m.weibo.cn/detail/4200163020757287,2018-01-25 19:39:00,#偶像练习生# 之盛夏星空 王艺龙曰：我们是宫外来的…… @王艺龙Enki,0,2,28,32,19
idol_producer_073,王艺龙,偶像练习生,位置测评阶段,2018-02-03,2018-02-16,王艺龙 偶像练习生,4207076739242758,https://m.weibo.cn/detail/4207076739242758,2018-02-13 21:32:00,#偶像练习生# #偶像练习生王艺龙# 因为对这个舞台的渴望，因为有太多感谢的话想说，太多的人想感谢，所以才会欲言又止，不知从何说起吧，看到我们 @王艺龙Enki 小哥哥眼眶泛红，园长心里也酸酸的，不管结果如何，都要一直加油哦 L 《偶像练习生》独家抢鲜:淘汰前预测 练习生“不能冷静”想吃火锅 ​,0,3,26,32,20
idol_producer_073,王艺龙,偶像练习生,排名发布阶段,2018-02-17,2018-03-02,王艺龙 偶像练习生,4213124184016323,https://m.weibo.cn/detail/4213124184016323,2018-03-02 14:02:00,#偶像练习生王艺龙# #王艺龙# 这是一次特殊的舞台表演，因为弟弟 #朱匀一# 的眼睛彩排时突发意外，所以队内需要临时换队形上场，但是大家谁都没气馁，因为大家都想要展现一个完美的舞台， #王艺龙# #朱匀天# #朱匀一# 三位少年辛苦啦，也希望弟弟匀一的眼睛可以早点好起来,0,0,23,23,21
idol_producer_073,王艺龙,偶像练习生,排名发布阶段,2018-02-17,2018-03-02,王艺龙 偶像练习生,4213257315777942,https://m.weibo.cn/detail/4213257315777942,2018-03-02 22:51:00,朱匀天、王艺龙、梁辉组成的“红红火火”组合演唱《Flow》，手指舞蹈炸裂，朱匀一因练习受伤缺席，在台后默默为队员加油！ #偶像练习生# L 娱阁主的秒拍视频 ​,1,2,14,19,22
idol_producer_073,王艺龙,偶像练习生,合作舞台阶段,2018-03-03,2018-03-23,王艺龙 偶像练习生,4220135562416719,https://m.weibo.cn/detail/4220135562416719,2018-03-21 22:23:00,心动告白 小仓鼠李权哲陈立农余明君丁泽仁王艺龙 心动瞬间！我不知道你们激不激动！ 反正我是激动到不敢看啊！ #偶像练习生# #陈立农# #余明君# #李权哲# #丁泽仁# #王艺龙# L 《偶像练习生》心跳boomboom 第七波 来自少年们的心动告白 ​,0,2,7,11,23
idol_producer_073,王艺龙,偶像练习生,总决赛阶段,2018-03-24,2018-04-06,王艺龙 偶像练习生,4225595820558184,https://m.weibo.cn/detail/4225595820558184,2018-04-06 00:00:00,#王艺龙# #王艺龙enki# #偶像练习生王艺龙# 万众期待的空降来了 这次我们的超能团宣传大使艺龙小哥哥 终于为自己宣传了一次，感动啊 @王艺龙Enki 要早点睡让我们明天在直播中看到精神奕奕的你 ​,0,1,6,8,24
idol_producer_073,王艺龙,偶像练习生,合作舞台阶段,2018-03-03,2018-03-23,王艺龙 偶像练习生,4218571984752596,https://m.weibo.cn/detail/4218571984752596,2018-03-17 14:50:00,#杨非同24小时紧急救援# #杨非同# #偶像练习生# 有这么暖心的队长所以才有这么好的非同 @王艺龙Enki 不管受到多少阻碍 我们一直都相信越努力越幸运 我们愿意为你披荆斩棘 只愿你在舞台上绽放光芒 ​,0,2,3,7,25
idol_producer_073,王艺龙,偶像练习生,合作舞台阶段,2018-03-03,2018-03-23,王艺龙 偶像练习生,4220523443071285,https://m.weibo.cn/detail/4220523443071285,2018-03-23 00:04:00,#偶像练习生王艺龙# #Flow (Live) (原唱：王力宏&方大同) #感觉这样子的你和爱奇艺上的好不一样哇 @王艺龙 L 抖音红人榜的秒拍视频 ​,0,0,6,6,26
idol_producer_073,王艺龙,偶像练习生,总决赛阶段,2018-03-24,2018-04-06,王艺龙 偶像练习生,4225596940794555,https://m.weibo.cn/detail/4225596940794555,2018-04-06 00:04:00,#王艺龙# #王艺龙enki# #偶像练习生王艺龙# 万众期待的空降来了 这次我们的超能团宣传大使艺龙小哥哥 终于为自己宣传了一次，感动啊 艺龙要早点睡让我们明天在直播中看到精神奕奕的你 ​​​,0,1,2,4,27
idol_producer_073,王艺龙,偶像练习生,合作舞台阶段,2018-03-03,2018-03-23,王艺龙 偶像练习生,4218644378167814,https://m.weibo.cn/detail/4218644378167814,2018-03-17 19:37:00,Justin朱正廷范丞丞丁泽仁黄新淳毕雯珺李权哲周彦辰钱正昊郑锐彬陆定昊灵超孙昊然张奕轩王艺龙李希侃徐圣恩林彦俊林超泽靖佩瑶秦子墨胡致邦陈立农 #justin黄明昊# #朱正廷# #范丞丞# #偶像练习生胡致邦# #偶像练习生张奕轩# #偶像练习生钱正昊# ​,0,1,1,3,28
idol_producer_073,王艺龙,偶像练习生,总决赛阶段,2018-03-24,2018-04-06,王艺龙 偶像练习生,4225897278705621,https://m.weibo.cn/detail/4225897278705621,2018-04-06 19:58:00,#王艺龙# #王艺龙enki# #偶像练习生王艺龙# 舞台的右边，我们会带上16倍镜寻找你，现在开始 ​,0,0,3,3,29
idol_producer_073,王艺龙,偶像练习生,总决赛阶段,2018-03-24,2018-04-06,王艺龙 偶像练习生,4225091406079041,https://m.weibo.cn/detail/4225091406079041,2018-04-04 14:35:00,#王艺龙# #王艺龙enki# #偶像练习生王艺龙# 羽绒服与所有前线人员都辛苦拉！ @王艺龙Enki 你的身后有我们,0,0,2,2,30
idol_producer_074,甘俊,偶像练习生,位置测评阶段,2018-02-03,2018-02-16,甘俊 偶像练习生,4208154289709248,https://m.weibo.cn/detail/4208154289709248,2018-02-16 20:53:00,偶像练习生 99进60的淘汰名单 乐华、坤音、觉醒东方、超能唱片全员安全 香蕉娱乐（9个淘汰4个） 高茂桐 姜京佐 李若天 邱治楷 辰星娱乐（6个淘汰4个） Rapen 王宥辰 J-one Gigel 麦锐娱乐（6个淘汰3个） 邓烺怡 孙凡杰 吕晨瑜 简单快乐（5个淘汰4个） 金逸涵 林浩楷 李志杰 孙浩然 盛夏星空（5个淘汰1个） 王梓豪 新锐杂志（5个淘汰3个） 赵俞澈 应智越 万宇贤 AIF娱乐（全军覆没） 于浩 赵凌峰 杨羿 张艺凡 焕星娱乐（全军覆没） 何嘉庚 李鑫岩 罗杰 张宇晨 铂熠娱乐（4个淘汰2个） 叶泓希 张昕 乐风艺社（全军覆没） 陈义夫 闵喆祥 果然娱乐（4个淘汰1个） 张晏恺 次元文化（2个淘汰1个） 徐鹤尼 新湃传媒（单人） 于斌 天津中视（单人） 朱一文 个人练习生（7个淘汰4个） 甘俊 侯浩然 黄若涵 周腾阳 个人觉得比较可惜的一些：扫地组合（罗杰、姜京佐）、张艺凡（第三期进A组）、闵喆祥（学舞能力突出） 收起 d,220,1591,1046,4448,1
idol_producer_074,甘俊,偶像练习生,合作舞台阶段,2018-03-03,2018-03-23,甘俊 偶像练习生,4216370713131515,https://m.weibo.cn/detail/4216370713131515,2018-03-11 13:02:00,不要得罪我們家豬大哥 @CATCHERS_朱匀天Z 豬二哥 @CATCHERS_朱匀一 同時想看豬精同學 @甘俊同学 打一個，可能500？ #偶像练习生# #catchers男团# #应智越# #catchers朱匀天# #catchers朱匀一#,3,20,143,186,2
idol_producer_074,甘俊,偶像练习生,合作舞台阶段,2018-03-03,2018-03-23,甘俊 偶像练习生,4220578975871765,https://m.weibo.cn/detail/4220578975871765,2018-03-23 03:45:00,#偶像练习生# 感觉有实力的太多了，如果没看me too真不知道娄滋博这么会跳舞。杨非同也是太低调的高音vocal。之前也不知道韩沐伯这么会唱。也有点遗憾靖佩瑶没唱一首抒情歌就离开了。还有看花絮里有叫甘俊的练习生，音色唱R&B真的太好听了。那些还没展现才华就淘汰的练习生，好遗憾啊。总是人外有人 天外有天吧。有实力并不稀奇吧，有实力又有人气，人品又好的也好多啊。 收起 d,0,2,23,27,3
idol_producer_074,甘俊,偶像练习生,总决赛阶段,2018-03-24,2018-04-06,甘俊 偶像练习生,4225881750640965,https://m.weibo.cn/detail/4225881750640965,2018-04-06 18:56:00,4月6号，你们的总决赛，4.21号我的总决赛，我们的比赛都为了最后的梦想，谢谢你们偶像练习生，我记得刚关注你们的时候我才回学校，每天追着听eiei那时候最先了解的是 #陈立农# 你说大家好我是陈立农，你们可以叫我农农，好可爱啊，之后了解到了我可爱的 @甘俊同学 不能再撸铁了啊，之后是害羞小王子 #董又霖# @Jeffrey董又霖 你的小可爱举动非常惹我喜欢，最最最帅气的 #王子异# @BBT王子异 ，你很帅气，很高，很温柔，唱歌很好听，嘿嘿，当然还有 @董岩磊 你咋这么二呢，二的可爱，说话总是很逗，不过也是一个努力boy， @黄书豪-Mark 你的中文进步很多了哦， @Trainee18-姜京佐 少林小子，希望你越战越勇，真的很喜欢你，可是刚想为你加油，就不小心淘汰了诶，还有我们的小黄人，找不到你了 #黄新淳# ，个子高高的，跳舞很卖力！还有等等，很多我们的小可爱，我希望最后一次你们可以加油，努力，努力过，即使没达到梦想也是有收获的，你们也不会后悔，加油，我也会加油，为了让自己不后悔，加油 #偶像练习生# @爱奇艺偶像练习生 K Ei Ei 2 俄罗斯联邦·符拉迪沃斯托克(海参崴) 收起 d,1,4,7,16,4
idol_producer_074,甘俊,偶像练习生,排名发布阶段,2018-02-17,2018-03-02,甘俊 偶像练习生,4213162888903743,https://m.weibo.cn/detail/4213162888903743,2018-03-02 16:36:00,#唱吧# 推荐你听甘俊同学唱的这首《Ei Ei【偶像练习生】》，唱得真棒！ K Ei Ei【偶像练习生】-甘俊同学 ​,0,1,1,3,5
idol_producer_074,甘俊,偶像练习生,合作舞台阶段,2018-03-03,2018-03-23,甘俊 偶像练习生,4214886920344518,https://m.weibo.cn/detail/4214886920344518,2018-03-07 10:46:00,#岳阳帅哥# 【偶像练习生-甘俊】最近席卷网络热门的《偶像练习生》里也有我们岳阳阿子哦，他正是阳光脸庞，健硕身材的 @甘俊同学 《shake》里的表演让人印象深刻，多点镜头大家一定更能发现他的优秀~私下微博照片真是大秀身材，节目里看不出来身材有这么好呢~继续加油加油 大家来为他打call🎵 ​,0,1,1,3,6
idol_producer_074,甘俊,偶像练习生,合作舞台阶段,2018-03-03,2018-03-23,甘俊 偶像练习生,4216915662268051,https://m.weibo.cn/detail/4216915662268051,2018-03-13 01:08:00,#郑锐彬# #郑锐彬偶像练习生# 啊啊啊啊姐姐的彬彬怎么那么可爱呀！！！！【中文课堂】Ep68（灵超 郑锐彬 Jeffery 胡致邦 甘俊 凌崎） #哔哩哔哩动画# O 网页链接 ​,0,0,1,1,7
idol_producer_074,甘俊,偶像练习生,合作舞台阶段,2018-03-03,2018-03-23,甘俊 偶像练习生,4215061088794382,https://m.weibo.cn/detail/4215061088794382,2018-03-07 22:18:00,我正在爱奇艺看【《偶像练习生》【直拍】小组对决《SHAKE》甘俊】，快来 @爱奇艺 一起看！ O 网页链接 ​,0,0,0,0,8
idol_producer_074,甘俊,偶像练习生,总决赛阶段,2018-03-24,2018-04-06,甘俊 偶像练习生,4225876473859362,https://m.weibo.cn/detail/4225876473859362,2018-04-06 18:35:00,// @甘俊同学 :我是 #偶像练习生# 甘俊 全民制作人 谢谢关照 🖤,0,0,0,0,9
idol_producer_075,秦子墨,偶像练习生,合作舞台阶段,2018-03-03,2018-03-23,秦子墨 偶像练习生,4220811575475450,https://m.weibo.cn/detail/4220811575475450,2018-03-23 19:09:00,#偶像练习生# 又一波萌萌哒小哥哥 #秦奋roi# #韩沐伯# #靖佩瑶# #秦子墨# #左叶# 来袭，甜美可爱任君挑选哟~你们更爱哪个呢？请继续支持 @秦奋Roi @韩沐伯 @靖佩瑶 @秦子墨_Mo @左叶Hyman ​,2392,1179,1362,6112,1
idol_producer_075,秦子墨,偶像练习生,排名发布阶段,2018-02-17,2018-03-02,秦子墨 偶像练习生,4213063194502575,https://m.weibo.cn/detail/4213063194502575,2018-03-02 10:00:00,#偶像练习生# 听说有人让我们早上发视频吼？ 那新的一天就从小哥哥们活力满满的Eating Time开始吧。 饭桌上的他们 #秦奋roi# #韩沐伯# #靖佩瑶# #秦子墨# #左叶# 和你们想象中还一样吗？ 请大家继续支持 @秦奋Roi @韩沐伯 @靖佩瑶 @秦子墨_Mo @左叶Hyman L 觉醒东方OACA的秒拍视频 收起 d,1273,1164,2282,5883,2
idol_producer_075,秦子墨,偶像练习生,合作舞台阶段,2018-03-03,2018-03-23,秦子墨 偶像练习生,4220830487708947,https://m.weibo.cn/detail/4220830487708947,2018-03-23 20:24:00,【 #Owhat专访# 🎙️O!Mèi有问题】偶像练习生第一位小哥哥专访出炉啦！他就是 @秦子墨_Mo 他会使用自己的表情包，会半夜偷吃火锅被发现写检讨，觉得“黑土”有点土那就叫小黑兔叭！更有独家解答关于睡奋哥这件事。精彩内容不容错过哦。 #秦子墨# 【 O 网页链接 】 L O妹追现场的秒拍视频 ​,881,137,434,1589,3
idol_producer_075,秦子墨,偶像练习生,排名发布阶段,2018-02-17,2018-03-02,秦子墨 偶像练习生,4213258879458489,https://m.weibo.cn/detail/4213258879458489,2018-03-02 22:57:00,【推特】 #偶像练习生# 话题下1小时pick #小鬼王琳凯# #蔡徐坤# #偶像练习生蔡徐坤# #林超泽# #陈名豪# #范丞丞# #朱星杰# #周锐zee# #秦子墨# #卜凡# #偶像练习生黄书豪# #毕雯珺# #黄新淳# #陆定昊# ​,3,99,70,271,4
idol_producer_075,秦子墨,偶像练习生,合作舞台阶段,2018-03-03,2018-03-23,秦子墨 偶像练习生,4220851932830057,https://m.weibo.cn/detail/4220851932830057,2018-03-23 21:49:00,#秦子墨# #秦子墨0413生日快乐# 哇～来自偶像练习生的第一个甜蜜蜜腻咕咕的小哥哥的专访！太太太太太可爱了吧！会会已经被子墨甜到昏古七了！,229,1,14,245,5
idol_producer_075,秦子墨,偶像练习生,合作舞台阶段,2018-03-03,2018-03-23,秦子墨 偶像练习生,4220452177836474,https://m.weibo.cn/detail/4220452177836474,2018-03-22 19:21:00,整齐的阵容、欢乐的气氛，和谐的一家人，偏偏却是送别 #觉醒东方# #靖佩瑶# #偶像练习生# #秦奋roi# #左叶# #韩沐伯# #秦子墨# ​,9,30,128,197,6
idol_producer_075,秦子墨,偶像练习生,位置测评阶段,2018-02-03,2018-02-16,秦子墨 偶像练习生,4208183649934897,https://m.weibo.cn/detail/4208183649934897,2018-02-16 22:50:00,#偶像练习生# 第一轮前60名： 蔡徐坤/陈立农/范丞丞/Justin/朱正廷/小鬼/卜凡/李权哲/何东东/尤长靖/王子异/Jeffrey/秦奋/林超泽/朱星杰/灵超/钱正昊/董岩磊/韩沐伯/丁泽仁/岳岳/左叶/徐凯皓/木子洋/郑锐彬/毕雯珺/周彦辰/林彦俊/李希侃/陆定昊/周锐/黄书豪/黄新淳/罗正/张达源/李让/贝汯璘/李长庚/陈斯琪/韩雍杰/秦子墨/武连杰/覃俊毅/娄滋博/靖佩瑶/余明君/陈名豪/明鹏/杨非同/朱匀一/伽里/凌崎/朱匀天/徐圣恩/李俊毅/张奕轩/王艺龙/姜达赫/胡致邦/梁辉 乐华女孩绝不认输 收起 d,2,32,106,172,7
idol_producer_075,秦子墨,偶像练习生,总决赛阶段,2018-03-24,2018-04-06,秦子墨 偶像练习生,4225914000212039,https://m.weibo.cn/detail/4225914000212039,2018-04-06 21:04:00,#秦子墨# 💗 #秦子墨0413生日快乐# 20180406 偶像练习生决赛 预览 是漂亮宝贝呀 @秦子墨_Mo ​,33,19,82,153,8
idol_producer_075,秦子墨,偶像练习生,排名发布阶段,2018-02-17,2018-03-02,秦子墨 偶像练习生,4213183704499224,https://m.weibo.cn/detail/4213183704499224,2018-03-02 17:58:00,#秦子墨# #偶像练习生秦子墨# 考虑到子墨的生日在4月中旬，我们将延长集资时间，集资方式仍为【Owhat】，链接及相关福利不变。 🐠 集资时间：截止至4.1号 🐠 集资链接： O 网页链接 （如需其他方式，请私戳皮下） 🐠 集资福利： 集资数额位列第1️⃣的墨汁，可获得【录制门票】 第2️⃣、3️⃣名的墨汁，可获得【爱豆神秘福利】 第4️⃣—🔟名的墨汁，可获得【后援会福利周边】 （以上礼物邮费均需自理，多谢理解） 本次集资活动的所有金额将全部用于秦子墨的相关应援活动，具体支出明细将通过应援报告公布。如遇任何特殊情况，后援会将会尽力协商解决。参与本次活动则默认接受以上说明。 收起 d,4,20,33,77,9
idol_producer_075,秦子墨,偶像练习生,合作舞台阶段,2018-03-03,2018-03-23,秦子墨 偶像练习生,4220106001490905,https://m.weibo.cn/detail/4220106001490905,2018-03-21 20:25:00,#偶像练习生# 从最上次的姜京佐 高茂桐到后来的靖佩瑶 秦子墨 左叶再到现在的岳岳 木子洋 哭死了 看着弟弟哭好难受 “❤ 有些故事开始就没错❤ ” 2 上海·马陆 ​,0,1,26,28,10
idol_producer_075,秦子墨,偶像练习生,总决赛阶段,2018-03-24,2018-04-06,秦子墨 偶像练习生,4225914528827381,https://m.weibo.cn/detail/4225914528827381,2018-04-06 21:06:00,发布了头条文章：《秦子墨复制靖佩瑶微博忘改名，现实版的抄作业没改名字！》 #偶像练习生# O 秦子墨复制靖佩瑶微博忘改名，现实版的抄作业没改名字！ ​,0,4,11,19,11
idol_producer_075,秦子墨,偶像练习生,主题曲考核阶段,2018-01-27,2018-02-02,秦子墨 偶像练习生,4203106915552870,https://m.weibo.cn/detail/4203106915552870,2018-02-02 22:37:00,#偶像练习生秦子墨# #偶像练习生# #秦子墨# 当然是他开玩笑的时候啦 对不起哦博博因为今天子墨小哥哥的排名下降很伤心……编不出好段子了QAQ所以你们今天投票了吗 救救小哥哥吧 不能再降了QAQ @秦子墨_Mo @爱奇艺偶像练习生 #我的pick安利打卡# ​,3,2,11,18,12
idol_producer_075,秦子墨,偶像练习生,初评级阶段,2018-01-19,2018-01-26,秦子墨 偶像练习生,4200540084800570,https://m.weibo.cn/detail/4200540084800570,2018-01-26 20:37:00,#偶像练习生秦子墨# #偶像练习生# #秦子墨# 听说你们想看最搞怪的小哥哥……emmmm……博博要是放了会不会被打……会不会导致你们脱粉………… 算了还是来一张吧 @秦子墨_Mo @爱奇艺偶像练习生 #我的pick安利打卡# 溜了溜了 ​,0,6,4,16,13
idol_producer_075,秦子墨,偶像练习生,合作舞台阶段,2018-03-03,2018-03-23,秦子墨 偶像练习生,4220514093793199,https://m.weibo.cn/detail/4220514093793199,2018-03-22 23:27:00,#韩沐伯# #偶像练习生# #偶像练习生韩沐伯# DAY3：最喜欢的部位 眼睛！提名我沐沐的眼睛！ 一笑起来就有点微微眯起来的感觉，乖乖的甚至有点憨憨的？哈哈哈，不管，就是全幼儿园最可爱的！最关键的是can’t stop里，有几个闭眼转身的动作，当时真的苏死我了，怎么会有这么谷欠的表情！还有我们韩老师对秦子墨的死亡凝视我也甚是喜欢哈哈哈哈，今天也是最好的韩沐伯，啾咪～ @韩沐伯数据组 收起 d,0,1,14,16,14
idol_producer_075,秦子墨,偶像练习生,合作舞台阶段,2018-03-03,2018-03-23,秦子墨 偶像练习生,4220635053911317,https://m.weibo.cn/detail/4220635053911317,2018-03-23 07:27:00,昨天看见靖佩瑶和秦子墨的微博，晚上又梦到大伯了，还有靖佩瑶，这次的梦很愉快，大概大伯也不希望粉丝伤心吧 完了，三天两头梦见大伯，陷进去出不来了 #偶像练习生# #韩沐伯# ​​​,0,1,14,16,15
idol_producer_075,秦子墨,偶像练习生,合作舞台阶段,2018-03-03,2018-03-23,秦子墨 偶像练习生,4220784588955999,https://m.weibo.cn/detail/4220784588955999,2018-03-23 17:22:00,秦子墨！奋哥还是需要你的解释的 #偶像练习生# #秦子墨# #秦奋roi# ​,0,2,12,16,16
idol_producer_075,秦子墨,偶像练习生,位置测评阶段,2018-02-03,2018-02-16,秦子墨 偶像练习生,4208052117055035,https://m.weibo.cn/detail/4208052117055035,2018-02-16 14:07:00,#秦子墨# #偶像练习生秦子墨# 期待今晚子墨的表现！为你加油！ @秦子墨_Mo,0,1,10,12,17
idol_producer_075,秦子墨,偶像练习生,排名发布阶段,2018-02-17,2018-03-02,秦子墨 偶像练习生,4213079128346418,https://m.weibo.cn/detail/4213079128346418,2018-03-02 11:03:00,#偶像练习生# 听说有人让我们早上发视频吼？ 那新的一天就从小哥哥们活力满满的Eating Time开始吧。 饭桌上的他们 #秦奋roi# #韩沐伯# #靖佩瑶# #秦子墨# #左叶# 和你们想象中还一样吗？ 请大家继续支持 @秦奋Roi @韩沐伯 @靖佩瑶 @秦子墨_Mo @左叶Hyman L 觉醒东方OACA的秒拍视频 收起 d,4,0,8,12,18
idol_producer_075,秦子墨,偶像练习生,主题曲考核阶段,2018-01-27,2018-02-02,秦子墨 偶像练习生,4203069958437720,https://m.weibo.cn/detail/4203069958437720,2018-02-02 20:10:00,#偶像练习生秦子墨# 谁也不要说孩子傻！我领头第一个爆笑！哈哈哈哈哈哈哈哈哈哈哈哈哈哈哈哈哈哈哈哈哈哈哈哈,0,2,7,11,19
idol_producer_075,秦子墨,偶像练习生,位置测评阶段,2018-02-03,2018-02-16,秦子墨 偶像练习生,4208134392122968,https://m.weibo.cn/detail/4208134392122968,2018-02-16 19:34:00,#偶像练习生秦子墨# #秦子墨# 还有不到半个小时就要播出淘汰赛了，第二轮投票大门也将重新打开！大家准备好了吗？,0,2,5,9,20
idol_producer_075,秦子墨,偶像练习生,排名发布阶段,2018-02-17,2018-03-02,秦子墨 偶像练习生,4213075013994210,https://m.weibo.cn/detail/4213075013994210,2018-03-02 10:47:00,#秦子墨# #偶像练习生秦子墨# 今天是紧张害怕的一天，晚上不太敢看偶像练习生了 @秦子墨_Mo 加油！你是最棒的！ ​​​,0,0,9,9,21
idol_producer_075,秦子墨,偶像练习生,位置测评阶段,2018-02-03,2018-02-16,秦子墨 偶像练习生,4208135592021554,https://m.weibo.cn/detail/4208135592021554,2018-02-16 19:39:00,#秦子墨# #偶像练习生秦子墨# 期待子墨的表现！今晚新一轮投票即将开始！,0,1,5,7,22
idol_producer_075,秦子墨,偶像练习生,排名发布阶段,2018-02-17,2018-03-02,秦子墨 偶像练习生,4213099923766424,https://m.weibo.cn/detail/4213099923766424,2018-03-02 12:25:00,#偶像练习生# 听说有人让我们早上发视频吼？ 那新的一天就从小哥哥们活力满满的Eating Time开始吧。 饭桌上的他们 #秦奋roi# #韩沐伯# #靖佩瑶# #秦子墨# #左叶# 和你们想象中还一样吗？ 请大家继续支持 @秦奋Roi @韩沐伯 @靖佩瑶 @秦子墨_Mo @左叶Hyman L 觉醒东方OACA的秒拍视频 收起 d,0,0,4,4,23
idol_producer_075,秦子墨,偶像练习生,排名发布阶段,2018-02-17,2018-03-02,秦子墨 偶像练习生,4213209596497701,https://m.weibo.cn/detail/4213209596497701,2018-03-02 19:41:00,#秦子墨# #偶像练习生秦子墨# 人总是会有那么点私心 不想让太多的人认识你 怕失去你 但是又想让更多的人知道你 让全世界的人知道你的好 加油，秦子墨，你是最好的 @秦子墨_Mo @爱奇艺偶像练习生 ​,0,0,3,3,24
idol_producer_075,秦子墨,偶像练习生,排名发布阶段,2018-02-17,2018-03-02,秦子墨 偶像练习生,4212905299803897,https://m.weibo.cn/detail/4212905299803897,2018-03-01 23:32:00,@秦子墨_Mo 为你打爆电话！我们一起用爱发电，向 #偶像练习生# 练习生PICK榜第一名进击，赢取节目10s彩蛋！ // @秦子墨_Mo :我是 #偶像练习生# 秦子墨，全民制作人，请多关照。,0,0,2,2,25
idol_producer_075,秦子墨,偶像练习生,排名发布阶段,2018-02-17,2018-03-02,秦子墨 偶像练习生,4213182962202947,https://m.weibo.cn/detail/4213182962202947,2018-03-02 17:55:00,#秦子墨# #偶像练习生秦子墨# 应援包福利！,0,0,2,2,26
idol_producer_075,秦子墨,偶像练习生,排名发布阶段,2018-02-17,2018-03-02,秦子墨 偶像练习生,4213246288554641,https://m.weibo.cn/detail/4213246288554641,2018-03-02 22:07:00,#秦子墨# #偶像练习生秦子墨# 当然在屏幕前和子墨一起过啊！（突然心酸）,0,0,2,2,27
idol_producer_075,秦子墨,偶像练习生,排名发布阶段,2018-02-17,2018-03-02,秦子墨 偶像练习生,4213131628185675,https://m.weibo.cn/detail/4213131628185675,2018-03-02 14:31:00,#偶像练习生# 偶来了：PPAP 秦子墨 朱星杰 胡致邦 木子洋 林彦俊🙊,0,0,1,1,28
idol_producer_075,秦子墨,偶像练习生,排名发布阶段,2018-02-17,2018-03-02,秦子墨 偶像练习生,4213138327018496,https://m.weibo.cn/detail/4213138327018496,2018-03-02 14:58:00,1.蔡徐坤ppap 2.秦子墨抱枕 3.朱星杰胡巴 4.胡致邦potato 5.木子洋 6.林彦俊 想要蔡徐坤的礼物 @爱奇艺偶像练习生,0,0,1,1,29
idol_producer_075,秦子墨,偶像练习生,排名发布阶段,2018-02-17,2018-03-02,秦子墨 偶像练习生,4213174125522692,https://m.weibo.cn/detail/4213174125522692,2018-03-02 17:20:00,#偶像练习生# 1应该是ppap的捣蒜舞 2丞丞的表情包 或者秦子墨的滑稽玩偶 3（朱星杰）杰哥的动画版胡巴的原型萝卜 4邦邦汪汪汪 5小懂事儿木子洋的懒洋洋 6酒窝林彦俊 @爱奇艺偶像练习生,0,0,1,1,30
idol_producer_076,罗仁麒,偶像练习生,合作舞台阶段,2018-03-03,2018-03-23,罗仁麒 偶像练习生,4214580702411391,https://m.weibo.cn/detail/4214580702411391,2018-03-06 14:30:00,“浮世三千 吾爱有三 日月与卿 日为朝 月为暮 卿为朝朝暮暮” #向全世界安利Rapen# #Rapen偶像练习生# #偶像练习生# #罗仁麒Rapen# 摄影：肉肉 ​,4,81,15,181,1
idol_producer_076,罗仁麒,偶像练习生,合作舞台阶段,2018-03-03,2018-03-23,罗仁麒 偶像练习生,4213920367449843,https://m.weibo.cn/detail/4213920367449843,2018-03-04 18:46:00,顺利送Rapen进去安检啦❤️Rapen今天心情很好一直跟麒怪们聊天~高清图和视频晚点更喔❤️辛苦啦Rapen辛苦啦大家❤️ #向全世界安利Rapen# #Rapen偶像练习生# #偶像练习生# #罗仁麒Rapen# ​,1,0,56,57,2
idol_producer_076,罗仁麒,偶像练习生,合作舞台阶段,2018-03-03,2018-03-23,罗仁麒 偶像练习生,4213951552476543,https://m.weibo.cn/detail/4213951552476543,2018-03-04 20:50:00,Rapen辛苦地为大家签名❤️照片和横幅会作为奖品送给大家噢❤️ #向全世界安利Rapen# #Rapen偶像练习生# #偶像练习生# #罗仁麒Rapen# ​,9,16,15,56,3
idol_producer_076,罗仁麒,偶像练习生,主题曲考核阶段,2018-01-27,2018-02-02,罗仁麒 偶像练习生,4200913914523043,https://m.weibo.cn/detail/4200913914523043,2018-01-27 21:23:00,#偶像练习生# 为ETM的小哥哥们应援了，请大家多多支持。 @Lee权哲 @余明君_MJ @圣恩XII @哇噻Rapen @韩沐伯 #ETM_Academy# #李权哲# #余明君# #徐圣恩# #罗仁麒# #韩沐伯#,2,6,36,50,4
idol_producer_076,罗仁麒,偶像练习生,主题曲考核阶段,2018-01-27,2018-02-02,罗仁麒 偶像练习生,4202721668580308,https://m.weibo.cn/detail/4202721668580308,2018-02-01 21:06:00,#偶像练习生# 回顾上周Rapen的精彩舞台，迷妹们在哪里！一周的等待，就是明天哟~ @Lee权哲 @余明君_MJ @圣恩XII @哇噻Rapen @韩沐伯 #ETM_Academy# #李权哲# #余明君# #徐圣恩# #罗仁麒# #韩沐伯# L 《偶像练习生》【个人技】Rapen展示酷炫popping ​,1,5,20,31,5
idol_producer_076,罗仁麒,偶像练习生,排名发布阶段,2018-02-17,2018-03-02,罗仁麒 偶像练习生,4212809052893903,https://m.weibo.cn/detail/4212809052893903,2018-03-01 17:10:00,#罗仁麒rapen# 激动、激动、激动 小号发自己做的壁纸，爱豆设置为本人朋友圈背景。我的天啊啊啊啊 强势安利偶像练习生里的港式性感 @哇噻Rapen ​​​,0,11,6,28,6
idol_producer_076,罗仁麒,偶像练习生,合作舞台阶段,2018-03-03,2018-03-23,罗仁麒 偶像练习生,4220005241167236,https://m.weibo.cn/detail/4220005241167236,2018-03-21 13:45:00,日常怀念Rapen的舞台❤️ #向全世界安利Rapen# #Rapen偶像练习生# #偶像练习生# #罗仁麒Rapen# PS照现在来说，这叫直拍对吧 L Rapen中文首站的秒拍视频 ​,16,1,7,25,7
idol_producer_076,罗仁麒,偶像练习生,合作舞台阶段,2018-03-03,2018-03-23,罗仁麒 偶像练习生,4218294711981050,https://m.weibo.cn/detail/4218294711981050,2018-03-16 20:28:00,敲好看 New Start❤️ #向全世界安利Rapen# #Rapen偶像练习生# #偶像练习生# #罗仁麒Rapen#,1,0,21,22,8
idol_producer_076,罗仁麒,偶像练习生,初评级阶段,2018-01-19,2018-01-26,罗仁麒 偶像练习生,4197970553201446,https://m.weibo.cn/detail/4197970553201446,2018-01-19 18:27:00,#偶像练习生# 今日宜打call，全民制作人请记得pick优秀并且努力的他们。 @Lee权哲 @余明君_MJ @圣恩XII @哇噻Rapen @韩沐伯 #ETM_Academy# #李权哲# #余明君# #徐圣恩# #罗仁麒# #韩沐伯#,0,0,20,20,9
idol_producer_076,罗仁麒,偶像练习生,合作舞台阶段,2018-03-03,2018-03-23,罗仁麒 偶像练习生,4213980362604266,https://m.weibo.cn/detail/4213980362604266,2018-03-04 22:44:00,隔着口罩都能感受到Rapen甜甜的笑❤️ #向全世界安利Rapen# #Rapen偶像练习生# #偶像练习生# #罗仁麒Rapen# L Rapen中文首站的秒拍视频 ​,1,4,9,18,10
idol_producer_076,罗仁麒,偶像练习生,合作舞台阶段,2018-03-03,2018-03-23,罗仁麒 偶像练习生,4213974200877702,https://m.weibo.cn/detail/4213974200877702,2018-03-04 22:20:00,#罗仁麒rapen# 🐰 #偶像练习生# 180304罗仁麒 @哇噻Rapen CTU出发 这个世界真小，小到风一不小心，就把你吹进了我的眼里 @哇噻Rapen @OnlyoneRapen_罗仁麒个站 @Rapen中文首站 #Ei Ei # ​,2,2,9,15,11
idol_producer_076,罗仁麒,偶像练习生,主题曲考核阶段,2018-01-27,2018-02-02,罗仁麒 偶像练习生,4202721206764693,https://m.weibo.cn/detail/4202721206764693,2018-02-01 21:04:00,#偶像练习生# 回顾上周徐圣恩展示暴风poping！星期五终于快到啦，明天爱奇艺我们不见不散！ @Lee权哲 @余明君_MJ @圣恩XII @哇噻Rapen @韩沐伯 #ETM_Academy# #李权哲# #余明君# #徐圣恩# #罗仁麒# #韩沐伯# L 《偶像练习生》【个人技】徐圣恩展示暴风popping ​,0,0,13,13,12
idol_producer_076,罗仁麒,偶像练习生,合作舞台阶段,2018-03-03,2018-03-23,罗仁麒 偶像练习生,4214131390884878,https://m.weibo.cn/detail/4214131390884878,2018-03-05 08:44:00,早安 每一个新的一天都是离梦想更近的一天❤️麒怪们记得每天都要打榜噢 #向全世界安利Rapen# #Rapen偶像练习生# #偶像练习生# #罗仁麒Rapen# 摄影：肉肉 ​,1,2,8,13,13
idol_producer_076,罗仁麒,偶像练习生,合作舞台阶段,2018-03-03,2018-03-23,罗仁麒 偶像练习生,4213964395016021,https://m.weibo.cn/detail/4213964395016021,2018-03-04 21:41:00,一直死盯着安检小姐姐真是犯规犯规 结束后还会点头道谢的我们敲有礼貌的Rapen #向全世界安利Rapen# #Rapen偶像练习生# #偶像练习生# #罗仁麒Rapen# L Rapen中文首站的秒拍视频 ​,2,1,8,12,14
idol_producer_076,罗仁麒,偶像练习生,合作舞台阶段,2018-03-03,2018-03-23,罗仁麒 偶像练习生,4215593018025799,https://m.weibo.cn/detail/4215593018025799,2018-03-09 09:32:00,谢谢你的坚持和努力❤️ #向全世界安利Rapen# #Rapen偶像练习生# #偶像练习生# #罗仁麒Rapen#,0,1,10,12,15
idol_producer_076,罗仁麒,偶像练习生,合作舞台阶段,2018-03-03,2018-03-23,罗仁麒 偶像练习生,4217466898604441,https://m.weibo.cn/detail/4217466898604441,2018-03-14 13:38:00,#罗仁麒rapen# #向全世界安利rapen# 180119期 180126期 偶像练习生 Rapen罗仁麒cut 【链接: O 网页链接 密码:q0f6】 @哇噻Rapen ​,1,4,3,12,16
idol_producer_076,罗仁麒,偶像练习生,合作舞台阶段,2018-03-03,2018-03-23,罗仁麒 偶像练习生,4213959437465863,https://m.weibo.cn/detail/4213959437465863,2018-03-04 21:21:00,帮工作人员把前面大叔的手推车推到旁边的暖心Rapen 你怎么这么好 #向全世界安利Rapen# #Rapen偶像练习生# #偶像练习生# #罗仁麒Rapen# ​,1,0,10,11,17
idol_producer_076,罗仁麒,偶像练习生,合作舞台阶段,2018-03-03,2018-03-23,罗仁麒 偶像练习生,4216441811106813,https://m.weibo.cn/detail/4216441811106813,2018-03-11 17:45:00,很港很港了 #向全世界安利Rapen# #Rapen偶像练习生# #偶像练习生# #罗仁麒Rapen#,0,1,8,10,18
idol_producer_076,罗仁麒,偶像练习生,排名发布阶段,2018-02-17,2018-03-02,罗仁麒 偶像练习生,4213186917533679,https://m.weibo.cn/detail/4213186917533679,2018-03-02 18:11:00,汤圆节快乐❤️萌出血 #向全世界安利Rapen# #Rapen偶像练习生# #偶像练习生# #罗仁麒Rapen#,0,0,9,9,19
idol_producer_076,罗仁麒,偶像练习生,合作舞台阶段,2018-03-03,2018-03-23,罗仁麒 偶像练习生,4214879600406656,https://m.weibo.cn/detail/4214879600406656,2018-03-07 10:17:00,早安麒怪们❤️今天打榜了没啊 美好的一天又来啦，昨天抽奖活动都向中奖的小伙伴私信了噢，记得查看 #向全世界安利Rapen# #Rapen偶像练习生# #偶像练习生# #罗仁麒Rapen# ​​ 摄影：肉肉 ​,0,1,7,9,20
idol_producer_076,罗仁麒,偶像练习生,合作舞台阶段,2018-03-03,2018-03-23,罗仁麒 偶像练习生,4215592745658585,https://m.weibo.cn/detail/4215592745658585,2018-03-09 09:31:00,帅到没有办法 #向全世界安利Rapen# #Rapen偶像练习生# #偶像练习生# #罗仁麒Rapen#,0,0,9,9,21
idol_producer_076,罗仁麒,偶像练习生,合作舞台阶段,2018-03-03,2018-03-23,罗仁麒 偶像练习生,4213969625034343,https://m.weibo.cn/detail/4213969625034343,2018-03-04 22:01:00,跟大家聊天的Rapen 还有“么么哒” #向全世界安利Rapen# #Rapen偶像练习生# #偶像练习生# #罗仁麒Rapen# L Rapen中文首站的秒拍视频 ​,1,0,7,8,22
idol_producer_076,罗仁麒,偶像练习生,合作舞台阶段,2018-03-03,2018-03-23,罗仁麒 偶像练习生,4213838112519622,https://m.weibo.cn/detail/4213838112519622,2018-03-04 13:19:00,今天要送机的麒怪们私讯皮下统计喔❤️给大家发应援物喔❤️ #向全世界安利Rapen# #Rapen偶像练习生# #偶像练习生# #罗仁麒Rapen# ​,0,0,7,7,23
idol_producer_076,罗仁麒,偶像练习生,合作舞台阶段,2018-03-03,2018-03-23,罗仁麒 偶像练习生,4216699353758843,https://m.weibo.cn/detail/4216699353758843,2018-03-12 10:48:00,PICK榜又进步啦一名，真高兴 感谢大家的一起努力啦 #向全世界安利Rapen# #Rapen偶像练习生# #偶像练习生# #罗仁麒Rapen# 摄影：肉肉 ​​​,0,0,7,7,24
idol_producer_076,罗仁麒,偶像练习生,合作舞台阶段,2018-03-03,2018-03-23,罗仁麒 偶像练习生,4217512406700892,https://m.weibo.cn/detail/4217512406700892,2018-03-14 16:39:00,又滑雪去了吗 快乐快乐大家都快乐~ #向全世界安利Rapen# #Rapen偶像练习生# #偶像练习生# #罗仁麒Rapen#,0,0,7,7,25
idol_producer_076,罗仁麒,偶像练习生,总决赛阶段,2018-03-24,2018-04-06,罗仁麒 偶像练习生,4224481733526321,https://m.weibo.cn/detail/4224481733526321,2018-04-02 22:13:00,／心动初遇见. by @哇噻Rapen ／ 能够让人上瘾的奇妙因子、 被开门的铃铛声点缀后开始发酵。 撞进我悠幻的脑海的你满布浓情， 不经意间的清醒却又是苦涩淡影。 然而万幸、百转千回， 你真的在这里 笑容和泪水都是有温度的感应， 听说咖啡和爱情都要是热的才是最好的。 #哇噻rapen# #ngc-kepler11# L NGC-Kepler11的秒拍视频 收起 d,1,0,3,4,26
idol_producer_076,罗仁麒,偶像练习生,主题曲考核阶段,2018-01-27,2018-02-02,罗仁麒 偶像练习生,4201075592520107,https://m.weibo.cn/detail/4201075592520107,2018-01-28 08:05:00,突然想起在ETM见过 @余明君_MJ // @ETM_Academy : #偶像练习生# 为ETM的小哥哥们应援了，请大家多多支持。 @Lee权哲 @余明君_MJ @圣恩XII @哇噻Rapen @韩沐伯 #ETM_Academy# #李权哲# #余明君# #徐圣恩# #罗仁麒# #韩沐伯#,0,0,0,0,27
idol_producer_076,罗仁麒,偶像练习生,排名发布阶段,2018-02-17,2018-03-02,罗仁麒 偶像练习生,4213126712991937,https://m.weibo.cn/detail/4213126712991937,2018-03-02 14:12:00,#偶像练习生# #罗仁麒rapen# #向全世界安利rapen#,0,0,0,0,28
idol_producer_076,罗仁麒,偶像练习生,合作舞台阶段,2018-03-03,2018-03-23,罗仁麒 偶像练习生,4218896666219258,https://m.weibo.cn/detail/4218896666219258,2018-03-18 12:20:00,// @Rapen中文首站 :敲好看 New Start❤️ #向全世界安利Rapen# #Rapen偶像练习生# #偶像练习生# #罗仁麒Rapen#,0,0,0,0,29
idol_producer_076,罗仁麒,偶像练习生,总决赛阶段,2018-03-24,2018-04-06,罗仁麒 偶像练习生,4224489543574496,https://m.weibo.cn/detail/4224489543574496,2018-04-02 22:44:00,／心动初遇见. by @哇噻Rapen ／ 能够让人上瘾的奇妙因子、 被开门的铃铛声点缀后开始发酵。 撞进我悠幻的脑海的你满布浓情， 不经意间的清醒却又是苦涩淡影。 然而万幸、百转千回， 你真的在这里 笑容和泪水都是有温度的感应， 听说咖啡和爱情都要是热的才是最好的。 #哇噻rapen# #ngc-kepler11# L NGC-Kepler11的秒拍视频 收起 d,0,0,0,0,30
idol_producer_077,罗杰,偶像练习生,位置测评阶段,2018-02-03,2018-02-16,罗杰 偶像练习生,4208154289709248,https://m.weibo.cn/detail/4208154289709248,2018-02-16 20:53:00,偶像练习生 99进60的淘汰名单 乐华、坤音、觉醒东方、超能唱片全员安全 香蕉娱乐（9个淘汰4个） 高茂桐 姜京佐 李若天 邱治楷 辰星娱乐（6个淘汰4个） Rapen 王宥辰 J-one Gigel 麦锐娱乐（6个淘汰3个） 邓烺怡 孙凡杰 吕晨瑜 简单快乐（5个淘汰4个） 金逸涵 林浩楷 李志杰 孙浩然 盛夏星空（5个淘汰1个） 王梓豪 新锐杂志（5个淘汰3个） 赵俞澈 应智越 万宇贤 AIF娱乐（全军覆没） 于浩 赵凌峰 杨羿 张艺凡 焕星娱乐（全军覆没） 何嘉庚 李鑫岩 罗杰 张宇晨 铂熠娱乐（4个淘汰2个） 叶泓希 张昕 乐风艺社（全军覆没） 陈义夫 闵喆祥 果然娱乐（4个淘汰1个） 张晏恺 次元文化（2个淘汰1个） 徐鹤尼 新湃传媒（单人） 于斌 天津中视（单人） 朱一文 个人练习生（7个淘汰4个） 甘俊 侯浩然 黄若涵 周腾阳 个人觉得比较可惜的一些：扫地组合（罗杰、姜京佐）、张艺凡（第三期进A组）、闵喆祥（学舞能力突出） 收起 d,220,1591,1046,4448,1
idol_producer_077,罗杰,偶像练习生,初评级阶段,2018-01-19,2018-01-26,罗杰 偶像练习生,4200574796397770,https://m.weibo.cn/detail/4200574796397770,2018-01-26 22:55:00,有和烟花一样，在看 #偶像练习生# 这个节目的吗？范丞丞 哭 ，看来他挺火的。不过烟花注意到了另一个高个子的小鲜肉 @MERXIC-ROGER罗杰 ，挺让人合不拢腿的 ，可惜被这孤儿剪辑剪得镜头太少了。 ​,109,42,171,364,2
idol_producer_077,罗杰,偶像练习生,主题曲考核阶段,2018-01-27,2018-02-02,罗杰 偶像练习生,4203109414731192,https://m.weibo.cn/detail/4203109414731192,2018-02-02 22:47:00,#偶像练习生# 今天他们写的“一句话”大家有收到吗？看完今天的节目，大家可以分享一下截图，分组选歌也已经确定好了，希望下周能给大家一个棒棒的表演 @MERXIC-TAKO张宇晨 @MERXIC-ANPH李鑫岩 @MERXIC-ROGER罗杰 @MERXIC-PURO何嘉庚 ​,0,3,24,30,3
idol_producer_077,罗杰,偶像练习生,位置测评阶段,2018-02-03,2018-02-16,罗杰 偶像练习生,4208167439213907,https://m.weibo.cn/detail/4208167439213907,2018-02-16 21:46:00,心脏阿帕。。。。。我的扫地cp。。。。。好的现实告诉我真的不要zqsg地追节目，我懂了 希望小猪佩奇男孩罗杰&少林寺大扫把姜京佐 以后越来越好 还要一起开开心心地吃成长快乐哦。。。。 #偶像练习生姜京佐# #偶像练习生罗杰# 2 东莞·汇一城 ​,0,0,0,0,4
idol_producer_077,罗杰,偶像练习生,合作舞台阶段,2018-03-03,2018-03-23,罗杰 偶像练习生,4219792116753250,https://m.weibo.cn/detail/4219792116753250,2018-03-20 23:38:00,@MERXIC-ROGER罗杰 我在 #偶像练习生# 练习生PICK榜上为你打call！把小心心都给你，赢取节目10s彩蛋！ O 练习生PICK榜 ​,0,0,0,0,5
idol_producer_077,罗杰,偶像练习生,合作舞台阶段,2018-03-03,2018-03-23,罗杰 偶像练习生,4219792049794542,https://m.weibo.cn/detail/4219792049794542,2018-03-20 23:38:00,@MERXIC-ROGER罗杰 我在 #偶像练习生# 练习生PICK榜上为你打call！把小心心都给你，赢取节目10s彩蛋！ O 练习生PICK榜 ​,0,0,0,0,6
idol_producer_077,罗杰,偶像练习生,合作舞台阶段,2018-03-03,2018-03-23,罗杰 偶像练习生,4219932159758663,https://m.weibo.cn/detail/4219932159758663,2018-03-21 08:54:00,#偶像练习生# 我向 @MERXIC-ROGER罗杰 送出了加油卡！我pick的小哥哥全世界最棒！大家快来一起给你喜欢的选手打call吧！ O 练习生PICK榜 ​,0,0,0,0,7
idol_producer_077,罗杰,偶像练习生,合作舞台阶段,2018-03-03,2018-03-23,罗杰 偶像练习生,4219932134557811,https://m.weibo.cn/detail/4219932134557811,2018-03-21 08:54:00,@MERXIC-ROGER罗杰 我在 #偶像练习生# 练习生PICK榜上为你打call！把小心心都给你，赢取节目10s彩蛋！ O 练习生PICK榜 ​,0,0,0,0,8
idol_producer_077,罗杰,偶像练习生,合作舞台阶段,2018-03-03,2018-03-23,罗杰 偶像练习生,4219932218097538,https://m.weibo.cn/detail/4219932218097538,2018-03-21 08:55:00,@MERXIC-ROGER罗杰 我在 #偶像练习生# 练习生PICK榜上为你打call！把小心心都给你，赢取节目10s彩蛋！ O 练习生PICK榜 ​,0,0,0,0,9
idol_producer_077,罗杰,偶像练习生,合作舞台阶段,2018-03-03,2018-03-23,罗杰 偶像练习生,4219947632156190,https://m.weibo.cn/detail/4219947632156190,2018-03-21 09:56:00,#偶像练习生# 我向 @MERXIC-ROGER罗杰 送出了加油卡！我pick的小哥哥全世界最棒！大家快来一起给你喜欢的选手打call吧！ O 练习生PICK榜 ​,0,0,0,0,10
idol_producer_077,罗杰,偶像练习生,合作舞台阶段,2018-03-03,2018-03-23,罗杰 偶像练习生,4220018352564078,https://m.weibo.cn/detail/4220018352564078,2018-03-21 14:37:00,@MERXIC-ROGER罗杰 我在 #偶像练习生# 练习生PICK榜上为你打call！把小心心都给你，赢取节目10s彩蛋！ O 练习生PICK榜 ​,0,0,0,0,11
idol_producer_077,罗杰,偶像练习生,合作舞台阶段,2018-03-03,2018-03-23,罗杰 偶像练习生,4220340035100837,https://m.weibo.cn/detail/4220340035100837,2018-03-22 11:55:00,#偶像练习生# #罗正# #罗杰# 手幅案例 ​,0,0,0,0,12
idol_producer_077,罗杰,偶像练习生,总决赛阶段,2018-03-24,2018-04-06,罗杰 偶像练习生,4225892794113590,https://m.weibo.cn/detail/4225892794113590,2018-04-06 19:40:00,@MERXIC-ROGER罗杰 // @ROGER罗杰全球后援会 :你好，我们从今天开始，不再是你的全民制作人，而是专属 #罗杰# 的粉丝，请多多关照// @MERXIC-ROGER罗杰 :我是 #偶像练习生# 罗杰，全民制作人，谢谢关照！,0,0,0,0,13
idol_producer_077,罗杰,偶像练习生,总决赛阶段,2018-03-24,2018-04-06,罗杰 偶像练习生,4225892756895588,https://m.weibo.cn/detail/4225892756895588,2018-04-06 19:40:00,#罗杰# // @ROGER罗杰全球后援会 :你好，我们从今天开始，不再是你的全民制作人，而是专属 #罗杰# 的粉丝，请多多关照// @MERXIC-ROGER罗杰 :我是 #偶像练习生# 罗杰，全民制作人，谢谢关照！,0,0,0,0,14
idol_producer_077,罗杰,偶像练习生,总决赛阶段,2018-03-24,2018-04-06,罗杰 偶像练习生,4225893436653325,https://m.weibo.cn/detail/4225893436653325,2018-04-06 19:42:00,#罗杰# // @我就是你狮子座的大哥啊 : #罗杰# 我的少年，未来可期 @MERXIC-ROGER罗杰 // @MERXIC-ROGER罗杰 :我是 #偶像练习生# 罗杰，全民制作人，谢谢关照！,0,0,0,0,15
idol_producer_077,罗杰,偶像练习生,总决赛阶段,2018-03-24,2018-04-06,罗杰 偶像练习生,4225893410978014,https://m.weibo.cn/detail/4225893410978014,2018-04-06 19:42:00,@MERXIC-ROGER罗杰 // @我就是你狮子座的大哥啊 : #罗杰# 我的少年，未来可期 @MERXIC-ROGER罗杰 // @MERXIC-ROGER罗杰 :我是 #偶像练习生# 罗杰，全民制作人，谢谢关照！,0,0,0,0,16
idol_producer_077,罗杰,偶像练习生,总决赛阶段,2018-03-24,2018-04-06,罗杰 偶像练习生,4225893356802136,https://m.weibo.cn/detail/4225893356802136,2018-04-06 19:42:00,#罗杰# // @我就是你狮子座的大哥啊 : #罗杰# 我的少年，未来可期 @MERXIC-ROGER罗杰 // @MERXIC-ROGER罗杰 :我是 #偶像练习生# 罗杰，全民制作人，谢谢关照！,0,0,0,0,17
idol_producer_077,罗杰,偶像练习生,总决赛阶段,2018-03-24,2018-04-06,罗杰 偶像练习生,4225894203669812,https://m.weibo.cn/detail/4225894203669812,2018-04-06 19:45:00,#罗杰# // @我就是你狮子座的大哥啊 : #罗杰# 我的少年，未来可期 @MERXIC-ROGER罗杰 // @MERXIC-ROGER罗杰 :我是 #偶像练习生# 罗杰，全民制作人，谢谢关照！,0,0,0,0,18
idol_producer_077,罗杰,偶像练习生,总决赛阶段,2018-03-24,2018-04-06,罗杰 偶像练习生,4225894467353543,https://m.weibo.cn/detail/4225894467353543,2018-04-06 19:46:00,@MERXIC-ROGER罗杰 // @我就是你狮子座的大哥啊 : #罗杰# 我的少年，未来可期 @MERXIC-ROGER罗杰 // @MERXIC-ROGER罗杰 :我是 #偶像练习生# 罗杰，全民制作人，谢谢关照！,0,0,0,0,19
idol_producer_077,罗杰,偶像练习生,总决赛阶段,2018-03-24,2018-04-06,罗杰 偶像练习生,4225894396031833,https://m.weibo.cn/detail/4225894396031833,2018-04-06 19:46:00,@MERXIC-ROGER罗杰 // @我就是你狮子座的大哥啊 : #罗杰# 我的少年，未来可期 @MERXIC-ROGER罗杰 // @MERXIC-ROGER罗杰 :我是 #偶像练习生# 罗杰，全民制作人，谢谢关照！,0,0,0,0,20
idol_producer_077,罗杰,偶像练习生,总决赛阶段,2018-03-24,2018-04-06,罗杰 偶像练习生,4225894363097297,https://m.weibo.cn/detail/4225894363097297,2018-04-06 19:46:00,#罗杰# @MERXIC-ROGER罗杰 // @我就是你狮子座的大哥啊 : #罗杰# 我的少年，未来可期 @MERXIC-ROGER罗杰 // @MERXIC-ROGER罗杰 :我是 #偶像练习生# 罗杰，全民制作人，谢谢关照！,0,0,0,0,21
idol_producer_077,罗杰,偶像练习生,总决赛阶段,2018-03-24,2018-04-06,罗杰 偶像练习生,4225894324710410,https://m.weibo.cn/detail/4225894324710410,2018-04-06 19:46:00,#罗杰# // @我就是你狮子座的大哥啊 : #罗杰# 我的少年，未来可期 @MERXIC-ROGER罗杰 // @MERXIC-ROGER罗杰 :我是 #偶像练习生# 罗杰，全民制作人，谢谢关照！,0,0,0,0,22
idol_producer_077,罗杰,偶像练习生,总决赛阶段,2018-03-24,2018-04-06,罗杰 偶像练习生,4225894300565644,https://m.weibo.cn/detail/4225894300565644,2018-04-06 19:46:00,@MERXIC-ROGER罗杰 #罗杰# // @我就是你狮子座的大哥啊 : #罗杰# 我的少年，未来可期 @MERXIC-ROGER罗杰 // @MERXIC-ROGER罗杰 :我是 #偶像练习生# 罗杰，全民制作人，谢谢关照！,0,0,0,0,23
idol_producer_077,罗杰,偶像练习生,总决赛阶段,2018-03-24,2018-04-06,罗杰 偶像练习生,4225894261780077,https://m.weibo.cn/detail/4225894261780077,2018-04-06 19:46:00,@MERXIC-ROGER罗杰 // @我就是你狮子座的大哥啊 : #罗杰# 我的少年，未来可期 @MERXIC-ROGER罗杰 // @MERXIC-ROGER罗杰 :我是 #偶像练习生# 罗杰，全民制作人，谢谢关照！,0,0,0,0,24
idol_producer_077,罗杰,偶像练习生,总决赛阶段,2018-03-24,2018-04-06,罗杰 偶像练习生,4225894698098598,https://m.weibo.cn/detail/4225894698098598,2018-04-06 19:47:00,加油// @MERXIC-ROGER罗杰 :我是 #偶像练习生# 罗杰，全民制作人，谢谢关照！,0,0,0,0,25
idol_producer_077,罗杰,偶像练习生,总决赛阶段,2018-03-24,2018-04-06,罗杰 偶像练习生,4225894677261298,https://m.weibo.cn/detail/4225894677261298,2018-04-06 19:47:00,@MERXIC-ROGER罗杰 // @MERXIC-ROGER罗杰 :我是 #偶像练习生# 罗杰，全民制作人，谢谢关照！,0,0,0,0,26
idol_producer_077,罗杰,偶像练习生,总决赛阶段,2018-03-24,2018-04-06,罗杰 偶像练习生,4225894657233904,https://m.weibo.cn/detail/4225894657233904,2018-04-06 19:47:00,#罗杰# // @MERXIC-ROGER罗杰 :我是 #偶像练习生# 罗杰，全民制作人，谢谢关照！,0,0,0,0,27
idol_producer_077,罗杰,偶像练习生,总决赛阶段,2018-03-24,2018-04-06,罗杰 偶像练习生,4225894632018731,https://m.weibo.cn/detail/4225894632018731,2018-04-06 19:47:00,// @MERXIC-ROGER罗杰 :我是 #偶像练习生# 罗杰，全民制作人，谢谢关照！,0,0,0,0,28
idol_producer_077,罗杰,偶像练习生,总决赛阶段,2018-03-24,2018-04-06,罗杰 偶像练习生,4225894547469010,https://m.weibo.cn/detail/4225894547469010,2018-04-06 19:47:00,@MERXIC-ROGER罗杰 // @我就是你狮子座的大哥啊 : #罗杰# 我的少年，未来可期 @MERXIC-ROGER罗杰 // @MERXIC-ROGER罗杰 :我是 #偶像练习生# 罗杰，全民制作人，谢谢关照！,0,0,0,0,29
idol_producer_077,罗杰,偶像练习生,总决赛阶段,2018-03-24,2018-04-06,罗杰 偶像练习生,4225894513503351,https://m.weibo.cn/detail/4225894513503351,2018-04-06 19:47:00,@MERXIC-ROGER罗杰 // @我就是你狮子座的大哥啊 : #罗杰# 我的少年，未来可期 @MERXIC-ROGER罗杰 // @MERXIC-ROGER罗杰 :我是 #偶像练习生# 罗杰，全民制作人，谢谢关照！,0,0,0,0,30
idol_producer_078,罗正,偶像练习生,排名发布阶段,2018-02-17,2018-03-02,罗正 偶像练习生,4213247122374450,https://m.weibo.cn/detail/4213247122374450,2018-03-02 22:10:00,#偶像练习生# 阿发答应过你们从初一high到十五的！所以，新春特辑最后一集来啦！ 这次由我们的主持人 @蔡徐坤 同学带领 @余明君_MJ 、 @左叶Hyman 、 @朱星杰J_zen 、 @罗正_LZ 、 @韩沐伯 这几名同学来和大家分享一下属于他们的年味儿！你们说，下半集该什么时候放出来呢 L 百分九宿舍收发室的秒拍视频 收起 d,2146,2262,5937,12607,1
idol_producer_078,罗正,偶像练习生,主题曲考核阶段,2018-01-27,2018-02-02,罗正 偶像练习生,4203106293681255,https://m.weibo.cn/detail/4203106293681255,2018-02-02 22:34:00,"#偶像练习生# 李老师 @李荣浩 进入F班教室手把手一对一声乐课教学开始！ 独特李式练唱方式：咳嗽变成“hey hey”，小仓鼠李权哲 @Lee权哲 被李老师点名表扬~ 罗正 @罗正_LZ 虽然接连失误但却受到李老师“爱的鼓励抱抱” L 《偶像练习生》【小课堂】李荣浩独创""咳嗽法""拯救假音困难症 ​",74,158,1832,2222,2
idol_producer_078,罗正,偶像练习生,排名发布阶段,2018-02-17,2018-03-02,罗正 偶像练习生,4213245668135486,https://m.weibo.cn/detail/4213245668135486,2018-03-02 22:05:00,#偶像练习生# #偶组热议# 磊子的魔爪这次又伸向了罗正 O 哈哈哈哈哈，磊子的魔爪又伸向了罗正（加上动图啦） ​,246,167,471,1051,3
idol_producer_078,罗正,偶像练习生,排名发布阶段,2018-02-17,2018-03-02,罗正 偶像练习生,4213235039263884,https://m.weibo.cn/detail/4213235039263884,2018-03-02 21:22:00,偶像练习生里有个叫罗正的男孩子非常不自信，莫不是他不照镜子吧？ 这个颜值多照镜子难道怕镜子会碎么 L 《偶像练习生》【直拍】位置测评《Always Online》罗正 ​,364,122,431,1039,4
idol_producer_078,罗正,偶像练习生,位置测评阶段,2018-02-03,2018-02-16,罗正 偶像练习生,4208161970247713,https://m.weibo.cn/detail/4208161970247713,2018-02-16 21:24:00,【 #偶像练习生# 公布40—31排名 #张艺兴# 现场向练习生学泰语】 泰国练习生黄书豪获得第41名，在非常感性的感谢大家支持自己时，张艺兴 @努力努力再努力x 要他替自己转达对泰国粉丝的想念，还现场学起了泰语，也是real有爱and好学了！31—40名： @周锐Zee @黄书豪-Mark 黄新淳 @MONKEY_OFFICIAL @罗正_LZ @张达源Darrien @CNK-李让RanG @Trainee18-贝汯璘Air @李长庚是我呀 @COSMOS-陈斯琪 @韩雍杰辅导员 L 《偶像练习生》公布40—31排名 陈斯奇绝望到提前买好回家车票 了解幕后小故事，请锁定每周五八点半上线的 #偶像有新番# 更多精彩 移动端> O 网页链接 pc端> O 网页链接 收起 d,13,83,184,363,5
idol_producer_078,罗正,偶像练习生,初评级阶段,2018-01-19,2018-01-26,罗正 偶像练习生,4200554463064819,https://m.weibo.cn/detail/4200554463064819,2018-01-26 21:34:00,#偶像练习生# #麦锐练习生# 小哥哥们的自拍原图奉上 今天的节目中，大家有捕捉到新鲜的六只吗？ @罗正_LZ @李希侃_LXK @余明君_MJ @吕晨瑜_LCY @邓烺怡_LY @孙凡杰_FJ ​,27,62,107,258,6
idol_producer_078,罗正,偶像练习生,位置测评阶段,2018-02-03,2018-02-16,罗正 偶像练习生,4208173889395800,https://m.weibo.cn/detail/4208173889395800,2018-02-16 22:11:00,#偶像练习生# #偶像练习生余明君# 晋级成功 @余明君_MJ 感谢全民制作人的投票和支持！顺位发表时一边感谢也一边泣不成声，台下是兄弟们的鼓励和呼喊，一起互相陪伴走过的风雨大家都记得呢，团魂满满的少年们，相互信任和团结的力量，会成为未来继续砥砺前行的动力 麦锐练习生，你们都是最棒的！ @罗正_LZ @李希侃_LXK @吕晨瑜_LCY @邓烺怡_LY @孙凡杰_FJ L 麦锐娱乐的秒拍视频 收起 d,14,45,154,258,7
idol_producer_078,罗正,偶像练习生,初评级阶段,2018-01-19,2018-01-26,罗正 偶像练习生,4200501954747825,https://m.weibo.cn/detail/4200501954747825,2018-01-26 18:06:00,#偶像练习生# #麦锐练习生# 您收到一个新通知：用户您好，您日思夜想期待着的小哥哥们发布了6条新朋友圈and自拍，请及时回复 @罗正_LZ @李希侃_LXK @余明君_MJ @吕晨瑜_LCY @邓烺怡_LY @孙凡杰_FJ O 今晚8点《偶像练习生》 ，走起～ ​,63,41,82,227,8
idol_producer_078,罗正,偶像练习生,位置测评阶段,2018-02-03,2018-02-16,罗正 偶像练习生,4208183649934897,https://m.weibo.cn/detail/4208183649934897,2018-02-16 22:50:00,#偶像练习生# 第一轮前60名： 蔡徐坤/陈立农/范丞丞/Justin/朱正廷/小鬼/卜凡/李权哲/何东东/尤长靖/王子异/Jeffrey/秦奋/林超泽/朱星杰/灵超/钱正昊/董岩磊/韩沐伯/丁泽仁/岳岳/左叶/徐凯皓/木子洋/郑锐彬/毕雯珺/周彦辰/林彦俊/李希侃/陆定昊/周锐/黄书豪/黄新淳/罗正/张达源/李让/贝汯璘/李长庚/陈斯琪/韩雍杰/秦子墨/武连杰/覃俊毅/娄滋博/靖佩瑶/余明君/陈名豪/明鹏/杨非同/朱匀一/伽里/凌崎/朱匀天/徐圣恩/李俊毅/张奕轩/王艺龙/姜达赫/胡致邦/梁辉 乐华女孩绝不认输 收起 d,2,32,106,172,9
idol_producer_078,罗正,偶像练习生,排名发布阶段,2018-02-17,2018-03-02,罗正 偶像练习生,4213239187828794,https://m.weibo.cn/detail/4213239187828794,2018-03-02 21:39:00,#偶像练习生# 看了双胞胎一组的表演真的是哭了。心疼+感动。小哥哥们都不容易。罗正温柔的摸头杀，木子洋第一时间的肯定，always online组都是人美心善歌甜啊。 ​,1,2,94,99,10
idol_producer_078,罗正,偶像练习生,排名发布阶段,2018-02-17,2018-03-02,罗正 偶像练习生,4213227455616957,https://m.weibo.cn/detail/4213227455616957,2018-03-02 20:52:00,#罗正 侧颜# #罗正 照镜子# 罗正照镜子事意识不到自己的帅吗？小编要是有这样的颜洗脸的时候都不舍得闭眼了~是偶像练习生中一眼就能看到的程度呀，罗正侧颜无敌了~都来听小哥哥唱歌！ L 《偶像练习生》【直拍】位置测评《Always Online》罗正 ​,6,24,20,74,11
idol_producer_078,罗正,偶像练习生,合作舞台阶段,2018-03-03,2018-03-23,罗正 偶像练习生,4220867023895310,https://m.weibo.cn/detail/4220867023895310,2018-03-23 22:49:00,#偶像练习生# 第十一期预告新鲜出炉，师生合作舞台即将火热来袭！ 你pick的少年能否与心仪的导师站上合作舞台？ 导师表演风格集体大转变， @李荣浩 @歐陽靖MCJin 导师要挑战舞蹈？ 张PD @努力努力再努力x 将会以什么样霸气的造型回归舞台？看了现场表演的阿偶表示：真的炒鸡！震！撼！大家一起期待下期节目吧 L 偶像练习生20180330预告 导师合作表演蜜汁乱入 练习生收获大惊喜 收起 d,35,5,4,49,12
idol_producer_078,罗正,偶像练习生,总决赛阶段,2018-03-24,2018-04-06,罗正 偶像练习生,4225942681242794,https://m.weibo.cn/detail/4225942681242794,2018-04-06 22:58:00,#偶像练习生# 恭喜蔡徐坤 陈立农 范丞丞 justin 朱正廷 王子异 小鬼 尤长靖八个练习生成功出道，还有没出道的我喜欢的罗正 李希侃 董岩磊 靖佩瑶 韩沐伯 朱星杰 丁泽仁 李俊毅 灵超 木子洋 周锐 山不转水转，我们江湖再见，未来可期！ ​,0,5,28,38,13
idol_producer_078,罗正,偶像练习生,合作舞台阶段,2018-03-03,2018-03-23,罗正 偶像练习生,4220869041487789,https://m.weibo.cn/detail/4220869041487789,2018-03-23 22:57:00,今天的偶像练习生看得我真是一会笑一会哭哭完了笑笑完了哭 这个节目真的挺变态的 不仅折磨练习生们还折磨全民制作人阿！！ 我看到岳岳和洋哥被淘汰的时候真的是哭到泣不成声了吧 看到灵超弟弟那么难过心里真的很难受很难受 凡子虽然话说的不多但其实也能体会到他的难过… 人各有命 富贵在天 这里只是一个起点 无论是岳岳还是木子洋 还有被淘汰的每一个练习生们 周美锐阿周彦辰啦罗正小哥哥啦…每一个你们都是很优秀很棒的人 梦想的路永远不止这一条 想对你们每一个人说一句加油！ 最后就是凡子和弟弟继续努力🙏坤音女孩陪你们走到最后 坤音四子绝不认输 我们坤音永不放弃❤ #偶像练习生# #卜凡# #坤音四子# 收起 d,0,2,27,31,14
idol_producer_078,罗正,偶像练习生,排名发布阶段,2018-02-17,2018-03-02,罗正 偶像练习生,4213250549406518,https://m.weibo.cn/detail/4213250549406518,2018-03-02 22:24:00,#偶像练习生# 我最喜欢最期待出道的： 蔡徐坤 王子异 尤长靖 jeffery 小鬼 朱正廷 郑瑞彬 范丞丞虽然我不pick，但是他肯定能出道~ 还有一个私心是罗正，虽然知道罗正的排名有点靠后，但是真的是好喜欢罗正的颜值！！！！！！！！！！！！ 还有李希侃，李权哲，毕雯珺…… 唉(๑◕︵◕๑) 九个人太少了吧 ​,0,2,18,22,15
idol_producer_078,罗正,偶像练习生,排名发布阶段,2018-02-17,2018-03-02,罗正 偶像练习生,4213247122958585,https://m.weibo.cn/detail/4213247122958585,2018-03-02 22:10:00,今天的栗子真的好可爱哈哈哈，先是被李荣浩老师夸了，还躲着老师，宝宝，老师不吃你别怕，那个美滋滋的小表情太可爱了，最后哈哈哈我们栗子从来没收到过这么大的惊吓都摔了哈哈哈哈哈哈磊子也太吓了！ ​ #罗正# #偶像练习生罗正# #复古少年罗正# ​,2,1,8,12,16
idol_producer_078,罗正,偶像练习生,排名发布阶段,2018-02-17,2018-03-02,罗正 偶像练习生,4213242006151125,https://m.weibo.cn/detail/4213242006151125,2018-03-02 21:50:00,#偶像练习生# 我发现毕雯珺，罗正那组唱Always on line 的，介绍个人的时候，背景音乐是山下智久的loveless！！！以前超爱这首歌的！ ​,0,2,7,11,17
idol_producer_078,罗正,偶像练习生,排名发布阶段,2018-02-17,2018-03-02,罗正 偶像练习生,4213236163313810,https://m.weibo.cn/detail/4213236163313810,2018-03-02 21:27:00,【罗正 照镜子 侧颜】 #偶像练习生# 罗正的侧颜，绝对是可以秒杀一切迷妹！看偶像练习生 ，喜欢蔡徐坤 的眼睛，喜欢陈立农 的笑容，喜欢罗正 的侧颜！ 有多少人是因为侧颜被 #罗正# 圈的粉？举个手🙋🙋🙋 L 《偶像练习生》【直拍】位置测评《Always Online》罗正 ​​​,0,3,3,9,18
idol_producer_078,罗正,偶像练习生,排名发布阶段,2018-02-17,2018-03-02,罗正 偶像练习生,4213227980032133,https://m.weibo.cn/detail/4213227980032133,2018-03-02 20:54:00,真真真真的急死我了 明天投票截止 救一救羅正吧 有點不自信但是個努力男孩 讓他進前35吧🙏🙏🙏 #偶像练习生# ​,0,0,8,8,19
idol_producer_078,罗正,偶像练习生,排名发布阶段,2018-02-17,2018-03-02,罗正 偶像练习生,4213237605897096,https://m.weibo.cn/detail/4213237605897096,2018-03-02 21:33:00,去看偶像练习生，拖着看，那个罗正也太帅了吧 ​,0,3,0,6,20
idol_producer_078,罗正,偶像练习生,排名发布阶段,2018-02-17,2018-03-02,罗正 偶像练习生,4213257889468284,https://m.weibo.cn/detail/4213257889468284,2018-03-02 22:53:00,#罗正# #偶像练习生罗正# 不好意思，这等假摔，我只服你 @罗正_LZ,0,0,6,6,21
idol_producer_078,罗正,偶像练习生,合作舞台阶段,2018-03-03,2018-03-23,罗正 偶像练习生,4220869025017349,https://m.weibo.cn/detail/4220869025017349,2018-03-23 22:57:00,"目前私心希望出道的人有蔡徐坤，朱正廷，范丞丞，Justin，Jeffrey,林彦俊，王子异。陈立农肯定也会有的，剩下一个suprise me 吧!希望是惊喜，不要是惊吓!希望各方面能跟这个团搭一点吧！好像这个团rapper比较多啊，希望大家以后能够balence一下吧!还有，真心喜欢Jeffrey,不是因为他家世多么显赫，而是因为他在那么好的外在条件下还可以这么有礼貌，这么谦虚!可爱哈哈哈!子异也很非常优秀!林彦俊哈哈哈新头发还不错!送走的练习生很多都很不错，罗正，希望去演戏吧！不要浪费那么好的颜!周锐，也可以发展发展演戏道路哈哈!木子洋继续时尚道路吧！丁泽仁继续加油，实力很强的练习生,今天换了发型真的get到颜了!李权哲，很可爱的练习生，也是有实力的练习生，加油!娄滋博确定是要回河南种地吗？哈哈哈，其实还蛮有可塑性的。韩沐伯真的是可惜了，有才唱歌也很好!回去和左叶继续加油!周彦辰，真的，实力也很强!感谢 #偶像练习生# 让我认识了你们!加油!我也要加油! 收起 d",0,3,0,6,22
idol_producer_078,罗正,偶像练习生,排名发布阶段,2018-02-17,2018-03-02,罗正 偶像练习生,4213258367277028,https://m.weibo.cn/detail/4213258367277028,2018-03-02 22:55:00,#罗正# #偶像练习生罗正# 栗子壳们不要忘了多多关注罗正LZ后援会的Twitter 和 Ins账号喔!~~~ @罗正_LZ 很多新壳子可能不知道。 栗子的泰国饭和日本饭，韩国饭，都很多呀。愿意加入我们的栗子壳也可以私信撩起来。为栗子战斗，不要忘了投票打榜送礼物~~~!!! 收起 d,0,0,5,5,23
idol_producer_078,罗正,偶像练习生,排名发布阶段,2018-02-17,2018-03-02,罗正 偶像练习生,4213258724871044,https://m.weibo.cn/detail/4213258724871044,2018-03-02 22:57:00,罗正怎么那么帅 #偶像练习生# ​,0,0,3,3,24
idol_producer_078,罗正,偶像练习生,排名发布阶段,2018-02-17,2018-03-02,罗正 偶像练习生,4213253674538767,https://m.weibo.cn/detail/4213253674538767,2018-03-02 22:36:00,#偶像练习生# 看节目的时候，意外的被一闪而过的小哥哥惊艳了，然后倒回去看了一遍狂截屏，不过正好他的铭牌被挡住了，只看到了写着34号，好不容易等到他出来，发现他表演的时候颜值怎么又没感觉了，我觉得这可能又是一个不适合浓妆的娃了， #罗正# 小哥哥，我是不是以前在哪里看过你啊 好熟悉的帅气 收起 d,0,1,0,2,25
idol_producer_078,罗正,偶像练习生,合作舞台阶段,2018-03-03,2018-03-23,罗正 偶像练习生,4220865048205854,https://m.weibo.cn/detail/4220865048205854,2018-03-23 22:41:00,一直在追偶像练习生，越努力越幸运，感觉收货很多，我最喜欢的小哥哥们 罗正小哥哥，很喜欢你哦，你的笑容真的很温暖人心，希望以后的你很努力，和你一起加油(ง •̀_•́)ง @罗正_LZ ​,0,0,2,2,26
idol_producer_078,罗正,偶像练习生,合作舞台阶段,2018-03-03,2018-03-23,罗正 偶像练习生,4220866986511310,https://m.weibo.cn/detail/4220866986511310,2018-03-23 22:49:00,哈哈哈哈哈罗正被吓飞！！！ 吓到腿软！吓到模糊！ 太可爱了吧 #偶像练习生罗正# ​,0,1,0,2,27
idol_producer_078,罗正,偶像练习生,合作舞台阶段,2018-03-03,2018-03-23,罗正 偶像练习生,4220868722831167,https://m.weibo.cn/detail/4220868722831167,2018-03-23 22:56:00,#罗正# #偶像练习生罗正# 小哥哥来微博了吗， 小哥哥你加油， 栗子壳永远陪着你 sJxndkxnm ↑语言混乱不造说什么了 ​,0,0,2,2,28
idol_producer_078,罗正,偶像练习生,排名发布阶段,2018-02-17,2018-03-02,罗正 偶像练习生,4213225647893663,https://m.weibo.cn/detail/4213225647893663,2018-03-02 20:45:00,@罗正_LZ 我在 #偶像练习生# 练习生PICK榜上为你打call！把小心心都给你，赢取节目10s彩蛋！ O 练习生PICK榜 ​,0,0,0,0,29
idol_producer_078,罗正,偶像练习生,排名发布阶段,2018-02-17,2018-03-02,罗正 偶像练习生,4213225618472392,https://m.weibo.cn/detail/4213225618472392,2018-03-02 20:45:00,#偶像练习生# 我向 @罗正_LZ 送出了加油卡！我pick的小哥哥全世界最棒！大家快来一起给你喜欢的选手打call吧！ O 练习生PICK榜 ​,0,0,0,0,30
idol_producer_079,胡致邦,偶像练习生,合作舞台阶段,2018-03-03,2018-03-23,胡致邦 偶像练习生,4220794135793580,https://m.weibo.cn/detail/4220794135793580,2018-03-23 18:00:00,#爱豆安利show# #星饭团周五见# 本期我们请来了偶像练习生 @胡致邦Jack 想了解宿舍趣事？ @KilaKila (原 @红豆Live ) KilaKila:超级星饭团的直播间 ​,3,3369,812,7553,1
idol_producer_079,胡致邦,偶像练习生,合作舞台阶段,2018-03-03,2018-03-23,胡致邦 偶像练习生,4220707610647851,https://m.weibo.cn/detail/4220707610647851,2018-03-23 12:16:00,我永远记得cover 幕后花絮 #偶像练习生# 大舅 @李俊毅小毅xiah ：说的我自己好想哭啊 邦邦 @胡致邦Jack ：我不想 大舅：hello？ L 点星文化SparkingTalent的秒拍视频 ​,123,91,302,607,2
idol_producer_079,胡致邦,偶像练习生,位置测评阶段,2018-02-03,2018-02-16,胡致邦 偶像练习生,4208183649934897,https://m.weibo.cn/detail/4208183649934897,2018-02-16 22:50:00,#偶像练习生# 第一轮前60名： 蔡徐坤/陈立农/范丞丞/Justin/朱正廷/小鬼/卜凡/李权哲/何东东/尤长靖/王子异/Jeffrey/秦奋/林超泽/朱星杰/灵超/钱正昊/董岩磊/韩沐伯/丁泽仁/岳岳/左叶/徐凯皓/木子洋/郑锐彬/毕雯珺/周彦辰/林彦俊/李希侃/陆定昊/周锐/黄书豪/黄新淳/罗正/张达源/李让/贝汯璘/李长庚/陈斯琪/韩雍杰/秦子墨/武连杰/覃俊毅/娄滋博/靖佩瑶/余明君/陈名豪/明鹏/杨非同/朱匀一/伽里/凌崎/朱匀天/徐圣恩/李俊毅/张奕轩/王艺龙/姜达赫/胡致邦/梁辉 乐华女孩绝不认输 收起 d,2,32,106,172,3
idol_producer_079,胡致邦,偶像练习生,排名发布阶段,2018-02-17,2018-03-02,胡致邦 偶像练习生,4213245776511308,https://m.weibo.cn/detail/4213245776511308,2018-03-02 22:05:00,#偶像练习生# 又跳了个墙头 李希侃哈哈哈哈 固定pick 蔡徐坤 justin 李权哲 胡致邦 林超泽 不固定的有好多哈哈哈 都是墙头 救救邦邦好嘛 想看他好好的唱一次vocal 拜托活过这次的排名 还有每次都可怜兮兮的仓鼠 现场投票排名而已 最终一位对坤坤有自信 然后 晚安 明天要上班的人 ​,0,15,35,65,4
idol_producer_079,胡致邦,偶像练习生,初评级阶段,2018-01-19,2018-01-26,胡致邦 偶像练习生,4200571088710518,https://m.weibo.cn/detail/4200571088710518,2018-01-26 22:40:00,#胡致邦# #偶像练习生胡致邦# 我们邦邦真的是可爱多长大的,14,3,19,39,5
idol_producer_079,胡致邦,偶像练习生,总决赛阶段,2018-03-24,2018-04-06,胡致邦 偶像练习生,4225889019811242,https://m.weibo.cn/detail/4225889019811242,2018-04-06 19:25:00,#偶像练习生胡致邦# 🎉 #胡致邦可爱# 大哥可以和我合照吗哈哈哈哈哈哈哈哈哈哈哈哈 @胡致邦Jack ​,15,1,21,38,6
idol_producer_079,胡致邦,偶像练习生,合作舞台阶段,2018-03-03,2018-03-23,胡致邦 偶像练习生,4220814385114264,https://m.weibo.cn/detail/4220814385114264,2018-03-23 19:20:00,#片场妹发福利# 周末要到了，片场妹为大家捕捉到了 #偶像练习生# 中超可爱的 @胡致邦Jack ～你喜欢他么？在评论区留下你觉得邦邦最努力的瞬间，关注 @我在片场 ，转发本条微博并@ 三名好友，截至 O 27日12：00 ，片场妹将用 @微博抽奖平台 抽两位小可爱分别送出一张 #胡致邦# 亲笔签名照～ ​​​ 收起 d,5,15,2,37,7
idol_producer_079,胡致邦,偶像练习生,排名发布阶段,2018-02-17,2018-03-02,胡致邦 偶像练习生,4213248528210737,https://m.weibo.cn/detail/4213248528210737,2018-03-02 22:16:00, 偶像练习生超话 ，我点评了 #偶像练习生# 路人 pick一下 蔡徐坤（好看全能） 胡致邦（邦邦好可爱嘤嘤~） 徐圣恩（rap厉害了~(˘▾˘)~artist最喜欢的part） 尤长靖（综艺感太好了✪ω✪vocal很厉害） 以上小哥哥会固定投票 剩下10票…看剧情…剧情粉每次戳泪点的小哥哥固定投一周 小哥哥们加油咯 收起 d,0,1,13,15,8
idol_producer_079,胡致邦,偶像练习生,初评级阶段,2018-01-19,2018-01-26,胡致邦 偶像练习生,4200559021980231,https://m.weibo.cn/detail/4200559021980231,2018-01-26 21:52:00,#偶像练习生# 话题下10分钟内pick #李权哲# #justin黄明昊# #陈立农# #胡致邦# #jeffery# #idolproducer# 话题2分钟下，因为实在太多而且已经被泰国粉丝包围了，听到泰国歌集体高潮 ​,0,0,7,7,9
idol_producer_079,胡致邦,偶像练习生,合作舞台阶段,2018-03-03,2018-03-23,胡致邦 偶像练习生,4220485891475805,https://m.weibo.cn/detail/4220485891475805,2018-03-22 21:35:00,#探出小脑袋# #我是一个萌萌兔# #冒个泡# 自画像，非常好 #胡致邦# #偶像练习生胡致邦# 但是，不要噗我 @胡致邦Jack ，哈哈哈 邦邦❤加油哦 爱你 ​,0,0,5,5,10
idol_producer_079,胡致邦,偶像练习生,总决赛阶段,2018-03-24,2018-04-06,胡致邦 偶像练习生,4225891679078075,https://m.weibo.cn/detail/4225891679078075,2018-04-06 19:35:00,#胡致邦# 合照吧 // @胡致邦Jack :我是 #偶像练习生# 胡致邦，全民制作人，谢谢关照。,0,0,5,5,11
idol_producer_079,胡致邦,偶像练习生,合作舞台阶段,2018-03-03,2018-03-23,胡致邦 偶像练习生,4220465943558865,https://m.weibo.cn/detail/4220465943558865,2018-03-22 20:15:00,我正在爱奇艺看【希望你们可以喜欢这份礼物】多年之后，我们老了，再回来看看这个，会嘴角微扬，想起这段一辈子的回忆。 我永远记得COVER【邦邦 大舅】 #胡致邦# #李俊毅# #偶像练习生# ，快来 @爱奇艺 一起看！ O 网页链接 你努力的样子真好看# ​,0,2,0,4,12
idol_producer_079,胡致邦,偶像练习生,排名发布阶段,2018-02-17,2018-03-02,胡致邦 偶像练习生,4213240802763339,https://m.weibo.cn/detail/4213240802763339,2018-03-02 21:45:00,#偶像练习生# 投票倒计时只有一天了 大家救救 #胡致邦# 吧 让小孩再呆一轮吧 让他展现下vocal的实力吧 O 网页链接 ​,0,1,1,3,13
idol_producer_079,胡致邦,偶像练习生,总决赛阶段,2018-03-24,2018-04-06,胡致邦 偶像练习生,4225899580144184,https://m.weibo.cn/detail/4225899580144184,2018-04-06 20:07:00,#偶像练习生# #胡致邦# #秦子墨# 这两位练习生练到自己叫什么名字都忘记了 @胡致邦Jack @秦子墨_Mo ​,0,0,3,3,14
idol_producer_079,胡致邦,偶像练习生,初评级阶段,2018-01-19,2018-01-26,胡致邦 偶像练习生,4200575278939890,https://m.weibo.cn/detail/4200575278939890,2018-01-26 22:57:00,好啊！被剪了吗……// @可爱到不像话 :很好啊！// @点星文化SparkingTalent : #胡致邦# #偶像练习生胡致邦# 我们邦邦真的是可爱多长大的,0,1,0,2,15
idol_producer_079,胡致邦,偶像练习生,排名发布阶段,2018-02-17,2018-03-02,胡致邦 偶像练习生,4213257939918269,https://m.weibo.cn/detail/4213257939918269,2018-03-02 22:53:00,#偶像练习生# #丁泽仁# #胡致邦#,0,1,0,2,16
idol_producer_079,胡致邦,偶像练习生,合作舞台阶段,2018-03-03,2018-03-23,胡致邦 偶像练习生,4220621279936151,https://m.weibo.cn/detail/4220621279936151,2018-03-23 06:33:00,我正在爱奇艺看【希望你们可以喜欢这份礼物】多年之后，我们老了，再回来看看这个，会嘴角微扬，想起这段一辈子的回忆。 我永远记得COVER【邦邦 大舅】 #胡致邦# #李俊毅# #偶像练习生# ，快来 @爱奇艺 一起看！ O 网页链接 李俊毅小毅xiah ​,0,1,0,2,17
idol_producer_079,胡致邦,偶像练习生,总决赛阶段,2018-03-24,2018-04-06,胡致邦 偶像练习生,4225887555218949,https://m.weibo.cn/detail/4225887555218949,2018-04-06 19:19:00,别激动哈哈哈哈哈哈哈哈哈哈哈哈哈哈哈哈哈哈哈哈哈哈哈哈 查看图片 // @胡致邦Jack :我是 #偶像练习生# 胡致邦，全民制作人，谢谢关照。,0,1,0,2,18
idol_producer_079,胡致邦,偶像练习生,合作舞台阶段,2018-03-03,2018-03-23,胡致邦 偶像练习生,4220504568784337,https://m.weibo.cn/detail/4220504568784337,2018-03-22 22:49:00,现在的练习生怎么什么都会 听见了听见了 // @点星文化SparkingTalent :《我永远记得》的舞蹈视频是邦邦 @胡致邦Jack 亲自剪辑的，他心里想说的好多话，你们听见了吗？ #胡致邦# #偶像练习生# 查看图片,1,0,0,1,19
idol_producer_079,胡致邦,偶像练习生,总决赛阶段,2018-03-24,2018-04-06,胡致邦 偶像练习生,4225893536529135,https://m.weibo.cn/detail/4225893536529135,2018-04-06 19:43:00,继续关照 // @胡致邦Jack :我是 #偶像练习生# 胡致邦，全民制作人，谢谢关照。,0,0,1,1,20
idol_producer_079,胡致邦,偶像练习生,总决赛阶段,2018-03-24,2018-04-06,胡致邦 偶像练习生,4225896128190976,https://m.weibo.cn/detail/4225896128190976,2018-04-06 19:53:00,// @胡致邦Jack :我是 #偶像练习生# 胡致邦，全民制作人，谢谢关照。,0,0,1,1,21
idol_producer_079,胡致邦,偶像练习生,总决赛阶段,2018-03-24,2018-04-06,胡致邦 偶像练习生,4225896267626494,https://m.weibo.cn/detail/4225896267626494,2018-04-06 19:54:00,合照吧邦邦麻麻爱你 // @胡致邦Jack :我是 #偶像练习生# 胡致邦，全民制作人，谢谢关照。,0,0,1,1,22
idol_producer_079,胡致邦,偶像练习生,排名发布阶段,2018-02-17,2018-03-02,胡致邦 偶像练习生,4213245156499409,https://m.weibo.cn/detail/4213245156499409,2018-03-02 22:03:00,皮一下超可爱 #胡致邦# 邦邦加油// @点星文化SparkingTalent : #胡致邦# #偶像练习生# @梁詠琪 澳洲第一粉头 @胡致邦Jack 宇宙合金万世不朽实力认证！！！,0,0,0,0,23
idol_producer_079,胡致邦,偶像练习生,排名发布阶段,2018-02-17,2018-03-02,胡致邦 偶像练习生,4213245818375454,https://m.weibo.cn/detail/4213245818375454,2018-03-02 22:05:00,@胡致邦Jack 我在 #偶像练习生# 练习生PICK榜上为你打call！把小心心都给你，赢取节目10s彩蛋！ O 练习生PICK榜 ​,0,0,0,0,24
idol_producer_079,胡致邦,偶像练习生,排名发布阶段,2018-02-17,2018-03-02,胡致邦 偶像练习生,4213245784555071,https://m.weibo.cn/detail/4213245784555071,2018-03-02 22:05:00,#偶像练习生# 我向 @胡致邦Jack 送出了加油卡！我pick的小哥哥全世界最棒！大家快来一起给你喜欢的选手打call吧！ O 练习生PICK榜 ​,0,0,0,0,25
idol_producer_079,胡致邦,偶像练习生,排名发布阶段,2018-02-17,2018-03-02,胡致邦 偶像练习生,4213247211664337,https://m.weibo.cn/detail/4213247211664337,2018-03-02 22:11:00,#偶像练习生# #偶像练习生蔡徐坤# @爱奇艺偶像练习生 1.蔡徐坤2.范丞丞3.朱星杰4.胡致邦5.木子洋6.林彦俊,0,0,0,0,26
idol_producer_079,胡致邦,偶像练习生,排名发布阶段,2018-02-17,2018-03-02,胡致邦 偶像练习生,4213255670681720,https://m.weibo.cn/detail/4213255670681720,2018-03-02 22:44:00,皮一下真的吓得人砰砰跳 投你还不成么 // @点星文化SparkingTalent : #胡致邦# #偶像练习生# @梁詠琪 澳洲第一粉头 @胡致邦Jack 宇宙合金万世不朽实力认证！！！,0,0,0,0,27
idol_producer_079,胡致邦,偶像练习生,排名发布阶段,2018-02-17,2018-03-02,胡致邦 偶像练习生,4213257168396941,https://m.weibo.cn/detail/4213257168396941,2018-03-02 22:50:00,@胡致邦Jack 我在 #偶像练习生# 练习生PICK榜上为你打call！把小心心都给你，赢取节目10s彩蛋！ O 练习生PICK榜 ​,0,0,0,0,28
idol_producer_079,胡致邦,偶像练习生,排名发布阶段,2018-02-17,2018-03-02,胡致邦 偶像练习生,4213257131072931,https://m.weibo.cn/detail/4213257131072931,2018-03-02 22:50:00,@胡致邦Jack 我在 #偶像练习生# 练习生PICK榜上为你打call！把小心心都给你，赢取节目10s彩蛋！ O 练习生PICK榜 ​,0,0,0,0,29
idol_producer_079,胡致邦,偶像练习生,排名发布阶段,2018-02-17,2018-03-02,胡致邦 偶像练习生,4213257097448851,https://m.weibo.cn/detail/4213257097448851,2018-03-02 22:50:00,#偶像练习生# 我向 @胡致邦Jack 送出了加油卡！我pick的小哥哥全世界最棒！大家快来一起给你喜欢的选手打call吧！ O 练习生PICK榜 ​,0,0,0,0,30
idol_producer_080,董岩磊,偶像练习生,合作舞台阶段,2018-03-03,2018-03-23,董岩磊 偶像练习生,4220738393123873,https://m.weibo.cn/detail/4220738393123873,2018-03-23 14:18:00,你的磊子 @董岩磊 出现在 #据说大咖# 啦，给自己在《 #偶像练习生# 》中的表现打了50分，回应了“跳舞像熊二蹦迪”的评论；如果可以和 #张艺兴# 合作想给他做饭 记不住动作就捶门；被粉丝踢出群后，保证不再皮了 这么可爱的弟弟，不pick一下嘛？更多独家爆料→ L 据说娱乐的秒拍视频 ​,717,695,4187,6294,1
idol_producer_080,董岩磊,偶像练习生,合作舞台阶段,2018-03-03,2018-03-23,董岩磊 偶像练习生,4220708550494433,https://m.weibo.cn/detail/4220708550494433,2018-03-23 12:19:00,#董又霖# ✨ #偶像练习生# @Jeffrey董又霖 和 @董岩磊 令人印象深刻的初次见面，想必也是很多人看节目的原因吧！,1387,20,41,1468,2
idol_producer_080,董岩磊,偶像练习生,位置测评阶段,2018-02-03,2018-02-16,董岩磊 偶像练习生,4208183649934897,https://m.weibo.cn/detail/4208183649934897,2018-02-16 22:50:00,#偶像练习生# 第一轮前60名： 蔡徐坤/陈立农/范丞丞/Justin/朱正廷/小鬼/卜凡/李权哲/何东东/尤长靖/王子异/Jeffrey/秦奋/林超泽/朱星杰/灵超/钱正昊/董岩磊/韩沐伯/丁泽仁/岳岳/左叶/徐凯皓/木子洋/郑锐彬/毕雯珺/周彦辰/林彦俊/李希侃/陆定昊/周锐/黄书豪/黄新淳/罗正/张达源/李让/贝汯璘/李长庚/陈斯琪/韩雍杰/秦子墨/武连杰/覃俊毅/娄滋博/靖佩瑶/余明君/陈名豪/明鹏/杨非同/朱匀一/伽里/凌崎/朱匀天/徐圣恩/李俊毅/张奕轩/王艺龙/姜达赫/胡致邦/梁辉 乐华女孩绝不认输 收起 d,2,32,106,172,3
idol_producer_080,董岩磊,偶像练习生,位置测评阶段,2018-02-03,2018-02-16,董岩磊 偶像练习生,4208084824228441,https://m.weibo.cn/detail/4208084824228441,2018-02-16 16:17:00,朱正廷 董岩磊 抢西瓜，哈哈！ @爱奇艺偶像练习生 最后正正抢到了。 ​,0,3,45,51,4
idol_producer_080,董岩磊,偶像练习生,合作舞台阶段,2018-03-03,2018-03-23,董岩磊 偶像练习生,4220810464192973,https://m.weibo.cn/detail/4220810464192973,2018-03-23 19:04:00,【视频：《偶像练习生》董岩磊自爆想给张艺兴做饭】（分享 @爱奇艺 ） L 《偶像练习生》董岩磊自爆想给张艺兴做饭 ​,4,8,30,50,5
idol_producer_080,董岩磊,偶像练习生,总决赛阶段,2018-03-24,2018-04-06,董岩磊 偶像练习生,4225942681242794,https://m.weibo.cn/detail/4225942681242794,2018-04-06 22:58:00,#偶像练习生# 恭喜蔡徐坤 陈立农 范丞丞 justin 朱正廷 王子异 小鬼 尤长靖八个练习生成功出道，还有没出道的我喜欢的罗正 李希侃 董岩磊 靖佩瑶 韩沐伯 朱星杰 丁泽仁 李俊毅 灵超 木子洋 周锐 山不转水转，我们江湖再见，未来可期！ ​,0,5,28,38,6
idol_producer_080,董岩磊,偶像练习生,合作舞台阶段,2018-03-03,2018-03-23,董岩磊 偶像练习生,4220718596193224,https://m.weibo.cn/detail/4220718596193224,2018-03-23 12:59:00,偶像练习生中的山东人，韩沐伯木子洋卜凡董岩磊范丞丞，人缘都很好啊，看着就很nice。为他们打call。还有卜凡董岩磊范丞丞都很爱串个门，老乡加油！ ​,0,3,29,35,7
idol_producer_080,董岩磊,偶像练习生,排名发布阶段,2018-02-17,2018-03-02,董岩磊 偶像练习生,4213176813595865,https://m.weibo.cn/detail/4213176813595865,2018-03-02 17:31:00,#偶像练习生# 哈哈哈哈哈哈😂我在豆瓣小组看到一个人留言说，给靖佩瑶投票是因为期待靖佩瑶和董岩磊再次重逢烩面 （因为两家都是第二首歌），然后让靖佩瑶把那一巴掌打回来…哈哈哈哈哈哈哈 不敢不敢 我们瑶瑶不是那么暴力的人 ​,1,12,9,34,8
idol_producer_080,董岩磊,偶像练习生,总决赛阶段,2018-03-24,2018-04-06,董岩磊 偶像练习生,4225941833622713,https://m.weibo.cn/detail/4225941833622713,2018-04-06 22:55:00,董岩磊对不起，对不起，对不起，对不起，对不起，对不起...没能送你偶像练习生9人c位出道，都怪我不好，都怪我没有买终身制的农夫山泉矿泉水矿泉水，还是买的太少了，对不起，对不起...... ​,0,12,8,32,9
idol_producer_080,董岩磊,偶像练习生,排名发布阶段,2018-02-17,2018-03-02,董岩磊 偶像练习生,4213216655691169,https://m.weibo.cn/detail/4213216655691169,2018-03-02 20:09:00,#偶像练习生董岩磊# 磊子真的要笑死我😂😂😂 你们的反应real搞笑😂 ​,3,3,19,28,10
idol_producer_080,董岩磊,偶像练习生,总决赛阶段,2018-03-24,2018-04-06,董岩磊 偶像练习生,4225940332519305,https://m.weibo.cn/detail/4225940332519305,2018-04-06 22:49:00,偶像练习生九位出道终于确定了，什么范丞丞爸妈，蔡徐坤爸妈，王子异家还有尤长靖朱正廷腹肌陈立农黑人等等对我来说都不重要，重要的是你的磊子终于毕业，董岩磊要走花路了，恭喜董岩磊毕业 你是最胖的 ​,0,1,24,26,11
idol_producer_080,董岩磊,偶像练习生,主题曲考核阶段,2018-01-27,2018-02-02,董岩磊 偶像练习生,4202986341305781,https://m.weibo.cn/detail/4202986341305781,2018-02-02 14:38:00,#北京校草# #偶像练习生# 姓名：董岩磊 身高：187cm 体重：75kg 学校：北京服装表演学院服装表演专业 爱好：唱歌、跳舞 微博ID： @董岩磊 ​ （粉丝投稿） ​,2,1,21,25,12
idol_producer_080,董岩磊,偶像练习生,合作舞台阶段,2018-03-03,2018-03-23,董岩磊 偶像练习生,4220718541582526,https://m.weibo.cn/detail/4220718541582526,2018-03-23 12:59:00,#偶像练习生# rap小哥哥们的神剪辑！ #范丞丞# 要被玩坏了 #黄明昊# 真的黄三岁哈哈哈哈！很喜欢hip-hop的 #钱正昊# 弟弟，想学说唱的 #董岩磊# ，我是rapper的 #秦奋roi# ，期待你们更好的表现～ L 饭爱豆的秒拍视频 ​​​,0,7,5,19,13
idol_producer_080,董岩磊,偶像练习生,初评级阶段,2018-01-19,2018-01-26,董岩磊 偶像练习生,4200486569367061,https://m.weibo.cn/detail/4200486569367061,2018-01-26 17:05:00,新一期的 #偶像练习生# 今晚播出！等待更新的你慈妹儿跟你一样着急，赶紧让慈妹儿刷两张我家四石哥哥 #董岩磊# 的美颜压压惊，大磊磊继续加油哇！ @董岩磊全球后援会官博 ​,2,1,8,12,14
idol_producer_080,董岩磊,偶像练习生,合作舞台阶段,2018-03-03,2018-03-23,董岩磊 偶像练习生,4220832110615518,https://m.weibo.cn/detail/4220832110615518,2018-03-23 20:30:00,#偶像练习生# 谢谢你们💕丁泽仁💕周彦辰💕周锐💕岳岳💕杨非同💕韩沐伯💕娄兹博💕董岩磊💕更美好的未来在路上💪 ​,0,1,10,12,15
idol_producer_080,董岩磊,偶像练习生,合作舞台阶段,2018-03-03,2018-03-23,董岩磊 偶像练习生,4220857356310945,https://m.weibo.cn/detail/4220857356310945,2018-03-23 22:11:00,最近才开始看偶像练习生.. 打从心里觉得 这些男生都挺可爱的 自己还年轻了一把 最近活力up up 看了第一期就对钱正昊印象很深 感觉自己比起跳舞 rap还是唱歌能让我触动下 这弟弟真的太佛系了 不争不抢话也不多 尤长靖的高音也有点nice Jeffrey真的是很呆 之前看弹幕董岩磊争议不小 觉得他占位子 但是看他们日常 他人缘很好 也很努力努力 实力来说...相比之下真的差的..有些大了 哎 收起 d,0,5,0,10,16
idol_producer_080,董岩磊,偶像练习生,主题曲考核阶段,2018-01-27,2018-02-02,董岩磊 偶像练习生,4203109934181960,https://m.weibo.cn/detail/4203109934181960,2018-02-02 22:49:00,#张艺兴# #偶像练习生# 今晚这期太好笑了！！！！！！第一次看选秀节目笑出🐷 声！！董岩磊，你不要当偶像练习生了，你直接出道做综艺咖吧，一定红！！太可爱了，太实诚了，太无厘头了！看张艺兴笑成了欢欢，你们就知道这一期有多好玩了！！ ​,1,0,8,9,17
idol_producer_080,董岩磊,偶像练习生,排名发布阶段,2018-02-17,2018-03-02,董岩磊 偶像练习生,4213201761539024,https://m.weibo.cn/detail/4213201761539024,2018-03-02 19:10:00,《偶像练习生》幕后花絮：秦奋选歌一波三折 遇黑洞董岩磊崩溃 L 扒皮音乐圈的秒拍视频 ​,0,1,5,7,18
idol_producer_080,董岩磊,偶像练习生,主题曲考核阶段,2018-01-27,2018-02-02,董岩磊 偶像练习生,4203029186177638,https://m.weibo.cn/detail/4203029186177638,2018-02-02 17:28:00,#偶像练习生# 开播以来，慈妹儿就收到各位亲朋好友和陌生小粉丝的微信消息和微博留言，最近还收到了一封“爱的小信封”，中心主旨就一个：“慈妹儿家 @董岩磊 太帅啦”~当然，在光鲜亮丽的背后，有着四石哥哥无数个日夜的辛苦付出~别忘了今晚8点 @爱奇艺偶像练习生 ，继续关注他 @董岩磊全球后援会官博 O 《偶像练习生》热播，慈妹儿收到一位小迷妹的爱心邮件 收起 d,1,0,5,6,19
idol_producer_080,董岩磊,偶像练习生,排名发布阶段,2018-02-17,2018-03-02,董岩磊 偶像练习生,4213226231560694,https://m.weibo.cn/detail/4213226231560694,2018-03-02 20:47:00,#偶像练习生# 我向 @董岩磊 送出了加油卡！我pick的小哥哥全世界最棒！大家快来一起给你喜欢的选手打call吧！ O 练习生PICK榜 ​,0,0,6,6,20
idol_producer_080,董岩磊,偶像练习生,总决赛阶段,2018-03-24,2018-04-06,董岩磊 偶像练习生,4225920195735111,https://m.weibo.cn/detail/4225920195735111,2018-04-06 21:29:00,#董岩磊# #卜凡# #娄滋博# 【偶练】练习生最好笑排名Top5 #哔哩哔哩# O 网页链接 #偶像练习生# ​,0,3,0,6,21
idol_producer_080,董岩磊,偶像练习生,总决赛阶段,2018-03-24,2018-04-06,董岩磊 偶像练习生,4225925060965734,https://m.weibo.cn/detail/4225925060965734,2018-04-06 21:48:00,#你的磊子突然出现# #偶像练习生# #董岩磊# 又看到快乐源泉董岩磊了 L 新界肥牛的秒拍视频 ​,0,0,6,6,22
idol_producer_080,董岩磊,偶像练习生,初评级阶段,2018-01-19,2018-01-26,董岩磊 偶像练习生,4200505100483996,https://m.weibo.cn/detail/4200505100483996,2018-01-26 18:18:00,发完这条微博，就有小胖友私信慈妹儿：“想念四石哥哥 #董岩磊# 这件事儿~两张动图怎么够！” 好啦，实不相瞒，其实慈妹儿早就把 #偶像练习生# @董岩磊 当期vj花絮反复阅读了 @董岩磊全球后援会官博 O 网页链接,0,0,5,5,23
idol_producer_080,董岩磊,偶像练习生,总决赛阶段,2018-03-24,2018-04-06,董岩磊 偶像练习生,4225940298820753,https://m.weibo.cn/detail/4225940298820753,2018-04-06 22:49:00,#偶像练习生# 我心中的…… 蔡徐坤（当之无愧）、朱正廷（腹肌、礼貌）、秦奋（心疼、为人好）、小鬼（阳光可爱）、卜凡（搞笑wave）、灵超（森林里的小鹿）、娄滋博（跳舞巨帅、皮萌）、董岩磊(嗦油的烩面，全部都忘掉)、尤长靖(实力vocal)、钱正昊（呆萌多变） 最爱的还是张PD ​​​,0,2,1,5,24
idol_producer_080,董岩磊,偶像练习生,排名发布阶段,2018-02-17,2018-03-02,董岩磊 偶像练习生,4213175199413938,https://m.weibo.cn/detail/4213175199413938,2018-03-02 17:25:00,我参与了 @国内组合贴吧 发起的投票 【 #偶像练习生# 里谁是你心目中第一颜值担当{第三组}】，我投给了“董岩磊”这个选项。你也快来表态吧~http://t.cn/RELNwmT ​,0,2,0,4,25
idol_producer_080,董岩磊,偶像练习生,合作舞台阶段,2018-03-03,2018-03-23,董岩磊 偶像练习生,4220815367192795,https://m.weibo.cn/detail/4220815367192795,2018-03-23 19:24:00,偶像练习生传说中的神秘巨星是谁？朱正廷说他也怕我，justin说他与第一印象反差最大，范丞丞说是他老大，董岩磊说他最爱串门，小鬼说对他印象最深，你猜对了吗？就是我们的卜凡，神秘组织的老大。今晚给他们打call。 ​,0,0,4,4,26
idol_producer_080,董岩磊,偶像练习生,初评级阶段,2018-01-19,2018-01-26,董岩磊 偶像练习生,4200526013344691,https://m.weibo.cn/detail/4200526013344691,2018-01-26 19:41:00,【王嘉尔《偶像练习生》变身细节控 强调服装曲风统一】的王嘉尔大展温暖幽默的一面。在练习生董岩磊表演时，王嘉尔不断鼓励他“音乐没有正确答案，不要怕”，在他即兴表演失误后，大喊... 原文： O 王嘉尔《偶像练习生》变身细节控 强调服装曲风统一 （分享自 @微博搜索 ） ​,0,0,3,3,27
idol_producer_080,董岩磊,偶像练习生,合作舞台阶段,2018-03-03,2018-03-23,董岩磊 偶像练习生,4220764267565118,https://m.weibo.cn/detail/4220764267565118,2018-03-23 16:01:00,#蔡徐坤# #偶像练习生# 董岩磊刚离开偶像练习生，就接到了大制作电视剧？ 《偶像练习生》在爱奇艺如火如荼，热度堪比之前 的《中国有嘻哈》。经过两次淘汰，现在只剩下35名了。 其中60进35名的时候，练习生董岩磊遗憾被淘汰。最近，电视剧《风暴舞》即将开拍，被淘汰的董岩磊有望参演电视剧。这是他离开《偶像练习生》之后的第一个消息。 董岩磊在练习生中的舞蹈和唱歌实力并不是很强，但是还是有很多人非常喜欢他，通过节目中也可以看出他是一个很善良可爱讨人喜欢的男孩子。上天总是对好孩子更加眷顾一些。 这次董岩磊参演的电视剧《风暴舞》是由刘新导演指导的，由慈文传媒出品，而董岩磊也是慈文经纪的一名练习生。 《风暴舞》的男主则由男神陈伟霆出演，女主角由古力娜扎饰演。俊男靓女的组合，光颜值就很让人期待了。 电视剧即将在北京和马来西亚进行拍摄，具体具体的内容，就请期待电视剧的播出吧。你们对于陈伟霆和古力娜扎的组合是否期待呢？ 收起 d,0,0,3,3,28
idol_producer_080,董岩磊,偶像练习生,总决赛阶段,2018-03-24,2018-04-06,董岩磊 偶像练习生,4225915212635600,https://m.weibo.cn/detail/4225915212635600,2018-04-06 21:09:00,又是没有学习的一天，在宿舍里瘫了一天，画了画，看了一天的偶像练习生，妈呀，灵超弟弟太可爱了，董岩磊、范丞丞和卜凡太搞笑了，男生和男生之间的互动真的太有趣了哈哈哈哈哈哈 ​,0,0,3,3,29
idol_producer_080,董岩磊,偶像练习生,排名发布阶段,2018-02-17,2018-03-02,董岩磊 偶像练习生,4213254265764481,https://m.weibo.cn/detail/4213254265764481,2018-03-02 22:39:00,#偶像练习生毕雯珺# 第一期瞅了一眼惊艳到的小哥哥 虽然镜头不多一直在为他拉票!竟然这周第三了!开心到飞起 下一个董岩磊请跟上队伍→_→ 催着仓库师傅早早定制他的周边 原来没有错呀哈 ​,0,1,0,2,30
idol_producer_081,覃俊毅,偶像练习生,排名发布阶段,2018-02-17,2018-03-02,覃俊毅 偶像练习生,4213062145530859,https://m.weibo.cn/detail/4213062145530859,2018-03-02 09:55:00,#偶像练习生# 幕后花絮：VeryGood组范丞丞逗趣“两个俊毅” L 《偶像练习生》幕后花絮：VeryGood组范丞丞逗趣“两个俊毅” 范丞丞：比起我自己当Center，我更想覃俊毅当，我觉得他舞台范特别好，我很喜欢他。 我们的Leader肯定是俊...俊毅...两个俊毅两个俊毅【将贴纸给了李俊毅 ​,400,388,874,2050,1
idol_producer_081,覃俊毅,偶像练习生,主题曲考核阶段,2018-01-27,2018-02-02,覃俊毅 偶像练习生,4202712117427385,https://m.weibo.cn/detail/4202712117427385,2018-02-01 20:28:00,看完超能四子 #cnk男团# @CNK-李让RanG @CNK-娄滋博BOi @CNK-武连杰 @CNK-覃俊毅 @爱奇艺偶像练习生 #偶像练习生# 舞台纯享版是不是意犹未尽呀 马上为大家奉上练习室版花絮 各路粉丝速来围观 ​​​​ L CNK男团的秒拍视频 ​,81,87,294,549,2
idol_producer_081,覃俊毅,偶像练习生,总决赛阶段,2018-03-24,2018-04-06,覃俊毅 偶像练习生,4223756110835143,https://m.weibo.cn/detail/4223756110835143,2018-03-31 22:09:00,生日快乐老铁～ @覃俊毅_ #偶像练习生# 2 北京·三里屯SOHO ​,1,12,319,344,3
idol_producer_081,覃俊毅,偶像练习生,主题曲考核阶段,2018-01-27,2018-02-02,覃俊毅 偶像练习生,4203063152132586,https://m.weibo.cn/detail/4203063152132586,2018-02-02 19:43:00,#偶像练习生# 第一波福利来袭！ 转发并评论本条微博 大声说出对超能四子 @CNK-武连杰 @CNK-娄滋博BOi @CNK-李让RanG @CNK-覃俊毅 的爱 官博将在2月9号抽出4位粉丝 送出四位小哥哥真人比例抱枕！ 越努力越幸运！请为 @爱奇艺偶像练习生 超能四子投票吧，投票请戳 O 网页链接 👇 收起 d,37,119,55,330,4
idol_producer_081,覃俊毅,偶像练习生,位置测评阶段,2018-02-03,2018-02-16,覃俊毅 偶像练习生,4208169453036302,https://m.weibo.cn/detail/4208169453036302,2018-02-16 21:54:00,"@爱奇艺偶像练习生 #偶像练习生# 感谢全民制作人对超能四子 @CNK-李让RanG @CNK-武连杰 @CNK-娄滋博BOi @CNK-覃俊毅 的支持 你们觉得怎样的福利才能甜到你的心里？先曝签名照好不好？ 越努力越幸运,希望各位粉丝继续疼爱超能四子哦~~ ​",17,73,70,233,5
idol_producer_081,覃俊毅,偶像练习生,位置测评阶段,2018-02-03,2018-02-16,覃俊毅 偶像练习生,4208183649934897,https://m.weibo.cn/detail/4208183649934897,2018-02-16 22:50:00,#偶像练习生# 第一轮前60名： 蔡徐坤/陈立农/范丞丞/Justin/朱正廷/小鬼/卜凡/李权哲/何东东/尤长靖/王子异/Jeffrey/秦奋/林超泽/朱星杰/灵超/钱正昊/董岩磊/韩沐伯/丁泽仁/岳岳/左叶/徐凯皓/木子洋/郑锐彬/毕雯珺/周彦辰/林彦俊/李希侃/陆定昊/周锐/黄书豪/黄新淳/罗正/张达源/李让/贝汯璘/李长庚/陈斯琪/韩雍杰/秦子墨/武连杰/覃俊毅/娄滋博/靖佩瑶/余明君/陈名豪/明鹏/杨非同/朱匀一/伽里/凌崎/朱匀天/徐圣恩/李俊毅/张奕轩/王艺龙/姜达赫/胡致邦/梁辉 乐华女孩绝不认输 收起 d,2,32,106,172,6
idol_producer_081,覃俊毅,偶像练习生,总决赛阶段,2018-03-24,2018-04-06,覃俊毅 偶像练习生,4224761863023907,https://m.weibo.cn/detail/4224761863023907,2018-04-03 16:46:00,练习生们都反场了哦， 最后一次舞台直播不知道会表演什么呢 超级期待与你的相见。 “你可能不知道 如果你10点要来，我会从3点就期待和你相见。” #覃俊毅# @覃俊毅_ @爱奇艺偶像练习生 #偶像练习生覃俊毅# ​,3,10,60,83,7
idol_producer_081,覃俊毅,偶像练习生,位置测评阶段,2018-02-03,2018-02-16,覃俊毅 偶像练习生,4208178213829275,https://m.weibo.cn/detail/4208178213829275,2018-02-16 22:28:00,谢谢大家对超能四子 @CNK-李让RanG @CNK-武连杰 @CNK-娄滋博BOi @CNK-覃俊毅 的疼爱 小编也来放一波福利 大家点击视频链接观看并在评论区留言，小编将抽出四位全民制作人发放超能四子人形抱枕哦 #偶像练习生# 越努力越幸运 希望大家继续支持超能四子 O 网页链接 ​,1,17,39,74,8
idol_producer_081,覃俊毅,偶像练习生,排名发布阶段,2018-02-17,2018-03-02,覃俊毅 偶像练习生,4213242215283281,https://m.weibo.cn/detail/4213242215283281,2018-03-02 21:51:00,《very good》听完我被感动到了。 我很希望你这次可以晋级， 非常希望。 但是我决定不了任何事情。 我能决定的，一定是无条件的支持你。 就是要哪天所有人都离开你， 也一定还有我在你身后尖叫含着你的名字。 元宵快乐。 #覃俊毅# #偶像练习生# @覃俊毅_ #偶像练习生覃俊毅# ​,1,12,41,66,9
idol_producer_081,覃俊毅,偶像练习生,排名发布阶段,2018-02-17,2018-03-02,覃俊毅 偶像练习生,4213236921797681,https://m.weibo.cn/detail/4213236921797681,2018-03-02 21:30:00,今天偶像练习生开播以来最棒的一期 没有之一 说实话提前看了几个舞台直拍之后 完全没期待今天的节目 但是 泪点和惊喜太多了 朱匀一受伤 希望他和他哥朱匀天都能留下来 想继续看他们 范丞丞rap歌词第一句出来我就被戳到了 最后几句也是他 恰到好处 very good整个舞台都超棒 覃俊毅这个center实力是ok的 把这首歌改的太好了 整个舞台各方面都很搭 爱你组林彦俊陆定昊黄新淳jeffrey完全惊喜 每个人都唱的太棒了 以为是实力不ok组来着 误会了 真的每个人都超级好听！！ 包括重新燃起我对小半的喜爱的小半组 很喜欢 我对偶像练习生重拾希望了 收起 d,0,9,39,57,10
idol_producer_081,覃俊毅,偶像练习生,排名发布阶段,2018-02-17,2018-03-02,覃俊毅 偶像练习生,4213250574624968,https://m.weibo.cn/detail/4213250574624968,2018-03-02 22:24:00,#偶像练习生# 由范丞丞、李俊毅、覃俊毅、贝汯璘一起演唱《Very good》，歌曲仿佛就是在诉说着他们的心酸和不易，但又充满激励自己不断前行 ！ L 娱阁主的秒拍视频 ​,10,3,32,48,11
idol_producer_081,覃俊毅,偶像练习生,合作舞台阶段,2018-03-03,2018-03-23,覃俊毅 偶像练习生,4218273848918764,https://m.weibo.cn/detail/4218273848918764,2018-03-16 19:05:00,超能唱片 X 偶像练习生 今晚8⃣️点 @CNK-娄滋博BOi @CNK-李让RanG @覃俊毅_ @CNK-武连杰 让哥+萝卜头带你心跳 BooM BooM BooM 让我们一起摇摆 一起摇摆ǎi 摇完还有点小害羞呢 ​,0,2,7,11,12
idol_producer_081,覃俊毅,偶像练习生,合作舞台阶段,2018-03-03,2018-03-23,覃俊毅 偶像练习生,4220448759718391,https://m.weibo.cn/detail/4220448759718391,2018-03-22 19:07:00,好想要个签名照 #尤长靖# @覃俊毅的心 @安東尼-yyyyy @Trainee18-尤长靖 @爱奇艺偶像练习生 2 沈阳·北行 L Z张-瑞R的秒拍视频 ​,0,4,2,10,13
idol_producer_081,覃俊毅,偶像练习生,合作舞台阶段,2018-03-03,2018-03-23,覃俊毅 偶像练习生,4220334783430143,https://m.weibo.cn/detail/4220334783430143,2018-03-22 11:34:00,上课无聊画的尤长靖😁，还疯狂的跟老师安利了他，嘿嘿😁 #尤长靖# @Trainee18-尤长靖 @爱奇艺偶像练习生 @安東尼-yyyyy @覃俊毅的心 2 沈阳·北行 ​,0,3,2,8,14
idol_producer_081,覃俊毅,偶像练习生,总决赛阶段,2018-03-24,2018-04-06,覃俊毅 偶像练习生,4225065753118526,https://m.weibo.cn/detail/4225065753118526,2018-04-04 12:53:00,#偶像练习生# 【卖图】今天上班图 #武连杰# #覃俊毅# #李俊毅# #韩雍杰# #陈斯琪# #李长庚# 私信问价 不贵 ​,3,2,1,8,15
idol_producer_081,覃俊毅,偶像练习生,合作舞台阶段,2018-03-03,2018-03-23,覃俊毅 偶像练习生,4219685102892680,https://m.weibo.cn/detail/4219685102892680,2018-03-20 16:33:00,爱不释手 美滋滋😃🌸 @Trainee18-尤长靖 @爱奇艺偶像练习生 @安東尼-yyyyy @覃俊毅的心 2 沈阳·北行 ​,0,2,2,6,16
idol_producer_081,覃俊毅,偶像练习生,排名发布阶段,2018-02-17,2018-03-02,覃俊毅 偶像练习生,4213249744010226,https://m.weibo.cn/detail/4213249744010226,2018-03-02 22:21:00,#偶像练习生# 覃俊毅，李俊毅，范丞丞，贝汯璘—《Very good》 L 国组安利博的秒拍视频 ​,0,0,5,5,17
idol_producer_081,覃俊毅,偶像练习生,合作舞台阶段,2018-03-03,2018-03-23,覃俊毅 偶像练习生,4219750202613952,https://m.weibo.cn/detail/4219750202613952,2018-03-20 20:51:00,抱着尤长靖看尤长靖！！！！ @Trainee18-尤长靖 @覃俊毅的心 @爱奇艺偶像练习生 @安東尼-yyyyy #偶像练习生尤长靖# #尤长靖# #主唱大人尤长靖# #尤长靖必须出道# #向全世界安利尤长靖# ​​​ 2 沈阳·黄河街区 ​,0,1,3,5,18
idol_producer_081,覃俊毅,偶像练习生,合作舞台阶段,2018-03-03,2018-03-23,覃俊毅 偶像练习生,4218203515497560,https://m.weibo.cn/detail/4218203515497560,2018-03-16 14:25:00,超能唱片 X 偶像练习生 今晚8⃣️点 @CNK-娄滋博BOi @CNK-李让RanG @覃俊毅_ @CNK-武连杰 让哥+萝卜头带你心跳 BooM BooM BooM 让我们一起摇摆 一起摇摆ǎi 摇完还有点小害羞呢 ​,1,0,1,2,19
idol_producer_081,覃俊毅,偶像练习生,排名发布阶段,2018-02-17,2018-03-02,覃俊毅 偶像练习生,4212715763221278,https://m.weibo.cn/detail/4212715763221278,2018-03-01 10:59:00,@覃俊毅_ 为你打爆电话！我们一起用爱发电，向 #偶像练习生# 练习生PICK榜第一名进击，赢取节目10s彩蛋！ // @覃俊毅_ :我是 #偶像练习生# 覃俊毅，全民制作人，请多关照。,0,0,1,1,20
idol_producer_081,覃俊毅,偶像练习生,排名发布阶段,2018-02-17,2018-03-02,覃俊毅 偶像练习生,4212715750620544,https://m.weibo.cn/detail/4212715750620544,2018-03-01 10:59:00,@覃俊毅_ 我在 #偶像练习生# 练习生PICK榜上为你打call！把小心心都给你，赢取节目10s彩蛋！ O 练习生PICK榜 ​,0,0,1,1,21
idol_producer_081,覃俊毅,偶像练习生,排名发布阶段,2018-02-17,2018-03-02,覃俊毅 偶像练习生,4212715649809580,https://m.weibo.cn/detail/4212715649809580,2018-03-01 10:59:00,#偶像练习生# 我向 @覃俊毅_ 送出了加油卡！我pick的小哥哥全世界最棒！大家快来一起给你喜欢的选手打call吧！ O 练习生PICK榜 ​,0,0,1,1,22
idol_producer_081,覃俊毅,偶像练习生,排名发布阶段,2018-02-17,2018-03-02,覃俊毅 偶像练习生,4212878220750442,https://m.weibo.cn/detail/4212878220750442,2018-03-01 21:45:00,我正在爱奇艺看【《偶像练习生》【直拍】位置测评《Very Good》覃俊毅】，快来 @爱奇艺 一起看！ O 网页链接 ​,0,0,1,1,23
idol_producer_081,覃俊毅,偶像练习生,合作舞台阶段,2018-03-03,2018-03-23,覃俊毅 偶像练习生,4218270854933512,https://m.weibo.cn/detail/4218270854933512,2018-03-16 18:53:00,超能唱片 X✖️星颜娱乐✖️偶像练习生 今晚8⃣️点 @CNK-娄滋博BOi @CNK-李让RanG @覃俊毅_ @CNK-武连杰 让哥+萝卜头带你心跳 BooM BooM BooM 让我们一起摇摆 一起摇摆ǎi 摇完还有点小害羞呢 ​,0,0,1,1,24
idol_producer_081,覃俊毅,偶像练习生,排名发布阶段,2018-02-17,2018-03-02,覃俊毅 偶像练习生,4212624176626808,https://m.weibo.cn/detail/4212624176626808,2018-03-01 04:55:00,#偶像练习生# 我向 @覃俊毅_ 送出了加油卡！我pick的小哥哥全世界最棒！大家快来一起给你喜欢的选手打call吧！ O 练习生PICK榜 ​,0,0,0,0,25
idol_producer_081,覃俊毅,偶像练习生,排名发布阶段,2018-02-17,2018-03-02,覃俊毅 偶像练习生,4212753084236943,https://m.weibo.cn/detail/4212753084236943,2018-03-01 13:27:00,@覃俊毅_ 为你打爆电话！我们一起用爱发电，向 #偶像练习生# 练习生PICK榜第一名进击，赢取节目10s彩蛋！ // @覃俊毅_ :我是 #偶像练习生# 覃俊毅，全民制作人，请多关照。,0,0,0,0,26
idol_producer_081,覃俊毅,偶像练习生,排名发布阶段,2018-02-17,2018-03-02,覃俊毅 偶像练习生,4212752987336120,https://m.weibo.cn/detail/4212752987336120,2018-03-01 13:27:00,#偶像练习生# 我向 @覃俊毅_ 送出了加油卡！我pick的小哥哥全世界最棒！大家快来一起给你喜欢的选手打call吧！ O 练习生PICK榜 ​,0,0,0,0,27
idol_producer_081,覃俊毅,偶像练习生,排名发布阶段,2018-02-17,2018-03-02,覃俊毅 偶像练习生,4212752933076859,https://m.weibo.cn/detail/4212752933076859,2018-03-01 13:27:00,@覃俊毅_ 我在 #偶像练习生# 练习生PICK榜上为你打call！把小心心都给你，赢取节目10s彩蛋！ O 练习生PICK榜 ​,0,0,0,0,28
idol_producer_081,覃俊毅,偶像练习生,排名发布阶段,2018-02-17,2018-03-02,覃俊毅 偶像练习生,4212837138335669,https://m.weibo.cn/detail/4212837138335669,2018-03-01 19:01:00,#偶像练习生# 我向 @覃俊毅_ 送出了加油卡！我pick的小哥哥全世界最棒！大家快来一起给你喜欢的选手打call吧！ O 练习生PICK榜 ​,0,0,0,0,29
idol_producer_081,覃俊毅,偶像练习生,排名发布阶段,2018-02-17,2018-03-02,覃俊毅 偶像练习生,4212844180471077,https://m.weibo.cn/detail/4212844180471077,2018-03-01 19:29:00,我参与了 @国内组合贴吧 发起的投票 【 #偶像练习生# 里谁是你心目中第一颜值担当{第二组}】，我投给了“覃俊毅”这个选项。你也快来表态吧~http://t.cn/RELXDoW ​,0,0,0,0,30
idol_producer_082,许凯皓,偶像练习生,合作舞台阶段,2018-03-03,2018-03-23,许凯皓 偶像练习生,4219756485956417,https://m.weibo.cn/detail/4219756485956417,2018-03-20 21:16:00,謝謝張艺兴PD-Sheep這首歌 當時真的跳的很開心❤️ #偶像练习生# #许凯皓# ​,17,231,4154,4633,1
idol_producer_082,许凯皓,偶像练习生,总决赛阶段,2018-03-24,2018-04-06,许凯皓 偶像练习生,4225872175423536,https://m.weibo.cn/detail/4225872175423536,2018-04-06 18:18:00,我是 #偶像练习生# #许凯皓# ，全民制作人，谢谢关照。,18,141,3941,4241,2
idol_producer_082,许凯皓,偶像练习生,位置测评阶段,2018-02-03,2018-02-16,许凯皓 偶像练习生,4208176461055680,https://m.weibo.cn/detail/4208176461055680,2018-02-16 22:21:00,【 #偶像练习生# 练习生为粉丝抢礼物 陈立农战绩惊人】为了给全民制作人们争夺礼物，小哥哥们都使出了浑身解数。范丞丞 @Adam0616 完美get新技能，却被告知要重来？ @许凯皓lockingjack 人品爆发，“礼”从天降？陈立农 @超级農農 力量爆发，“战绩”惊人？ L 《偶像练习生》练习生为粉丝抢礼物 陈立农战绩惊人 想知道更多关于《偶像练习生》的“小秘密”？请继续锁定每周五晚八点半上线的 #偶像有新番# ！ 更多精彩 移动端 O 网页链接 pc端 O 网页链接 收起 d,34,315,458,1122,3
idol_producer_082,许凯皓,偶像练习生,排名发布阶段,2018-02-17,2018-03-02,许凯皓 偶像练习生,4213240030574759,https://m.weibo.cn/detail/4213240030574759,2018-03-02 21:42:00,#偶像练习生# 舞蹈组 朱正廷、林超泽、左叶、李希侃、许凯皓、武连杰一起表演了张艺兴的《sheep》，舞蹈加了自己的改编，降低了难度增加了趣味性，可看性非常强。这段舞蹈，谁是心中当之无愧的舞王？ L 娱圈辣评的秒拍视频 ​,18,101,297,517,4
idol_producer_082,许凯皓,偶像练习生,排名发布阶段,2018-02-17,2018-03-02,许凯皓 偶像练习生,4213241309305020,https://m.weibo.cn/detail/4213241309305020,2018-03-02 21:47:00,由朱正廷、林超泽、左叶、许凯皓、李希侃、武连杰组成的“小绵羊”组合，共同演绎不一样的《Sheep》，现场舞蹈略显“骚气”，整个舞台气氛很不错[抱抱_旧]。 #偶像练习生# L 娱阁主的秒拍视频 ​,12,28,174,242,5
idol_producer_082,许凯皓,偶像练习生,排名发布阶段,2018-02-17,2018-03-02,许凯皓 偶像练习生,4213255838616680,https://m.weibo.cn/detail/4213255838616680,2018-03-02 22:45:00,刚刚搭地铁的时候和喜欢朱正廷的闺蜜一起看新一期的偶像练习生，只看完了sheep组。朱正廷在sheep组也太惨了吧，爱奇艺完全把他剪成了伴舞center 几乎要把许凯皓剪成center的节奏，他在sheep表演的单人镜头（只有他的脸的）好像比朱正廷单人的时长还长，太惨了，真的太惨了 ​,0,23,12,58,6
idol_producer_082,许凯皓,偶像练习生,合作舞台阶段,2018-03-03,2018-03-23,许凯皓 偶像练习生,4219679382256294,https://m.weibo.cn/detail/4219679382256294,2018-03-20 16:10:00,#偶像练习生# PICK下喜欢的你们 黄新淳 范丞丞 许凯皓 灵超 小鬼 朱星杰 周锐 Jeffrey 李权哲 朱正廷 余明君 尤长靖 徐圣恩 李让 董岩磊 毕雯珺 罗正 周彦辰 钱正昊 木子洋 娄滋博 林超泽 韩沐伯 秦奋 胡致邦 卜凡 林彦俊 陈立农 王子异 蔡徐坤 ​,0,6,44,56,7
idol_producer_082,许凯皓,偶像练习生,合作舞台阶段,2018-03-03,2018-03-23,许凯皓 偶像练习生,4219718774343927,https://m.weibo.cn/detail/4219718774343927,2018-03-20 18:46:00,#偶像练习生# #陈立农# 模仿许凯皓，Firewalking组巴士上开启模仿秀，林彥俊开拓主持之路～ L 趣听音乐台的秒拍视频 ​,6,3,26,38,8
idol_producer_082,许凯皓,偶像练习生,排名发布阶段,2018-02-17,2018-03-02,许凯皓 偶像练习生,4213255864042362,https://m.weibo.cn/detail/4213255864042362,2018-03-02 22:45:00,#许凯皓# 💥 #许凯皓偶像练习生# 💥 #许凯皓0325生日快乐# 最新的位置测评现场投票现场排名有点落后呀 为了能继续留下来 网络投票必须必须必须要撑起来！！！ 所以大家还要继续努力呀 加油加油 💌代号魂斗罗个人直拍【 O 网页链接 】 ​​​ 💌SHEEP个人直拍【 L 《偶像练习生》【直拍】位置测评《SHEEP》许凯皓 】 💌投票【 O 网页链接 】 💌送礼物【 O 网页链接 】 💌明星势力榜教程【 微博正文 】 💌微博练习生PICK榜【 O 练习生PICK榜 】 💌小红书【 O 网页链接 】 💌泡泡圈子【 O 网页链接 】 收起 d,2,6,20,34,9
idol_producer_082,许凯皓,偶像练习生,总决赛阶段,2018-03-24,2018-04-06,许凯皓 偶像练习生,4225888725647045,https://m.weibo.cn/detail/4225888725647045,2018-04-06 19:24:00,#许凯皓偶像练习生# 你在干什么呢 ！大兄弟好久不见啊，想你啊！ #偶像练习生陈立农# 加油， #陈立农# 今天是不是，又幸福，又激动，又紧张啊！ ​,0,1,16,18,10
idol_producer_082,许凯皓,偶像练习生,排名发布阶段,2018-02-17,2018-03-02,许凯皓 偶像练习生,4213241095131517,https://m.weibo.cn/detail/4213241095131517,2018-03-02 21:46:00,#偶像练习生# 朱正廷，林超泽，李希侃，许凯皓，武连杰，左叶—《Sheep》 L 国组安利博的秒拍视频 ​,1,3,10,17,11
idol_producer_082,许凯皓,偶像练习生,合作舞台阶段,2018-03-03,2018-03-23,许凯皓 偶像练习生,4220113157236101,https://m.weibo.cn/detail/4220113157236101,2018-03-21 20:54:00,我正在爱奇艺看《偶像练习生》：陈立农个人模仿秀，林彦俊惊呼许凯皓本人！，很皮农农，哈哈哈哈～ @超级農農 L 《偶像练习生》：陈立农个人模仿秀，林彦俊惊呼许凯皓本人！ ​,0,1,14,16,12
idol_producer_082,许凯皓,偶像练习生,总决赛阶段,2018-03-24,2018-04-06,许凯皓 偶像练习生,4225475905354799,https://m.weibo.cn/detail/4225475905354799,2018-04-05 16:03:00,加磅福利！出道舞台直播现场门票第三轮来啦 带话题 #偶像练习生# 转发本条微博，参与第三轮活动，阿偶将用抽奖平台抽出9位全民制作人各获得出道舞台直播现场的门票1张哦 PS：本次活动时间为15:45—16:45 一个小时，为保证粉丝获得门票，最后抽选的时候会进行微博审核，非偶像练习生粉丝、非粉丝后援站子，或微博内容与爱豆相关度低，阿偶会取消资格重新抽取噢~ 收起 d,0,1,1,3,13
idol_producer_082,许凯皓,偶像练习生,总决赛阶段,2018-03-24,2018-04-06,许凯皓 偶像练习生,4225258271429574,https://m.weibo.cn/detail/4225258271429574,2018-04-05 01:38:00,"我正在愛奇藝看【《偶像练习生》陈立农教许凯皓说绕口令, 结果让农农哭笑不得!】，快來 @愛奇藝 壹起看！ O 网页链接 ​",0,0,2,2,14
idol_producer_082,许凯皓,偶像练习生,排名发布阶段,2018-02-17,2018-03-02,许凯皓 偶像练习生,4213232522606236,https://m.weibo.cn/detail/4213232522606236,2018-03-02 21:12:00,@许凯皓lockingjack 为你打爆电话！我们一起用爱发电，向 #偶像练习生# 练习生PICK榜第一名进击，赢取节目10s彩蛋！ // @许凯皓lockingjack :我是 #偶像练习生# 许凯皓 全民制作人，请多关照,0,0,0,0,15
idol_producer_082,许凯皓,偶像练习生,排名发布阶段,2018-02-17,2018-03-02,许凯皓 偶像练习生,4213232505782912,https://m.weibo.cn/detail/4213232505782912,2018-03-02 21:12:00,@许凯皓lockingjack 我在 #偶像练习生# 练习生PICK榜上为你打call！把小心心都给你，赢取节目10s彩蛋！ O 练习生PICK榜 ​,0,0,0,0,16
idol_producer_082,许凯皓,偶像练习生,排名发布阶段,2018-02-17,2018-03-02,许凯皓 偶像练习生,4213232577511518,https://m.weibo.cn/detail/4213232577511518,2018-03-02 21:13:00,#偶像练习生# 我向 @许凯皓lockingjack 送出了加油卡！我pick的小哥哥全世界最棒！大家快来一起给你喜欢的选手打call吧！ O 练习生PICK榜 ​,0,0,0,0,17
idol_producer_082,许凯皓,偶像练习生,排名发布阶段,2018-02-17,2018-03-02,许凯皓 偶像练习生,4213239971298243,https://m.weibo.cn/detail/4213239971298243,2018-03-02 21:42:00,#偶像练习生# 我向 @许凯皓lockingjack 送出了加油卡！我pick的小哥哥全世界最棒！大家快来一起给你喜欢的选手打call吧！ O 练习生PICK榜 ​,0,0,0,0,18
idol_producer_082,许凯皓,偶像练习生,排名发布阶段,2018-02-17,2018-03-02,许凯皓 偶像练习生,4213240390571840,https://m.weibo.cn/detail/4213240390571840,2018-03-02 21:44:00,@许凯皓lockingjack 为你打爆电话！我们一起用爱发电，向 #偶像练习生# 练习生PICK榜第一名进击，赢取节目10s彩蛋！ // @许凯皓lockingjack :我是 #偶像练习生# 许凯皓 全民制作人，请多关照,0,0,0,0,19
idol_producer_082,许凯皓,偶像练习生,排名发布阶段,2018-02-17,2018-03-02,许凯皓 偶像练习生,4213240370016521,https://m.weibo.cn/detail/4213240370016521,2018-03-02 21:44:00,@许凯皓lockingjack 我在 #偶像练习生# 练习生PICK榜上为你打call！把小心心都给你，赢取节目10s彩蛋！ O 练习生PICK榜 2 上海·虹旭小区 ​,0,0,0,0,20
idol_producer_082,许凯皓,偶像练习生,排名发布阶段,2018-02-17,2018-03-02,许凯皓 偶像练习生,4213251589720222,https://m.weibo.cn/detail/4213251589720222,2018-03-02 22:28:00,@许凯皓lockingjack 为你打爆电话！我们一起用爱发电，向 #偶像练习生# 练习生PICK榜第一名进击，赢取节目10s彩蛋！ // @许凯皓lockingjack :我是 #偶像练习生# 许凯皓 全民制作人，请多关照,0,0,0,0,21
idol_producer_082,许凯皓,偶像练习生,排名发布阶段,2018-02-17,2018-03-02,许凯皓 偶像练习生,4213251489065614,https://m.weibo.cn/detail/4213251489065614,2018-03-02 22:28:00,@许凯皓lockingjack 为你打爆电话！我们一起用爱发电，向 #偶像练习生# 练习生PICK榜第一名进击，赢取节目10s彩蛋！ // @许凯皓lockingjack :我是 #偶像练习生# 许凯皓 全民制作人，请多关照,0,0,0,0,22
idol_producer_082,许凯皓,偶像练习生,排名发布阶段,2018-02-17,2018-03-02,许凯皓 偶像练习生,4213252734652176,https://m.weibo.cn/detail/4213252734652176,2018-03-02 22:33:00,@许凯皓lockingjack 为你打爆电话！我们一起用爱发电，向 #偶像练习生# 练习生PICK榜第一名进击，赢取节目10s彩蛋！ // @许凯皓lockingjack :我是 #偶像练习生# 许凯皓 全民制作人，请多关照,0,0,0,0,23
idol_producer_082,许凯皓,偶像练习生,排名发布阶段,2018-02-17,2018-03-02,许凯皓 偶像练习生,4213253544430262,https://m.weibo.cn/detail/4213253544430262,2018-03-02 22:36:00,@许凯皓lockingjack 为你打爆电话！我们一起用爱发电，向 #偶像练习生# 练习生PICK榜第一名进击，赢取节目10s彩蛋！ // @许凯皓lockingjack :我是 #偶像练习生# 许凯皓 全民制作人，请多关照,0,0,0,0,24
idol_producer_082,许凯皓,偶像练习生,排名发布阶段,2018-02-17,2018-03-02,许凯皓 偶像练习生,4213255591277817,https://m.weibo.cn/detail/4213255591277817,2018-03-02 22:44:00,@许凯皓lockingjack 为你打爆电话！我们一起用爱发电，向 #偶像练习生# 练习生PICK榜第一名进击，赢取节目10s彩蛋！ // @许凯皓lockingjack :我是 #偶像练习生# 许凯皓 全民制作人，请多关照,0,0,0,0,25
idol_producer_082,许凯皓,偶像练习生,合作舞台阶段,2018-03-03,2018-03-23,许凯皓 偶像练习生,4219440780078400,https://m.weibo.cn/detail/4219440780078400,2018-03-20 00:22:00,我正在爱奇艺看【陈立农模仿许凯皓像到爆 林彦俊版赵哥.蔡头笑翻】，快来 @爱奇艺 一起看！ O 网页链接 @超级農農 #偶像练习生# 加油 #陈立农# ​,0,0,0,0,26
idol_producer_082,许凯皓,偶像练习生,合作舞台阶段,2018-03-03,2018-03-23,许凯皓 偶像练习生,4219580266199156,https://m.weibo.cn/detail/4219580266199156,2018-03-20 09:36:00,我正在爱奇艺看【《偶像练习生》幕后花絮：陈立农许凯皓上演绕口令大比拼】，快来 @爱奇艺 一起看！ O 网页链接 ​,0,0,0,0,27
idol_producer_082,许凯皓,偶像练习生,合作舞台阶段,2018-03-03,2018-03-23,许凯皓 偶像练习生,4219618858503769,https://m.weibo.cn/detail/4219618858503769,2018-03-20 12:09:00,"我正在爱奇艺看【《偶像练习生》陈立农教许凯皓说绕口令, 结果让农农哭笑不得!】，快来 @爱奇艺 一起看！ O 网页链接 ​",0,0,0,0,28
idol_producer_082,许凯皓,偶像练习生,合作舞台阶段,2018-03-03,2018-03-23,许凯皓 偶像练习生,4219624482863700,https://m.weibo.cn/detail/4219624482863700,2018-03-20 12:32:00,"我正在爱奇艺看【《偶像练习生》陈立农教许凯皓说绕口令, 结果让农农哭笑不得!】，快来 @爱奇艺 一起看！ O 网页链接 ​",0,0,0,0,29
idol_producer_082,许凯皓,偶像练习生,合作舞台阶段,2018-03-03,2018-03-23,许凯皓 偶像练习生,4219740115763260,https://m.weibo.cn/detail/4219740115763260,2018-03-20 20:11:00,@超级農農 @许凯皓lockingjack 我正在愛奇藝看【《偶像练习生》幕后花絮：陈立农许凯皓上演绕口令大比拼】，快來 @愛奇藝 壹起看！ O 网页链接 ​,0,0,0,0,30
idol_producer_083,贝汯璘,偶像练习生,总决赛阶段,2018-03-24,2018-04-06,贝汯璘 偶像练习生,4225771033907631,https://m.weibo.cn/detail/4225771033907631,2018-04-06 11:36:00,香蕉九子合体啦，为好兄弟 @Trainee18-尤长靖 @Trainee18-林超泽 @Trainee18-林彦俊 加油打气！无论最后结果如何，都别忘了你们身后站着全世界最挺你们的人！加油！香蕉男孩们！ #偶像练习生# #尤长靖# #林彦俊# #林超泽# #陆定昊# #姜京佐# #李若天# #高茂桐# #贝汯璘# #邱治谐# L 香蕉娱乐Trainee18的秒拍视频 ​,8138,4789,8203,25919,1
idol_producer_083,贝汯璘,偶像练习生,总决赛阶段,2018-03-24,2018-04-06,贝汯璘 偶像练习生,4225888826213631,https://m.weibo.cn/detail/4225888826213631,2018-04-06 19:24:00,九子同心 #偶像练习生# #香蕉娱乐TRAINEE18# #尤长靖# #林彦俊# #林超泽# #李若天# #姜京佐# #陆定昊# #贝汯璘# #高茂桐# #邱治谐# ​,4369,1419,4332,11539,2
idol_producer_083,贝汯璘,偶像练习生,总决赛阶段,2018-03-24,2018-04-06,贝汯璘 偶像练习生,4225895814731754,https://m.weibo.cn/detail/4225895814731754,2018-04-06 19:52:00,集齐九子召唤 @王思聪 #偶像练习生# #香蕉娱乐TRAINEE18# #尤长靖# #林彦俊# #林超泽# #陆定昊# #姜京佐# #李若天# #高茂桐# #邱治谐# #贝汯璘# ​,2069,946,3586,7547,3
idol_producer_083,贝汯璘,偶像练习生,合作舞台阶段,2018-03-03,2018-03-23,贝汯璘 偶像练习生,4215635972151967,https://m.weibo.cn/detail/4215635972151967,2018-03-09 12:23:00,给粉丝宝宝们的美图福利来啦！快接住！ 小哥哥们比赛曲目已经在 @网易云音乐 上线咯🎵 今晚记得跟皮皮一起收看 @爱奇艺偶像练习生 晚上八点以后投票通道会再次开启！记得投票啊！ #偶像练习生# #陆定昊# #尤长靖# #林彦俊# #林超泽# #贝汯璘# ​,1544,2400,823,7167,4
idol_producer_083,贝汯璘,偶像练习生,初评级阶段,2018-01-19,2018-01-26,贝汯璘 偶像练习生,4200550956290435,https://m.weibo.cn/detail/4200550956290435,2018-01-26 21:20:00,#偶像练习生# “十八般担当”都齐全的香蕉娱乐九人团贝汯璘 @Trainee18-贝汯璘Air 李若天 @Trainee18-李若天Kai 高茂桐 @Trainee18-高茂桐 姜京佐 @Trainee18-姜京佐 尤长靖 @Trainee18-尤长靖 林彦俊 @Trainee18-林彦俊 林超泽 @Trainee18-林超泽 陆定昊 @Trainee18-陆定昊 邱治谐 @Trainee18-邱治谐 团体配合度完美，群舞获得导师团一致好评！给你们鼓鼓掌 L 【偶像练习生】尤长靖：小宇宙大爆发 走心演唱获李荣浩好评 收起 d,458,1084,2089,4715,5
idol_producer_083,贝汯璘,偶像练习生,总决赛阶段,2018-03-24,2018-04-06,贝汯璘 偶像练习生,4225902063676847,https://m.weibo.cn/detail/4225902063676847,2018-04-06 20:17:00,【王思聪现身《偶练》】《偶像练习生》总决赛，香蕉娱乐的boss @王思聪 现身为旗下的练习生助阵！ 与尤长靖、林彦俊、林超泽、陆定昊、姜京佐、李若天、高茂桐、邱治谐、贝汯璘合照 O 《偶练》总决赛王思聪现身 ​,112,569,1879,3129,6
idol_producer_083,贝汯璘,偶像练习生,位置测评阶段,2018-02-03,2018-02-16,贝汯璘 偶像练习生,4207840920757019,https://m.weibo.cn/detail/4207840920757019,2018-02-16 00:08:00,TRAINEE18练习生给大家送上新年祝福啦！🐶 请2018年也继续支持和喜欢他们 #偶像练习生# #林超泽# #尤长靖# #姜京佐# #陆定昊# #贝汯璘# #林彦俊# #李若天# #高茂桐# #邱治谐# L 香蕉娱乐Trainee18的秒拍视频 ​,216,720,618,2274,7
idol_producer_083,贝汯璘,偶像练习生,位置测评阶段,2018-02-03,2018-02-16,贝汯璘 偶像练习生,4207805327486621,https://m.weibo.cn/detail/4207805327486621,2018-02-15 21:47:00,#偶像练习生# 不太爱讲话的少年贝汯璘 @Trainee18-贝汯璘Air 展信时间到～ 实现全民制作人的小愿望，贝式纯唱版《Ei Ei》你们喜欢吗 L 《偶像练习生》【泡泡读信】贝汯璘满足全民制作人《Ei Ei》愿望 ​,6,153,1515,1827,8
idol_producer_083,贝汯璘,偶像练习生,位置测评阶段,2018-02-03,2018-02-16,贝汯璘 偶像练习生,4207645826519537,https://m.weibo.cn/detail/4207645826519537,2018-02-15 11:13:00,为了呈现更好的舞台 日夜训练的你们真的很帅气 #偶像练习生# #尤长靖# #林超泽# #贝汯璘# #林彦俊# #陆定昊# #姜京佐# 除夕夜希望所有的香蕉女孩们能够吃好喝好团团圆圆 ​,235,593,379,1800,9
idol_producer_083,贝汯璘,偶像练习生,位置测评阶段,2018-02-03,2018-02-16,贝汯璘 偶像练习生,4207680220729419,https://m.weibo.cn/detail/4207680220729419,2018-02-15 13:30:00,宝宝们快来快来，咱不啃狗粮了， #TRAINEE18练习生# 给你们撒蜜糖了！ #偶像练习生# #尤长靖# #林彦俊# #高茂桐# #陆定昊# #林超泽# #姜京佐# #李若天# #贝汯璘# 小哥哥们比的小❤️❤️你们有没有收到 因为拍摄的时候邱北北 #邱治谐# 有事不在，之后再给大家补❤️❤️啦 小哥哥们祝香蕉女孩们新年快乐，大吉大利！ 收起 d,142,487,334,1450,10
idol_producer_083,贝汯璘,偶像练习生,总决赛阶段,2018-03-24,2018-04-06,贝汯璘 偶像练习生,4225870803529139,https://m.weibo.cn/detail/4225870803529139,2018-04-06 18:12:00,我是 #偶像练习生# 贝汯璘，全民制作人，谢谢关照！！,23,72,939,1106,11
idol_producer_083,贝汯璘,偶像练习生,合作舞台阶段,2018-03-03,2018-03-23,贝汯璘 偶像练习生,4215797176469432,https://m.weibo.cn/detail/4215797176469432,2018-03-09 23:03:00,虽然无缘晋级35强 但是已经很棒了 只是暂时离开了这个舞台 相信我们会看到更好的 @Trainee18-贝汯璘Air #偶像练习生# #贝汯璘# L 香蕉娱乐Trainee18的秒拍视频 ​,12,124,675,935,12
idol_producer_083,贝汯璘,偶像练习生,主题曲考核阶段,2018-01-27,2018-02-02,贝汯璘 偶像练习生,4202335464595128,https://m.weibo.cn/detail/4202335464595128,2018-01-31 19:31:00,【回顾篇Part1】号外号外！宝宝们的福利来啦！想知道 #TRAINNE18练习生# 第一次站上舞台是什么样子的嘛？这可是他们刚来公司的第二个月，就接到了超级大任务！要在公司举办的B.I.G嘉年华演唱会上首次以团体形式亮相表演。TA们每天更加努力地练习，为了能够给大家呈现一个最好的舞台 第一次参加大型活动的他们在现场又会发生怎样的突发状况呢？欲知详情～请听下回分解吧！ #偶像练习生# #尤长靖# #邱治谐# #林超泽# #李若天# #姜京佐# #陆定昊# #林彦俊# #高茂桐# #贝汯璘# L 香蕉娱乐Trainee18的秒拍视频 收起 d,222,216,229,883,13
idol_producer_083,贝汯璘,偶像练习生,合作舞台阶段,2018-03-03,2018-03-23,贝汯璘 偶像练习生,4215779576236243,https://m.weibo.cn/detail/4215779576236243,2018-03-09 21:53:00,【 #偶像有新番# 陆定昊Jeffrey贝汯璘遭整蛊？】面对意想不到的状况， @Trainee18-陆定昊 似乎识破了什么，怀疑道：“这是老师的演技吗？” @Jeffrey董又霖 贴心劝解：“哥哥，别生气。” @Trainee18-贝汯璘Air 暖心安慰：“没事没事。”三个人一边怀疑这是真的还是假的，一边小心地商量“怎么办？”“不用去劝一下吗？” 发现被整了后，三个人又会是怎样的反应？ L 《偶像有新番》陆定昊离大房子再近一步 想知道更多关于 #偶像练习生# 的“小秘密”？请锁定每周五晚八点半上线的《偶像有新番》！ 更多精彩 移动端 O 网页链接 pc端 O 网页链接 收起 d,71,155,344,725,14
idol_producer_083,贝汯璘,偶像练习生,总决赛阶段,2018-03-24,2018-04-06,贝汯璘 偶像练习生,4225918815857955,https://m.weibo.cn/detail/4225918815857955,2018-04-06 21:23:00,《偶像练习生》总决赛，香蕉娱乐boss 王思聪 低调现身，为旗下的练习生助阵！并与尤长靖、林彦俊、林超泽、陆定昊、姜京佐、李若天、高茂桐、邱治谐、贝汯璘合照。 另外，范丞丞爸妈 也来到现场，为范丞丞加油打气！ 你最支持谁？ ​,158,118,189,583,15
idol_producer_083,贝汯璘,偶像练习生,排名发布阶段,2018-02-17,2018-03-02,贝汯璘 偶像练习生,4212804325893620,https://m.weibo.cn/detail/4212804325893620,2018-03-01 16:51:00,#创造101# 【等待开播的日子】小首的安利课堂 第一课 香蕉娱乐之Trainee18 1、强东玥 1994年3月31日 华东师范大学 2、曾妮 1993年6月9日 上海戏剧学院 宣言： 不忘初心 方能始终 3、傅菁 1995年6月2日 宣言： 一切才刚开始 加油 未来会更加努力 4、王亦然 宣言：Just another girl 5、王曼君 6、刘尼夷 Trainee18是王思聪旗下上海香蕉计划演出经纪有限公司于2016年12月20日成军的首批18名练习生。其中 #高茂桐# 、 #贝汯璘# 、 #陆定昊# 、 #姜京佐# 、 #邱治谐# 、 #尤长靖# 、 #林彦俊# 、 #林超泽# 、 #李若天# 因参加《偶像练习生》被粉丝熟知，这些都是他们的师妹哦~ 收起 d,66,160,167,553,16
idol_producer_083,贝汯璘,偶像练习生,合作舞台阶段,2018-03-03,2018-03-23,贝汯璘 偶像练习生,4217546079454385,https://m.weibo.cn/detail/4217546079454385,2018-03-14 18:53:00,【 #偶像练习生# 每日pick福利】爱吃梨的 @Trainee18-贝汯璘Air 突然出现！ 想要这样由小哥哥精心描绘的签名照吗？关注 @微博视频台 ，转发评论带 #偶像练习生# 话题，告诉台台贝汯璘最吸引你的一点是什么，这张签名照有可能下周一就被你抽中哟~ ​,39,119,202,479,17
idol_producer_083,贝汯璘,偶像练习生,初评级阶段,2018-01-19,2018-01-26,贝汯璘 偶像练习生,4199680885159242,https://m.weibo.cn/detail/4199680885159242,2018-01-24 11:43:00,#TRAINEE18练习生# Rock the show 2018-1-29 10:00 @Trainee18-林彦俊 @Trainee18-贝汯璘Air @Trainee18-高茂桐 #偶像练习生# #林彦俊# #贝汯璘# #高茂桐# #Rock the show-TRAINEE18练习生 # ​,94,73,106,346,18
idol_producer_083,贝汯璘,偶像练习生,排名发布阶段,2018-02-17,2018-03-02,贝汯璘 偶像练习生,4213204915241750,https://m.weibo.cn/detail/4213204915241750,2018-03-02 19:23:00,元宵节快乐！今晚八点边吃元宵边看小哥哥们吧 #尤长靖# #陆定昊# #林彦俊# #林超泽# #贝汯璘# #偶像练习生#,4,38,207,287,19
idol_producer_083,贝汯璘,偶像练习生,合作舞台阶段,2018-03-03,2018-03-23,贝汯璘 偶像练习生,4215379834260096,https://m.weibo.cn/detail/4215379834260096,2018-03-08 19:25:00,#陈立农# #偶像练习生陈立农# 【音频】 陈立农 @超级農農 的超高品质音频已经在网易云音乐上线 喜欢农农的朋友收听的同时 可以多多去网易云音乐评论点赞 分享张奕轩/陈立农/孙浩然/侯浩然/J-ONE/贝汯璘的单曲《大艺术家 (A组现场版) (原唱：蔡依林)》: O 网页链接 (来自 @网易云音乐 ) 分享陈立农/李权哲/韩沐伯/尤长靖的单曲《我怀念的 (Live) (原唱：孙燕姿)》: O 网页链接 (来自 @网易云音乐 ) 收起 d,24,11,152,198,20
idol_producer_083,贝汯璘,偶像练习生,位置测评阶段,2018-02-03,2018-02-16,贝汯璘 偶像练习生,4208183649934897,https://m.weibo.cn/detail/4208183649934897,2018-02-16 22:50:00,#偶像练习生# 第一轮前60名： 蔡徐坤/陈立农/范丞丞/Justin/朱正廷/小鬼/卜凡/李权哲/何东东/尤长靖/王子异/Jeffrey/秦奋/林超泽/朱星杰/灵超/钱正昊/董岩磊/韩沐伯/丁泽仁/岳岳/左叶/徐凯皓/木子洋/郑锐彬/毕雯珺/周彦辰/林彦俊/李希侃/陆定昊/周锐/黄书豪/黄新淳/罗正/张达源/李让/贝汯璘/李长庚/陈斯琪/韩雍杰/秦子墨/武连杰/覃俊毅/娄滋博/靖佩瑶/余明君/陈名豪/明鹏/杨非同/朱匀一/伽里/凌崎/朱匀天/徐圣恩/李俊毅/张奕轩/王艺龙/姜达赫/胡致邦/梁辉 乐华女孩绝不认输 收起 d,2,32,106,172,21
idol_producer_083,贝汯璘,偶像练习生,排名发布阶段,2018-02-17,2018-03-02,贝汯璘 偶像练习生,4213123869706071,https://m.weibo.cn/detail/4213123869706071,2018-03-02 14:01:00,#偶像练习生# 转发送香蕉娱乐练习生集体签名咯！ @Trainee18-林彦俊 @Trainee18-尤长靖 @Trainee18-陆定昊 @Trainee18-林超泽 @Trainee18-贝汯璘Air 在星伴APP的特供开屏已上线！ 记得给小哥哥们投票！ 转发此条微博并艾特一位好友，小星会在3月9日随机抽取两位宝宝各送出集体亲笔签名照一张哦 #伴你追星# 收起 d,29,30,7,96,22
idol_producer_083,贝汯璘,偶像练习生,总决赛阶段,2018-03-24,2018-04-06,贝汯璘 偶像练习生,4222597916533939,https://m.weibo.cn/detail/4222597916533939,2018-03-28 17:27:00,#贝汯璘# #偶像练习生贝汯璘# 为了庆祝微博粉丝群过200 ，感谢各位对贝贝的喜爱， 后援会特别送出贝贝精心描绘的签名照一张 想要么？ 关注 @贝汯璘全球粉丝后援会 ，转发评论带 #贝汯璘# 话题， 告诉我们最喜欢贝汯璘的一点是什么？ 这张带有🌞的签名照就有可能下周一就被你抽中哟~ 收起 d,19,24,24,91,23
idol_producer_083,贝汯璘,偶像练习生,位置测评阶段,2018-02-03,2018-02-16,贝汯璘 偶像练习生,4207631923374139,https://m.weibo.cn/detail/4207631923374139,2018-02-15 10:18:00,《偶像练习生》【泡泡读信】贝汯璘满足全民制作人《Ei Ei》愿望 L 《偶像练习生》【泡泡读信】贝汯璘满足全民制作人《Ei Ei》愿望 ​,2,10,67,89,24
idol_producer_083,贝汯璘,偶像练习生,位置测评阶段,2018-02-03,2018-02-16,贝汯璘 偶像练习生,4207740555131120,https://m.weibo.cn/detail/4207740555131120,2018-02-15 17:29:00,难道只有我觉得偶像练习生里的贝汯璘长得像朱桢大哥嘛 有图有真相 很容易跳戏的哈哈哈 ​,0,13,35,61,25
idol_producer_083,贝汯璘,偶像练习生,排名发布阶段,2018-02-17,2018-03-02,贝汯璘 偶像练习生,4213250574624968,https://m.weibo.cn/detail/4213250574624968,2018-03-02 22:24:00,#偶像练习生# 由范丞丞、李俊毅、覃俊毅、贝汯璘一起演唱《Very good》，歌曲仿佛就是在诉说着他们的心酸和不易，但又充满激励自己不断前行 ！ L 娱阁主的秒拍视频 ​,10,3,32,48,26
idol_producer_083,贝汯璘,偶像练习生,合作舞台阶段,2018-03-03,2018-03-23,贝汯璘 偶像练习生,4215797473332612,https://m.weibo.cn/detail/4215797473332612,2018-03-09 23:05:00,喜欢的练习生越来越多，虽然很多都离开了《偶像练习生》这个舞台，但是我觉得你们已经有了一定的人气，很快也会有更广阔的天地。 刚看完新一期 #偶像练习生# ，看到他们离开很难过，感慨一下，说一下喜欢的但是已经离开的你们 #贝汯璘# 第一期开始就很有好感，觉得长得很好看，声音很好听，最新一期就感受更深，看到你教徐圣恩唱歌，说你可能会离开，但是还是想要你们的这个组合完成更好的舞台，就很感动，还有《very good》你的rap的词我也觉得很暖很喜欢！ #陈斯琪Suki# 给我留下深刻的就是队长，认真，负责。努力做到更好，照顾队友，很贴心！ #董岩磊# 真的一开始不喜欢你，是真的不喜欢，就觉得没实力，但还是晋级了，挤走了更适合的人，但是就慢慢的被你的傻里傻气，综艺感吸引，今天看到你离开，很舍不得，记得你第一期说你练习了10天（还是四舍五入的），相信以你的努力，以后不会比他们差！ #李俊毅# 真的超有实力，人也超好，第一次发现你，是阿偶TV？（就是长进和制霸当班vj的那次）看到你钢琴伴奏唱歌，就对你的印象超好，今天更又是看到你vocal的实力，很可惜没能在这个舞台继续走下去，不过没关系，是金子一定会发光，到时候闪瞎他们，还有那首创作的新歌很好听！ #黄书豪# 泰国小哥哥，第一期就给人印象深刻了，然后就是你对“温柔”的理解，你说的“跟装”在我脑海里久久挥之不去，每次想到都想笑，加油，以后会有更好的发展的！ #pb明鹏# 就是我觉得长得很贴心的小哥哥了，就是有点喜欢，可能镜头没有很多，也没有很多展示，所以只能肤浅的喜欢颜！ #胡志邦# 邦邦很可爱，舞蹈有很努力的在学，喜欢孙燕姿，还小嘛，长大就会很棒棒啦！ 我可能是个“滥情”的人，喜欢你们这么多人，但是真的希望你们就可以更好，从偶像练习生走出去，走向更广阔的舞台！ 收起 d,0,7,18,32,27
idol_producer_083,贝汯璘,偶像练习生,合作舞台阶段,2018-03-03,2018-03-23,贝汯璘 偶像练习生,4216160461127125,https://m.weibo.cn/detail/4216160461127125,2018-03-10 23:07:00,#偶像练习生# 心疼排在35之后的一些人，胡志邦，李俊毅，陈思琪，贝汯璘，难得是能记住名字的几个，有的实力很强也有些很努力的，希望能越走越好吧。 ​,0,1,17,19,28
idol_producer_083,贝汯璘,偶像练习生,合作舞台阶段,2018-03-03,2018-03-23,贝汯璘 偶像练习生,4216573688658864,https://m.weibo.cn/detail/4216573688658864,2018-03-12 02:29:00,十二点就准备睡觉结果看偶像练习生又看到现在 范丞丞李俊毅覃俊毅贝汯璘那一组very good真的挺催泪的，范丞丞真是越来越可爱了 ​,0,1,13,15,29
idol_producer_083,贝汯璘,偶像练习生,总决赛阶段,2018-03-24,2018-04-06,贝汯璘 偶像练习生,4225885148267178,https://m.weibo.cn/detail/4225885148267178,2018-04-06 19:09:00,以后也请多多关照 // @Trainee18-贝汯璘Air :我是 #偶像练习生# 贝汯璘，全民制作人，谢谢关照！！,0,6,0,12,30
idol_producer_084,赵俞澈,偶像练习生,位置测评阶段,2018-02-03,2018-02-16,赵俞澈 偶像练习生,4208154289709248,https://m.weibo.cn/detail/4208154289709248,2018-02-16 20:53:00,偶像练习生 99进60的淘汰名单 乐华、坤音、觉醒东方、超能唱片全员安全 香蕉娱乐（9个淘汰4个） 高茂桐 姜京佐 李若天 邱治楷 辰星娱乐（6个淘汰4个） Rapen 王宥辰 J-one Gigel 麦锐娱乐（6个淘汰3个） 邓烺怡 孙凡杰 吕晨瑜 简单快乐（5个淘汰4个） 金逸涵 林浩楷 李志杰 孙浩然 盛夏星空（5个淘汰1个） 王梓豪 新锐杂志（5个淘汰3个） 赵俞澈 应智越 万宇贤 AIF娱乐（全军覆没） 于浩 赵凌峰 杨羿 张艺凡 焕星娱乐（全军覆没） 何嘉庚 李鑫岩 罗杰 张宇晨 铂熠娱乐（4个淘汰2个） 叶泓希 张昕 乐风艺社（全军覆没） 陈义夫 闵喆祥 果然娱乐（4个淘汰1个） 张晏恺 次元文化（2个淘汰1个） 徐鹤尼 新湃传媒（单人） 于斌 天津中视（单人） 朱一文 个人练习生（7个淘汰4个） 甘俊 侯浩然 黄若涵 周腾阳 个人觉得比较可惜的一些：扫地组合（罗杰、姜京佐）、张艺凡（第三期进A组）、闵喆祥（学舞能力突出） 收起 d,220,1591,1046,4448,1
idol_producer_084,赵俞澈,偶像练习生,合作舞台阶段,2018-03-03,2018-03-23,赵俞澈 偶像练习生,4214410798976831,https://m.weibo.cn/detail/4214410798976831,2018-03-06 03:14:00,#聚众吃瓜# #偶像练习生# 那些年我们错过而淘汰的神颜小哥哥们 P1李若天，P2姜京佐X罗杰，P3靖佩瑶，P4韩雍杰，P5赵俞澈，P6徐鹤尼，P7邓琅怡，P8吕晨瑜，最后一张还是我们最帅的寺草 ​,55,542,593,1732,2
idol_producer_084,赵俞澈,偶像练习生,位置测评阶段,2018-02-03,2018-02-16,赵俞澈 偶像练习生,4208059242896789,https://m.weibo.cn/detail/4208059242896789,2018-02-16 14:36:00,#偶像练习生# 抓住一个超级宠粉的赵俞澈 @CATCHERS_赵俞澈 这位来信的粉丝敲有福气，被赵俞澈记得你有讲过喜欢的歌，还专门为你唱了哦 快来感受一下>>> L 《偶像练习生》【泡泡读信】赵俞澈收到“老朋友”的信 ​,21,190,1129,1530,3
idol_producer_084,赵俞澈,偶像练习生,初评级阶段,2018-01-19,2018-01-26,赵俞澈 偶像练习生,4200056334559683,https://m.weibo.cn/detail/4200056334559683,2018-01-25 12:35:00,#北音新闻# 近日，爱奇艺《 #偶像练习生# 》火热上线。来自北京现代音乐研修学院的13名学子：朱星杰、万宇贤、小鬼 、韩雍杰、吕晨瑜、靖佩瑶、王宥辰、赵俞澈、金逸涵、朱匀天、朱匀一、韩沐伯、丁泽仁、和北音附中 武连杰 共14名 #北音学子# 成功入围100强名单，几乎占据了入围名单的七分之一 ！同学们、老师们、朋友们，请为他们投票吧！ 投票通道请戳👉 O 网页链接 @CATCHERS_万宇贤 、 @吕晨瑜_LCY 、 @靖佩瑶 、 @王宥辰KiY @朱星杰J_zen 、 @AKA_imp小鬼 、 @韩雍杰辅导员 @CATCHERS_朱匀一 @CATCHERS_朱匀天Z @CATCHERS_赵俞澈 @BBT金逸涵 @韩沐伯 @Dzr_丁泽仁 @CNK-武连杰 收起 d,275,158,418,1009,4
idol_producer_084,赵俞澈,偶像练习生,主题曲考核阶段,2018-01-27,2018-02-02,赵俞澈 偶像练习生,4203045576891566,https://m.weibo.cn/detail/4203045576891566,2018-02-02 18:33:00,#偶像练习生# #赵俞澈# 自我介绍拿着大喇叭唱茶蛋歌的小哥哥，有在你的pick名单里吗？小哥微博Instagram疯狂点赞世勋，看来是个小迷弟没错了。 ​,102,98,117,415,5
idol_producer_084,赵俞澈,偶像练习生,合作舞台阶段,2018-03-03,2018-03-23,赵俞澈 偶像练习生,4219328842670290,https://m.weibo.cn/detail/4219328842670290,2018-03-19 16:57:00,大家最近是不是都被 #偶像练习生# 里100位帅气的小哥哥刷屏了，是不是综艺看不够还想在直播中看到各位小哥哥？ 3月20日16:00偶像练习生 #catchers男团# 成员做客全民直播 #全民星访问# 栏目啦， @CATCHERS_朱匀一 @CATCHERS_朱匀天Z @CATCHERS_赵俞澈 @CATCHERS_应智越 @CATCHERS_万宇贤 ，在直播间等你哦！ @CATCHERS男团工作室 @CATCHERS_赵俞澈全球后援会 @CATCHERS_朱匀天匀一全球后援会 @CATCHERS_应智越全球后援会 @CATCHERS_万宇贤全球后援会 直播传送门： O 网页链接 收起 d,28,61,95,245,6
idol_producer_084,赵俞澈,偶像练习生,合作舞台阶段,2018-03-03,2018-03-23,赵俞澈 偶像练习生,4217543831176516,https://m.weibo.cn/detail/4217543831176516,2018-03-14 18:44:00,今天是情人節，但我不是一個人過！大家情人節快樂！ @CATCHERS_赵俞澈 #偶像练习生# #catchers男团# #应智越# #catchers应智越# #赵俞澈# 微博故事 同款滤镜 ​,2,18,129,167,7
idol_producer_084,赵俞澈,偶像练习生,位置测评阶段,2018-02-03,2018-02-16,赵俞澈 偶像练习生,4207980687600295,https://m.weibo.cn/detail/4207980687600295,2018-02-16 09:23:00,《偶像练习生》【泡泡读信】赵俞澈收到“老朋友”的信 L 《偶像练习生》【泡泡读信】赵俞澈收到“老朋友”的信 ​,4,21,87,133,8
idol_producer_084,赵俞澈,偶像练习生,主题曲考核阶段,2018-01-27,2018-02-02,赵俞澈 偶像练习生,4203105086701453,https://m.weibo.cn/detail/4203105086701453,2018-02-02 22:30:00,【偶像练习生第三期排名出炉 】今晚的 #偶像练习生# 虽然推迟了，但很快推出的加长版也算弥补了粉丝的期待！ #北音学子# 朱星杰、万宇贤、小鬼 、韩雍杰、吕晨瑜、靖佩瑶、王宥辰、赵俞澈、金逸涵、朱匀天、朱匀一、韩沐伯、丁泽仁、北音附中武连杰 加油！ #偶像练习生排名# ​,6,13,54,86,9
idol_producer_084,赵俞澈,偶像练习生,合作舞台阶段,2018-03-03,2018-03-23,赵俞澈 偶像练习生,4215263307751207,https://m.weibo.cn/detail/4215263307751207,2018-03-08 11:42:00,"#赵俞澈# #偶像练习生# 偶像练习生官推更新视频： 【中文小课堂】赵俞澈带你认识中国网络流行语，“还有这种操作？” 【Mini Chinese Lesson】Zhao Yuche teaches you the China's web lingo, ""This is an option?"" （今天是中文十级的赵老师给大家上课 ） @CATCHERS_赵俞澈 L 偶像练习生中文小课堂-赵俞澈 收起 d",2,12,12,38,10
idol_producer_084,赵俞澈,偶像练习生,合作舞台阶段,2018-03-03,2018-03-23,赵俞澈 偶像练习生,4220770320760274,https://m.weibo.cn/detail/4220770320760274,2018-03-23 16:25:00,#赵俞澈# ✨为了感谢各位宝宝们在偶像练习生这段时间对赵哥的支持，站站觉得把收藏很久的两张 @catchers_赵俞澈 签名专辑拿出来送给大家！！！ 希望大家在今后的人日子里可以继续支持赵哥一起加油。 ✨4.6号偶练总决赛赵哥会返场表演能来现场的宝宝们记得提前私信我领取手幅！（地点：北京） ⚠️抽取签名专辑规则：转发本条微博并回答图片上的问题。在4.6号当天会抽取两位回答正确的幸运宝宝送出签名专辑。 收起 d,2,10,11,33,11
idol_producer_084,赵俞澈,偶像练习生,合作舞台阶段,2018-03-03,2018-03-23,赵俞澈 偶像练习生,4217579604157162,https://m.weibo.cn/detail/4217579604157162,2018-03-14 21:06:00,#赵俞澈# #偶像练习生# 爱奇艺更新，复习中文小课堂。 @CATCHERS_赵俞澈 L Joki赵俞澈资源站的秒拍视频 ​,0,7,4,18,12
idol_producer_084,赵俞澈,偶像练习生,合作舞台阶段,2018-03-03,2018-03-23,赵俞澈 偶像练习生,4217848945053896,https://m.weibo.cn/detail/4217848945053896,2018-03-15 14:56:00,#赵俞澈# #偶像练习生# 今日第二份快乐， ​,0,6,5,17,13
idol_producer_084,赵俞澈,偶像练习生,合作舞台阶段,2018-03-03,2018-03-23,赵俞澈 偶像练习生,4215255641439344,https://m.weibo.cn/detail/4215255641439344,2018-03-08 11:12:00,"#赵俞澈# 偶像练习生官推更新： 百分九中文小课堂之中国网络流行语 主讲人：赵俞澈 主讲内容：“ui”& 还有这种操作？ 9% Mini Chinese Lesson - China's web lingo Main Instructor:Zhu Yuche Main topics:The Pinyin “ui” and ""This is an option?"" @CATCHERS_赵俞澈 ​",0,5,6,16,14
idol_producer_084,赵俞澈,偶像练习生,主题曲考核阶段,2018-01-27,2018-02-02,赵俞澈 偶像练习生,4203017202493055,https://m.weibo.cn/detail/4203017202493055,2018-02-02 16:40:00,偶像练习生中的赵俞澈小帅哥，唱跳俱佳，快来认识一下吧~ ​​​,1,0,6,7,15
idol_producer_084,赵俞澈,偶像练习生,位置测评阶段,2018-02-03,2018-02-16,赵俞澈 偶像练习生,4207760008124246,https://m.weibo.cn/detail/4207760008124246,2018-02-15 18:47:00,#偶像练习生# 今天过年，许个愿画个饼，希望吕晨瑜，孙凡杰，邓烺怡，应智越，赵俞澈 都能留下来！！！走的更久一点！！！！ ​,1,0,2,3,16
idol_producer_084,赵俞澈,偶像练习生,合作舞台阶段,2018-03-03,2018-03-23,赵俞澈 偶像练习生,4216531434509667,https://m.weibo.cn/detail/4216531434509667,2018-03-11 23:41:00,@CATCHERS_赵俞澈 为你打爆电话！我们一起用爱发电，向 #偶像练习生# 练习生PICK榜第一名进击，赢取节目10s彩蛋！ // @CATCHERS_赵俞澈 :我是 #偶像练习生# joki赵俞澈，全民制作人，请多多关照。,0,0,0,0,17
idol_producer_084,赵俞澈,偶像练习生,总决赛阶段,2018-03-24,2018-04-06,赵俞澈 偶像练习生,4225887060520936,https://m.weibo.cn/detail/4225887060520936,2018-04-06 19:17:00,为你投了很多的票，你会越来越好的// @CATCHERS_赵俞澈 :我是 #偶像练习生# 赵俞澈，全民制作人，谢谢关照。,0,0,0,0,18
idol_producer_084,赵俞澈,偶像练习生,总决赛阶段,2018-03-24,2018-04-06,赵俞澈 偶像练习生,4225887374817282,https://m.weibo.cn/detail/4225887374817282,2018-04-06 19:18:00,爱你啊，你这么优秀的男孩// @CATCHERS_赵俞澈 :我是 #偶像练习生# 赵俞澈，全民制作人，谢谢关照。,0,0,0,0,19
idol_producer_084,赵俞澈,偶像练习生,总决赛阶段,2018-03-24,2018-04-06,赵俞澈 偶像练习生,4225887320276169,https://m.weibo.cn/detail/4225887320276169,2018-04-06 19:18:00,大家都是追梦少年，希望我们都会遇见最好的❤❤❤// @CATCHERS_赵俞澈 :我是 #偶像练习生# 赵俞澈，全民制作人，谢谢关照。,0,0,0,0,20
idol_producer_084,赵俞澈,偶像练习生,总决赛阶段,2018-03-24,2018-04-06,赵俞澈 偶像练习生,4225887916294251,https://m.weibo.cn/detail/4225887916294251,2018-04-06 19:20:00,加油，小哥哥！！！最喜欢你了！！！// @CATCHERS_赵俞澈 :我是 #偶像练习生# 赵俞澈，全民制作人，谢谢关照。,0,0,0,0,21
idol_producer_084,赵俞澈,偶像练习生,总决赛阶段,2018-03-24,2018-04-06,赵俞澈 偶像练习生,4225887756641770,https://m.weibo.cn/detail/4225887756641770,2018-04-06 19:20:00,遇见你真好，希望我们都一样，都是一路繁花相送！// @CATCHERS_赵俞澈 :我是 #偶像练习生# 赵俞澈，全民制作人，谢谢关照。,0,0,0,0,22
idol_producer_084,赵俞澈,偶像练习生,总决赛阶段,2018-03-24,2018-04-06,赵俞澈 偶像练习生,4225888067848849,https://m.weibo.cn/detail/4225888067848849,2018-04-06 19:21:00,小哥哥。我们在你身后 // @CATCHERS_赵俞澈 :我是 #偶像练习生# 赵俞澈，全民制作人，谢谢关照。,0,0,0,0,23
idol_producer_084,赵俞澈,偶像练习生,总决赛阶段,2018-03-24,2018-04-06,赵俞澈 偶像练习生,4225888592046521,https://m.weibo.cn/detail/4225888592046521,2018-04-06 19:23:00,小奶狗要继续加油啊，爱你哦 评论配图 // @CATCHERS_赵俞澈 :我是 #偶像练习生# 赵俞澈，全民制作人，谢谢关照。,0,0,0,0,24
idol_producer_084,赵俞澈,偶像练习生,总决赛阶段,2018-03-24,2018-04-06,赵俞澈 偶像练习生,4225888549266865,https://m.weibo.cn/detail/4225888549266865,2018-04-06 19:23:00,小哥哥加油＾０＾~我们挺你 // @CATCHERS_赵俞澈 :我是 #偶像练习生# 赵俞澈，全民制作人，谢谢关照。,0,0,0,0,25
idol_producer_084,赵俞澈,偶像练习生,总决赛阶段,2018-03-24,2018-04-06,赵俞澈 偶像练习生,4225888910428933,https://m.weibo.cn/detail/4225888910428933,2018-04-06 19:24:00,小哥哥，愿你一路繁花相伴，加油吧 // @CATCHERS_赵俞澈 :我是 #偶像练习生# 赵俞澈，全民制作人，谢谢关照。,0,0,0,0,26
idol_producer_084,赵俞澈,偶像练习生,总决赛阶段,2018-03-24,2018-04-06,赵俞澈 偶像练习生,4225888763776313,https://m.weibo.cn/detail/4225888763776313,2018-04-06 19:24:00,喜欢看偶像练习生，喜欢你！！！ // @CATCHERS_赵俞澈 :我是 #偶像练习生# 赵俞澈，全民制作人，谢谢关照。,0,0,0,0,27
idol_producer_084,赵俞澈,偶像练习生,总决赛阶段,2018-03-24,2018-04-06,赵俞澈 偶像练习生,4225889010497417,https://m.weibo.cn/detail/4225889010497417,2018-04-06 19:25:00,你要加油啊，我会一直支持你的// @CATCHERS_赵俞澈 :我是 #偶像练习生# 赵俞澈，全民制作人，谢谢关照。,0,0,0,0,28
idol_producer_084,赵俞澈,偶像练习生,总决赛阶段,2018-03-24,2018-04-06,赵俞澈 偶像练习生,4225888978196389,https://m.weibo.cn/detail/4225888978196389,2018-04-06 19:25:00,就算是不能成功出道我们也会一直支持你的// @CATCHERS_赵俞澈 :我是 #偶像练习生# 赵俞澈，全民制作人，谢谢关照。,0,0,0,0,29
idol_producer_084,赵俞澈,偶像练习生,总决赛阶段,2018-03-24,2018-04-06,赵俞澈 偶像练习生,4225890106116235,https://m.weibo.cn/detail/4225890106116235,2018-04-06 19:29:00,我以后还会继续支持你的你要接着努力啊fighting // @CATCHERS_赵俞澈 :我是 #偶像练习生# 赵俞澈，全民制作人，谢谢关照。,0,0,0,0,30
idol_producer_085,赵凌峰,偶像练习生,位置测评阶段,2018-02-03,2018-02-16,赵凌峰 偶像练习生,4208154289709248,https://m.weibo.cn/detail/4208154289709248,2018-02-16 20:53:00,偶像练习生 99进60的淘汰名单 乐华、坤音、觉醒东方、超能唱片全员安全 香蕉娱乐（9个淘汰4个） 高茂桐 姜京佐 李若天 邱治楷 辰星娱乐（6个淘汰4个） Rapen 王宥辰 J-one Gigel 麦锐娱乐（6个淘汰3个） 邓烺怡 孙凡杰 吕晨瑜 简单快乐（5个淘汰4个） 金逸涵 林浩楷 李志杰 孙浩然 盛夏星空（5个淘汰1个） 王梓豪 新锐杂志（5个淘汰3个） 赵俞澈 应智越 万宇贤 AIF娱乐（全军覆没） 于浩 赵凌峰 杨羿 张艺凡 焕星娱乐（全军覆没） 何嘉庚 李鑫岩 罗杰 张宇晨 铂熠娱乐（4个淘汰2个） 叶泓希 张昕 乐风艺社（全军覆没） 陈义夫 闵喆祥 果然娱乐（4个淘汰1个） 张晏恺 次元文化（2个淘汰1个） 徐鹤尼 新湃传媒（单人） 于斌 天津中视（单人） 朱一文 个人练习生（7个淘汰4个） 甘俊 侯浩然 黄若涵 周腾阳 个人觉得比较可惜的一些：扫地组合（罗杰、姜京佐）、张艺凡（第三期进A组）、闵喆祥（学舞能力突出） 收起 d,220,1591,1046,4448,1
idol_producer_085,赵凌峰,偶像练习生,主题曲考核阶段,2018-01-27,2018-02-02,赵凌峰 偶像练习生,4200946977890245,https://m.weibo.cn/detail/4200946977890245,2018-01-27 23:34:00,#偶像练习生# 从发色到服装都是一整套搭配的AIF娱乐练习生于浩 @于浩Hook 张艺凡 @张艺凡YiF1111 赵凌峰 @赵凌峰Traple 杨羿 @杨羿Terry 舞台整体节奏感太强，连MIC都被震到起飞！ L 《偶像练习生》舞台纯享：A.I.F娱乐《All Eyes On Me》 ​,138,1087,1443,3755,2
idol_producer_085,赵凌峰,偶像练习生,主题曲考核阶段,2018-01-27,2018-02-02,赵凌峰 偶像练习生,4201535314005083,https://m.weibo.cn/detail/4201535314005083,2018-01-29 14:32:00,"#偶像练习生# 官推更新 《偶像练习生》之百分九中文小课堂第10讲来啦！快跟着赵凌峰老师一起学“我不能影响他们”吧 IDOL PRODUCER's tenth ""9% Mini Chinese Lesson"" is here! Now what we need to teach is ""I can't disrupt them"", hurry and learn with Teacher Traple! #iqiyi # idolproducer #偶像练习生 # 赵凌峰 #Traple 收起 d",0,0,15,15,3
idol_producer_085,赵凌峰,偶像练习生,位置测评阶段,2018-02-03,2018-02-16,赵凌峰 偶像练习生,4205635777902817,https://m.weibo.cn/detail/4205635777902817,2018-02-09 22:06:00,#偶像练习生# 赵凌峰也是挺惨的 作为队长 用他的蜜汁东北口音 语重心长地说了很多话 结果全程后脑勺or侧脸 一个特写没有 说话时镜头都切给别的孩子了 再这样下去我可能就忘了他长啥样了 ​​​,0,2,1,5,4
idol_producer_085,赵凌峰,偶像练习生,排名发布阶段,2018-02-17,2018-03-02,赵凌峰 偶像练习生,4212821610769376,https://m.weibo.cn/detail/4212821610769376,2018-03-01 18:00:00,#偶像练习生# 我向 @赵凌峰Traple 送出了加油卡！我pick的小哥哥全世界最棒！大家快来一起给你喜欢的选手打call吧！ O 练习生PICK榜 ​,0,2,0,4,5
idol_producer_085,赵凌峰,偶像练习生,合作舞台阶段,2018-03-03,2018-03-23,赵凌峰 偶像练习生,4216084683480649,https://m.weibo.cn/detail/4216084683480649,2018-03-10 18:06:00,#偶像练习生# 我向 @赵凌峰Traple 送出了加油卡！我pick的小哥哥全世界最棒！大家快来一起给你喜欢的选手打call吧！ O 练习生PICK榜 ​,0,0,1,1,6
idol_producer_085,赵凌峰,偶像练习生,初评级阶段,2018-01-19,2018-01-26,赵凌峰 偶像练习生,4198019576269321,https://m.weibo.cn/detail/4198019576269321,2018-01-19 21:42:00,@赵凌峰Traple 为你打爆电话！我们一起用爱发电，向 #偶像练习生# 练习生PICK榜第一名进击，赢取节目10s彩蛋！ // @赵凌峰Traple :我是 #偶像练习生# 赵凌峰，全民制作人，请多关照。,0,0,0,0,7
idol_producer_085,赵凌峰,偶像练习生,初评级阶段,2018-01-19,2018-01-26,赵凌峰 偶像练习生,4198031048430480,https://m.weibo.cn/detail/4198031048430480,2018-01-19 22:27:00,#偶像练习生# 我向 @赵凌峰Traple 送出了加油卡！我pick的小哥哥全世界最棒！大家快来一起给你喜欢的选手打call吧！ O 练习生PICK榜 ​,0,0,0,0,8
idol_producer_085,赵凌峰,偶像练习生,初评级阶段,2018-01-19,2018-01-26,赵凌峰 偶像练习生,4198032180671069,https://m.weibo.cn/detail/4198032180671069,2018-01-19 22:32:00,@赵凌峰Traple 为你打爆电话！我们一起用爱发电，向 #偶像练习生# 练习生PICK榜第一名进击，赢取节目10s彩蛋！ // @赵凌峰Traple :我是 #偶像练习生# 赵凌峰，全民制作人，请多关照。,0,0,0,0,9
idol_producer_085,赵凌峰,偶像练习生,排名发布阶段,2018-02-17,2018-03-02,赵凌峰 偶像练习生,4212852661413446,https://m.weibo.cn/detail/4212852661413446,2018-03-01 20:03:00,@赵凌峰Traple 为你打爆电话！我们一起用爱发电，向 #偶像练习生# 练习生PICK榜第一名进击，赢取节目10s彩蛋！ // @赵凌峰Traple :我是 #偶像练习生# 赵凌峰，全民制作人，请多关照。,0,0,0,0,10
idol_producer_085,赵凌峰,偶像练习生,合作舞台阶段,2018-03-03,2018-03-23,赵凌峰 偶像练习生,4217521466450080,https://m.weibo.cn/detail/4217521466450080,2018-03-14 17:15:00,#偶像练习生# 我向 @赵凌峰Traple 送出了加油卡！我pick的小哥哥全世界最棒！大家快来一起给你喜欢的选手打call吧！ O 练习生PICK榜 ​,0,0,0,0,11
idol_producer_085,赵凌峰,偶像练习生,总决赛阶段,2018-03-24,2018-04-06,赵凌峰 偶像练习生,4225923660161946,https://m.weibo.cn/detail/4225923660161946,2018-04-06 21:42:00,// @赵凌峰Traple :我是 #偶像练习生# 赵凌峰Traple，全民制作人，谢谢关照。,0,0,0,0,12
idol_producer_085,赵凌峰,偶像练习生,总决赛阶段,2018-03-24,2018-04-06,赵凌峰 偶像练习生,4225923655492140,https://m.weibo.cn/detail/4225923655492140,2018-04-06 21:42:00,w'ziheng// @赵凌峰Traple :我是 #偶像练习生# 赵凌峰Traple，全民制作人，谢谢关照。,0,0,0,0,13
idol_producer_085,赵凌峰,偶像练习生,总决赛阶段,2018-03-24,2018-04-06,赵凌峰 偶像练习生,4225923634944480,https://m.weibo.cn/detail/4225923634944480,2018-04-06 21:42:00,农民// @赵凌峰Traple :我是 #偶像练习生# 赵凌峰Traple，全民制作人，谢谢关照。,0,0,0,0,14
idol_producer_085,赵凌峰,偶像练习生,总决赛阶段,2018-03-24,2018-04-06,赵凌峰 偶像练习生,4225923614652538,https://m.weibo.cn/detail/4225923614652538,2018-04-06 21:42:00,// @赵凌峰Traple :我是 #偶像练习生# 赵凌峰Traple，全民制作人，谢谢关照。,0,0,0,0,15
idol_producer_085,赵凌峰,偶像练习生,总决赛阶段,2018-03-24,2018-04-06,赵凌峰 偶像练习生,4225923484118650,https://m.weibo.cn/detail/4225923484118650,2018-04-06 21:42:00,nixingde// @赵凌峰Traple :我是 #偶像练习生# 赵凌峰Traple，全民制作人，谢谢关照。,0,0,0,0,16
idol_producer_085,赵凌峰,偶像练习生,总决赛阶段,2018-03-24,2018-04-06,赵凌峰 偶像练习生,4225923463277459,https://m.weibo.cn/detail/4225923463277459,2018-04-06 21:42:00,// @赵凌峰Traple :我是 #偶像练习生# 赵凌峰Traple，全民制作人，谢谢关照。,0,0,0,0,17
idol_producer_085,赵凌峰,偶像练习生,总决赛阶段,2018-03-24,2018-04-06,赵凌峰 偶像练习生,4225923454868926,https://m.weibo.cn/detail/4225923454868926,2018-04-06 21:42:00,呃你值得// @赵凌峰Traple :我是 #偶像练习生# 赵凌峰Traple，全民制作人，谢谢关照。,0,0,0,0,18
idol_producer_085,赵凌峰,偶像练习生,总决赛阶段,2018-03-24,2018-04-06,赵凌峰 偶像练习生,4225923886374252,https://m.weibo.cn/detail/4225923886374252,2018-04-06 21:43:00,omgni// @赵凌峰Traple :我是 #偶像练习生# 赵凌峰Traple，全民制作人，谢谢关照。,0,0,0,0,19
idol_producer_085,赵凌峰,偶像练习生,总决赛阶段,2018-03-24,2018-04-06,赵凌峰 偶像练习生,4225923811668078,https://m.weibo.cn/detail/4225923811668078,2018-04-06 21:43:00,honghodi// @赵凌峰Traple :我是 #偶像练习生# 赵凌峰Traple，全民制作人，谢谢关照。,0,0,0,0,20
idol_producer_085,赵凌峰,偶像练习生,总决赛阶段,2018-03-24,2018-04-06,赵凌峰 偶像练习生,4225923793943190,https://m.weibo.cn/detail/4225923793943190,2018-04-06 21:43:00,yixingo// @赵凌峰Traple :我是 #偶像练习生# 赵凌峰Traple，全民制作人，谢谢关照。,0,0,0,0,21
idol_producer_085,赵凌峰,偶像练习生,总决赛阶段,2018-03-24,2018-04-06,赵凌峰 偶像练习生,4225923768935314,https://m.weibo.cn/detail/4225923768935314,2018-04-06 21:43:00,// @赵凌峰Traple :我是 #偶像练习生# 赵凌峰Traple，全民制作人，谢谢关照。,0,0,0,0,22
idol_producer_085,赵凌峰,偶像练习生,总决赛阶段,2018-03-24,2018-04-06,赵凌峰 偶像练习生,4225923760791179,https://m.weibo.cn/detail/4225923760791179,2018-04-06 21:43:00,g'xingne// @赵凌峰Traple :我是 #偶像练习生# 赵凌峰Traple，全民制作人，谢谢关照。,0,0,0,0,23
idol_producer_085,赵凌峰,偶像练习生,总决赛阶段,2018-03-24,2018-04-06,赵凌峰 偶像练习生,4225923740478780,https://m.weibo.cn/detail/4225923740478780,2018-04-06 21:43:00,// @赵凌峰Traple :我是 #偶像练习生# 赵凌峰Traple，全民制作人，谢谢关照。,0,0,0,0,24
idol_producer_085,赵凌峰,偶像练习生,总决赛阶段,2018-03-24,2018-04-06,赵凌峰 偶像练习生,4225923732074865,https://m.weibo.cn/detail/4225923732074865,2018-04-06 21:43:00,mingf// @赵凌峰Traple :我是 #偶像练习生# 赵凌峰Traple，全民制作人，谢谢关照。,0,0,0,0,25
idol_producer_085,赵凌峰,偶像练习生,总决赛阶段,2018-03-24,2018-04-06,赵凌峰 偶像练习生,4225924196906295,https://m.weibo.cn/detail/4225924196906295,2018-04-06 21:45:00,明年// @赵凌峰Traple :我是 #偶像练习生# 赵凌峰Traple，全民制作人，谢谢关照。,0,0,0,0,26
idol_producer_085,赵凌峰,偶像练习生,总决赛阶段,2018-03-24,2018-04-06,赵凌峰 偶像练习生,4225924565648112,https://m.weibo.cn/detail/4225924565648112,2018-04-06 21:46:00,谢怡您// @赵凌峰Traple :我是 #偶像练习生# 赵凌峰Traple，全民制作人，谢谢关照。,0,0,0,0,27
idol_producer_085,赵凌峰,偶像练习生,总决赛阶段,2018-03-24,2018-04-06,赵凌峰 偶像练习生,4225924905481735,https://m.weibo.cn/detail/4225924905481735,2018-04-06 21:47:00,// @赵凌峰Traple :我是 #偶像练习生# 赵凌峰Traple，全民制作人，谢谢关照。,0,0,0,0,28
idol_producer_085,赵凌峰,偶像练习生,总决赛阶段,2018-03-24,2018-04-06,赵凌峰 偶像练习生,4225925455412295,https://m.weibo.cn/detail/4225925455412295,2018-04-06 21:50:00,您哼// @赵凌峰Traple :我是 #偶像练习生# 赵凌峰Traple，全民制作人，谢谢关照。,0,0,0,0,29
idol_producer_085,赵凌峰,偶像练习生,总决赛阶段,2018-03-24,2018-04-06,赵凌峰 偶像练习生,4225925690145759,https://m.weibo.cn/detail/4225925690145759,2018-04-06 21:51:00,OMG各地// @赵凌峰Traple :我是 #偶像练习生# 赵凌峰Traple，全民制作人，谢谢关照。,0,0,0,0,30
idol_producer_086,邓烺怡,偶像练习生,位置测评阶段,2018-02-03,2018-02-16,邓烺怡 偶像练习生,4208154289709248,https://m.weibo.cn/detail/4208154289709248,2018-02-16 20:53:00,偶像练习生 99进60的淘汰名单 乐华、坤音、觉醒东方、超能唱片全员安全 香蕉娱乐（9个淘汰4个） 高茂桐 姜京佐 李若天 邱治楷 辰星娱乐（6个淘汰4个） Rapen 王宥辰 J-one Gigel 麦锐娱乐（6个淘汰3个） 邓烺怡 孙凡杰 吕晨瑜 简单快乐（5个淘汰4个） 金逸涵 林浩楷 李志杰 孙浩然 盛夏星空（5个淘汰1个） 王梓豪 新锐杂志（5个淘汰3个） 赵俞澈 应智越 万宇贤 AIF娱乐（全军覆没） 于浩 赵凌峰 杨羿 张艺凡 焕星娱乐（全军覆没） 何嘉庚 李鑫岩 罗杰 张宇晨 铂熠娱乐（4个淘汰2个） 叶泓希 张昕 乐风艺社（全军覆没） 陈义夫 闵喆祥 果然娱乐（4个淘汰1个） 张晏恺 次元文化（2个淘汰1个） 徐鹤尼 新湃传媒（单人） 于斌 天津中视（单人） 朱一文 个人练习生（7个淘汰4个） 甘俊 侯浩然 黄若涵 周腾阳 个人觉得比较可惜的一些：扫地组合（罗杰、姜京佐）、张艺凡（第三期进A组）、闵喆祥（学舞能力突出） 收起 d,220,1591,1046,4448,1
idol_producer_086,邓烺怡,偶像练习生,位置测评阶段,2018-02-03,2018-02-16,邓烺怡 偶像练习生,4208147826333142,https://m.weibo.cn/detail/4208147826333142,2018-02-16 20:28:00,#偶像练习生# #偶像练习生邓烺怡# “Hey 下一秒向你靠近 梦已准备就绪” 暂时的离别是为了下一次更好的相遇，这两个月的风风雨雨在今天迎来了新的篇章。虽然接下来没办法在节目里相见了，但是未来的日子，也请多关照！感恩追梦路上有你们❤ ​,118,524,2500,3666,2
idol_producer_086,邓烺怡,偶像练习生,排名发布阶段,2018-02-17,2018-03-02,邓烺怡 偶像练习生,4212857866837152,https://m.weibo.cn/detail/4212857866837152,2018-03-01 20:24:00,#偶像练习生# #麦锐练习生# 麦锐员工之宝藏男孩儿的正确答案来啦～ 敲黑板！请大家照着上一条微博的照片顺序自行对答案 满分6分，诚实的告诉麦老师，你几分？ @李希侃_LXK @孙凡杰_FJ @吕晨瑜_LCY @邓烺怡_LY @罗正_LZ @余明君_MJ ​,146,329,234,1038,3
idol_producer_086,邓烺怡,偶像练习生,排名发布阶段,2018-02-17,2018-03-02,邓烺怡 偶像练习生,4212790967770542,https://m.weibo.cn/detail/4212790967770542,2018-03-01 15:58:00,#偶像练习生# #麦锐练习生# 麦锐员工之宝藏男孩儿们第二弹！ 这是六只从小好看到大的小可爱们～但是，你们能猜出谁是谁吗？快来评论里写出你的答案吧 （讲真麦麦一下子也不太能……）咳咳，晚上来公布正确答案～ @罗正_LZ @李希侃_LXK @余明君_MJ @吕晨瑜_LCY @邓烺怡_LY @孙凡杰_FJ ​,129,341,177,988,4
idol_producer_086,邓烺怡,偶像练习生,总决赛阶段,2018-03-24,2018-04-06,邓烺怡 偶像练习生,4224425262299655,https://m.weibo.cn/detail/4224425262299655,2018-04-02 18:28:00,最近学会了瞬间转移，然后...嗯，回来了❤ #偶像练习生# #邓烺怡# #偶像练习生邓烺怡# 微博故事 ​,15,47,729,838,5
idol_producer_086,邓烺怡,偶像练习生,总决赛阶段,2018-03-24,2018-04-06,邓烺怡 偶像练习生,4225872347740334,https://m.weibo.cn/detail/4225872347740334,2018-04-06 18:19:00,我是 #偶像练习生# 小铃铛🔔邓烺怡，全民制作人，谢谢关照。,10,56,661,783,6
idol_producer_086,邓烺怡,偶像练习生,总决赛阶段,2018-03-24,2018-04-06,邓烺怡 偶像练习生,4221577425530748,https://m.weibo.cn/detail/4221577425530748,2018-03-25 21:52:00,【推特】 #偶像练习生# 话题下1小时pick #卜凡# #小鬼王琳凯# #朱星杰# #蔡徐坤# #陈立农# #偶像队长秦奋# #陆定昊# #余明君# #邓烺怡# #李希侃# #黄明昊# #岳岳pinkray# #木子洋# ​,14,276,93,659,7
idol_producer_086,邓烺怡,偶像练习生,合作舞台阶段,2018-03-03,2018-03-23,邓烺怡 偶像练习生,4215040032451005,https://m.weibo.cn/detail/4215040032451005,2018-03-07 20:55:00,#麦锐练习生# #偶像练习生# 主题曲《Ei Ei》Dance Cover+三位小哥哥的节目后记 从《偶像练习生》回来后，想说的话都在这里啦~感谢还在喜欢和支持着的粉丝们 节目之旅暂停，梦想依然继续 @吕晨瑜_LCY @邓烺怡_LY @孙凡杰_FJ L 麦锐娱乐的秒拍视频 ​,72,114,348,648,8
idol_producer_086,邓烺怡,偶像练习生,排名发布阶段,2018-02-17,2018-03-02,邓烺怡 偶像练习生,4209621813662750,https://m.weibo.cn/detail/4209621813662750,2018-02-20 22:05:00,人生第六次毕业照❤ #偶像练习生# #偶像练习生邓烺怡#,6,64,363,497,9
idol_producer_086,邓烺怡,偶像练习生,排名发布阶段,2018-02-17,2018-03-02,邓烺怡 偶像练习生,4210661901156789,https://m.weibo.cn/detail/4210661901156789,2018-02-23 18:58:00,#偶像练习生# #麦锐练习生# 按照播出惯例...小哥哥们的“朋友圈”日常来啦 今晚20:00 《偶像练习生》 请继续为麦锐练习生打Call吧！ @罗正_LZ @李希侃_LXK @余明君_MJ 也希望大家继续多多关注我们的 @吕晨瑜_LCY @邓烺怡_LY @孙凡杰_FJ 兄弟们，冲啊！！！ ​,78,86,167,417,10
idol_producer_086,邓烺怡,偶像练习生,排名发布阶段,2018-02-17,2018-03-02,邓烺怡 偶像练习生,4210686063690631,https://m.weibo.cn/detail/4210686063690631,2018-02-23 20:34:00,#偶像练习生# #麦锐练习生# 送出原图 @罗正_LZ @李希侃_LXK @余明君_MJ @吕晨瑜_LCY @邓烺怡_LY @孙凡杰_FJ ​,30,88,161,367,11
idol_producer_086,邓烺怡,偶像练习生,位置测评阶段,2018-02-03,2018-02-16,邓烺怡 偶像练习生,4208143003249479,https://m.weibo.cn/detail/4208143003249479,2018-02-16 20:08:00,#偶像练习生# #麦锐练习生# 周五晚准时向全民制作人报道啦！ 六位小哥哥一本正经卖(犯)萌(傻)的场面，有没有被可爱到？ 新一轮的投票已经开始！比赛虽然是残酷的……但是还留下来的小哥哥请带上六只全部的初心，继续努力前行吧！麦锐娱乐加油 @罗正_LZ @李希侃_LXK @余明君_MJ @吕晨瑜_LCY @邓烺怡_LY @孙凡杰_FJ 收起 d,12,70,157,309,12
idol_producer_086,邓烺怡,偶像练习生,初评级阶段,2018-01-19,2018-01-26,邓烺怡 偶像练习生,4200554463064819,https://m.weibo.cn/detail/4200554463064819,2018-01-26 21:34:00,#偶像练习生# #麦锐练习生# 小哥哥们的自拍原图奉上 今天的节目中，大家有捕捉到新鲜的六只吗？ @罗正_LZ @李希侃_LXK @余明君_MJ @吕晨瑜_LCY @邓烺怡_LY @孙凡杰_FJ ​,27,62,107,258,13
idol_producer_086,邓烺怡,偶像练习生,位置测评阶段,2018-02-03,2018-02-16,邓烺怡 偶像练习生,4208173889395800,https://m.weibo.cn/detail/4208173889395800,2018-02-16 22:11:00,#偶像练习生# #偶像练习生余明君# 晋级成功 @余明君_MJ 感谢全民制作人的投票和支持！顺位发表时一边感谢也一边泣不成声，台下是兄弟们的鼓励和呼喊，一起互相陪伴走过的风雨大家都记得呢，团魂满满的少年们，相互信任和团结的力量，会成为未来继续砥砺前行的动力 麦锐练习生，你们都是最棒的！ @罗正_LZ @李希侃_LXK @吕晨瑜_LCY @邓烺怡_LY @孙凡杰_FJ L 麦锐娱乐的秒拍视频 收起 d,14,45,154,258,14
idol_producer_086,邓烺怡,偶像练习生,初评级阶段,2018-01-19,2018-01-26,邓烺怡 偶像练习生,4200501954747825,https://m.weibo.cn/detail/4200501954747825,2018-01-26 18:06:00,#偶像练习生# #麦锐练习生# 您收到一个新通知：用户您好，您日思夜想期待着的小哥哥们发布了6条新朋友圈and自拍，请及时回复 @罗正_LZ @李希侃_LXK @余明君_MJ @吕晨瑜_LCY @邓烺怡_LY @孙凡杰_FJ O 今晚8点《偶像练习生》 ，走起～ ​,63,41,82,227,15
idol_producer_086,邓烺怡,偶像练习生,排名发布阶段,2018-02-17,2018-03-02,邓烺怡 偶像练习生,4213090239344909,https://m.weibo.cn/detail/4213090239344909,2018-03-02 11:47:00,【推特】 #偶像练习生# 话题下1小时pick #乐华中国line# #范丞丞# #黄明昊# #朱正廷# #蔡徐坤# #郑锐彬# #李权哲# #卜凡# #尤长靖# #麦锐娱乐# #余明君# #吕晨瑜# #偶像练习生邓烺怡# ​,6,66,83,221,16
idol_producer_086,邓烺怡,偶像练习生,排名发布阶段,2018-02-17,2018-03-02,邓烺怡 偶像练习生,4213212235243137,https://m.weibo.cn/detail/4213212235243137,2018-03-02 19:52:00,#偶像练习生# #麦锐练习生# 新一期节目已播出 麦锐少年的心永远在一起着，Fighting!!!本轮投票截止还有一天的时间，全民制作人，拜托了 不说了，老麦赶紧投票去了…… @罗正_LZ @李希侃_LXK @余明君_MJ @吕晨瑜_LCY @邓烺怡_LY @孙凡杰_FJ ​,20,35,124,214,17
idol_producer_086,邓烺怡,偶像练习生,总决赛阶段,2018-03-24,2018-04-06,邓烺怡 偶像练习生,4225049202420732,https://m.weibo.cn/detail/4225049202420732,2018-04-04 11:48:00,【《偶像练习生》决赛 麦锐六只重聚力挺李希侃】贵州网讯：本周五，《偶像练习生》即将播出最后一期，也就是最终的9人出道决赛场，99名少年将重返现场，共同为节目画上圆满句号，麦锐六位练习生也再次重聚偶练。同时，罗正、余明君、吕晨瑜、邓烺怡、… O 网页链接 ​,0,0,13,13,18
idol_producer_086,邓烺怡,偶像练习生,合作舞台阶段,2018-03-03,2018-03-23,邓烺怡 偶像练习生,4215374221769828,https://m.weibo.cn/detail/4215374221769828,2018-03-08 19:03:00,#范丞丞# #偶像练习生范丞丞# 分享范丞丞/贝汯璘/李俊毅/覃俊毅的单曲《Very Good (Live) (原唱：Block B)》: O 网页链接 (来自 @网易云音乐 ) 分享范丞丞/郑锐彬/尤长靖/邓烺怡/吕晨瑜/林超泽/Justin的单曲《Can't Stop (A组现场版) (原唱：CNBLUE)》: O 网页链接 (来自 @网易云音乐 ) @Adam0616 收起 d,0,0,6,6,19
idol_producer_086,邓烺怡,偶像练习生,总决赛阶段,2018-03-24,2018-04-06,邓烺怡 偶像练习生,4221601249828316,https://m.weibo.cn/detail/4221601249828316,2018-03-25 23:27:00,#偶像练习生邓烺怡# #邓烺怡0802生日快乐# L 抖音红人榜的秒拍视频 ​,1,0,5,6,20
idol_producer_086,邓烺怡,偶像练习生,总决赛阶段,2018-03-24,2018-04-06,邓烺怡 偶像练习生,4224492379686896,https://m.weibo.cn/detail/4224492379686896,2018-04-02 22:55:00,#邓烺怡# #偶像练习生邓烺怡# Longne回大厂啦～ 期待你！ 分享 @邓烺怡_LY 的微博故事 微博故事 ​,0,0,5,5,21
idol_producer_086,邓烺怡,偶像练习生,合作舞台阶段,2018-03-03,2018-03-23,邓烺怡 偶像练习生,4216313544901319,https://m.weibo.cn/detail/4216313544901319,2018-03-11 09:15:00,【坤坤你什么时候才会知道这个世界上有个好东西叫“抖音”啊？！ 】 @爱奇艺 @爱奇艺偶像练习生 @偶像练习生 #偶像练习生朱匀天# @CATCHERS_朱匀天Z #偶像练习生朱匀一# @CATCHERS_朱匀一 #偶像练习生陈立农# @超级農農 #许凯皓偶像练习生# @许凯皓lockingjack #偶像练习生凌崎# @X-TIME凌崎 #偶像练习生邓烺怡# @邓烺怡_LY #偶像练习生吕晨瑜# @吕晨瑜 #偶像练习生孙凡杰# @孙凡杰_FJ #偶像练习生# #偶像练习生蔡徐坤# #蔡徐坤# 最近我发现偶像练习生中有许多人都加入抖音，开始玩抖音啦！ 但是 @蔡徐坤 你呢 我可是盼星星盼月亮的盼着你啊 风里雨里IKUN在抖音等你！ 收起 d,0,1,1,3,22
idol_producer_086,邓烺怡,偶像练习生,排名发布阶段,2018-02-17,2018-03-02,邓烺怡 偶像练习生,4209915708992893,https://m.weibo.cn/detail/4209915708992893,2018-02-21 17:33:00,#邓烺怡# #偶像练习生邓烺怡# 冒泡的烺怡❤️图片里大家找到他没 // @邓烺怡_LY :人生第六次毕业照❤ #偶像练习生# #偶像练习生邓烺怡#,0,0,2,2,23
idol_producer_086,邓烺怡,偶像练习生,合作舞台阶段,2018-03-03,2018-03-23,邓烺怡 偶像练习生,4218711986233008,https://m.weibo.cn/detail/4218711986233008,2018-03-18 00:06:00,#范丞丞# #爱奇艺偶像练习生# 我滴天 太可爱了啊啊啊啊啊[流泪] 能看一万遍👿👿👿👿👿👿 专注于收集范丞丞滴动图！👏👏🙆🙆 实在是太太太太可爱ớ ₃ờ ớ ₃ờ ớ ₃ờ🙌🙌🙌🙌 分享范丞丞/郑锐彬/尤长靖/邓烺怡/吕晨瑜/林超泽/Justin的单曲《Can't Stop (A组现场版) (原唱：CNBLUE)》 O 网页链接 ( @网易云音乐 ) 收起 d,0,0,2,2,24
idol_producer_086,邓烺怡,偶像练习生,初评级阶段,2018-01-19,2018-01-26,邓烺怡 偶像练习生,4200548930201277,https://m.weibo.cn/detail/4200548930201277,2018-01-26 21:12:00,#邓烺怡# #偶像练习生# #偶像练习生邓烺怡# 烺怡的表情包,0,0,1,1,25
idol_producer_086,邓烺怡,偶像练习生,位置测评阶段,2018-02-03,2018-02-16,邓烺怡 偶像练习生,4208131778869666,https://m.weibo.cn/detail/4208131778869666,2018-02-16 19:24:00,#邓烺怡# #偶像练习生邓烺怡# #偶像练习生# @邓烺怡_LY 今晚八点准时守候,0,0,1,1,26
idol_producer_086,邓烺怡,偶像练习生,排名发布阶段,2018-02-17,2018-03-02,邓烺怡 偶像练习生,4210341006868757,https://m.weibo.cn/detail/4210341006868757,2018-02-22 21:43:00,【 #偶像练习生# 超强vocal！《Can't stop》完美剪辑你值得拥有】先声夺人 #范丞丞# ，全场最佳 #尤长靖# ，可爱王子 #justin# ，深情忧郁 #郑锐彬# ，十项全能 #林超泽# ，迷人声线 #邓烺怡# ，青铜王者 #吕辰瑜# （cr：沐沫岚辰） L 经典音乐厅的秒拍视频 ​,0,0,1,1,27
idol_producer_086,邓烺怡,偶像练习生,合作舞台阶段,2018-03-03,2018-03-23,邓烺怡 偶像练习生,4220521992249356,https://m.weibo.cn/detail/4220521992249356,2018-03-22 23:58:00,#偶像练习生# #偶像练习生邓烺怡# 你们的小哥哥在这呢 快来领取啊 @邓烺怡_LY L 抖音红人榜的秒拍视频 ​,0,0,1,1,28
idol_producer_086,邓烺怡,偶像练习生,总决赛阶段,2018-03-24,2018-04-06,邓烺怡 偶像练习生,4225882153839216,https://m.weibo.cn/detail/4225882153839216,2018-04-06 18:58:00,❤️❤️❤️// @邓烺怡_LY :我是 #偶像练习生# 小铃铛🔔邓烺怡，全民制作人，谢谢关照。,0,0,1,1,29
idol_producer_086,邓烺怡,偶像练习生,初评级阶段,2018-01-19,2018-01-26,邓烺怡 偶像练习生,4200421780496491,https://m.weibo.cn/detail/4200421780496491,2018-01-26 12:47:00,#偶像练习生# 我向 @邓烺怡_LY 送出了加油卡！我pick的小哥哥全世界最棒！大家快来一起给你喜欢的选手打call吧！ O 练习生PICK榜 ​,0,0,0,0,30
idol_producer_087,邱治谐,偶像练习生,总决赛阶段,2018-03-24,2018-04-06,邱治谐 偶像练习生,4225771033907631,https://m.weibo.cn/detail/4225771033907631,2018-04-06 11:36:00,香蕉九子合体啦，为好兄弟 @Trainee18-尤长靖 @Trainee18-林超泽 @Trainee18-林彦俊 加油打气！无论最后结果如何，都别忘了你们身后站着全世界最挺你们的人！加油！香蕉男孩们！ #偶像练习生# #尤长靖# #林彦俊# #林超泽# #陆定昊# #姜京佐# #李若天# #高茂桐# #贝汯璘# #邱治谐# L 香蕉娱乐Trainee18的秒拍视频 ​,8138,4789,8203,25919,1
idol_producer_087,邱治谐,偶像练习生,总决赛阶段,2018-03-24,2018-04-06,邱治谐 偶像练习生,4225888826213631,https://m.weibo.cn/detail/4225888826213631,2018-04-06 19:24:00,九子同心 #偶像练习生# #香蕉娱乐TRAINEE18# #尤长靖# #林彦俊# #林超泽# #李若天# #姜京佐# #陆定昊# #贝汯璘# #高茂桐# #邱治谐# ​,4369,1419,4332,11539,2
idol_producer_087,邱治谐,偶像练习生,总决赛阶段,2018-03-24,2018-04-06,邱治谐 偶像练习生,4225895814731754,https://m.weibo.cn/detail/4225895814731754,2018-04-06 19:52:00,集齐九子召唤 @王思聪 #偶像练习生# #香蕉娱乐TRAINEE18# #尤长靖# #林彦俊# #林超泽# #陆定昊# #姜京佐# #李若天# #高茂桐# #邱治谐# #贝汯璘# ​,2069,946,3586,7547,3
idol_producer_087,邱治谐,偶像练习生,初评级阶段,2018-01-19,2018-01-26,邱治谐 偶像练习生,4200550956290435,https://m.weibo.cn/detail/4200550956290435,2018-01-26 21:20:00,#偶像练习生# “十八般担当”都齐全的香蕉娱乐九人团贝汯璘 @Trainee18-贝汯璘Air 李若天 @Trainee18-李若天Kai 高茂桐 @Trainee18-高茂桐 姜京佐 @Trainee18-姜京佐 尤长靖 @Trainee18-尤长靖 林彦俊 @Trainee18-林彦俊 林超泽 @Trainee18-林超泽 陆定昊 @Trainee18-陆定昊 邱治谐 @Trainee18-邱治谐 团体配合度完美，群舞获得导师团一致好评！给你们鼓鼓掌 L 【偶像练习生】尤长靖：小宇宙大爆发 走心演唱获李荣浩好评 收起 d,458,1084,2089,4715,4
idol_producer_087,邱治谐,偶像练习生,总决赛阶段,2018-03-24,2018-04-06,邱治谐 偶像练习生,4225902063676847,https://m.weibo.cn/detail/4225902063676847,2018-04-06 20:17:00,【王思聪现身《偶练》】《偶像练习生》总决赛，香蕉娱乐的boss @王思聪 现身为旗下的练习生助阵！ 与尤长靖、林彦俊、林超泽、陆定昊、姜京佐、李若天、高茂桐、邱治谐、贝汯璘合照 O 《偶练》总决赛王思聪现身 ​,112,569,1879,3129,5
idol_producer_087,邱治谐,偶像练习生,位置测评阶段,2018-02-03,2018-02-16,邱治谐 偶像练习生,4207840920757019,https://m.weibo.cn/detail/4207840920757019,2018-02-16 00:08:00,TRAINEE18练习生给大家送上新年祝福啦！🐶 请2018年也继续支持和喜欢他们 #偶像练习生# #林超泽# #尤长靖# #姜京佐# #陆定昊# #贝汯璘# #林彦俊# #李若天# #高茂桐# #邱治谐# L 香蕉娱乐Trainee18的秒拍视频 ​,216,720,618,2274,6
idol_producer_087,邱治谐,偶像练习生,合作舞台阶段,2018-03-03,2018-03-23,邱治谐 偶像练习生,4216829167773499,https://m.weibo.cn/detail/4216829167773499,2018-03-12 19:24:00,"今天是見證奇蹟的時刻✌🏻 其實很多胖胖們都是帥氣的潛力股！！ All the chubby boys n’ girls, let’s transform🙋🏻‍♂️🙋🏻‍♀️ #香蕉娱乐trainee18# #邱治谐# #偶像练习生# #尤长靖# ​",119,264,946,1593,7
idol_producer_087,邱治谐,偶像练习生,位置测评阶段,2018-02-03,2018-02-16,邱治谐 偶像练习生,4207680220729419,https://m.weibo.cn/detail/4207680220729419,2018-02-15 13:30:00,宝宝们快来快来，咱不啃狗粮了， #TRAINEE18练习生# 给你们撒蜜糖了！ #偶像练习生# #尤长靖# #林彦俊# #高茂桐# #陆定昊# #林超泽# #姜京佐# #李若天# #贝汯璘# 小哥哥们比的小❤️❤️你们有没有收到 因为拍摄的时候邱北北 #邱治谐# 有事不在，之后再给大家补❤️❤️啦 小哥哥们祝香蕉女孩们新年快乐，大吉大利！ 收起 d,142,487,334,1450,8
idol_producer_087,邱治谐,偶像练习生,位置测评阶段,2018-02-03,2018-02-16,邱治谐 偶像练习生,4208070894079214,https://m.weibo.cn/detail/4208070894079214,2018-02-16 15:22:00,#偶像练习生# 保姆担当邱治谐 @Trainee18-邱治谐 的读信时间到喽 “邱伯伯”的称号因何而来？R&B特别版生日快乐敬请查收噢~ L 《偶像练习生》【泡泡读信】邱治谐最好的邱伯伯 ​,6,26,1004,1062,9
idol_producer_087,邱治谐,偶像练习生,排名发布阶段,2018-02-17,2018-03-02,邱治谐 偶像练习生,4208337693722373,https://m.weibo.cn/detail/4208337693722373,2018-02-17 09:02:00,离别是为了更好地重逢… 香蕉娱乐TRAINEE18 都是最棒的！ #偶像练习生# #高茂桐# #邱治谐# #姜京佐# #林超泽# #尤长靖# #陆定昊# #贝汯璘# #林彦俊# #李若天# L 香蕉娱乐Trainee18的秒拍视频 ​,91,211,478,991,10
idol_producer_087,邱治谐,偶像练习生,合作舞台阶段,2018-03-03,2018-03-23,邱治谐 偶像练习生,4217578765303037,https://m.weibo.cn/detail/4217578765303037,2018-03-14 21:03:00,【推特】 #偶像练习生# 话题下1小时pick #偶像练习生蔡徐坤# #蔡徐坤# #黄明昊# #陈立农# #范丞丞# #王子异# #郑锐彬# #李希侃# #灵超# #周锐# #朱正廷# #丁泽仁# #卜凡# #林超泽# #李权哲# #尤长靖# #邱治谐# ​,14,384,107,889,11
idol_producer_087,邱治谐,偶像练习生,排名发布阶段,2018-02-17,2018-03-02,邱治谐 偶像练习生,4212009376149898,https://m.weibo.cn/detail/4212009376149898,2018-02-27 12:12:00,一個變身的概念☝️午安啊大家！！！ #偶像练习生邱治谐# #trainee18-邱治谐# L Trainee18-邱治谐的秒拍视频 ​,11,36,518,601,12
idol_producer_087,邱治谐,偶像练习生,总决赛阶段,2018-03-24,2018-04-06,邱治谐 偶像练习生,4225918815857955,https://m.weibo.cn/detail/4225918815857955,2018-04-06 21:23:00,《偶像练习生》总决赛，香蕉娱乐boss 王思聪 低调现身，为旗下的练习生助阵！并与尤长靖、林彦俊、林超泽、陆定昊、姜京佐、李若天、高茂桐、邱治谐、贝汯璘合照。 另外，范丞丞爸妈 也来到现场，为范丞丞加油打气！ 你最支持谁？ ​,158,118,189,583,13
idol_producer_087,邱治谐,偶像练习生,总决赛阶段,2018-03-24,2018-04-06,邱治谐 偶像练习生,4225871105303571,https://m.weibo.cn/detail/4225871105303571,2018-04-06 18:14:00,我是 #偶像练习生# 邱治谐，全民制作人，谢谢关照。,18,53,455,579,14
idol_producer_087,邱治谐,偶像练习生,排名发布阶段,2018-02-17,2018-03-02,邱治谐 偶像练习生,4212804325893620,https://m.weibo.cn/detail/4212804325893620,2018-03-01 16:51:00,#创造101# 【等待开播的日子】小首的安利课堂 第一课 香蕉娱乐之Trainee18 1、强东玥 1994年3月31日 华东师范大学 2、曾妮 1993年6月9日 上海戏剧学院 宣言： 不忘初心 方能始终 3、傅菁 1995年6月2日 宣言： 一切才刚开始 加油 未来会更加努力 4、王亦然 宣言：Just another girl 5、王曼君 6、刘尼夷 Trainee18是王思聪旗下上海香蕉计划演出经纪有限公司于2016年12月20日成军的首批18名练习生。其中 #高茂桐# 、 #贝汯璘# 、 #陆定昊# 、 #姜京佐# 、 #邱治谐# 、 #尤长靖# 、 #林彦俊# 、 #林超泽# 、 #李若天# 因参加《偶像练习生》被粉丝熟知，这些都是他们的师妹哦~ 收起 d,66,160,167,553,15
idol_producer_087,邱治谐,偶像练习生,初评级阶段,2018-01-19,2018-01-26,邱治谐 偶像练习生,4200560569579165,https://m.weibo.cn/detail/4200560569579165,2018-01-26 21:59:00,【 #偶像有新番# 尤长靖导演“处女作”曝光】 @Trainee18-尤长靖 自我介绍道：“大家好，我是摄影师。”镜头中的 @Trainee18-林彦俊 上演搞怪模仿秀， @Trainee18-邱治谐 一言不合就“尬舞”。 L 《偶像有新番》尤长靖导演处女作曝光 更多有关《偶像练习生》的幕后花絮尽在每周五晚八点半《偶像有新番》！ 更多精彩 移动端 O 网页链接 pc端 O 网页链接 收起 d,45,59,271,434,16
idol_producer_087,邱治谐,偶像练习生,总决赛阶段,2018-03-24,2018-04-06,邱治谐 偶像练习生,4222976011952579,https://m.weibo.cn/detail/4222976011952579,2018-03-29 18:30:00,【 #偶像练习生# 每日pick福利】还记得来自香蕉大家族的 @Trainee18-邱治谐 吗？ 关注 @微博视频台 ，带话题 #偶像练习生# 转发评论并说出你对他的喜爱，下周一说不定你就会成为这张签名照的主人噢~ ​,34,62,247,405,17
idol_producer_087,邱治谐,偶像练习生,合作舞台阶段,2018-03-03,2018-03-23,邱治谐 偶像练习生,4215724296040126,https://m.weibo.cn/detail/4215724296040126,2018-03-09 18:14:00,早上一路顛簸到現在， 蜜罐们🍯，我回來了❤️ 今天一樣的時間，偶像練習生 不管好壞，有我們陪著💪 #偶像练习生# #trainee18-邱治谐# #邱治谐# #香蕉娱乐trainee18# ​,7,40,305,392,18
idol_producer_087,邱治谐,偶像练习生,排名发布阶段,2018-02-17,2018-03-02,邱治谐 偶像练习生,4211683402376292,https://m.weibo.cn/detail/4211683402376292,2018-02-26 14:37:00,So pinky as my shirt! 粉紅的美不勝收👐🏻 #邱治谐# #偶像练习生邱治谐# #trainee18-邱治谐# ​,9,57,225,348,19
idol_producer_087,邱治谐,偶像练习生,排名发布阶段,2018-02-17,2018-03-02,邱治谐 偶像练习生,4211620902642607,https://m.weibo.cn/detail/4211620902642607,2018-02-26 10:28:00,天氣很好呢☺️ 這位美女是？🤔 (To be continued...) ​​​ #邱治谐# #偶像练习生邱治谐# #trainee18-邱治谐# ​,14,33,223,303,20
idol_producer_087,邱治谐,偶像练习生,排名发布阶段,2018-02-17,2018-03-02,邱治谐 偶像练习生,4212034138557666,https://m.weibo.cn/detail/4212034138557666,2018-02-27 13:50:00,就這樣一整個下午吧😌 A great time for space out! #偶像练习生邱治谐# #trainee18-邱治谐# ​,8,27,216,278,21
idol_producer_087,邱治谐,偶像练习生,合作舞台阶段,2018-03-03,2018-03-23,邱治谐 偶像练习生,4216011760160671,https://m.weibo.cn/detail/4216011760160671,2018-03-10 13:16:00,【香蕉男孩团体安利 请投香蕉召唤全民制作人】来自《偶像练习生》的香蕉播报，最近香蕉四男孩 #姜京佐# #李若天# #高茂桐# #邱治谐# 又出幺蛾子了！！！鬼马精灵的他们回家了也不省心，纷纷换上了新头像“投”“香”“蕉”，希望大家多多关注厂里的香蕉哥哥 @Trainee18-尤长靖 @Trainee18-林超泽 @Trainee18-林彦俊 @Trainee18-陆定昊 ，虽然姜京佐因为某些原因修改失败，但这波“头像求生”操作也是友爱的没谁了～ 收起 d,64,35,33,167,22
idol_producer_087,邱治谐,偶像练习生,位置测评阶段,2018-02-03,2018-02-16,邱治谐 偶像练习生,4208162674747019,https://m.weibo.cn/detail/4208162674747019,2018-02-16 21:27:00,安利最好笑也是最有团魂的香蕉娱乐！愿姜京佐，李若天，高茂桐，邱治谐在以后的路上披荆斩棘！你们的路才刚开始！继续加油吧💪 #姜京佐# #李若天# #高茂桐# #邱治谐# #偶像练习生# K Rock the show-TRAINEE18练习生 ​,2,33,40,108,23
idol_producer_087,邱治谐,偶像练习生,合作舞台阶段,2018-03-03,2018-03-23,邱治谐 偶像练习生,4216832279866891,https://m.weibo.cn/detail/4216832279866891,2018-03-12 19:37:00,#尤长靖# 🌸 #偶像练习生# 我只想说越努力越幸运 @Trainee18-尤长靖 粉丝滤镜让我觉得 @Trainee18-尤长靖 从小帅到大！你实力诠释 #偶像练习生# @爱奇艺偶像练习生 节目宗旨“越努力越幸运” 图片来自 @Trainee18-邱治谐 小哥哥的！！！！ 哈哈哈哈哈哈哈 ​,3,26,30,85,24
idol_producer_087,邱治谐,偶像练习生,位置测评阶段,2018-02-03,2018-02-16,邱治谐 偶像练习生,4207980595380266,https://m.weibo.cn/detail/4207980595380266,2018-02-16 09:23:00,《偶像练习生》【泡泡读信】邱治谐最好的邱伯伯 L 《偶像练习生》【泡泡读信】邱治谐最好的邱伯伯 ​,0,1,41,43,25
idol_producer_087,邱治谐,偶像练习生,排名发布阶段,2018-02-17,2018-03-02,邱治谐 偶像练习生,4212006527646610,https://m.weibo.cn/detail/4212006527646610,2018-02-27 12:01:00,燃爆！！ #爱奇艺偶像练习生# #杨非同# 代号魂斗罗 AB组纯享分屏版 左右声道 懒人最爱的一次看俩个视频 李长庚于斌林彦俊许凯皓叶泓希杨羿邱治谐朱一文林浩楷韩雍杰张宇晨何嘉庚徐鹤尼杨非同-P1 #哔哩哔哩# L 【9/100】代号魂斗罗 AB组纯享分屏版 左右声道 懒人最爱的一次看俩个视频 李长庚于斌林彦俊许凯皓叶泓希杨羿邱治谐朱一文林浩楷韩雍杰张宇晨何嘉庚徐鹤尼杨非同 ​,0,3,11,17,26
idol_producer_087,邱治谐,偶像练习生,总决赛阶段,2018-03-24,2018-04-06,邱治谐 偶像练习生,4224496984814168,https://m.weibo.cn/detail/4224496984814168,2018-04-02 23:13:00,我正在爱奇艺看【【180201 香蕉娱乐微博搬运】】尤长靖加油 香蕉微博:【回顾篇Part2】在 #TRAINEE18练习生# 首次集体演出当天，现场发生了很多突发状况，他们究竟遇到了什么样的困难呢？快来点开视频看吧！在困难重重下TA们最终是否能呈现出完美演出呢？你猜你猜你猜猜~ #偶像练习生# #尤长靖# #邱治谐# #林超泽# #李若天# #姜京佐# #陆定昊# #林彦俊# #高茂桐# #贝汯璘# 微博视频链接: 微博正文 ，快来 @爱奇艺 一起看！ O 网页链接 收起 d,0,0,5,5,27
idol_producer_087,邱治谐,偶像练习生,总决赛阶段,2018-03-24,2018-04-06,邱治谐 偶像练习生,4225913841305857,https://m.weibo.cn/detail/4225913841305857,2018-04-06 21:03:00,【王思聪现身《偶像练习生》】《偶像练习生》总决赛，香蕉娱乐的boss #王思聪# 现身为旗下的练习生助阵 与尤长靖、林彦俊、林超泽、陆定昊、姜京佐、李若天、高茂桐、邱治谐、贝汯璘合照 ​,2,0,3,5,28
idol_producer_087,邱治谐,偶像练习生,总决赛阶段,2018-03-24,2018-04-06,邱治谐 偶像练习生,4225917339545053,https://m.weibo.cn/detail/4225917339545053,2018-04-06 21:17:00,王思聪现身《偶像练习生》总决赛，为其公司香蕉娱乐旗下的练习生加油！尤长靖、林彦俊、林超泽、陆定昊、姜京佐、李若天、高茂桐、邱治谐、贝汯璘加油～ ​ L 肾肾先生的秒拍视频 ​,0,0,4,4,29
idol_producer_087,邱治谐,偶像练习生,总决赛阶段,2018-03-24,2018-04-06,邱治谐 偶像练习生,4225916483853863,https://m.weibo.cn/detail/4225916483853863,2018-04-06 21:14:00,#偶像练习生# 总决赛，香蕉娱乐的boss #王思聪# 现身为旗下的练习生助阵 与尤长靖、林彦俊、林超泽、陆定昊、姜京佐、李若天、高茂桐、邱治谐、贝汯璘合照 ​​​,1,0,2,3,30
idol_producer_088,金逸涵,偶像练习生,合作舞台阶段,2018-03-03,2018-03-23,金逸涵 偶像练习生,4215813420745815,https://m.weibo.cn/detail/4215813420745815,2018-03-10 00:08:00,嗨，舅妈和外甥女你们好，我是你们的大舅～今天内心想说的话很多，却不知从何说起，我是一个在国外练习5年刚刚回国不久怀揣梦想的普通人，回国后，来到了 #偶像练习生# ，这几个月就像做了一个梦，虽然今天离开了节目，心里空落落的，但是梦还会继续，我还是那个积极的“大舅”。 这几个月中，我从一个默默无闻，到歌唱实力被很多人看到，被很多人认可，有舅的521们 @李俊毅粉丝后援会 支持，让我真真正正成为一名公众练习生。 在这里要感谢节目组给我这难得的机会 @爱奇艺偶像练习生 ，让大家认识我，更要感谢张PD @努力努力再努力x 对我的认可与教导，以及节目当中为我提出的建议和意见；李荣浩老师 @李荣浩 ，谢谢您抽出时间听我的自作曲，我一定会更努力，写出更好的歌曲；欧阳靖老师 @歐陽靖MCJin ，王嘉尔老师 @王嘉尔 ，感谢能够在我选择rap的时候教给我很多专业的知识，让我能够更有自信站在舞台上，也感谢对我当队长能力的认可；周洁琼老师 @周洁琼_OFFICIAL ，程潇老师 @宇宙少女_程潇 ，也谢谢你们对我舞台表现，舞蹈的教导，以及对我实力的认可。 在这几个月中，我也蜕变了很多，从最开始的不看好，到现在对我的离开的惋惜。真心感谢所有的粉丝，有了你们的关注与支持，对于我来说，都是一件珍贵的礼物，不管是现在还是未来，我会一直以感恩的心态走下去，认真做自己的音乐，让大家听到更多我自己的歌。继续唱下去^^ 5年的练习生涯，带给我了很多，也让我成长了很多，虽然有很多瞬间想放弃，但是为了能够站在舞台上，我选择了坚持到底。所以现在，我才能站在所有的全民制作人面前，展现给你们看我的实力。 作为一个个人练习生来到这个节目，还有个大大的收获，那就是交到一帮有着同样梦想的兄弟们，咱们一起半兽人的兄弟们（泽仁 @Dzr_丁泽仁 ，金逸涵 @金逸涵_JM ，小鬼 @小鬼-王琳凯 ，卜凡 @卜凡KATTO ，权哲 @Lee权哲 ，磊磊 @董岩磊 ）谢谢你们这么相信我，选我做队长，呈现出让所有全民制作人难以忘怀的舞台；very good的兄弟们（丞丞 @Adam0616 ，俊毅 @覃俊毅_ ，贝贝 @Trainee18-贝汯璘Air ），虽然时间很短，但是我们一起创造了奇迹，诞生了一首属于我们自己故事的歌曲；还有就是，“我永远记得”队，今天看到你们的舞台，感觉自己就像是这个队的一部分，虽然没能够站在上面，但是看着你们在舞台上完美的演绎这首歌，我已经很满足了。 还有很多感谢的人，超泽 @Trainee18-林超泽 ，彦俊 @Trainee18-林彦俊 ，长进 @Trainee18-尤长靖 ，农农 @超级農農 ，子洋 @木子洋KWIN ，希侃 @李希侃_LXK ，jeffrey @Jeffrey董又霖 ，韩伯伯 @韩沐伯 ，双胞胎们 @CATCHERS_朱匀一 @CATCHERS_朱匀天Z ，还有很多很多就不一一说了，但你们的好，我都会记在心里。总之，大舅不觉得这是结束，这是开始，请继续期待大舅的音乐之路吧～我的外甥女还有舅妈们^^ （p.s我很喜欢这个亲切的名字，你们太有才了！） 收起 d,1920,6165,19080,33330,1
idol_producer_088,金逸涵,偶像练习生,排名发布阶段,2018-02-17,2018-03-02,金逸涵 偶像练习生,4210290218268869,https://m.weibo.cn/detail/4210290218268869,2018-02-22 18:21:00,#BBT# #偶像练习生# 告别记录公开 “ 不知所措，才是人生。” @BBT孙浩然 @BBT林浩楷 @BBT王子异 @BBT李志杰 @BBT金逸涵 L BBTofficial的秒拍视频 ​,1458,1487,5586,10018,2
idol_producer_088,金逸涵,偶像练习生,位置测评阶段,2018-02-03,2018-02-16,金逸涵 偶像练习生,4208154289709248,https://m.weibo.cn/detail/4208154289709248,2018-02-16 20:53:00,偶像练习生 99进60的淘汰名单 乐华、坤音、觉醒东方、超能唱片全员安全 香蕉娱乐（9个淘汰4个） 高茂桐 姜京佐 李若天 邱治楷 辰星娱乐（6个淘汰4个） Rapen 王宥辰 J-one Gigel 麦锐娱乐（6个淘汰3个） 邓烺怡 孙凡杰 吕晨瑜 简单快乐（5个淘汰4个） 金逸涵 林浩楷 李志杰 孙浩然 盛夏星空（5个淘汰1个） 王梓豪 新锐杂志（5个淘汰3个） 赵俞澈 应智越 万宇贤 AIF娱乐（全军覆没） 于浩 赵凌峰 杨羿 张艺凡 焕星娱乐（全军覆没） 何嘉庚 李鑫岩 罗杰 张宇晨 铂熠娱乐（4个淘汰2个） 叶泓希 张昕 乐风艺社（全军覆没） 陈义夫 闵喆祥 果然娱乐（4个淘汰1个） 张晏恺 次元文化（2个淘汰1个） 徐鹤尼 新湃传媒（单人） 于斌 天津中视（单人） 朱一文 个人练习生（7个淘汰4个） 甘俊 侯浩然 黄若涵 周腾阳 个人觉得比较可惜的一些：扫地组合（罗杰、姜京佐）、张艺凡（第三期进A组）、闵喆祥（学舞能力突出） 收起 d,220,1591,1046,4448,3
idol_producer_088,金逸涵,偶像练习生,初评级阶段,2018-01-19,2018-01-26,金逸涵 偶像练习生,4200571004889442,https://m.weibo.cn/detail/4200571004889442,2018-01-26 22:40:00,得到导师的“努力”认证，但得不到节目的“幸运”呈现。 #偶像练习生# 仅7秒的现场表演，获得导师1个A，4个B的肯定。节目里无法看到，只能给你看练习室版《Mr. Lee》。我们依然相信越努力越幸运，加油BBT。 @BBT孙浩然 @BBT林浩楷 @BBT王子异 @BBT李志杰 @BBT金逸涵 L BBTofficial的秒拍视频 ​,196,269,724,1458,4
idol_producer_088,金逸涵,偶像练习生,初评级阶段,2018-01-19,2018-01-26,金逸涵 偶像练习生,4200056334559683,https://m.weibo.cn/detail/4200056334559683,2018-01-25 12:35:00,#北音新闻# 近日，爱奇艺《 #偶像练习生# 》火热上线。来自北京现代音乐研修学院的13名学子：朱星杰、万宇贤、小鬼 、韩雍杰、吕晨瑜、靖佩瑶、王宥辰、赵俞澈、金逸涵、朱匀天、朱匀一、韩沐伯、丁泽仁、和北音附中 武连杰 共14名 #北音学子# 成功入围100强名单，几乎占据了入围名单的七分之一 ！同学们、老师们、朋友们，请为他们投票吧！ 投票通道请戳👉 O 网页链接 @CATCHERS_万宇贤 、 @吕晨瑜_LCY 、 @靖佩瑶 、 @王宥辰KiY @朱星杰J_zen 、 @AKA_imp小鬼 、 @韩雍杰辅导员 @CATCHERS_朱匀一 @CATCHERS_朱匀天Z @CATCHERS_赵俞澈 @BBT金逸涵 @韩沐伯 @Dzr_丁泽仁 @CNK-武连杰 收起 d,275,158,418,1009,5
idol_producer_088,金逸涵,偶像练习生,排名发布阶段,2018-02-17,2018-03-02,金逸涵 偶像练习生,4210250061898256,https://m.weibo.cn/detail/4210250061898256,2018-02-22 15:41:00,#BBT# 闷骚慢热温和内敛，cool boy说再见谁是小哭包？BBTO新年开工啦 #偶像练习生# 告别记录稍后公开，今天也要听 K 矢量青春 哦 @BBT孙浩然 @BBT林浩楷 @BBT王子异 @BBT李志杰 @BBT金逸涵 ​,201,157,457,972,6
idol_producer_088,金逸涵,偶像练习生,初评级阶段,2018-01-19,2018-01-26,金逸涵 偶像练习生,4200566706532481,https://m.weibo.cn/detail/4200566706532481,2018-01-26 22:23:00,今晚没有你们的镜头，唯一一个A组没有表演镜头的 @BBT王子异 ，其他所有成员均在B组的 @BBT孙浩然 @BBT林浩楷 @BBT李志杰 @BBT金逸涵 ，节目剪辑分配可以不均匀，但导师们给了你们1A4B的肯定评价。我们以你们为荣！ #偶像练习生# ​,87,84,316,571,7
idol_producer_088,金逸涵,偶像练习生,主题曲考核阶段,2018-01-27,2018-02-02,金逸涵 偶像练习生,4202012880567041,https://m.weibo.cn/detail/4202012880567041,2018-01-30 22:10:00,#BBT# #偶像练习生# 每一个为了梦想而战斗的人，不是对手，而是伙伴。因为你的善良，我的行走总有方向 @BBT孙浩然 @BBT林浩楷 @BBT王子异 @BBT李志杰 @BBT金逸涵 ​,13,12,109,146,8
idol_producer_088,金逸涵,偶像练习生,初评级阶段,2018-01-19,2018-01-26,金逸涵 偶像练习生,4200478466404805,https://m.weibo.cn/detail/4200478466404805,2018-01-26 16:32:00,爱奇艺 #偶像练习生# 今晚八点第二期就要上线啦，记得为 #BBT# 打call呦呦呦，风里雨里，弹幕等你 @BBT孙浩然 @BBT林浩楷 @BBT王子异 @BBT李志杰 @BBT金逸涵 ​,0,10,75,95,9
idol_producer_088,金逸涵,偶像练习生,主题曲考核阶段,2018-01-27,2018-02-02,金逸涵 偶像练习生,4203105086701453,https://m.weibo.cn/detail/4203105086701453,2018-02-02 22:30:00,【偶像练习生第三期排名出炉 】今晚的 #偶像练习生# 虽然推迟了，但很快推出的加长版也算弥补了粉丝的期待！ #北音学子# 朱星杰、万宇贤、小鬼 、韩雍杰、吕晨瑜、靖佩瑶、王宥辰、赵俞澈、金逸涵、朱匀天、朱匀一、韩沐伯、丁泽仁、北音附中武连杰 加油！ #偶像练习生排名# ​,6,13,54,86,10
idol_producer_088,金逸涵,偶像练习生,合作舞台阶段,2018-03-03,2018-03-23,金逸涵 偶像练习生,4215960892283143,https://m.weibo.cn/detail/4215960892283143,2018-03-10 09:54:00,. #偶像练习生# 爱奇艺在我心中埋葬 太多人对金逸涵一直无感的最大原因就是aqy第二期的恶魔剪辑 在导师们恨铁不成钢的时候重点打亮了金逸涵放弃表演这一段 塑造了一个非常不上进还自大的人设 但事实却不是这样 这孩子后面都跳完了！！！而且还在重病的情况下！！他当时有肺炎 本来是一件非常励志的事情 但是因为你们的剧本和剧情走向需要 就这样牺牲一个孩子的梦想 是人吗请问？？？他第一场评级表演上来就是B请问aqy有给过他镜头吗 第二场团队评级就舞台表现张艺兴一共就夸了两个人 一个是坤妹一个是金逸涵 可是aqy又给过他多少镜头？ 你可以不捧 可以没镜头 本身这两点你们做的就已经很好了 但能不能不要恶意剪辑去毁掉一个02年孩子的梦想 收起 d,4,7,28,46,11
idol_producer_088,金逸涵,偶像练习生,初评级阶段,2018-01-19,2018-01-26,金逸涵 偶像练习生,4200392998548962,https://m.weibo.cn/detail/4200392998548962,2018-01-26 10:53:00,爱奇艺《偶像练习生》，今晚，金逸涵所在组合BBT将会带来精彩表演噢！拜托各位朋友们【每天】给孩子们投票噢！投票链接： O 网页链接 ，找到名字（按A—Z的顺序），点投票就可以了。 ​,0,1,8,10,12
idol_producer_088,金逸涵,偶像练习生,合作舞台阶段,2018-03-03,2018-03-23,金逸涵 偶像练习生,4215316034299633,https://m.weibo.cn/detail/4215316034299633,2018-03-08 15:12:00,#偶像练习生# 我向 @金逸涵_JM 送出了加油卡！我pick的小哥哥全世界最棒！大家快来一起给你喜欢的选手打call吧！ O 练习生PICK榜 ​,0,5,0,10,13
idol_producer_088,金逸涵,偶像练习生,合作舞台阶段,2018-03-03,2018-03-23,金逸涵 偶像练习生,4220719771123796,https://m.weibo.cn/detail/4220719771123796,2018-03-23 13:04:00,#偶像练习生vip千人见面会# 金逸涵啊，超级想见到弟弟的 #金逸涵# 昨晚我还梦见他了呢 2 北京·北京语言大学 ​,0,5,0,10,14
idol_producer_088,金逸涵,偶像练习生,总决赛阶段,2018-03-24,2018-04-06,金逸涵 偶像练习生,4223684316862178,https://m.weibo.cn/detail/4223684316862178,2018-03-31 17:24:00,#金逸涵# 凑巧看到偶像练习生的金逸涵在798拍照了，老阿姨没好意思凑近，远远的偷拍，个子很高，别人找他合影还岔开腿降低高度，很不错的男孩子 2 北京·798艺术区 ​,0,1,7,9,15
idol_producer_088,金逸涵,偶像练习生,合作舞台阶段,2018-03-03,2018-03-23,金逸涵 偶像练习生,4215414201912580,https://m.weibo.cn/detail/4215414201912580,2018-03-08 21:42:00,#偶像练习生# 初印象和现印象填表 看到现在觉得真不是我们Pick了谁，而是爱奇艺想让我们Pick谁，60人里面那些我没什么印象的，难道不是因为爱奇艺本来就没给多少镜头么？想到96进60的时候才发现金逸涵徐鹤尼都长得好好看，都是因为前期爱奇艺没有focus错过了，可惜可惜。 拿我家小狐狸来说，也是看了半兽人直拍才Pick的，前几期正片里基本就没什么镜头，还好被我发现了你，这段时间仿佛又回到了少女时代 我心中的神九是：CXK、ZZT、BWJ、DZR、FCC、Justin、HXC、LXK、YZJ 没有别的小哥哥不代表他们不好，我也特别想271能组个男版AKB48，把大家都打包出道。 少年们，你们已经是60/1903了，大家都很棒，不管最后有没有出道，都是一段很好的经历，加油吧！ 收起 d,0,0,2,2,16
idol_producer_088,金逸涵,偶像练习生,总决赛阶段,2018-03-24,2018-04-06,金逸涵 偶像练习生,4225629249025092,https://m.weibo.cn/detail/4225629249025092,2018-04-06 02:13:00,好奇为什么网易没有这首歌？？//【《偶像练习生》【直拍】小组对决《半兽人》金逸涵】，快来 @爱奇艺 一起看！ O 网页链接 ​,0,1,0,2,17
idol_producer_088,金逸涵,偶像练习生,合作舞台阶段,2018-03-03,2018-03-23,金逸涵 偶像练习生,4216530923697217,https://m.weibo.cn/detail/4216530923697217,2018-03-11 23:39:00,谢谢金逸涵支持小丁，未来都要加油！ 查看图片 // @丁泽仁中文首站 : #丁泽仁# 🐤 #偶像练习生丁泽仁# 不管在哪里，大家都要加油💪// @金逸涵_JM ：加油兄弟❤️一定要出道,0,0,1,1,18
idol_producer_088,金逸涵,偶像练习生,合作舞台阶段,2018-03-03,2018-03-23,金逸涵 偶像练习生,4217137981639199,https://m.weibo.cn/detail/4217137981639199,2018-03-13 15:51:00,@金逸涵_JM 为你打爆电话！我们一起用爱发电，向 #偶像练习生# 练习生PICK榜第一名进击，赢取节目10s彩蛋！ // @金逸涵_JM :我是 #偶像练习生# 金逸涵，全民制作人，请多关照！好努力的小哥哥加油💪,0,0,1,1,19
idol_producer_088,金逸涵,偶像练习生,合作舞台阶段,2018-03-03,2018-03-23,金逸涵 偶像练习生,4217576945075409,https://m.weibo.cn/detail/4217576945075409,2018-03-14 20:56:00,我关注了 #偶像练习生金逸涵# 超话，小伙伴快来加入 #偶像练习生金逸涵# 超话一起聊聊吧~ ​,0,0,1,1,20
idol_producer_088,金逸涵,偶像练习生,总决赛阶段,2018-03-24,2018-04-06,金逸涵 偶像练习生,4225877171127845,https://m.weibo.cn/detail/4225877171127845,2018-04-06 18:38:00,你很棒很努力未来加油// @金逸涵_JM :我是 #偶像练习生# 金逸涵，全民制作人，谢谢关照。,0,0,1,1,21
idol_producer_088,金逸涵,偶像练习生,合作舞台阶段,2018-03-03,2018-03-23,金逸涵 偶像练习生,4213974473565669,https://m.weibo.cn/detail/4213974473565669,2018-03-04 22:21:00,偶像练习生年龄，借这位同学的图一用。陈立农01年10月的？不是说00的吗。那么小。我的天啊。咋都是弟弟。我这年龄进组合都大了。 。金逸涵真的看不出来是00后。。还以为是92，93的呢。老了。 不过未成年人比想象中的要少，劝各位黑子对待未成年人还是稍微别太过分了。 ​,0,0,0,0,22
idol_producer_088,金逸涵,偶像练习生,合作舞台阶段,2018-03-03,2018-03-23,金逸涵 偶像练习生,4214622757634943,https://m.weibo.cn/detail/4214622757634943,2018-03-06 17:17:00,支持小丁的人好多～记得金逸涵走的时候特意说了想跟小丁打个招呼再走。小丁的校友好哥们真的太暖了～小丁真的值得pick~ // @丁泽仁吧-DZR_Bar : #丁泽仁# #偶像练习生# #偶像练习生丁泽仁# 感谢分享 大家都很棒经常一起训练 整天泡练习室 哥哥弟弟好好休息辛苦啦 丁老师一直在努力！ @Dzr_丁泽仁,0,0,0,0,23
idol_producer_088,金逸涵,偶像练习生,合作舞台阶段,2018-03-03,2018-03-23,金逸涵 偶像练习生,4214999687807217,https://m.weibo.cn/detail/4214999687807217,2018-03-07 18:14:00,@金逸涵_JM 我在 #偶像练习生# 练习生PICK榜上为你打call！把小心心都给你，赢取节目10s彩蛋！ O 练习生PICK榜 ​,0,0,0,0,24
idol_producer_088,金逸涵,偶像练习生,合作舞台阶段,2018-03-03,2018-03-23,金逸涵 偶像练习生,4216002596537040,https://m.weibo.cn/detail/4216002596537040,2018-03-10 12:40:00,#偶像练习生# 请对黄明昊好一点// @偶练小组资源社 :aqy请给金逸涵小朋友道歉！！！ O aqy请给金逸涵小朋友道歉！！！ 查看图片 // @偶练小组资源社 :说说大家心中271的恶剪 O 网页链接 // @偶练小组资源社 : #偶言偶语# 看完花絮看这个帖子吧，很无语哦aqy恶剪Justin和卜凡 O 【搬运】今日花絮看出aqy恶剪Justin和卜凡,0,0,0,0,25
idol_producer_088,金逸涵,偶像练习生,合作舞台阶段,2018-03-03,2018-03-23,金逸涵 偶像练习生,4216510841601069,https://m.weibo.cn/detail/4216510841601069,2018-03-11 22:19:00,#偶像练习生# #金逸涵# @爱奇艺娱乐 瞧瞧,0,0,0,0,26
idol_producer_088,金逸涵,偶像练习生,合作舞台阶段,2018-03-03,2018-03-23,金逸涵 偶像练习生,4217168793508534,https://m.weibo.cn/detail/4217168793508534,2018-03-13 17:54:00,@爱奇艺偶像练习生 爱奇艺你做个人吧 // @偶练小组资源社 :【震惊】猕猴桃剧本实锤！ O 【震惊】猕猴桃剧本实锤！ B站 O 网页链接 // @偶练小组资源社 :aqy请给金逸涵小朋友道歉！ O aqy请给金逸涵小朋友道歉！！！ 查看图片 // @偶练小组资源社 :说说心中271的恶剪 O 网页链接,0,0,0,0,27
idol_producer_088,金逸涵,偶像练习生,总决赛阶段,2018-03-24,2018-04-06,金逸涵 偶像练习生,4225203171153596,https://m.weibo.cn/detail/4225203171153596,2018-04-04 21:59:00,有愛也要有吐槽才平衡 偶像練習生這個節目，很值得吐槽的地方也不少哈哈的哈哈。這個我就不敢#了，畢竟是個惹不起粉絲的時代～ 首先，一開始100個人，但其實感覺各個公司想要捧紅的人已經從一開始決定好了也通過氣了，所以好幾位練習生臉都沒怎麼被剪進正片，蠻可惜的。有位叫金逸涵的練習生，他整體條件感覺很不錯，但是沒有鏡頭沒有出頭啊⋯不過孩子年輕，前程可期的！加油 還有就是比心，眨眼這個事情😂看到後邊的舞台，我已經是「I swear if one more person wink to me...」的狀態哈哈哈。雖然wink什麼的是帥但每個人都在持續不停地做，我覺得自己可承受度超了一點。但也沒辦法啦偶像和表演都那麼集中在兩小時裡就是会导致可用的梗也重复⋯所以對比下來，蔡徐坤在《EI EI》最後點臉頰的那個動作真的是神來之筆！終於不是比心眨眼，也有蘇到，clever boy 比起舞台上那些刻意撩的動作，我覺得各位練習生花絮中表現出的自然體更能吸引人。比如林彥俊鬼屋那part，天，我都不自覺捂嘴～那個鬼不是沮喪而是被你撩到了好嗎。面對驚嚇沈穩冷靜很拉女生好感度 最後就是這個版權問題⋯衷心期望他們獲得了版權⋯因為我喜歡看這個節目，所以覺得可惜如果這個節目能更名正言順走向世界就好了⋯ 收起 d,0,0,0,0,28
idol_producer_088,金逸涵,偶像练习生,总决赛阶段,2018-03-24,2018-04-06,金逸涵 偶像练习生,4225629366473931,https://m.weibo.cn/detail/4225629366473931,2018-04-06 02:13:00,曾经的你//我正在爱奇艺看《偶像练习生》【取向狙击】混血男孩金逸涵，快来 @爱奇艺 一起看！ O 网页链接 ​,0,0,0,0,29
idol_producer_088,金逸涵,偶像练习生,总决赛阶段,2018-03-24,2018-04-06,金逸涵 偶像练习生,4225876831048157,https://m.weibo.cn/detail/4225876831048157,2018-04-06 18:36:00,混血小帅哥！！！我还记得你呦！！！// @金逸涵_JM :我是 #偶像练习生# 金逸涵，全民制作人，谢谢关照。,0,0,0,0,30
idol_producer_089,闵喆祥,偶像练习生,位置测评阶段,2018-02-03,2018-02-16,闵喆祥 偶像练习生,4208154289709248,https://m.weibo.cn/detail/4208154289709248,2018-02-16 20:53:00,偶像练习生 99进60的淘汰名单 乐华、坤音、觉醒东方、超能唱片全员安全 香蕉娱乐（9个淘汰4个） 高茂桐 姜京佐 李若天 邱治楷 辰星娱乐（6个淘汰4个） Rapen 王宥辰 J-one Gigel 麦锐娱乐（6个淘汰3个） 邓烺怡 孙凡杰 吕晨瑜 简单快乐（5个淘汰4个） 金逸涵 林浩楷 李志杰 孙浩然 盛夏星空（5个淘汰1个） 王梓豪 新锐杂志（5个淘汰3个） 赵俞澈 应智越 万宇贤 AIF娱乐（全军覆没） 于浩 赵凌峰 杨羿 张艺凡 焕星娱乐（全军覆没） 何嘉庚 李鑫岩 罗杰 张宇晨 铂熠娱乐（4个淘汰2个） 叶泓希 张昕 乐风艺社（全军覆没） 陈义夫 闵喆祥 果然娱乐（4个淘汰1个） 张晏恺 次元文化（2个淘汰1个） 徐鹤尼 新湃传媒（单人） 于斌 天津中视（单人） 朱一文 个人练习生（7个淘汰4个） 甘俊 侯浩然 黄若涵 周腾阳 个人觉得比较可惜的一些：扫地组合（罗杰、姜京佐）、张艺凡（第三期进A组）、闵喆祥（学舞能力突出） 收起 d,220,1591,1046,4448,1
idol_producer_089,闵喆祥,偶像练习生,位置测评阶段,2018-02-03,2018-02-16,闵喆祥 偶像练习生,4207793198035759,https://m.weibo.cn/detail/4207793198035759,2018-02-15 20:58:00,#偶像练习生# 捉住一个认真读信的闵喆祥 @闵喆祥grieveD 看他说的向全民制作人们诚恳道谢的样子，是真的很珍惜大家对他的支持哦~ L 《偶像练习生》【泡泡读信】闵喆祥诚恳回应每个提问 ​,8,116,1272,1512,2
idol_producer_089,闵喆祥,偶像练习生,总决赛阶段,2018-03-24,2018-04-06,闵喆祥 偶像练习生,4225881910652925,https://m.weibo.cn/detail/4225881910652925,2018-04-06 18:57:00,我是 #偶像练习生# 闵喆祥，全民制作人，谢谢关照。,5,93,309,500,3
idol_producer_089,闵喆祥,偶像练习生,排名发布阶段,2018-02-17,2018-03-02,闵喆祥 偶像练习生,4211526799441259,https://m.weibo.cn/detail/4211526799441259,2018-02-26 04:14:00,#闵喆祥# 加油啊就算被淘汰了也要多多让大家看到你 #偶像练习生# ​,0,1,3,5,4
idol_producer_089,闵喆祥,偶像练习生,合作舞台阶段,2018-03-03,2018-03-23,闵喆祥 偶像练习生,4215951329076270,https://m.weibo.cn/detail/4215951329076270,2018-03-10 09:16:00,#偶像练习生# 我向 @闵喆祥grieveD 送出了加油卡！我pick的小哥哥全世界最棒！大家快来一起给你喜欢的选手打call吧！ O 练习生PICK榜 ​,0,2,0,4,5
idol_producer_089,闵喆祥,偶像练习生,初评级阶段,2018-01-19,2018-01-26,闵喆祥 偶像练习生,4199682328515069,https://m.weibo.cn/detail/4199682328515069,2018-01-24 11:49:00,俗话说得好—— 过了腊八就是年✨ 俗话还说 “腊八粥再甜也甜不过 #偶像练习生# 的少年[嘿哈]” 祝各位腊八快乐哟💕 今天，给 @陈义夫Solo @闵喆祥grieveD 投票了不？ ​,0,0,3,3,6
idol_producer_089,闵喆祥,偶像练习生,合作舞台阶段,2018-03-03,2018-03-23,闵喆祥 偶像练习生,4215385764618321,https://m.weibo.cn/detail/4215385764618321,2018-03-08 19:49:00,我哭了 这位小哥哥实力真的很强了 全程不喘气儿 到最后还是唱得巨稳 他真的太不爱打扮自己了！！节目刚开始，宣布排名那次，他99，戴着渔夫帽大眼镜（粗粗的银色框！），我心想，颜值也太普通了8！到shake第一次看清他的脸！惊了，很耐看啊！悄无声息的淘汰了.....实力心疼 我正在爱奇艺看《偶像练习生》【直拍】小组对决《SHAKE》闵喆祥，快来 @爱奇艺 一起看！ L 《偶像练习生》【直拍】小组对决《SHAKE》闵喆祥 收起 d,0,0,1,1,7
idol_producer_089,闵喆祥,偶像练习生,总决赛阶段,2018-03-24,2018-04-06,闵喆祥 偶像练习生,4225897176765327,https://m.weibo.cn/detail/4225897176765327,2018-04-06 19:57:00,#闵喆祥# 💙 #偶像练习生# // @闵喆祥grieveD :我是 #偶像练习生# 闵喆祥，全民制作人，谢谢关照。,0,0,1,1,8
idol_producer_089,闵喆祥,偶像练习生,初评级阶段,2018-01-19,2018-01-26,闵喆祥 偶像练习生,4198766607413920,https://m.weibo.cn/detail/4198766607413920,2018-01-21 23:10:00,#偶像练习生# 原来 @闵喆祥grieveD @陈义夫Solo 自我介绍时遭遇了虫子攻击,0,0,0,0,9
idol_producer_089,闵喆祥,偶像练习生,初评级阶段,2018-01-19,2018-01-26,闵喆祥 偶像练习生,4198908337201242,https://m.weibo.cn/detail/4198908337201242,2018-01-22 08:33:00,@闵喆祥grieveD 为你打爆电话！我们一起用爱发电，向 #偶像练习生# 练习生PICK榜第一名进击，赢取节目10s彩蛋！ // @闵喆祥grieveD :我是 #偶像练习生# 闵喆祥，全民制作人，请多关照。,0,0,0,0,10
idol_producer_089,闵喆祥,偶像练习生,初评级阶段,2018-01-19,2018-01-26,闵喆祥 偶像练习生,4198908282249832,https://m.weibo.cn/detail/4198908282249832,2018-01-22 08:33:00,#偶像练习生# 我向 @闵喆祥grieveD 送出了加油卡！我pick的小哥哥全世界最棒！大家快来一起给你喜欢的选手打call吧！ O 练习生PICK榜 ​,0,0,0,0,11
idol_producer_089,闵喆祥,偶像练习生,初评级阶段,2018-01-19,2018-01-26,闵喆祥 偶像练习生,4198908257733364,https://m.weibo.cn/detail/4198908257733364,2018-01-22 08:33:00,@闵喆祥grieveD 我在 #偶像练习生# 练习生PICK榜上为你打call！把小心心都给你，赢取节目10s彩蛋！ O 练习生PICK榜 ​,0,0,0,0,12
idol_producer_089,闵喆祥,偶像练习生,初评级阶段,2018-01-19,2018-01-26,闵喆祥 偶像练习生,4198908563729199,https://m.weibo.cn/detail/4198908563729199,2018-01-22 08:34:00,#偶像练习生# 我向 @闵喆祥grieveD 送出了加油卡！我pick的小哥哥全世界最棒！大家快来一起给你喜欢的选手打call吧！ O 练习生PICK榜 ​,0,0,0,0,13
idol_producer_089,闵喆祥,偶像练习生,初评级阶段,2018-01-19,2018-01-26,闵喆祥 偶像练习生,4198908899062878,https://m.weibo.cn/detail/4198908899062878,2018-01-22 08:35:00,@闵喆祥grieveD 我在 #偶像练习生# 练习生PICK榜上为你打call！把小心心都给你，赢取节目10s彩蛋！ O 练习生PICK榜 ​,0,0,0,0,14
idol_producer_089,闵喆祥,偶像练习生,初评级阶段,2018-01-19,2018-01-26,闵喆祥 偶像练习生,4198908848413443,https://m.weibo.cn/detail/4198908848413443,2018-01-22 08:35:00,@闵喆祥grieveD 为你打爆电话！我们一起用爱发电，向 #偶像练习生# 练习生PICK榜第一名进击，赢取节目10s彩蛋！ // @闵喆祥grieveD :我是 #偶像练习生# 闵喆祥，全民制作人，请多关照。,0,0,0,0,15
idol_producer_089,闵喆祥,偶像练习生,初评级阶段,2018-01-19,2018-01-26,闵喆祥 偶像练习生,4198908818851671,https://m.weibo.cn/detail/4198908818851671,2018-01-22 08:35:00,#偶像练习生# 我向 @闵喆祥grieveD 送出了加油卡！我pick的小哥哥全世界最棒！大家快来一起给你喜欢的选手打call吧！ O 练习生PICK榜 ​,0,0,0,0,16
idol_producer_089,闵喆祥,偶像练习生,初评级阶段,2018-01-19,2018-01-26,闵喆祥 偶像练习生,4199285287098418,https://m.weibo.cn/detail/4199285287098418,2018-01-23 09:31:00,#偶像练习生# 我向 @闵喆祥grieveD 送出了加油卡！我pick的小哥哥全世界最棒！大家快来一起给你喜欢的选手打call吧！ O 练习生PICK榜 ​,0,0,0,0,17
idol_producer_089,闵喆祥,偶像练习生,初评级阶段,2018-01-19,2018-01-26,闵喆祥 偶像练习生,4199285761912059,https://m.weibo.cn/detail/4199285761912059,2018-01-23 09:33:00,@闵喆祥grieveD 我在 #偶像练习生# 练习生PICK榜上为你打call！把小心心都给你，赢取节目10s彩蛋！ @冰_Levi @BigSilvia大莉 @模模让我摸摸 O 练习生PICK榜 ​,0,0,0,0,18
idol_producer_089,闵喆祥,偶像练习生,初评级阶段,2018-01-19,2018-01-26,闵喆祥 偶像练习生,4199682970982541,https://m.weibo.cn/detail/4199682970982541,2018-01-24 11:51:00,@闵喆祥grieveD 为你打爆电话！我们一起用爱发电，向 #偶像练习生# 练习生PICK榜第一名进击，赢取节目10s彩蛋！ // @闵喆祥grieveD :我是 #偶像练习生# 闵喆祥，全民制作人，请多关照。,0,0,0,0,19
idol_producer_089,闵喆祥,偶像练习生,初评级阶段,2018-01-19,2018-01-26,闵喆祥 偶像练习生,4199682932547605,https://m.weibo.cn/detail/4199682932547605,2018-01-24 11:51:00,@闵喆祥grieveD 我在 #偶像练习生# 练习生PICK榜上为你打call！把小心心都给你，赢取节目10s彩蛋！ O 练习生PICK榜 ​,0,0,0,0,20
idol_producer_089,闵喆祥,偶像练习生,初评级阶段,2018-01-19,2018-01-26,闵喆祥 偶像练习生,4199758606312107,https://m.weibo.cn/detail/4199758606312107,2018-01-24 16:52:00,#偶像练习生# 我向 @闵喆祥grieveD 送出了加油卡！我pick的小哥哥全世界最棒！大家快来一起给你喜欢的选手打call吧！ O 练习生PICK榜 ​,0,0,0,0,21
idol_producer_089,闵喆祥,偶像练习生,排名发布阶段,2018-02-17,2018-03-02,闵喆祥 偶像练习生,4212566420605792,https://m.weibo.cn/detail/4212566420605792,2018-03-01 01:06:00,终于二刷完练习生的前几期节目 一开始的脸盲错过了很多人很多细节 甚至会直接放进不太喜欢的圈子 不得不说271前几期的剪辑真是想揍人呢 有些人的镜头太多 有些人几乎没有镜头 想要仔细看看某些朋友pick的练习生都没有机会 首期某练习生镜头那么多票数居然出人意料的高 但是还是没看出什么实力吼 不知道之后271会把他放在什么位置 btw二刷后发现很多人还是挺不错的 郑锐彬 秦奋 杨非同 王艺龙 韩沐伯 闵喆祥 … emmmm真的hin多 虽然知道有些人可能去不到上位圈 但是之后还是会继续留意发展的~ #偶像练习生# K Ei Ei 收起 d,0,0,0,0,22
idol_producer_089,闵喆祥,偶像练习生,合作舞台阶段,2018-03-03,2018-03-23,闵喆祥 偶像练习生,4213564463655743,https://m.weibo.cn/detail/4213564463655743,2018-03-03 19:11:00,#偶像练习生# 我向 @闵喆祥grieveD 送出了加油卡！我pick的小哥哥全世界最棒！大家快来一起给你喜欢的选手打call吧！ O 练习生PICK榜 ​,0,0,0,0,23
idol_producer_089,闵喆祥,偶像练习生,总决赛阶段,2018-03-24,2018-04-06,闵喆祥 偶像练习生,4225893909683707,https://m.weibo.cn/detail/4225893909683707,2018-04-06 19:44:00,未来可期，小哥哥加油 // @闵喆祥grieveD :我是 #偶像练习生# 闵喆祥，全民制作人，谢谢关照。,0,0,0,0,24
idol_producer_090,陆定昊,偶像练习生,合作舞台阶段,2018-03-03,2018-03-23,陆定昊 偶像练习生,4220863270287182,https://m.weibo.cn/detail/4220863270287182,2018-03-23 22:34:00,我回来啦！ 这个梦已经醒了 但留下的全是美好的回忆🌟 一路走来真的很感谢你们 我努力了 我知道你们也尽力了 就没有遗憾了 一切都是最好的结局 继续做你们的快乐瀑布 爱你们❤️ 还有香蕉的家人们 我知道你们有多不容易 希望你们可以完成梦想 打call搞起来！新头像 了解一下！ @Trainee18-尤长靖 @Trainee18-林超泽 @Trainee18-林彦俊 张PD说：人生没有淘汰 只有转换了 我会一步一步大步往前走 迈出的步伐自己坚定就会很有力 以后一起继续走下去好吗 我永远是那个阳光积极正能量 勤奋努力爱搞笑的小太阳陆定昊☀️ #偶像练习生# #陆定昊# @爱奇艺偶像练习生 收起 d,42220,8270,31110,89870,1
idol_producer_090,陆定昊,偶像练习生,排名发布阶段,2018-02-17,2018-03-02,陆定昊 偶像练习生,4213237211472576,https://m.weibo.cn/detail/4213237211472576,2018-03-02 21:31:00,#偶像练习生# “每天都是情人节”四位情歌王子完美演绎，整首歌都充满着甜甜气息的《爱你》纯享舞台在这里！ @Trainee18-林彦俊 和 @Jeffrey董又霖 甜蜜笔芯，仿佛“双胞胎”的 @Trainee18-陆定昊 黄新淳 @MONKEY_OFFICIAL 傻傻分不清楚~ L 《偶像练习生》舞台纯享：位置测评《爱你》 ​,581,1203,3403,6390,2
idol_producer_090,陆定昊,偶像练习生,排名发布阶段,2018-02-17,2018-03-02,陆定昊 偶像练习生,4213246288558544,https://m.weibo.cn/detail/4213246288558544,2018-03-02 22:07:00,#偶像练习生# 由林彦俊、Jeffrey、陆定昊、黄新淳组成的“每天都是情人节”组合，一起演唱歌曲《爱你》，听完感觉整个人都想恋爱了，犹如暖暖的春风一般 。 L 娱阁主的秒拍视频 ​,478,1499,2448,5924,3
idol_producer_090,陆定昊,偶像练习生,位置测评阶段,2018-02-03,2018-02-16,陆定昊 偶像练习生,4208156333015417,https://m.weibo.cn/detail/4208156333015417,2018-02-16 21:01:00,转眼..我走到了今天 有好多话想讲 可是现在突然想不到 我很开心我能回去过年 能见到家人 可是我真的不甘心 不甘心就这么走 不甘心离开我的队友 不甘心就这么结束这次旅程 我们都是平凡的孩子 只不过有个不平凡的梦 我们也只是想通过努力换来一个看得见的未来.. 我感觉自己努力过了 所以没有什么遗憾 当时我们香蕉四个坐在下面的时候 真的不感觉我们淘汰了 我很感谢每个帮助过我的人 也很感谢pd 感谢这个节目组 很感谢每个哥哥对我的开导和帮助 我真的成长了很多 我们知道这是一个新的开始 我感谢所有给我投票的人 我会更加努力 在你们下次见到我的时候 我会变得很强 我也希望get ugly A 剩下的人可以越走越远 也希望陆定昊能越来越好 希望在那里的每个香蕉的人都能走得更远 变得更好 香蕉只要有一个人在 就相当于我们9个都在..所以希望大家给我们剩下在节目里的人投票！我再也不会在节目里哭了 真的不怎么好看哈哈哈 #高茂桐# #偶像练习生# 还有祝大家新年快乐 收起 d,151,1007,3209,5374,4
idol_producer_090,陆定昊,偶像练习生,初评级阶段,2018-01-19,2018-01-26,陆定昊 偶像练习生,4200550956290435,https://m.weibo.cn/detail/4200550956290435,2018-01-26 21:20:00,#偶像练习生# “十八般担当”都齐全的香蕉娱乐九人团贝汯璘 @Trainee18-贝汯璘Air 李若天 @Trainee18-李若天Kai 高茂桐 @Trainee18-高茂桐 姜京佐 @Trainee18-姜京佐 尤长靖 @Trainee18-尤长靖 林彦俊 @Trainee18-林彦俊 林超泽 @Trainee18-林超泽 陆定昊 @Trainee18-陆定昊 邱治谐 @Trainee18-邱治谐 团体配合度完美，群舞获得导师团一致好评！给你们鼓鼓掌 L 【偶像练习生】尤长靖：小宇宙大爆发 走心演唱获李荣浩好评 收起 d,458,1084,2089,4715,5
idol_producer_090,陆定昊,偶像练习生,排名发布阶段,2018-02-17,2018-03-02,陆定昊 偶像练习生,4213255747115238,https://m.weibo.cn/detail/4213255747115238,2018-03-02 22:45:00,#偶像练习生# 林彦俊 Jeffrey 陆定昊 黄新淳的爱你这组也太好笑了吧，这是“爱你”，不是“爱你，欢迎来到德云社” 林彦俊和Jeffrey互撩那段巨搞笑哈哈哈，林彦俊率先行动，然后jeffrey开始反击，他就一脸“What r u 弄啥叻？” 陆定昊和林彦俊这对也巨搞笑 选组之后： 陆定昊：What r u 弄啥叻？ 林彦俊：你弄啥叻？ 此处 以上对话循环X2遍 陆定昊：（林彦俊）你干嘛来“爱你”？你音准这么差，来什么vocal？ 林彦俊：你来什么“爱你”，你去跳舞啊！你唱歌唱成这样是能听是不是？ 林彦俊：怎么办，我要在这场比赛把他（陆定昊）碾压掉，他以后就当不了vocal了 陆定昊：可你高音上不去，爱你（的高音），你会憋死，我不会。 陆定昊：最近，你没有听到我的vocal实力有进步多少吗？ Jeffrey：你唱给我听一下 陆定昊：哪个？ Jeffrey：爱你 陆定昊：不要了吧。 实际练歌： 林彦俊：（blabla唱了） 陆定昊：调没这么低 林彦俊：（blabla重唱） 陆定昊：你又改调了吧 陆定昊：我们相处就是很直接的，（林彦俊）太走音了吧，你这样怎么选c位 好吧，你们就互相伤害吧 收起 d,126,267,1211,1871,6
idol_producer_090,陆定昊,偶像练习生,合作舞台阶段,2018-03-03,2018-03-23,陆定昊 偶像练习生,4220850892805811,https://m.weibo.cn/detail/4220850892805811,2018-03-23 21:45:00,【蔡徐坤第一】今晚偶像练习生第三轮35进20排名排名揭晓！第一蔡徐坤。 2~9：陈立农、范丞丞、Justin、王子异、小鬼、朱正廷、尤长靖、卜凡 10~20：钱正昊、林彦俊、毕雯珺、灵超、朱星杰、林超泽、Jeffrey、秦奋、李希侃、徐圣恩、郑锐彬 21~35（淘汰）： 周彦辰、木子洋、李权哲、韩沐伯、周锐、丁泽仁、岳岳、杨非同、楼滋博、罗正、陆定昊、黄新淳、何东东、李让、余明君。 蔡徐坤一千七百多万票（占总票数七分之一左右）遥遥领先！加油，你们都是最棒的 L 娱乐日爆社的秒拍视频 收起 d,31,359,913,1662,7
idol_producer_090,陆定昊,偶像练习生,主题曲考核阶段,2018-01-27,2018-02-02,陆定昊 偶像练习生,4203083859141496,https://m.weibo.cn/detail/4203083859141496,2018-02-02 21:05:00,【 #偶像有新番# 尤长靖魔性伴舞嗨爆全场】练习生小哥哥们等午饭的同时在做什么？ @李俊毅小毅xiah 展示freestyle，气氛满分， @Trainee18-陆定昊 接力上演， @Trainee18-尤长靖 魔性伴舞，嗨翻全场。 L 《偶像有新番》尤长靖魔性伴舞嗨爆全场 更多精彩 移动端 O 网页链接 pc端 O 网页链接 ​,39,232,291,794,8
idol_producer_090,陆定昊,偶像练习生,排名发布阶段,2018-02-17,2018-03-02,陆定昊 偶像练习生,4213258879458489,https://m.weibo.cn/detail/4213258879458489,2018-03-02 22:57:00,【推特】 #偶像练习生# 话题下1小时pick #小鬼王琳凯# #蔡徐坤# #偶像练习生蔡徐坤# #林超泽# #陈名豪# #范丞丞# #朱星杰# #周锐zee# #秦子墨# #卜凡# #偶像练习生黄书豪# #毕雯珺# #黄新淳# #陆定昊# ​,3,99,70,271,9
idol_producer_090,陆定昊,偶像练习生,位置测评阶段,2018-02-03,2018-02-16,陆定昊 偶像练习生,4208183649934897,https://m.weibo.cn/detail/4208183649934897,2018-02-16 22:50:00,#偶像练习生# 第一轮前60名： 蔡徐坤/陈立农/范丞丞/Justin/朱正廷/小鬼/卜凡/李权哲/何东东/尤长靖/王子异/Jeffrey/秦奋/林超泽/朱星杰/灵超/钱正昊/董岩磊/韩沐伯/丁泽仁/岳岳/左叶/徐凯皓/木子洋/郑锐彬/毕雯珺/周彦辰/林彦俊/李希侃/陆定昊/周锐/黄书豪/黄新淳/罗正/张达源/李让/贝汯璘/李长庚/陈斯琪/韩雍杰/秦子墨/武连杰/覃俊毅/娄滋博/靖佩瑶/余明君/陈名豪/明鹏/杨非同/朱匀一/伽里/凌崎/朱匀天/徐圣恩/李俊毅/张奕轩/王艺龙/姜达赫/胡致邦/梁辉 乐华女孩绝不认输 收起 d,2,32,106,172,10
idol_producer_090,陆定昊,偶像练习生,排名发布阶段,2018-02-17,2018-03-02,陆定昊 偶像练习生,4213236921797681,https://m.weibo.cn/detail/4213236921797681,2018-03-02 21:30:00,今天偶像练习生开播以来最棒的一期 没有之一 说实话提前看了几个舞台直拍之后 完全没期待今天的节目 但是 泪点和惊喜太多了 朱匀一受伤 希望他和他哥朱匀天都能留下来 想继续看他们 范丞丞rap歌词第一句出来我就被戳到了 最后几句也是他 恰到好处 very good整个舞台都超棒 覃俊毅这个center实力是ok的 把这首歌改的太好了 整个舞台各方面都很搭 爱你组林彦俊陆定昊黄新淳jeffrey完全惊喜 每个人都唱的太棒了 以为是实力不ok组来着 误会了 真的每个人都超级好听！！ 包括重新燃起我对小半的喜爱的小半组 很喜欢 我对偶像练习生重拾希望了 收起 d,0,9,39,57,11
idol_producer_090,陆定昊,偶像练习生,位置测评阶段,2018-02-03,2018-02-16,陆定昊 偶像练习生,4208167111864209,https://m.weibo.cn/detail/4208167111864209,2018-02-16 21:44:00,#偶像练习生# 看到第61名宣布是寺草姜京佐的时候，真的很难受，眼泪一下子就出来了看到尤长靖眼泪哗一下子就下来了，陆定昊哭的眼都红了，我们林彦俊真的是抬头眼泪都掩盖不住，林超泽真的是哭的不敢直视，他应该也想让香蕉都站上那里，但是已经很棒了。 2 淄博·常家镇 ​,1,5,34,45,12
idol_producer_090,陆定昊,偶像练习生,合作舞台阶段,2018-03-03,2018-03-23,陆定昊 偶像练习生,4220864503046407,https://m.weibo.cn/detail/4220864503046407,2018-03-23 22:39:00,真的偶像练习生一看到晋级就要哭死，舍不得周美锐，丁泽仁，杨非同，陆定昊，周彦辰啊，真的真的不想让你们走，你们真的很努力了，徐圣恩李希侃进了20超开心，没有想到，郑锐彬20我也很开心，我喜欢的留下的越来越少了，哭死，Justin崽崽加油 ​,0,7,23,37,13
idol_producer_090,陆定昊,偶像练习生,排名发布阶段,2018-02-17,2018-03-02,陆定昊 偶像练习生,4213235210628950,https://m.weibo.cn/detail/4213235210628950,2018-03-02 21:23:00,#偶像练习生陆定昊# #trainee18-陆定昊# 第七集的偶像练习生 我们昊昊小组排名第四 肯定是没有小组加票了 第六集上周排名是第36名 真的很难过 希望各位全民制作人 救救这位香蕉娱乐的 美妆达人&奶粉网红&搞笑担当吧 ​,7,3,23,36,14
idol_producer_090,陆定昊,偶像练习生,合作舞台阶段,2018-03-03,2018-03-23,陆定昊 偶像练习生,4220860413910701,https://m.weibo.cn/detail/4220860413910701,2018-03-23 22:23:00,看了这期偶像练习生明知道结局但是还是不想接受，看着你一直笑着，是不是早就知道自己要离开了，所以真的离开时假装不伤心，每次你晋级看着其他的小伙伴离开你都会流眼泪，当你自己要走时却笑着祝福其他人，最后还做了一个专属于小太阳的自我介绍，并不煽情但是看着却很想哭，你真是小太阳呀，真的只带给别人阳光和微笑～你这么久以来的努力我们都看到了，虽然没有留到最后，但是还好这并不是终点，这刚刚是一个开始。老天关上了这扇门还会给你打开无数的窗！因为你值得，你应该发光发亮！ @Trainee18-陆定昊 #陆定昊# 请继续勇往直前吧！等着你照亮更多的人！ 收起 d,0,10,7,27,15
idol_producer_090,陆定昊,偶像练习生,合作舞台阶段,2018-03-03,2018-03-23,陆定昊 偶像练习生,4220856148091513,https://m.weibo.cn/detail/4220856148091513,2018-03-23 22:06:00,#陆定昊# #偶像练习生陆定昊# #偶像练习生# 感谢偶像练习生 让我认识了你 你是能使天晴的小太阳 是我的宝藏 别人对你褒贬也好 你永远是我的骄傲 对你的感情 我只有喜欢 今晚我将不再是全民制作人 我只是你的麋鹿而已 希望你的未来越来越好 我也正走在未来的路上 @Trainee18-陆定昊 ​,0,1,14,16,16
idol_producer_090,陆定昊,偶像练习生,排名发布阶段,2018-02-17,2018-03-02,陆定昊 偶像练习生,4213244979523168,https://m.weibo.cn/detail/4213244979523168,2018-03-02 22:02:00,再pick一下郑锐彬 黄新淳和陆定昊吧 唱的贼好听 #偶像练习生# ​,0,5,4,14,17
idol_producer_090,陆定昊,偶像练习生,合作舞台阶段,2018-03-03,2018-03-23,陆定昊 偶像练习生,4220850066343706,https://m.weibo.cn/detail/4220850066343706,2018-03-23 21:42:00,#偶像练习生# #黄新淳# #陆定昊# #丁泽仁# #娄滋博# 最无趣的一期。 蔡徐坤一带n 占总票数1/7 黄新淳，陆定昊，丁泽仁，娄滋博 下期见 ​​​,0,3,8,14,18
idol_producer_090,陆定昊,偶像练习生,排名发布阶段,2018-02-17,2018-03-02,陆定昊 偶像练习生,4213240194496045,https://m.weibo.cn/detail/4213240194496045,2018-03-02 21:43:00,看了新的一期 我又迷上了陆定昊小可爱 坤坤真的很棒很努力w 加油加油再加油哦 #偶像练习生# ​,0,4,1,9,19
idol_producer_090,陆定昊,偶像练习生,总决赛阶段,2018-03-24,2018-04-06,陆定昊 偶像练习生,4225938117410362,https://m.weibo.cn/detail/4225938117410362,2018-04-06 22:40:00,51// @你的大可爱chim紫菜 :小芙！！！ // @Trainee18-陆定昊 :我是 #偶像练习生# 陆定昊☀️，全民制作人，谢谢关照❤️,9,0,0,9,20
idol_producer_090,陆定昊,偶像练习生,总决赛阶段,2018-03-24,2018-04-06,陆定昊 偶像练习生,4225938151690862,https://m.weibo.cn/detail/4225938151690862,2018-04-06 22:40:00,52// @你的大可爱chim紫菜 :51// @你的大可爱chim紫菜 :小芙！！！ // @Trainee18-陆定昊 :我是 #偶像练习生# 陆定昊☀️，全民制作人，谢谢关照❤️,8,0,0,8,21
idol_producer_090,陆定昊,偶像练习生,总决赛阶段,2018-03-24,2018-04-06,陆定昊 偶像练习生,4225938554413935,https://m.weibo.cn/detail/4225938554413935,2018-04-06 22:42:00,61// @你的大可爱chim紫菜 :小芙！！！ // @Trainee18-陆定昊 :我是 #偶像练习生# 陆定昊☀️，全民制作人，谢谢关照❤️,8,0,0,8,22
idol_producer_090,陆定昊,偶像练习生,排名发布阶段,2018-02-17,2018-03-02,陆定昊 偶像练习生,4213254068779502,https://m.weibo.cn/detail/4213254068779502,2018-03-02 22:38:00,第七期20180302-位置测评 #偶像练习生# 《爱你》音频链接🔗🔗🔗见评论 Jeffery 黄新淳 林彦俊 陆定昊 So sweet 喜欢记得点赞👍 ​​​,0,1,5,7,23
idol_producer_090,陆定昊,偶像练习生,总决赛阶段,2018-03-24,2018-04-06,陆定昊 偶像练习生,4225938600670247,https://m.weibo.cn/detail/4225938600670247,2018-04-06 22:42:00,62// @你的大可爱chim紫菜 :61// @你的大可爱chim紫菜 :小芙！！！ // @Trainee18-陆定昊 :我是 #偶像练习生# 陆定昊☀️，全民制作人，谢谢关照❤️,7,0,0,7,24
idol_producer_090,陆定昊,偶像练习生,排名发布阶段,2018-02-17,2018-03-02,陆定昊 偶像练习生,4213240655708482,https://m.weibo.cn/detail/4213240655708482,2018-03-02 21:45:00,#偶像练习生陆定昊# #trainee18-陆定昊# 爱你哟，捞一捞我们昊昊吧 查看图片,1,0,5,6,25
idol_producer_090,陆定昊,偶像练习生,排名发布阶段,2018-02-17,2018-03-02,陆定昊 偶像练习生,4213244372147282,https://m.weibo.cn/detail/4213244372147282,2018-03-02 21:59:00,【爱你】 #偶像练习生# 被颜值超高的《爱你》组圈粉了，好想对他们说：“我也爱你们” 整首歌都是甜甜的带着恋爱气息 @Trainee18-林彦俊 笑起来的酒窝和 @Jeffrey董又霖 的比心让人甜到心里~ 我才发现陆定昊和黄新淳真的有点像 L 《偶像练习生》爱你组融化人心 一大波暖男上线 ​,0,1,4,6,26
idol_producer_090,陆定昊,偶像练习生,合作舞台阶段,2018-03-03,2018-03-23,陆定昊 偶像练习生,4220864154971698,https://m.weibo.cn/detail/4220864154971698,2018-03-23 22:38:00,我回来啦！ 这个梦已经醒了 但留下的全是美好的回忆🌟 一路走来真的很感谢你们 我努力了 我知道你们也尽力了 就没有遗憾了 一切都是最好的结局 继续做你们的快乐瀑布 爱你们❤️ 还有香蕉的家人们 我知道你们有多不容易 希望你们可以完成梦想 打call搞起来！新头像 了解一下！ @Trainee18-尤长靖 @Trainee18-林超泽 @Trainee18-林彦俊 张PD说：人生没有淘汰 只有转换了 我会一步一步大步往前走 迈出的步伐自己坚定就会很有力 以后一起继续走下去好吗 我永远是那个阳光积极正能量 勤奋努力爱搞笑的小太阳陆定昊☀️ #偶像练习生# #陆定昊# @爱奇艺偶像练习生 收起 d,1,0,5,6,27
idol_producer_090,陆定昊,偶像练习生,合作舞台阶段,2018-03-03,2018-03-23,陆定昊 偶像练习生,4220867699829692,https://m.weibo.cn/detail/4220867699829692,2018-03-23 22:52:00,#陆定昊# #偶像练习生陆定昊# 还是抱着很复杂的心情看完了早已被剧透光的第十期。 无论是最初登场的白月光到现在的小太阳 还是奶粉芝麻糊美瞳毛线帽上海财迷男孩 又或者努力唱着get ugly/爱你/Boom*3 我喜欢的样子你都有。 在偶练的道路里我只能陪你走到这里了。 以后以trainee18的身份继续相遇吧。 不知不觉春天已经到了。🌸 走花路（住大房子）的日子还会远吗？🌸 一切才刚刚开始呢！ 想起你唱的那句水星记歌词 环游是无趣 至少可以 陪着你。 Zqsg的2017.03.23 收起 d,0,1,3,5,28
idol_producer_090,陆定昊,偶像练习生,总决赛阶段,2018-03-24,2018-04-06,陆定昊 偶像练习生,4225938625606252,https://m.weibo.cn/detail/4225938625606252,2018-04-06 22:42:00,63// @你的大可爱chim紫菜 :62// @你的大可爱chim紫菜 :61// @你的大可爱chim紫菜 :小芙！！！ // @Trainee18-陆定昊 :我是 #偶像练习生# 陆定昊☀️，全民制作人，谢谢关照❤️,5,0,0,5,29
idol_producer_090,陆定昊,偶像练习生,总决赛阶段,2018-03-24,2018-04-06,陆定昊 偶像练习生,4225942392066833,https://m.weibo.cn/detail/4225942392066833,2018-04-06 22:57:00,今天《偶像练习生》的最后一期 最喜欢的陆定昊在进20的时候就被淘汰了 追了很久的节目，结束了 有了很多喜欢的小哥哥陈立农，李权哲，林超泽，岳岳，木子洋，尤长靖，周彦辰，林彦俊，黄明昊等等等等，还有好多好多小哥哥。。。 ​,0,0,5,5,30
idol_producer_091,陈义夫,偶像练习生,位置测评阶段,2018-02-03,2018-02-16,陈义夫 偶像练习生,4208154289709248,https://m.weibo.cn/detail/4208154289709248,2018-02-16 20:53:00,偶像练习生 99进60的淘汰名单 乐华、坤音、觉醒东方、超能唱片全员安全 香蕉娱乐（9个淘汰4个） 高茂桐 姜京佐 李若天 邱治楷 辰星娱乐（6个淘汰4个） Rapen 王宥辰 J-one Gigel 麦锐娱乐（6个淘汰3个） 邓烺怡 孙凡杰 吕晨瑜 简单快乐（5个淘汰4个） 金逸涵 林浩楷 李志杰 孙浩然 盛夏星空（5个淘汰1个） 王梓豪 新锐杂志（5个淘汰3个） 赵俞澈 应智越 万宇贤 AIF娱乐（全军覆没） 于浩 赵凌峰 杨羿 张艺凡 焕星娱乐（全军覆没） 何嘉庚 李鑫岩 罗杰 张宇晨 铂熠娱乐（4个淘汰2个） 叶泓希 张昕 乐风艺社（全军覆没） 陈义夫 闵喆祥 果然娱乐（4个淘汰1个） 张晏恺 次元文化（2个淘汰1个） 徐鹤尼 新湃传媒（单人） 于斌 天津中视（单人） 朱一文 个人练习生（7个淘汰4个） 甘俊 侯浩然 黄若涵 周腾阳 个人觉得比较可惜的一些：扫地组合（罗杰、姜京佐）、张艺凡（第三期进A组）、闵喆祥（学舞能力突出） 收起 d,220,1591,1046,4448,1
idol_producer_091,陈义夫,偶像练习生,主题曲考核阶段,2018-01-27,2018-02-02,陈义夫 偶像练习生,4202624365029951,https://m.weibo.cn/detail/4202624365029951,2018-02-01 14:39:00,#陈义夫# #偶像练习生# 这条路上，只有奋斗才能给你安全感。不要太在乎身旁的耳语，因为未来是你自己的，只有你自己能给自己最大的安全感。别忘了答应自己要做的事，别忘记自己想去的地方，不管那有多难，有多远。 @陈义夫Solo ​,78,47,66,238,2
idol_producer_091,陈义夫,偶像练习生,合作舞台阶段,2018-03-03,2018-03-23,陈义夫 偶像练习生,4215801395399038,https://m.weibo.cn/detail/4215801395399038,2018-03-09 23:20:00,秦子墨真的进步很大，我是看过明日之子的人，所以我真的知道他真的进步很大。他走了我真的好舍不得，好怕他以后出不了道。我看偶像练习生很大一部分原因因为他和陈义夫。 左叶也是，我是上一期才看到他，觉得他也很好啊。 我现在真的好担心尤长靖，今天看到各种路透 说他的part很少，好怕他出不了道。 收起 d,0,7,26,40,3
idol_producer_091,陈义夫,偶像练习生,合作舞台阶段,2018-03-03,2018-03-23,陈义夫 偶像练习生,4213840915450541,https://m.weibo.cn/detail/4213840915450541,2018-03-04 13:30:00,原来这些人上 #偶像练习生# 之前就认识 1:北服坤音： #董岩磊# 、 #卜凡# 、 #木子洋# 、 #岳岳# 、 #灵超# ；2:流行之王： #周彦辰# 、 #朱星杰# 、 #周锐# 、 #陆定昊# ；3:明日之子： #陈义夫# 、 #秦子墨# ；还有哪些？欢迎来补充 ​,0,2,6,10,4
idol_producer_091,陈义夫,偶像练习生,排名发布阶段,2018-02-17,2018-03-02,陈义夫 偶像练习生,4211804878074712,https://m.weibo.cn/detail/4211804878074712,2018-02-26 22:39:00,#偶像练习生# 是的这两天又看了一个综艺... 刚放假还综艺荒现在多的看不过来了... 其实早就知道这个综艺但是一直没看因为？？？ 两天看到最新一期才写点东西... 嗯...100个人很多...很多人的镜头很少... 一开始给我留下印象的就只有之前看过节目的 朱星杰 小鬼 —中国有嘻哈 朱星杰还是在这个节目比较适合他 很棒 小鬼变化挺大的 韩沐伯—燃烧吧少年 他进步蛮大的 秦子墨 陈义夫—明日之子 秦子墨还挺好的就是陈义夫还是来打酱油了吧？ 还有范丞丞 是因为他姐姐啦 看了节目之后挺可爱的男孩子 正是因为外界舆论而自卑的一个很有实力的人 加油！慢慢自信起来咯 蔡徐坤 火的不想记住他的名字都难...玩西瓜视频答题都在刷他 看了之后确实是无死角的长得帅唱的好跳舞帅的偶像 第一期 比较关注的就这些 还有成功吸睛的第一位进去的何东东 话痨哎有点可爱 陈立农确实很帅可爱但是感觉还是没有那么大的实力站在那么高的位子但是我相信是真的很多人喜欢他给他投的票 董岩磊很多人觉得他什么都不会来干嘛 他确实实力不是很好看起来又吊儿郎当但是其实他也很努力啦 他决定上这个节目应该也是下了很大决心了吧压力不小啊 左叶的追星狂魔也成功吸引了我的注意哈 秦奋 不容易啊 挺帅挺努力的 林超泽 确实很有实力但是至今没有get到他的帅 尤长靖 实力唱将哦 也很可爱 昨晚把很多人都关注了但是发现没什么用大家之前都没怎么发过微博哎... 看到现在比较喜欢的人: Justin 朱正廷 黄新淳 灵超 钱正昊 就是很喜欢他们啊 萌帅萌帅的哈哈 加油进前九咯！ 还有就是大家真的都很努力 看的很心疼 赛制很残酷但是这就是事实 越努力 越幸运 最后的前九第二次排名过后再预测嘻嘻 最后再吐槽一下孤儿剪辑师 呀呀呀说了太多...如果有人看到最后的话 谢谢你 以上仅个人观点 不喜勿喷 @爱奇艺偶像练习生 收起 d,0,0,9,9,5
idol_producer_091,陈义夫,偶像练习生,排名发布阶段,2018-02-17,2018-03-02,陈义夫 偶像练习生,4212913626065523,https://m.weibo.cn/detail/4212913626065523,2018-03-02 00:05:00,#陈义夫# 有人问我偶像练习生那么多小哥哥 你为什么偏偏喜欢陈义夫 我的回答是 喜欢一个人没有理由 我乐意！ ​,0,1,6,8,6
idol_producer_091,陈义夫,偶像练习生,总决赛阶段,2018-03-24,2018-04-06,陈义夫 偶像练习生,4225918929097142,https://m.weibo.cn/detail/4225918929097142,2018-04-06 21:24:00,我擦，偶像练习生投票通道里有个叫陈义夫的，跟去年独秀赛道那个小跳蛙是一个人吗 ​,0,3,1,7,7
idol_producer_091,陈义夫,偶像练习生,初评级阶段,2018-01-19,2018-01-26,陈义夫 偶像练习生,4200573626592753,https://m.weibo.cn/detail/4200573626592753,2018-01-26 22:50:00,#偶像练习生# 为来自乐风艺社的陈义夫打call，也感谢几位老师和节目组选择了他，给予他这个机会，希望节目越来越火，关注度越来越高！！,0,0,0,0,8
idol_producer_091,陈义夫,偶像练习生,合作舞台阶段,2018-03-03,2018-03-23,陈义夫 偶像练习生,4213398763959896,https://m.weibo.cn/detail/4213398763959896,2018-03-03 08:13:00,@陈义夫Solo 我在 #偶像练习生# 练习生PICK榜上为你打call！把小心心都给你，赢取节目10s彩蛋！ O 练习生PICK榜 ​,0,0,0,0,9
idol_producer_091,陈义夫,偶像练习生,总决赛阶段,2018-03-24,2018-04-06,陈义夫 偶像练习生,4225889288189837,https://m.weibo.cn/detail/4225889288189837,2018-04-06 19:26:00,见面的话你要记得请我吃巧克力冰激凌哦 查看图片 // @陈义夫Solo :我是 #偶像练习生# 陈义夫，全民制作人，谢谢关照。💩,0,0,0,0,10
idol_producer_092,陈名豪,偶像练习生,总决赛阶段,2018-03-24,2018-04-06,陈名豪 偶像练习生,4225795662790241,https://m.weibo.cn/detail/4225795662790241,2018-04-06 13:14:00,#盛夏星空# #偶像练习生# 【《EI EI》cover版】今晚总决赛直播，小哥哥们回归节目，这是他们五个人第一次也是最后一次合体站上《EI EI》的舞台，未来很长，这里只是梦开始的地方，以后，也请全民制作人多多关照 @杨非同Nemo @陈名豪M @王艺龙Enki @张达源Darrien @王梓豪Z-joe B站请戳： O 网页链接 L ZOOM超能团的秒拍视频 收起 d,10404,1807,1343,15361,1
idol_producer_092,陈名豪,偶像练习生,总决赛阶段,2018-03-24,2018-04-06,陈名豪 偶像练习生,4225886766743710,https://m.weibo.cn/detail/4225886766743710,2018-04-06 19:16:00,#盛夏星空# #偶像练习生# 接近四个月的时间里，感谢全民制作人温暖的陪伴 愿你们不改初心，永远做那个倔强的追梦少年 @杨非同Nemo @陈名豪M @张达源Darrien @王艺龙Enki @王梓豪Z-joe ​,141,615,573,1944,2
idol_producer_092,陈名豪,偶像练习生,合作舞台阶段,2018-03-03,2018-03-23,陈名豪 偶像练习生,4215982384363431,https://m.weibo.cn/detail/4215982384363431,2018-03-10 11:19:00,【O!Mèi有问题】哈喽大家好，这里是O妹！偶像练习生已经进入到十分关键的阶段啦！O妹也开始行动起来，小哥哥们的专访怎么会少呢？当可以和小哥哥们沟通的时候，你们最想问的问题是什么呢？第一期专访对象是 @韩雍杰辅导员 @胡致邦Jack @秦子墨_Mo @陈名豪M 小哥哥❤提问戳这里【 O 网页链接 】还有签名照拿哦~转发此微博抽取四名粉丝送偶练周边一个~ 收起 d,161,238,389,1026,3
idol_producer_092,陈名豪,偶像练习生,合作舞台阶段,2018-03-03,2018-03-23,陈名豪 偶像练习生,4218322465696576,https://m.weibo.cn/detail/4218322465696576,2018-03-16 22:18:00,#偶像练习生# 蔡徐坤 王子异 你们人要不要这么这么善良啊 果然被相互吸引的优秀的人都是相似的 本来觉得乐华大公司大家爱屋及乌无所谓 但是这次的报团实在是太让人失望了 心疼坤坤和子异 你们值得更好的 坤坤让c位给justin 帮木子洋练rap 帮人练舞蹈 帮李让陈名豪建立信心（和子异说宁可他们两个人走也不要让他们重新学歌和舞蹈） 即使自己很喜欢这首歌也帮钱正昊说话..... 子异也是帮justin练rap 帮其他队员练舞蹈 知道秦奋很喜欢听听我说的吧 明明瓶子转到了自己还是再转了一次给奋哥...... 这种有实力性格心态还这么好的人 不能被辜负啊 为你们打call 收起 d,6,238,379,861,4
idol_producer_092,陈名豪,偶像练习生,总决赛阶段,2018-03-24,2018-04-06,陈名豪 偶像练习生,4225879691863046,https://m.weibo.cn/detail/4225879691863046,2018-04-06 18:48:00,我是 #偶像练习生# 陈名豪，全民制作人，谢谢关照,18,51,601,721,5
idol_producer_092,陈名豪,偶像练习生,合作舞台阶段,2018-03-03,2018-03-23,陈名豪 偶像练习生,4216086587007624,https://m.weibo.cn/detail/4216086587007624,2018-03-10 18:13:00,#蔡徐坤# ✨ #偶像练习生蔡徐坤# ✨ 左叶大概就是传说中的追星赢家吧 一开始就毫无隐藏的表达出了自己的喜欢 第二次排名发布时 坤坤在台上其实点了左叶的名但271的剪辑...嗯...所以没有播出来... 左叶要告别舞台的时候向坤坤那里看了几秒说了一句加油 那种一瞬间就崩不住应该就是ikun的感同身受吧 陈名豪说因为蔡徐坤本来都已经放弃了的他又重新有了满满的斗志 太多人说蔡徐坤真的是特别优秀 ❤ 所以全世界最优秀最暖的蔡徐坤✨ 请巨C出道吧✨ @蔡徐坤 收起 d,38,76,388,578,6
idol_producer_092,陈名豪,偶像练习生,排名发布阶段,2018-02-17,2018-03-02,陈名豪 偶像练习生,4213258879458489,https://m.weibo.cn/detail/4213258879458489,2018-03-02 22:57:00,【推特】 #偶像练习生# 话题下1小时pick #小鬼王琳凯# #蔡徐坤# #偶像练习生蔡徐坤# #林超泽# #陈名豪# #范丞丞# #朱星杰# #周锐zee# #秦子墨# #卜凡# #偶像练习生黄书豪# #毕雯珺# #黄新淳# #陆定昊# ​,3,99,70,271,7
idol_producer_092,陈名豪,偶像练习生,位置测评阶段,2018-02-03,2018-02-16,陈名豪 偶像练习生,4208183649934897,https://m.weibo.cn/detail/4208183649934897,2018-02-16 22:50:00,#偶像练习生# 第一轮前60名： 蔡徐坤/陈立农/范丞丞/Justin/朱正廷/小鬼/卜凡/李权哲/何东东/尤长靖/王子异/Jeffrey/秦奋/林超泽/朱星杰/灵超/钱正昊/董岩磊/韩沐伯/丁泽仁/岳岳/左叶/徐凯皓/木子洋/郑锐彬/毕雯珺/周彦辰/林彦俊/李希侃/陆定昊/周锐/黄书豪/黄新淳/罗正/张达源/李让/贝汯璘/李长庚/陈斯琪/韩雍杰/秦子墨/武连杰/覃俊毅/娄滋博/靖佩瑶/余明君/陈名豪/明鹏/杨非同/朱匀一/伽里/凌崎/朱匀天/徐圣恩/李俊毅/张奕轩/王艺龙/姜达赫/胡致邦/梁辉 乐华女孩绝不认输 收起 d,2,32,106,172,8
idol_producer_092,陈名豪,偶像练习生,合作舞台阶段,2018-03-03,2018-03-23,陈名豪 偶像练习生,4216875292875935,https://m.weibo.cn/detail/4216875292875935,2018-03-12 22:27:00,#陈名豪# 【陈名豪 偶像练习生 个人向混剪】 “如果这世界复杂 虚假 喧哗 我用尽我的一切 奔向你呀 就算很遥远啊 我一定会到达啊” #用尽我的一切奔向你 # 离开并不意味着结束，而是全新的起点。 未来可期，与你同行。 期待遇见更好的你，未来一起走花路吧。 终有一天你会获得更多的认可与喜爱。 @陈名豪M L HoneyPeachTuM0415_陈名豪图博的秒拍视频 收起 d,8,12,132,164,9
idol_producer_092,陈名豪,偶像练习生,合作舞台阶段,2018-03-03,2018-03-23,陈名豪 偶像练习生,4216393450395216,https://m.weibo.cn/detail/4216393450395216,2018-03-11 14:33:00,#盛夏星空# #偶像练习生# 因为有兄弟的鼓励和加油，所以离别不再悲伤，因为再见时，彼此都会是更好的自己 @陈名豪M @张达源Darrien @王艺龙Enki @杨非同Nemo ​,9,18,91,136,10
idol_producer_092,陈名豪,偶像练习生,排名发布阶段,2018-02-17,2018-03-02,陈名豪 偶像练习生,4213184422663565,https://m.weibo.cn/detail/4213184422663565,2018-03-02 18:01:00,#偶像练习生# 四个还在训练营努力练习的孩子们，祝大家元宵节快乐，不知道他们有没有在食堂吃到甜甜的汤圆呢，今晚竞演舞台打响位置争夺战，一起来看吧，记得为 @陈名豪M @王艺龙Enki @杨非同Nemo @张达源Darrien 投票哦 ​,9,32,58,131,11
idol_producer_092,陈名豪,偶像练习生,合作舞台阶段,2018-03-03,2018-03-23,陈名豪 偶像练习生,4216732060915799,https://m.weibo.cn/detail/4216732060915799,2018-03-12 12:58:00,#盛夏星空# #偶像练习生# 一直保持在路上的状态吧，去看不同的风景，遇见不同的人，然后与更好的自己重逢 @陈名豪M @张达源Darrien @王梓豪Z-joe @王艺龙Enki ​,1,21,70,113,12
idol_producer_092,陈名豪,偶像练习生,合作舞台阶段,2018-03-03,2018-03-23,陈名豪 偶像练习生,4220839437925591,https://m.weibo.cn/detail/4220839437925591,2018-03-23 21:00:00,以清新的偶像王子范儿出道，用专业与专注诠释全能。《天团见习生》的你演技出色，一曲《Blue》余音绕梁、忧伤不失温暖。《偶像练习生》中的你更是满分诠释综艺感。3月25日美国修丽可 #专业精神奖# ，期待与你一起 #致敬专业# @陈名豪M 3月25日晚6:30， @修丽可SkinCeuticals 和天猫修丽可旗舰店将全程直播此次盛典，敬请期待 #专业精神 凝驻时光# #修丽可# #专业抗氧化# #陈名豪# #偶像练习生# 收起 d,5,13,58,89,13
idol_producer_092,陈名豪,偶像练习生,位置测评阶段,2018-02-03,2018-02-16,陈名豪 偶像练习生,4207459910092585,https://m.weibo.cn/detail/4207459910092585,2018-02-14 22:54:00,#偶像练习生# 哇，看到小哥哥们收到礼物后开心的样子，真像个没长大的好奇宝宝 谢谢所有支持他们，陪伴着他们，为他们一直在辛苦努力的你们，相信这份爱会支持他们勇敢走下去 @陈名豪M @张达源Darrien @王梓豪Z-joe @王艺龙Enki @杨非同Nemo L 《偶像练习生》【泡泡独家】小年夜应援 ​,7,17,45,86,14
idol_producer_092,陈名豪,偶像练习生,合作舞台阶段,2018-03-03,2018-03-23,陈名豪 偶像练习生,4218256494013628,https://m.weibo.cn/detail/4218256494013628,2018-03-16 17:56:00,#偶像练习生# #陈名豪# 【偶练之路回顾全纪录】成长就是学会面对所有出现的困难时，还愿意张开双臂说：“欢迎光临”，看到了你更多的可能性，这些成长和进步，都是真真切切看得见，感觉得到的东西，未来还久，你还年少，期待遇见更好的你 @陈名豪M L ZOOM超能团的秒拍视频 ​,6,9,55,79,15
idol_producer_092,陈名豪,偶像练习生,位置测评阶段,2018-02-03,2018-02-16,陈名豪 偶像练习生,4207781286948416,https://m.weibo.cn/detail/4207781286948416,2018-02-15 20:11:00,越努力越幸运，无论小哥哥们的 #偶像练习生# 之旅是结束还是继续，在园长心中他们都是小骄傲，都是最棒的 @陈名豪M @张达源Darrien @王梓豪Z-joe @王艺龙Enki @杨非同Nemo,10,13,39,75,16
idol_producer_092,陈名豪,偶像练习生,合作舞台阶段,2018-03-03,2018-03-23,陈名豪 偶像练习生,4215979296959020,https://m.weibo.cn/detail/4215979296959020,2018-03-10 11:07:00,#偶像练习生# #陈名豪# 小哭包上线，这是我们都没有见过的样子啊，被兄弟的话戳到了泪点，那些彼此依赖，彼此依托的时光才是最值得怀念和感动的 陈名豪加油！台上的也要继续加油！ @陈名豪M ​,6,4,56,70,17
idol_producer_092,陈名豪,偶像练习生,合作舞台阶段,2018-03-03,2018-03-23,陈名豪 偶像练习生,4217177328107545,https://m.weibo.cn/detail/4217177328107545,2018-03-13 18:28:00,#偶像练习生# #陈名豪# 这是一条真情流露的采访， @陈名豪M 温暖讲述在训练营几个月的心路历程，那是关于梦想，兄弟和家人的故事，这只是开始，相信未来他会更加努力，绝对不会放弃 L ZOOM超能团的秒拍视频 ​,6,5,52,68,18
idol_producer_092,陈名豪,偶像练习生,位置测评阶段,2018-02-03,2018-02-16,陈名豪 偶像练习生,4208145360431400,https://m.weibo.cn/detail/4208145360431400,2018-02-16 20:18:00,#偶像练习生# 图【7】我们家小哥哥可能都是杂技团特技表演者 这个出场方式可以说很厉害了 @陈名豪M @张达源Darrien @王梓豪Z-joe @王艺龙Enki @杨非同Nemo,0,8,40,56,19
idol_producer_092,陈名豪,偶像练习生,初评级阶段,2018-01-19,2018-01-26,陈名豪 偶像练习生,4200529553254472,https://m.weibo.cn/detail/4200529553254472,2018-01-26 19:55:00,#偶像练习生# 还有5分钟就要开播喽，蛙儿子喊你来看 #陈名豪# #张达源# #王梓豪# #王艺龙# #杨非同# 几个小哥哥喽 ​,0,4,40,48,20
idol_producer_092,陈名豪,偶像练习生,位置测评阶段,2018-02-03,2018-02-16,陈名豪 偶像练习生,4208103442228679,https://m.weibo.cn/detail/4208103442228679,2018-02-16 17:31:00,#偶像练习生陈名豪# 【上期回顾】今天是大年初一，可爱的图图 @陈名豪M 给你们拜新年啦，收祝福的同时记得 O 今晚8点收看#偶像练习生# 哦 ​,0,3,32,38,21
idol_producer_092,陈名豪,偶像练习生,排名发布阶段,2018-02-17,2018-03-02,陈名豪 偶像练习生,4213208086496098,https://m.weibo.cn/detail/4213208086496098,2018-03-02 19:35:00,#偶像练习生# 有趣的表演 O 今晚8点超燃来袭 ，请期待一下 @陈名豪M @张达源Darrien @王艺龙Enki @杨非同Nemo 的精彩舞台吧,0,7,21,35,22
idol_producer_092,陈名豪,偶像练习生,排名发布阶段,2018-02-17,2018-03-02,陈名豪 偶像练习生,4212724931495330,https://m.weibo.cn/detail/4212724931495330,2018-03-01 11:35:00,偶像练习生位置测评排名 小组排名第一 1.rap组巴比龙:justin very good:范丞丞 artist:小鬼 turn down for what:秦奋 2.vocal组 小半:周锐 爱你:黄新淳 always online:毕雯珺 shape of you:陈名豪 我怀念的:尤长靖 3.dance组sheep:朱正廷 flow:朱匀天 me to:娄滋博 双截棍:丁泽仁 vocal组第一：尤长靖 毕雯珺 rap组第一：范丞丞 dance组第一：朱正廷 收起 d,1,10,12,33,23
idol_producer_092,陈名豪,偶像练习生,合作舞台阶段,2018-03-03,2018-03-23,陈名豪 偶像练习生,4216019159488568,https://m.weibo.cn/detail/4216019159488568,2018-03-10 13:46:00,#蔡徐坤# #偶像练习生蔡徐坤# 为什么要剪辑坤坤最后的发言啊？？ 原来坤坤也有说到左叶弟弟啊 @爱奇艺偶像练习生 @爱奇艺VIP会员 如果可以，求放这段花絮啊 我们暖心的坤坤，萌萌的小叶子，想看完整的部分 大家对坤坤的认可，谢谢 @左叶Hyman @陈名豪M 感谢所有认可我们 @蔡徐坤 坤坤的练习生们 （指路：05.08秒处开始） L 独家策划：《偶像》练习生二次淘汰 蔡徐坤不舍离别落泪 收起 d,5,1,24,31,24
idol_producer_092,陈名豪,偶像练习生,排名发布阶段,2018-02-17,2018-03-02,陈名豪 偶像练习生,4212502201612412,https://m.weibo.cn/detail/4212502201612412,2018-02-28 20:50:00,#偶像练习生陈名豪# #陈名豪# 最强VOCAL之战一触即发，相信我们 @陈名豪M 小哥哥一定会呈现一个完美的舞台表演，一起期待吧,0,2,21,25,25
idol_producer_092,陈名豪,偶像练习生,合作舞台阶段,2018-03-03,2018-03-23,陈名豪 偶像练习生,4217521286163802,https://m.weibo.cn/detail/4217521286163802,2018-03-14 17:14:00,从头重刷 #偶像练习生# 才发现第一轮的时候 #蔡徐坤# 和 #王子异# 就在奶钱正昊和陈名豪 缘分呐 ​,0,2,21,25,26
idol_producer_092,陈名豪,偶像练习生,排名发布阶段,2018-02-17,2018-03-02,陈名豪 偶像练习生,4213256845001134,https://m.weibo.cn/detail/4213256845001134,2018-03-02 22:49:00,#偶像练习生陈名豪# #陈名豪# 位置测评《Shape of you》舞台纯享🎙小哥哥的甜蜜告白有让你心跳boomboom吗，作为队内的C位，他承受了很大的压力，但他没有放弃任何一个可以练习的机会，会谦虚的向队友请教，喜欢一个人练习的他，这次终于让我们看到了背后的努力，希望这次舞台有让你心跳加速 @陈名豪M,0,1,21,23,27
idol_producer_092,陈名豪,偶像练习生,合作舞台阶段,2018-03-03,2018-03-23,陈名豪 偶像练习生,4215990441645220,https://m.weibo.cn/detail/4215990441645220,2018-03-10 11:51:00,【O!Mèi有问题】哈喽大家好，这里是O妹！偶像练习生已经进入到十分关键的阶段啦！O妹也开始行动起来，小哥哥们的专访怎么会少呢？当可以和小哥哥们沟通的时候，你们最想问的问题是什么呢？第一期专访对象是 @韩雍杰辅导员 @胡致邦Jack @秦子墨_Mo @陈名豪M 小哥哥❤提问戳这里【 O 网页链接 】还有签名照拿哦~转发此微博抽取四名粉丝送偶练周边一个~ 收起 d,2,1,19,23,28
idol_producer_092,陈名豪,偶像练习生,位置测评阶段,2018-02-03,2018-02-16,陈名豪 偶像练习生,4207456751955219,https://m.weibo.cn/detail/4207456751955219,2018-02-14 22:42:00,#偶像练习生# #偶像练习生陈名豪# 感谢几位小哥哥对名豪 @陈名豪M 的帮助和照顾，让他可以很快的学会舞蹈动作，园长式笔芯给超可爱的小哥哥们,0,1,19,21,29
idol_producer_092,陈名豪,偶像练习生,总决赛阶段,2018-03-24,2018-04-06,陈名豪 偶像练习生,4225916898865385,https://m.weibo.cn/detail/4225916898865385,2018-04-06 21:16:00,#陈名豪# #陈名豪0415生日快乐# 20180406 偶像练习生总决赛 再一次 “我是来自盛夏星空的练习生 @陈名豪M ​​​” ​,2,5,9,21,30
idol_producer_093,陈斯琪,偶像练习生,位置测评阶段,2018-02-03,2018-02-16,陈斯琪 偶像练习生,4208161805606237,https://m.weibo.cn/detail/4208161805606237,2018-02-16 21:23:00,越努力越幸运 幸运的是参加了偶像练习生 拥有了一生难忘的经历和朋友 可惜的是也许自己还欠缺一些 没有留下来 让你们失望了…… 因为我实在太渴望舞台了 这次节目让我成长了很多 感谢张PD的教诲 和各位老师们的教学 也感谢节目组给我提供这样好的机会和舞台 @爱奇艺偶像练习生 还有斯琪 @COSMOS-陈斯琪 和我魂斗罗B组的小伙伴们在我排练发烧41度的时候照顾我 伙伴们！加油！爱你们～ 也感谢全民制作人们和支持我的人 这段时间真的辛苦你们了 有你们的支持和陪伴 我也会继续努力 带给你们欢乐和更好的作品！ 最后，迟来的一句新年快乐🎈 最后最后加油！斯琪！ 收起 d,347,1280,3348,6255,1
idol_producer_093,陈斯琪,偶像练习生,合作舞台阶段,2018-03-03,2018-03-23,陈斯琪 偶像练习生,4219332349225002,https://m.weibo.cn/detail/4219332349225002,2018-03-19 17:11:00,迟来的29w粉福利，喜欢吗！ @Trainee18-尤长靖 @COSMOS-徐鹤尼 @COSMOS-陈斯琪 @COSMOS-李向哲 签名照共10张 ！关注 @诛仙手游官博 并转发此条就有机会抱走 #偶像练习生# 小哥哥哎嘿~ （PS：抽10位小仙友随机获得各一张 @微博抽奖平台 明天就开！ ​​​​！ ​​​​） #尤长靖# #徐鹤尼# #陈斯琪# #李向哲# 收起 d,219,218,125,780,2
idol_producer_093,陈斯琪,偶像练习生,位置测评阶段,2018-02-03,2018-02-16,陈斯琪 偶像练习生,4208183649934897,https://m.weibo.cn/detail/4208183649934897,2018-02-16 22:50:00,#偶像练习生# 第一轮前60名： 蔡徐坤/陈立农/范丞丞/Justin/朱正廷/小鬼/卜凡/李权哲/何东东/尤长靖/王子异/Jeffrey/秦奋/林超泽/朱星杰/灵超/钱正昊/董岩磊/韩沐伯/丁泽仁/岳岳/左叶/徐凯皓/木子洋/郑锐彬/毕雯珺/周彦辰/林彦俊/李希侃/陆定昊/周锐/黄书豪/黄新淳/罗正/张达源/李让/贝汯璘/李长庚/陈斯琪/韩雍杰/秦子墨/武连杰/覃俊毅/娄滋博/靖佩瑶/余明君/陈名豪/明鹏/杨非同/朱匀一/伽里/凌崎/朱匀天/徐圣恩/李俊毅/张奕轩/王艺龙/姜达赫/胡致邦/梁辉 乐华女孩绝不认输 收起 d,2,32,106,172,3
idol_producer_093,陈斯琪,偶像练习生,合作舞台阶段,2018-03-03,2018-03-23,陈斯琪 偶像练习生,4219642455318269,https://m.weibo.cn/detail/4219642455318269,2018-03-20 13:43:00,#陈斯琪# #国内组合# 【 @COSMOS-陈斯琪 个人档案】 身高：178昵称：小公举、琪琪 生日：8.13星座：狮子座 出生地：安徽合肥 毕业学校：浙江传媒学院日汉双播专业 喜欢的食物：海苔、所有肉类 害怕的动物：禽类、牛蛙音乐作品：《I don’t know》、《Love line》、《夏日告白》、《刚好》 影视作品：《刀剑缭乱》、《学院传说之三生三世桃花源》、《可惜不是你》 综艺：《偶像练习生》 粉丝名和应援色：琪士、粉色 2015年，因为一次漫展舞台剧，陈斯琪成为了COSMOS的忙内小公举2016年，他穿越到《刀剑缭乱》成为了铸剑大师欧冶子2017年，他化身成《学院传说之三生三世桃花缘》中的小狐妖胡离2018年，在《可惜不是你》中他又变成蚯蚓系男友张大鸟如今他突破次元壁，在《偶像练习生》中从D组升到B组，从掉笔的呆萌少年成长为暖心有担当的三番小队长…… 热爱二次元，挚爱小女友（Gfriend组合），暖心小公举。不琪而遇，长相斯守！ 相关视频链接汇总：《可惜不是你》：犬系猫系都过时啦，黏糊糊的“蚯蚓系”小男友张大鸟-陈斯琪： O 网页链接 “炸鸡”CP-你嘴上有面包屑 所以我就亲掉啦： O 网页链接 《偶像练习生》：偶像练习生自我介绍（吴宗宪段林希打call）： O 网页链接 面包屑 所以我就亲掉啦： O 网页链接 《偶像练习生》：偶像练习生自我介绍（吴宗宪段林希打call）： O 网页链接 《Dance to the music》直拍： L 《偶像练习生》【直拍】小组对决《Dance to the music》陈斯琪 《Shape of you》直拍： L 《偶像练习生》【直拍】位置测评《Shape of you》陈斯琪 日常：综艺感max陈斯琪： O 网页链接 《陈斯琪：实力助攻队友 小组表现获李荣浩认可》 L 【偶像练习生】陈斯琪：实力助攻队友 小组表现获李荣浩认可 主持小能手——陈斯琪： O 网页链接 图文授权来自 @陈斯琪全国后援会 收起 d,14,28,92,162,4
idol_producer_093,陈斯琪,偶像练习生,合作舞台阶段,2018-03-03,2018-03-23,陈斯琪 偶像练习生,4217879064586883,https://m.weibo.cn/detail/4217879064586883,2018-03-15 16:56:00,看了偶像练习生 #偶像练习生# 我想pick蔡徐坤范丞丞卜凡陈立农丁泽仁何东东陈斯琪林泽超秦奋董岩磊Jeffrey罗正尤长靖Justin朱正廷朱星杰小鬼黄书豪毕雯珺周彦辰郑锐彬娄滋博王子异 我是不是有点花心了 所以我选择pick张艺兴 ​,0,2,54,58,5
idol_producer_093,陈斯琪,偶像练习生,排名发布阶段,2018-02-17,2018-03-02,陈斯琪 偶像练习生,4213213316701621,https://m.weibo.cn/detail/4213213316701621,2018-03-02 19:56:00,#偶像练习生# 眼见着陈斯琪在节目里糊得不行就很想捞一捞期望进个前35再多苟两期 是个有能力小哥哥啊 ​,0,14,13,41,6
idol_producer_093,陈斯琪,偶像练习生,排名发布阶段,2018-02-17,2018-03-02,陈斯琪 偶像练习生,4213243080149813,https://m.weibo.cn/detail/4213243080149813,2018-03-02 21:54:00,#偶像练习生# 现场就都是聋子么？ #偶像练习生陈斯琪# 第五？ ​,1,7,18,33,7
idol_producer_093,陈斯琪,偶像练习生,排名发布阶段,2018-02-17,2018-03-02,陈斯琪 偶像练习生,4213242472074779,https://m.weibo.cn/detail/4213242472074779,2018-03-02 21:52:00,偶像练习生 陈斯琪 了解一下,0,13,5,31,8
idol_producer_093,陈斯琪,偶像练习生,合作舞台阶段,2018-03-03,2018-03-23,陈斯琪 偶像练习生,4218583771409279,https://m.weibo.cn/detail/4218583771409279,2018-03-17 15:36:00,#偶像练习生# 看着最新一期，我要pick王子异、尤长靖、灵超还有Jeffrey。 王子异也太善良了吧，莫名心疼。还是希望他有点野心啊，毕竟生存节目 尤长靖唱歌还是那么好啊，嗓音太好听啦 之前那首我怀念的，唱的太太太太好听了 灵超的颜真的挺好嗑的 就是个小王子的存在 Jeffrey的贵族气质太吸引人了，往台上一站给人的感觉太好了 ps：好想看陈斯琪跳boom boom boom啊 这种风格真的好适合琪琪啊 收起 d,0,9,6,24,9
idol_producer_093,陈斯琪,偶像练习生,合作舞台阶段,2018-03-03,2018-03-23,陈斯琪 偶像练习生,4218674002672519,https://m.weibo.cn/detail/4218674002672519,2018-03-17 21:35:00,#偶像练习生# 一直充满正能量的爱豆 #陈斯琪# 一直努力前进的少年 #陈斯琪# 不琪而遇，长相斯守 查看图片,1,0,13,14,10
idol_producer_093,陈斯琪,偶像练习生,合作舞台阶段,2018-03-03,2018-03-23,陈斯琪 偶像练习生,4219652193971908,https://m.weibo.cn/detail/4219652193971908,2018-03-20 14:22:00,#陈斯琪# #国内组合# 【 @COSMOS-陈斯琪 个人档案】 身高：178昵称：小公举、琪琪 生日：8.13星座：狮子座 出生地：安徽合肥 毕业学校：浙江传媒学院日汉双播专业 喜欢的食物：海苔、所有肉类 害怕的动物：禽类、牛蛙音乐作品：《I don’t know》、《Love line》、《夏日告白》、《刚好》 影视作品：《刀剑缭乱》、《学院传说之三生三世桃花源》、《可惜不是你》 综艺：《偶像练习生》 粉丝名和应援色：琪士、粉色 2015年，因为一次漫展舞台剧，陈斯琪成为了COSMOS的忙内小公举2016年，他穿越到《刀剑缭乱》成为了铸剑大师欧冶子2017年，他化身成《学院传说之三生三世桃花缘》中的小狐妖胡离2018年，在《可惜不是你》中他又变成蚯蚓系男友张大鸟如今他突破次元壁，在《偶像练习生》中从D组升到B组，从掉笔的呆萌少年成长为暖心有担当的三番小队长…… 热爱二次元，挚爱小女友（Gfriend组合），暖心小公举。不琪而遇，长相斯守！ 相关视频链接汇总：《可惜不是你》：犬系猫系都过时啦，黏糊糊的“蚯蚓系”小男友张大鸟-陈斯琪： O 网页链接 “炸鸡”CP-你嘴上有面包屑 所以我就亲掉啦： O 网页链接 《偶像练习生》：偶像练习生自我介绍（吴宗宪段林希打call）： O 网页链接 面包屑 所以我就亲掉啦： O 网页链接 《偶像练习生》：偶像练习生自我介绍（吴宗宪段林希打call）： O 网页链接 《Dance to the music》直拍： L 《偶像练习生》【直拍】小组对决《Dance to the music》陈斯琪 《Shape of you》直拍： L 《偶像练习生》【直拍】位置测评《Shape of you》陈斯琪 日常：综艺感max陈斯琪： O 网页链接 《陈斯琪：实力助攻队友 小组表现获李荣浩认可》 L 【偶像练习生】陈斯琪：实力助攻队友 小组表现获李荣浩认可 主持小能手——陈斯琪： O 网页链接 图文授权来自 @陈斯琪全国后援会 收起 d,1,1,9,12,11
idol_producer_093,陈斯琪,偶像练习生,合作舞台阶段,2018-03-03,2018-03-23,陈斯琪 偶像练习生,4217797866777325,https://m.weibo.cn/detail/4217797866777325,2018-03-15 11:33:00,真觉得陈斯琪很有感染力，不如继续做主持吧小哥哥，在他身上仿佛看到了何老师 #偶像练习生陈斯琪# ​,0,0,8,8,12
idol_producer_093,陈斯琪,偶像练习生,合作舞台阶段,2018-03-03,2018-03-23,陈斯琪 偶像练习生,4218603102789099,https://m.weibo.cn/detail/4218603102789099,2018-03-17 16:53:00,卧槽这是那个偶像练习生里的陈斯琪吗？？？😱😱😱【陈斯琪】玻璃珠（COSMOS） UP主: 陈斯琪Suki #bilibili# O 网页链接 ​,0,0,5,5,13
idol_producer_093,陈斯琪,偶像练习生,合作舞台阶段,2018-03-03,2018-03-23,陈斯琪 偶像练习生,4220091623620417,https://m.weibo.cn/detail/4220091623620417,2018-03-21 19:28:00,两期快看完了。明鹏韩雍杰不是快男吗？？？陈斯琪不是参加二次元大作战的coser吗？？？啊偶像练习生真奇妙,0,0,4,4,14
idol_producer_093,陈斯琪,偶像练习生,合作舞台阶段,2018-03-03,2018-03-23,陈斯琪 偶像练习生,4219752584406184,https://m.weibo.cn/detail/4219752584406184,2018-03-20 21:01:00,#陈斯琪# #国内组合# 【 @COSMOS-陈斯琪 个人档案】 身高：178昵称：小公举、琪琪 生日：8.13星座：狮子座 出生地：安徽合肥 毕业学校：浙江传媒学院日汉双播专业 喜欢的食物：海苔、所有肉类 害怕的动物：禽类、牛蛙音乐作品：《I don’t know》、《Love line》、《夏日告白》、《刚好》 影视作品：《刀剑缭乱》、《学院传说之三生三世桃花源》、《可惜不是你》 综艺：《偶像练习生》 粉丝名和应援色：琪士、粉色 2015年，因为一次漫展舞台剧，陈斯琪成为了COSMOS的忙内小公举2016年，他穿越到《刀剑缭乱》成为了铸剑大师欧冶子2017年，他化身成《学院传说之三生三世桃花缘》中的小狐妖胡离2018年，在《可惜不是你》中他又变成蚯蚓系男友张大鸟如今他突破次元壁，在《偶像练习生》中从D组升到B组，从掉笔的呆萌少年成长为暖心有担当的三番小队长…… 热爱二次元，挚爱小女友（Gfriend组合），暖心小公举。不琪而遇，长相斯守！ 相关视频链接汇总：《可惜不是你》：犬系猫系都过时啦，黏糊糊的“蚯蚓系”小男友张大鸟-陈斯琪： O 网页链接 “炸鸡”CP-你嘴上有面包屑 所以我就亲掉啦： O 网页链接 《偶像练习生》：偶像练习生自我介绍（吴宗宪段林希打call）： O 网页链接 面包屑 所以我就亲掉啦： O 网页链接 《偶像练习生》：偶像练习生自我介绍（吴宗宪段林希打call）： O 网页链接 《Dance to the music》直拍： L 《偶像练习生》【直拍】小组对决《Dance to the music》陈斯琪 《Shape of you》直拍： L 《偶像练习生》【直拍】位置测评《Shape of you》陈斯琪 日常：综艺感max陈斯琪： O 网页链接 《陈斯琪：实力助攻队友 小组表现获李荣浩认可》 L 【偶像练习生】陈斯琪：实力助攻队友 小组表现获李荣浩认可 主持小能手——陈斯琪： O 网页链接 图文授权来自 @陈斯琪全国后援会 收起 d,0,0,1,1,15
idol_producer_093,陈斯琪,偶像练习生,初评级阶段,2018-01-19,2018-01-26,陈斯琪 偶像练习生,4200531200885830,https://m.weibo.cn/detail/4200531200885830,2018-01-26 20:02:00,查看图片 // @COSMOS-陈斯琪 :我是 #偶像练习生# 陈斯琪，全民制作人，请多关照。,0,0,0,0,16
idol_producer_093,陈斯琪,偶像练习生,主题曲考核阶段,2018-01-27,2018-02-02,陈斯琪 偶像练习生,4203097243391018,https://m.weibo.cn/detail/4203097243391018,2018-02-02 21:58:00,#偶像练习生# 我向 @COSMOS-陈斯琪 送出了加油卡！我pick的小哥哥全世界最棒！大家快来一起给你喜欢的选手打call吧！ O 练习生PICK榜 ​,0,0,0,0,17
idol_producer_093,陈斯琪,偶像练习生,主题曲考核阶段,2018-01-27,2018-02-02,陈斯琪 偶像练习生,4203097305617389,https://m.weibo.cn/detail/4203097305617389,2018-02-02 21:59:00,@COSMOS-陈斯琪 为你打爆电话！我们一起用爱发电，向 #偶像练习生# 练习生PICK榜第一名进击，赢取节目10s彩蛋！ // @COSMOS-陈斯琪 :我是 #偶像练习生# 陈斯琪，全民制作人，请多关照。,0,0,0,0,18
idol_producer_093,陈斯琪,偶像练习生,主题曲考核阶段,2018-01-27,2018-02-02,陈斯琪 偶像练习生,4203097288806725,https://m.weibo.cn/detail/4203097288806725,2018-02-02 21:59:00,@COSMOS-陈斯琪 我在 #偶像练习生# 练习生PICK榜上为你打call！把小心心都给你，赢取节目10s彩蛋！ O 练习生PICK榜 ​,0,0,0,0,19
idol_producer_093,陈斯琪,偶像练习生,排名发布阶段,2018-02-17,2018-03-02,陈斯琪 偶像练习生,4213210209491576,https://m.weibo.cn/detail/4213210209491576,2018-03-02 19:44:00,@COSMOS-陈斯琪 为你打爆电话！我们一起用爱发电，向 #偶像练习生# 练习生PICK榜第一名进击，赢取节目10s彩蛋！ // @COSMOS-陈斯琪 :我是 #偶像练习生# 陈斯琪，全民制作人，请多关照。,0,0,0,0,20
idol_producer_093,陈斯琪,偶像练习生,排名发布阶段,2018-02-17,2018-03-02,陈斯琪 偶像练习生,4213213375271304,https://m.weibo.cn/detail/4213213375271304,2018-03-02 19:56:00,@COSMOS-陈斯琪 为你打爆电话！我们一起用爱发电，向 #偶像练习生# 练习生PICK榜第一名进击，赢取节目10s彩蛋！ // @COSMOS-陈斯琪 :我是 #偶像练习生# 陈斯琪，全民制作人，请多关照。,0,0,0,0,21
idol_producer_093,陈斯琪,偶像练习生,排名发布阶段,2018-02-17,2018-03-02,陈斯琪 偶像练习生,4213213354117209,https://m.weibo.cn/detail/4213213354117209,2018-03-02 19:56:00,#偶像练习生# 我向 @COSMOS-陈斯琪 送出了加油卡！我pick的小哥哥全世界最棒！大家快来一起给你喜欢的选手打call吧！ O 练习生PICK榜 ​,0,0,0,0,22
idol_producer_093,陈斯琪,偶像练习生,排名发布阶段,2018-02-17,2018-03-02,陈斯琪 偶像练习生,4213213341951567,https://m.weibo.cn/detail/4213213341951567,2018-03-02 19:56:00,@COSMOS-陈斯琪 我在 #偶像练习生# 练习生PICK榜上为你打call！把小心心都给你，赢取节目10s彩蛋！ O 练习生PICK榜 ​,0,0,0,0,23
idol_producer_093,陈斯琪,偶像练习生,排名发布阶段,2018-02-17,2018-03-02,陈斯琪 偶像练习生,4213214386151730,https://m.weibo.cn/detail/4213214386151730,2018-03-02 20:00:00,@COSMOS-陈斯琪 为你打爆电话！我们一起用爱发电，向 #偶像练习生# 练习生PICK榜第一名进击，赢取节目10s彩蛋！ // @COSMOS-陈斯琪 :我是 #偶像练习生# 陈斯琪，全民制作人，请多关照。,0,0,0,0,24
idol_producer_093,陈斯琪,偶像练习生,排名发布阶段,2018-02-17,2018-03-02,陈斯琪 偶像练习生,4213214364929941,https://m.weibo.cn/detail/4213214364929941,2018-03-02 20:00:00,#偶像练习生# 我向 @COSMOS-陈斯琪 送出了加油卡！我pick的小哥哥全世界最棒！大家快来一起给你喜欢的选手打call吧！ O 练习生PICK榜 ​,0,0,0,0,25
idol_producer_093,陈斯琪,偶像练习生,排名发布阶段,2018-02-17,2018-03-02,陈斯琪 偶像练习生,4213214353323359,https://m.weibo.cn/detail/4213214353323359,2018-03-02 20:00:00,@COSMOS-陈斯琪 我在 #偶像练习生# 练习生PICK榜上为你打call！把小心心都给你，赢取节目10s彩蛋！ O 练习生PICK榜 ​,0,0,0,0,26
idol_producer_093,陈斯琪,偶像练习生,排名发布阶段,2018-02-17,2018-03-02,陈斯琪 偶像练习生,4213214235091991,https://m.weibo.cn/detail/4213214235091991,2018-03-02 20:00:00,@COSMOS-陈斯琪 为你打爆电话！我们一起用爱发电，向 #偶像练习生# 练习生PICK榜第一名进击，赢取节目10s彩蛋！ // @COSMOS-陈斯琪 :我是 #偶像练习生# 陈斯琪，全民制作人，请多关照。,0,0,0,0,27
idol_producer_093,陈斯琪,偶像练习生,排名发布阶段,2018-02-17,2018-03-02,陈斯琪 偶像练习生,4213214218539486,https://m.weibo.cn/detail/4213214218539486,2018-03-02 20:00:00,#偶像练习生# 我向 @COSMOS-陈斯琪 送出了加油卡！我pick的小哥哥全世界最棒！大家快来一起给你喜欢的选手打call吧！ O 练习生PICK榜 ​,0,0,0,0,28
idol_producer_093,陈斯琪,偶像练习生,排名发布阶段,2018-02-17,2018-03-02,陈斯琪 偶像练习生,4213214206014698,https://m.weibo.cn/detail/4213214206014698,2018-03-02 20:00:00,@COSMOS-陈斯琪 我在 #偶像练习生# 练习生PICK榜上为你打call！把小心心都给你，赢取节目10s彩蛋！ O 练习生PICK榜 ​,0,0,0,0,29
idol_producer_093,陈斯琪,偶像练习生,排名发布阶段,2018-02-17,2018-03-02,陈斯琪 偶像练习生,4213217494066504,https://m.weibo.cn/detail/4213217494066504,2018-03-02 20:13:00,@COSMOS-陈斯琪 我在 #偶像练习生# 练习生PICK榜上为你打call！把小心心都给你，赢取节目10s彩蛋！ O 练习生PICK榜 ​,0,0,0,0,30
idol_producer_094,靖佩瑶,偶像练习生,合作舞台阶段,2018-03-03,2018-03-23,靖佩瑶 偶像练习生,4220811575475450,https://m.weibo.cn/detail/4220811575475450,2018-03-23 19:09:00,#偶像练习生# 又一波萌萌哒小哥哥 #秦奋roi# #韩沐伯# #靖佩瑶# #秦子墨# #左叶# 来袭，甜美可爱任君挑选哟~你们更爱哪个呢？请继续支持 @秦奋Roi @韩沐伯 @靖佩瑶 @秦子墨_Mo @左叶Hyman ​,2392,1179,1362,6112,1
idol_producer_094,靖佩瑶,偶像练习生,合作舞台阶段,2018-03-03,2018-03-23,靖佩瑶 偶像练习生,4220401485679794,https://m.weibo.cn/detail/4220401485679794,2018-03-22 15:59:00,#偶像练习生# 里的两位山西小伙儿， 老乡安利一波~同为1996年出生的太原后生 @靖佩瑶 @BBT王子异 你被谁圈粉儿？ ​,49,259,384,951,2
idol_producer_094,靖佩瑶,偶像练习生,合作舞台阶段,2018-03-03,2018-03-23,靖佩瑶 偶像练习生,4220429813893832,https://m.weibo.cn/detail/4220429813893832,2018-03-22 17:52:00,#太原身边事# 【 #偶像练习生# 里俩太原小伙儿 你被谁圈粉儿了？[互粉]】最近，偶像练习生里出现两个同为1996年出生的太原后生 @靖佩瑶 @BBT王子异 。一个是喜欢说唱的B-boy的帅气男孩子 #王子异# ；一个是擅长眉毛舞爱好盘珠子、苏音vocal低音炮的 #靖佩瑶# ，你更喜欢谁？ ​,10,103,115,331,3
idol_producer_094,靖佩瑶,偶像练习生,合作舞台阶段,2018-03-03,2018-03-23,靖佩瑶 偶像练习生,4220452177836474,https://m.weibo.cn/detail/4220452177836474,2018-03-22 19:21:00,整齐的阵容、欢乐的气氛，和谐的一家人，偏偏却是送别 #觉醒东方# #靖佩瑶# #偶像练习生# #秦奋roi# #左叶# #韩沐伯# #秦子墨# ​,9,30,128,197,4
idol_producer_094,靖佩瑶,偶像练习生,位置测评阶段,2018-02-03,2018-02-16,靖佩瑶 偶像练习生,4208183649934897,https://m.weibo.cn/detail/4208183649934897,2018-02-16 22:50:00,#偶像练习生# 第一轮前60名： 蔡徐坤/陈立农/范丞丞/Justin/朱正廷/小鬼/卜凡/李权哲/何东东/尤长靖/王子异/Jeffrey/秦奋/林超泽/朱星杰/灵超/钱正昊/董岩磊/韩沐伯/丁泽仁/岳岳/左叶/徐凯皓/木子洋/郑锐彬/毕雯珺/周彦辰/林彦俊/李希侃/陆定昊/周锐/黄书豪/黄新淳/罗正/张达源/李让/贝汯璘/李长庚/陈斯琪/韩雍杰/秦子墨/武连杰/覃俊毅/娄滋博/靖佩瑶/余明君/陈名豪/明鹏/杨非同/朱匀一/伽里/凌崎/朱匀天/徐圣恩/李俊毅/张奕轩/王艺龙/姜达赫/胡致邦/梁辉 乐华女孩绝不认输 收起 d,2,32,106,172,5
idol_producer_094,靖佩瑶,偶像练习生,主题曲考核阶段,2018-01-27,2018-02-02,靖佩瑶 偶像练习生,4203105086701453,https://m.weibo.cn/detail/4203105086701453,2018-02-02 22:30:00,【偶像练习生第三期排名出炉 】今晚的 #偶像练习生# 虽然推迟了，但很快推出的加长版也算弥补了粉丝的期待！ #北音学子# 朱星杰、万宇贤、小鬼 、韩雍杰、吕晨瑜、靖佩瑶、王宥辰、赵俞澈、金逸涵、朱匀天、朱匀一、韩沐伯、丁泽仁、北音附中武连杰 加油！ #偶像练习生排名# ​,6,13,54,86,6
idol_producer_094,靖佩瑶,偶像练习生,合作舞台阶段,2018-03-03,2018-03-23,靖佩瑶 偶像练习生,4220455499524900,https://m.weibo.cn/detail/4220455499524900,2018-03-22 19:34:00,#偶像练习生# 里的两位山西小伙儿， 老乡安利一波~同为1996年出生的太原后生 @靖佩瑶 @BBT王子异 你被谁圈粉儿？ #点赞山西# 2 太原·青年路 ​,3,10,37,60,7
idol_producer_094,靖佩瑶,偶像练习生,初评级阶段,2018-01-19,2018-01-26,靖佩瑶 偶像练习生,4200560720877590,https://m.weibo.cn/detail/4200560720877590,2018-01-26 21:59:00,#靖佩瑶# 🌟 #偶像练习生# 🌟 #靖佩瑶0205生日快乐# 节目里的表演片段没看够吧 来看一下 @靖佩瑶 小哥哥的完整表演吧 L 《偶像练习生》舞台纯享：觉醒东方《我在人民广场吃着炸鸡》 ​,9,7,31,54,8
idol_producer_094,靖佩瑶,偶像练习生,总决赛阶段,2018-03-24,2018-04-06,靖佩瑶 偶像练习生,4225942681242794,https://m.weibo.cn/detail/4225942681242794,2018-04-06 22:58:00,#偶像练习生# 恭喜蔡徐坤 陈立农 范丞丞 justin 朱正廷 王子异 小鬼 尤长靖八个练习生成功出道，还有没出道的我喜欢的罗正 李希侃 董岩磊 靖佩瑶 韩沐伯 朱星杰 丁泽仁 李俊毅 灵超 木子洋 周锐 山不转水转，我们江湖再见，未来可期！ ​,0,5,28,38,9
idol_producer_094,靖佩瑶,偶像练习生,排名发布阶段,2018-02-17,2018-03-02,靖佩瑶 偶像练习生,4213176813595865,https://m.weibo.cn/detail/4213176813595865,2018-03-02 17:31:00,#偶像练习生# 哈哈哈哈哈哈😂我在豆瓣小组看到一个人留言说，给靖佩瑶投票是因为期待靖佩瑶和董岩磊再次重逢烩面 （因为两家都是第二首歌），然后让靖佩瑶把那一巴掌打回来…哈哈哈哈哈哈哈 不敢不敢 我们瑶瑶不是那么暴力的人 ​,1,12,9,34,10
idol_producer_094,靖佩瑶,偶像练习生,排名发布阶段,2018-02-17,2018-03-02,靖佩瑶 偶像练习生,4213220183480632,https://m.weibo.cn/detail/4213220183480632,2018-03-02 20:23:00,#靖佩瑶# & #偶像练习生靖佩瑶# 180302 外出【HD】 看着搬桌子也一脸好奇 今天也是满分的可爱 ​,1,2,25,30,11
idol_producer_094,靖佩瑶,偶像练习生,合作舞台阶段,2018-03-03,2018-03-23,靖佩瑶 偶像练习生,4220578975871765,https://m.weibo.cn/detail/4220578975871765,2018-03-23 03:45:00,#偶像练习生# 感觉有实力的太多了，如果没看me too真不知道娄滋博这么会跳舞。杨非同也是太低调的高音vocal。之前也不知道韩沐伯这么会唱。也有点遗憾靖佩瑶没唱一首抒情歌就离开了。还有看花絮里有叫甘俊的练习生，音色唱R&B真的太好听了。那些还没展现才华就淘汰的练习生，好遗憾啊。总是人外有人 天外有天吧。有实力并不稀奇吧，有实力又有人气，人品又好的也好多啊。 收起 d,0,2,23,27,12
idol_producer_094,靖佩瑶,偶像练习生,排名发布阶段,2018-02-17,2018-03-02,靖佩瑶 偶像练习生,4213238985864059,https://m.weibo.cn/detail/4213238985864059,2018-03-02 21:38:00,#晚安，北音# 唱作系 #偶像练习生靖佩瑶# 祝大家 #元宵节# 快乐 ​,0,4,11,19,13
idol_producer_094,靖佩瑶,偶像练习生,合作舞台阶段,2018-03-03,2018-03-23,靖佩瑶 偶像练习生,4220635053911317,https://m.weibo.cn/detail/4220635053911317,2018-03-23 07:27:00,昨天看见靖佩瑶和秦子墨的微博，晚上又梦到大伯了，还有靖佩瑶，这次的梦很愉快，大概大伯也不希望粉丝伤心吧 完了，三天两头梦见大伯，陷进去出不来了 #偶像练习生# #韩沐伯# ​​​,0,1,14,16,14
idol_producer_094,靖佩瑶,偶像练习生,合作舞台阶段,2018-03-03,2018-03-23,靖佩瑶 偶像练习生,4220409035581084,https://m.weibo.cn/detail/4220409035581084,2018-03-22 16:29:00,#偶像练习生# 里的两位山西小伙儿， 老乡安利一波~ @靖佩瑶 @BBT王子异 突然感觉自己马上就要变成老阿姨了——1.啊~那个叔叔真好看。2.啊~那个小哥哥真好看。3.啊，这个小弟弟真可耐~ 4.欸这小伙子不错嘛……,0,4,7,15,15
idol_producer_094,靖佩瑶,偶像练习生,合作舞台阶段,2018-03-03,2018-03-23,靖佩瑶 偶像练习生,4220326420134806,https://m.weibo.cn/detail/4220326420134806,2018-03-22 11:01:00,#偶像练习生# 大家起床气太重， #周锐# 冒着生命危险去叫早 #靖佩瑶# 发量可以啊，炼仙丹的 #蔡徐坤# 听到自己的歌在床上wave了起来， 放张PD的歌你们不得起来敬个礼啊... 不容易啊不容易，大家都是戏精 L 娱司令的秒拍视频 ​,1,3,7,14,16
idol_producer_094,靖佩瑶,偶像练习生,主题曲考核阶段,2018-01-27,2018-02-02,靖佩瑶 偶像练习生,4203035419404538,https://m.weibo.cn/detail/4203035419404538,2018-02-02 17:53:00,#靖佩瑶# 🌟 #偶像练习生# 🌟 #靖佩瑶0205生日快乐# 再来跟会会一起感受一下上期节目里靖哥哥的美颜暴击吧 还有两个小时就能看到新一期节目里的 @靖佩瑶 啦 ​,0,2,5,9,17
idol_producer_094,靖佩瑶,偶像练习生,初评级阶段,2018-01-19,2018-01-26,靖佩瑶 偶像练习生,4200516193545567,https://m.weibo.cn/detail/4200516193545567,2018-01-26 19:02:00,#靖佩瑶# 🌟 #偶像练习生# 🌟 #靖佩瑶0205生日快乐# 再送上几张上期节目的图，还有一个小时就有新的 @靖佩瑶 看啦 一起期待靖哥哥的表现吧 ​,0,2,3,7,18
idol_producer_094,靖佩瑶,偶像练习生,排名发布阶段,2018-02-17,2018-03-02,靖佩瑶 偶像练习生,4213216348805656,https://m.weibo.cn/detail/4213216348805656,2018-03-02 20:08:00,想说 又看了一天的抖音 好了又到了周五晚上 8点准时pick偶像练习生农农Justin王子异范丞丞小鬼卜凡靖佩瑶钱正昊朱正廷蔡徐坤等等等等等 ​​​ 元宵节快乐🎉后天又要去学校啦 ​​​,0,2,2,6,19
idol_producer_094,靖佩瑶,偶像练习生,合作舞台阶段,2018-03-03,2018-03-23,靖佩瑶 偶像练习生,4220330308364235,https://m.weibo.cn/detail/4220330308364235,2018-03-22 11:16:00,#偶像练习生# 杰弗瑞开玛莎拉蒂戴40万手表 朱正廷被nh粉称人间Gucci 王子异全身十万说没好好打扮 李希侃妈妈开保时捷接机 靖佩瑶家里明显好几层的富贵书香门第 钱正昊日常款穿搭都不小于四五千 大师兄丁泽仁房车接机 小鬼在厦门买了很贵的房子 姜达赫开劳斯莱斯接黄新淳回家 Justin人称贾富贵4k的衣服剪了当睡衣 胡致邦从小外国生活 蔡徐坤 岳岳都在国外留过学 范丞丞就不用说了... 欢迎继续补充 综上 这届土偶最穷的就是我们这些全民制作人 买得起的同款也只有斯凯奇和维他命水了 收起 d,0,2,2,6,20
idol_producer_094,靖佩瑶,偶像练习生,合作舞台阶段,2018-03-03,2018-03-23,靖佩瑶 偶像练习生,4220502714896506,https://m.weibo.cn/detail/4220502714896506,2018-03-22 22:42:00,靖佩瑶、娄滋薄、李希侃 这仨名字从昨晚记到今晚，只能想起来两个，写下来吧还是。 pick董又霖，为偶像练习生疯狂打call 这是一条追星的博，自从迷上了偶像练习生，就忽略了亲男盆友，毕竟喜欢鲜肉 2 淄博·石桥街区 ​,0,0,6,6,21
idol_producer_094,靖佩瑶,偶像练习生,合作舞台阶段,2018-03-03,2018-03-23,靖佩瑶 偶像练习生,4220409790127872,https://m.weibo.cn/detail/4220409790127872,2018-03-22 16:32:00,#太原关注# #偶像练习生# 里的两位山西小伙儿， 老乡安利一波~同为1996年出生的太原后生 @靖佩瑶 @BBT王子异 你被谁圈粉儿？ ​,1,1,1,4,22
idol_producer_094,靖佩瑶,偶像练习生,位置测评阶段,2018-02-03,2018-02-16,靖佩瑶 偶像练习生,4208142402870748,https://m.weibo.cn/detail/4208142402870748,2018-02-16 20:06:00,#偶像练习生# 大年初一精彩不会停！ 第五期正片新春来贺喜 ！欢乐过大年，练习生玩游戏为全民制作人抢礼物、最想给妹妹介绍的人、票选颜值第一谁最被看好 ？ 全民制作人代表张艺兴 @努力努力再努力x 宣布第一次顺位发布，一部分少年将被残酷淘汰 你pick的少年能否成功晋级？ 全程笑点泪点高能不断，分量超足新春正片戳链接>>> L 偶像练习生之张艺兴忆春节心酸往事 练习生首轮淘汰集体泪崩 收起 d,0,0,3,3,23
idol_producer_094,靖佩瑶,偶像练习生,位置测评阶段,2018-02-03,2018-02-16,靖佩瑶 偶像练习生,4208138641497582,https://m.weibo.cn/detail/4208138641497582,2018-02-16 19:51:00,#靖佩瑶# 🌟 #偶像练习生# 🌟 #偶像练习生靖佩瑶# 会会准备好看新一期节目里第二张中间的那位小朋友 @靖佩瑶 并给他投票了,0,0,2,2,24
idol_producer_094,靖佩瑶,偶像练习生,排名发布阶段,2018-02-17,2018-03-02,靖佩瑶 偶像练习生,4213207063061204,https://m.weibo.cn/detail/4213207063061204,2018-03-02 19:31:00,#偶像练习生靖佩瑶# 希望大家能给这个小哥哥多多投票哇 更希望这位声音好听长得也hin帅的小哥哥每天能像P1-P3里一样开开心心的～ 迷妹不接受反驳 ​,0,1,0,2,25
idol_producer_094,靖佩瑶,偶像练习生,初评级阶段,2018-01-19,2018-01-26,靖佩瑶 偶像练习生,4200530110699374,https://m.weibo.cn/detail/4200530110699374,2018-01-26 19:58:00,#靖佩瑶# 🌟 #偶像练习生# 🌟 #偶像练习生靖佩瑶# 投票打榜指南马起来 @靖佩瑶,0,0,1,1,26
idol_producer_094,靖佩瑶,偶像练习生,初评级阶段,2018-01-19,2018-01-26,靖佩瑶 偶像练习生,4200537777289917,https://m.weibo.cn/detail/4200537777289917,2018-01-26 20:28:00,各位全民制作人可以停止煎熬了！ 新鲜火热的 #偶像练习生# 第二期正片在此奉上~ 全民制作人代表张艺兴 @努力努力再努力x 回忆最最珍贵的时间是练习的时间； 音乐导师 @李荣浩 终于等到心中最强主唱； 说唱导师 @王嘉尔 @欧阳靖MCjin 面对熟人将怎样点评？ 舞蹈导师 @宇宙少女_程潇 遇师弟愈发严厉？ @周洁琼_OFFICIAL 强调“感染力”的重要性...... 满满的高能内容快戳链接观看啦！ L 偶像练习生之张艺兴忆练习生经历落泪 李荣浩迎最强声音 收起 d,0,0,1,1,27
idol_producer_094,靖佩瑶,偶像练习生,初评级阶段,2018-01-19,2018-01-26,靖佩瑶 偶像练习生,4200572683396611,https://m.weibo.cn/detail/4200572683396611,2018-01-26 22:47:00,#靖佩瑶# 🌟 #偶像练习生# 🌟 #靖佩瑶0205生日快乐# 今晚的靖哥哥有没有让你心动呢 不要忘记给他投票哟 @靖佩瑶,0,0,1,1,28
idol_producer_094,靖佩瑶,偶像练习生,总决赛阶段,2018-03-24,2018-04-06,靖佩瑶 偶像练习生,4225920732020440,https://m.weibo.cn/detail/4225920732020440,2018-04-06 21:31:00,#靖佩瑶# 感恩遇见你 一起走花路吧// @靖佩瑶 :我是 #偶像练习生# 靖佩瑶，全民制作人，谢谢关照。,0,0,1,1,29
idol_producer_094,靖佩瑶,偶像练习生,初评级阶段,2018-01-19,2018-01-26,靖佩瑶 偶像练习生,4200506450064849,https://m.weibo.cn/detail/4200506450064849,2018-01-26 18:24:00,@靖佩瑶 为你打爆电话！我们一起用爱发电，向 #偶像练习生# 练习生PICK榜第一名进击，赢取节目10s彩蛋！ // @靖佩瑶 :我是 #偶像练习生# 靖佩瑶，全民制作人，请多关照！,0,0,0,0,30
idol_producer_095,韩沐伯,偶像练习生,初评级阶段,2018-01-19,2018-01-26,韩沐伯 偶像练习生,4200573014625142,https://m.weibo.cn/detail/4200573014625142,2018-01-26 22:48:00,K 岁月如歌-陈奕迅 #叉烧日记# #X-FIRE男团# #伍谷凡磊嘉# #伍嘉成# #谷嘉诚# #郭子凡# #赵磊# #焉栩嘉# #偶像练习生韩沐伯# 2018.1.26 光阴的故事 舟车劳顿的一天，从北京出发，兰州经停转机嘉峪关，然后又经过三个小时的车程，终于到达了出差的目的地。上一次来这里，已经是十年之前。这片土地上的黄沙依旧，但我早已经面目全非。这里曾经留下过我的汗水和泪水，曾经不堪回首的一年四季，却在再次呼吸到这里的冷冽空气时，变得越来越透明，原来我还都记得啊！ 所以说，十年的光阴婆娑，确实可以让人改变很多，但也可以让人永恒铭记。就像我们总说要和白队少年们信守十年之约，但也许有时会在途径一半就已经忘记了初衷，但不论如何当十年真的来临，那些往事仍然会历历在目，会在脑海里渐渐清晰，因为曾经的刻骨铭心真的不会成为过眼云烟，它会在某个特定时间重新填满记忆。 大概是因为今天重游故地，好像略微有点儿矫情了，感谢大家可以忍住吐槽看我写的废话。不过，今天好像他们也没什么动态，只有小伍透露了MU和BAO的最新消息：由于伙食太好，导致MUMI有点儿上火，眼睛都大小眼了，所以铲屎官决定要给他们控制饮食了！说到这里，我要好几天看不到我家小狮子了，好想她啊！ 据说过几天他们会有录制综艺的行程，是上星卫视的节目，可以期待一下。第二期的练习生节目我还没有来得及看，但是有看到沐沐的排名，只能说还是有点儿小失落的，但没关系，就继续努力，真的爱他就投他一票吧，并且只投他一个人哦！毕竟参加这个节目，每个人都是竞争对手，为了能够出道，没有什么朋友同事交情可讲，沐沐现在只有我们了… BGM：陈奕迅《岁月如歌》 爱上了看见你如何不懂谦卑 去讲心中理想不会俗气 犹如看得见晨曦才能欢天喜地 抱着你我每次回来多少惊喜 也许一生太短陪着你 情感有若行李仍然沉重待我整理 天气不似如期但要走总要飞 道别不可再等你不管有没有机 给我体贴入微但你手如明日便要远离 愿你可以留下共我曾愉快的忆记 当世事再没完美可远在岁月如歌中找你 再见了背向你回头多少伤悲 也许不必再讲所有道理 何时放松我自己才能花天酒地 抱着你我说过如何一起高飞 这天只想带走还是你 如重温往日邮寄但会否疲倦了嬉戏 天气不似如期但要走总要飞 道别不可再等你不管有没有机 给我体贴入微但你手如明日便要远离 愿你可以留下共我曾愉快的忆记 当世事再没完美可远在岁月如歌中找你 收起 d,2,6,44,58,1
idol_producer_095,韩沐伯,偶像练习生,合作舞台阶段,2018-03-03,2018-03-23,韩沐伯 偶像练习生,4220869355556655,https://m.weibo.cn/detail/4220869355556655,2018-03-23 22:58:00,看你闪闪发光，等你万人敬仰 #偶像练习生韩沐伯#,49,1,1,52,2
idol_producer_095,韩沐伯,偶像练习生,总决赛阶段,2018-03-24,2018-04-06,韩沐伯 偶像练习生,4225939925276329,https://m.weibo.cn/detail/4225939925276329,2018-04-06 22:47:00,#偶像练习生韩沐伯# #韩沐伯# 这个话题从他开始参加偶练开始 看到很多当年的老粉回归 看到很多现在的新粉加入 从开始后援群里几百人 到现在的一群二群 从开始控评轮博没有正规的组织 到现在小数据越来越走入正轨 感谢偶像练习生 感谢大家的关照 @韩沐伯 这是属于你的时代 走向你发光的未来 这里要画上句号了 代表有了新的开始 喜欢这个幕布，总觉得 你可以放进去任何欢喜的东西 跟随着你在你左右 收起 d,0,8,33,49,3
idol_producer_095,韩沐伯,偶像练习生,总决赛阶段,2018-03-24,2018-04-06,韩沐伯 偶像练习生,4225942681242794,https://m.weibo.cn/detail/4225942681242794,2018-04-06 22:58:00,#偶像练习生# 恭喜蔡徐坤 陈立农 范丞丞 justin 朱正廷 王子异 小鬼 尤长靖八个练习生成功出道，还有没出道的我喜欢的罗正 李希侃 董岩磊 靖佩瑶 韩沐伯 朱星杰 丁泽仁 李俊毅 灵超 木子洋 周锐 山不转水转，我们江湖再见，未来可期！ ​,0,5,28,38,4
idol_producer_095,韩沐伯,偶像练习生,合作舞台阶段,2018-03-03,2018-03-23,韩沐伯 偶像练习生,4220867938788022,https://m.weibo.cn/detail/4220867938788022,2018-03-23 22:53:00,我发表了头条文章:《《偶像练习生》二十强诞生！周彦辰周锐韩沐伯等淘汰，惹人泪目！》 O 《偶像练习生》二十强诞生！周彦辰周锐韩沐伯等淘汰，惹人泪目！ ​,0,5,27,37,5
idol_producer_095,韩沐伯,偶像练习生,总决赛阶段,2018-03-24,2018-04-06,韩沐伯 偶像练习生,4225939514354216,https://m.weibo.cn/detail/4225939514354216,2018-04-06 22:45:00,#偶像练习生韩沐伯# #韩沐伯# ☞4月6日☜数据汇总 截止21:30 偶像练习生直拍播放量数据 can't stop 32.5万次 我怀念的 45.4万次 我永远记得 15.9万次 Mask 12.7万次 超话音乐榜排名 第 6 名 超话签到总人数 4888位 超话发博总数 13108条 今日微博转发 微博正文 转发量 624 目标 不设上限 微博正文 转发量 2747 目标 4600+ 微博正文 转发量 24158 目标 不设上限 微博正文 转发量 14584 目标 不设上限 微博正文 转发量 309 目标 不设上限 魔饭生净化数 微博32人 百度26人 今天马上就要过去了！魔饭生还没有净化的要抓紧咯！ 超话没有的伯爵也要抓紧咯！不要断签呦！ 超话☞ #韩沐伯# 大家记得要进多多发帖，这样数据会更好呦！ Mask 直拍: L 《偶像练习生》【直拍】PD合作舞台《Mask》韩沐伯 收起 d,1,1,29,32,6
idol_producer_095,韩沐伯,偶像练习生,总决赛阶段,2018-03-24,2018-04-06,韩沐伯 偶像练习生,4225941469104668,https://m.weibo.cn/detail/4225941469104668,2018-04-06 22:53:00,#韩沐伯# #偶像练习生韩沐伯# 老花镜女孩为了找老韩 眼要瞎了 有没有现场的小姐姐说一下 他是在给谁比手势 好乖 ​,0,2,23,27,7
idol_producer_095,韩沐伯,偶像练习生,合作舞台阶段,2018-03-03,2018-03-23,韩沐伯 偶像练习生,4220867988953275,https://m.weibo.cn/detail/4220867988953275,2018-03-23 22:53:00,#偶像练习生# 今天这期唯一能让我哭的地方大概只有乐华了 从毕雯珺发表感言开始 到朱正廷范丞丞丁泽仁每次说起七人时就想哭 阿我的乐华 最近几期乐华一直都在被黑 我真的不敢相信正正的排名居然掉到第七了 连出道都不稳了救救我们仙子正吧 最近这波黑对朱正廷的影响真是太大了 心疼生日那天还要被人身攻击的正正 当我看到正正第七立马拿起手机就给他投票了 社长的排名这次进步真的好大阿 在韩国两年做到出道预备役丁泽仁实力真的是可以进到前二十的前九都行 奈何人气不够 心好累 我只想做我的乐华女孩 还有韩沐伯淘汰也让我哭了 一直希望他能进前二十 之前看爆料知道他已经走了 所以当听到秦奋说我今天不会哭除非大伯走的时候真的叹气 希望大家之后都能有好的归宿吧 收起 d,0,5,3,13,8
idol_producer_095,韩沐伯,偶像练习生,合作舞台阶段,2018-03-03,2018-03-23,韩沐伯 偶像练习生,4220867665340509,https://m.weibo.cn/detail/4220867665340509,2018-03-23 22:52:00,#偶像练习生# 第一次看一个综艺节目看哭了 真的觉得他们都好棒 以后也会越走越远的 加油大伯 #偶像练习生韩沐伯# 加油彦晨 #偶像练习生周彦辰# ​,0,3,5,11,9
idol_producer_095,韩沐伯,偶像练习生,合作舞台阶段,2018-03-03,2018-03-23,韩沐伯 偶像练习生,4220867808450938,https://m.weibo.cn/detail/4220867808450938,2018-03-23 22:52:00,#偶像练习生# #偶像练习生韩沐伯# DAY-4 最魔性的表情包 @韩沐伯数据组 真的很想一把抱住你 乖乖，未来的路我们陪着你。 @韩沐伯 ​,0,0,10,10,10
idol_producer_095,韩沐伯,偶像练习生,总决赛阶段,2018-03-24,2018-04-06,韩沐伯 偶像练习生,4225940059958310,https://m.weibo.cn/detail/4225940059958310,2018-04-06 22:48:00,#偶像练习生# 虽然韩沐伯和林超泽都没进，但是剩下的还是得继续pick，走花路吧 nine percent 蔡徐坤 第一 陈立农 第二 范丞丞 第三 Justin 第四 林彦俊 第五 朱正廷 第六 王子异 第七 小鬼 第八 ​​​ 尤长靖 第九 ​,0,0,9,9,11
idol_producer_095,韩沐伯,偶像练习生,合作舞台阶段,2018-03-03,2018-03-23,韩沐伯 偶像练习生,4220869025017349,https://m.weibo.cn/detail/4220869025017349,2018-03-23 22:57:00,"目前私心希望出道的人有蔡徐坤，朱正廷，范丞丞，Justin，Jeffrey,林彦俊，王子异。陈立农肯定也会有的，剩下一个suprise me 吧!希望是惊喜，不要是惊吓!希望各方面能跟这个团搭一点吧！好像这个团rapper比较多啊，希望大家以后能够balence一下吧!还有，真心喜欢Jeffrey,不是因为他家世多么显赫，而是因为他在那么好的外在条件下还可以这么有礼貌，这么谦虚!可爱哈哈哈!子异也很非常优秀!林彦俊哈哈哈新头发还不错!送走的练习生很多都很不错，罗正，希望去演戏吧！不要浪费那么好的颜!周锐，也可以发展发展演戏道路哈哈!木子洋继续时尚道路吧！丁泽仁继续加油，实力很强的练习生,今天换了发型真的get到颜了!李权哲，很可爱的练习生，也是有实力的练习生，加油!娄滋博确定是要回河南种地吗？哈哈哈，其实还蛮有可塑性的。韩沐伯真的是可惜了，有才唱歌也很好!回去和左叶继续加油!周彦辰，真的，实力也很强!感谢 #偶像练习生# 让我认识了你们!加油!我也要加油! 收起 d",0,3,0,6,12
idol_producer_095,韩沐伯,偶像练习生,合作舞台阶段,2018-03-03,2018-03-23,韩沐伯 偶像练习生,4220869012673863,https://m.weibo.cn/detail/4220869012673863,2018-03-23 22:57:00,#偶像练习生# 丁泽仁，周锐，周彦辰，李权哲，韩沐伯，这期节目看的真心碎 朱正廷名次掉的 ​​,0,0,5,5,13
idol_producer_095,韩沐伯,偶像练习生,合作舞台阶段,2018-03-03,2018-03-23,韩沐伯 偶像练习生,4220867909062430,https://m.weibo.cn/detail/4220867909062430,2018-03-23 22:53:00,新一期偶像练习生有感 #偶像练习生# 01木子洋暴打灵超这段真的好笑，还有韩沐伯和小尤太可爱了 02周锐太可爱了，快来签他 03韩沐伯一说年龄大我真的爆哭，也心疼小丁的才华 04明明正正也对正昊很好就只拍cxk，服了aqy神剪辑正正都没什么镜头，气的佛系粉丝都想骂 05只想说乐华不是抱团，那是团魂ok 坤音四子也超团结的 06公布20名时周彦辰的那个表情和立马为对方鼓掌的反应，他人品和努力我真的认，这么好的人都淘汰 07卜凡问为什么正正可以是仙子他不可以是也是很可爱 08想不通为什么lcz这种抄袭的也能进还一直在bbb，有好多人都是靠着加票进的吧 这次看真的哭了好几次，也终于知道小姐姐们为什么说pick不起了，真的累，真的也不公平. 这次真的在投票在切实地感受到，都有些希望乐华自己组团出道了. 但还是要加油投票！ 收起 d,0,1,0,2,14
idol_producer_095,韩沐伯,偶像练习生,合作舞台阶段,2018-03-03,2018-03-23,韩沐伯 偶像练习生,4220868584396550,https://m.weibo.cn/detail/4220868584396550,2018-03-23 22:55:00,最讨厌看节目一个个都走了然后看到大结局特别难过，偶像练习生我是看不下去了太难过了 剩35个人就都挺喜欢的，我的何东东拜拜了，看节目第一个喜欢上的就是你，刚出来就给人耳目一新的感觉，周彦辰，岳岳，韩沐伯，黄新淳，木子洋，李权哲，丁泽仁，陆定昊拜拜了 ​,0,0,1,1,15
idol_producer_095,韩沐伯,偶像练习生,总决赛阶段,2018-03-24,2018-04-06,韩沐伯 偶像练习生,4225942249320589,https://m.weibo.cn/detail/4225942249320589,2018-04-06 22:56:00,加油啊大伯，觉醒之光啊// @韩沐伯 :我是 #偶像练习生# 韩沐伯，全民制作人，谢谢关照。,1,0,0,1,16
idol_producer_095,韩沐伯,偶像练习生,主题曲考核阶段,2018-01-27,2018-02-02,韩沐伯 偶像练习生,4203111134436516,https://m.weibo.cn/detail/4203111134436516,2018-02-02 22:54:00,很幸运，遇到了最好的韩沐伯❤ #韩沐伯# #偶像练习生韩沐伯# #偶像练习生#,0,0,0,0,17
idol_producer_095,韩沐伯,偶像练习生,排名发布阶段,2018-02-17,2018-03-02,韩沐伯 偶像练习生,4213252894177611,https://m.weibo.cn/detail/4213252894177611,2018-03-02 22:33:00,@韩沐伯 我在 #偶像练习生# 练习生PICK榜上为你打call！把小心心都给你，赢取节目10s彩蛋！ O 练习生PICK榜 ​,0,0,0,0,18
idol_producer_095,韩沐伯,偶像练习生,排名发布阶段,2018-02-17,2018-03-02,韩沐伯 偶像练习生,4213253129525296,https://m.weibo.cn/detail/4213253129525296,2018-03-02 22:34:00,@韩沐伯 我在 #偶像练习生# 练习生PICK榜上为你打call！把小心心都给你，赢取节目10s彩蛋！ O 练习生PICK榜 ​,0,0,0,0,19
idol_producer_095,韩沐伯,偶像练习生,排名发布阶段,2018-02-17,2018-03-02,韩沐伯 偶像练习生,4213253108121445,https://m.weibo.cn/detail/4213253108121445,2018-03-02 22:34:00,@韩沐伯 我在 #偶像练习生# 练习生PICK榜上为你打call！把小心心都给你，赢取节目10s彩蛋！ O 练习生PICK榜 ​,0,0,0,0,20
idol_producer_095,韩沐伯,偶像练习生,排名发布阶段,2018-02-17,2018-03-02,韩沐伯 偶像练习生,4213252961197517,https://m.weibo.cn/detail/4213252961197517,2018-03-02 22:34:00,#偶像练习生# 我向 @韩沐伯 送出了加油卡！我pick的小哥哥全世界最棒！大家快来一起给你喜欢的选手打call吧！ O 练习生PICK榜 ​,0,0,0,0,21
idol_producer_095,韩沐伯,偶像练习生,排名发布阶段,2018-02-17,2018-03-02,韩沐伯 偶像练习生,4213253394128549,https://m.weibo.cn/detail/4213253394128549,2018-03-02 22:35:00,@韩沐伯 我在 #偶像练习生# 练习生PICK榜上为你打call！把小心心都给你，赢取节目10s彩蛋！ O 练习生PICK榜 ​,0,0,0,0,22
idol_producer_095,韩沐伯,偶像练习生,排名发布阶段,2018-02-17,2018-03-02,韩沐伯 偶像练习生,4213253372229603,https://m.weibo.cn/detail/4213253372229603,2018-03-02 22:35:00,@韩沐伯 我在 #偶像练习生# 练习生PICK榜上为你打call！把小心心都给你，赢取节目10s彩蛋！ O 练习生PICK榜 ​,0,0,0,0,23
idol_producer_095,韩沐伯,偶像练习生,排名发布阶段,2018-02-17,2018-03-02,韩沐伯 偶像练习生,4213253292916503,https://m.weibo.cn/detail/4213253292916503,2018-03-02 22:35:00,@韩沐伯 我在 #偶像练习生# 练习生PICK榜上为你打call！把小心心都给你，赢取节目10s彩蛋！！！！ O 练习生PICK榜 ​,0,0,0,0,24
idol_producer_095,韩沐伯,偶像练习生,排名发布阶段,2018-02-17,2018-03-02,韩沐伯 偶像练习生,4213253272232839,https://m.weibo.cn/detail/4213253272232839,2018-03-02 22:35:00,@韩沐伯 我在 #偶像练习生# 练习生PICK榜上为你打call！把小心心都给你，赢取节目10s彩蛋！！！！！ O 练习生PICK榜 ​,0,0,0,0,25
idol_producer_095,韩沐伯,偶像练习生,排名发布阶段,2018-02-17,2018-03-02,韩沐伯 偶像练习生,4213253250872492,https://m.weibo.cn/detail/4213253250872492,2018-03-02 22:35:00,@韩沐伯 我在 #偶像练习生# 练习生PICK榜上为你打call！把小心心都给你，赢取节目10s彩蛋！ O 练习生PICK榜 ​,0,0,0,0,26
idol_producer_095,韩沐伯,偶像练习生,排名发布阶段,2018-02-17,2018-03-02,韩沐伯 偶像练习生,4213253183545276,https://m.weibo.cn/detail/4213253183545276,2018-03-02 22:35:00,@韩沐伯 我在 #偶像练习生# 练习生PICK榜上为你打call！把小心心都给你，赢取节目10s彩蛋！ O 练习生PICK榜 ​,0,0,0,0,27
idol_producer_095,韩沐伯,偶像练习生,排名发布阶段,2018-02-17,2018-03-02,韩沐伯 偶像练习生,4213253661557960,https://m.weibo.cn/detail/4213253661557960,2018-03-02 22:36:00,@韩沐伯 我在 #偶像练习生# 练习生PICK榜上为你打call！把小心心都给你，赢取节目10s彩蛋！！！ O 练习生PICK榜 ​,0,0,0,0,28
idol_producer_095,韩沐伯,偶像练习生,排名发布阶段,2018-02-17,2018-03-02,韩沐伯 偶像练习生,4213253443441977,https://m.weibo.cn/detail/4213253443441977,2018-03-02 22:36:00,@韩沐伯 我在 #偶像练习生# 练习生PICK榜上为你打call！把小心心都给你，赢取节目10s彩蛋！！ O 练习生PICK榜 ​,0,0,0,0,29
idol_producer_095,韩沐伯,偶像练习生,排名发布阶段,2018-02-17,2018-03-02,韩沐伯 偶像练习生,4213253800043125,https://m.weibo.cn/detail/4213253800043125,2018-03-02 22:37:00,#偶像练习生# 我向 @韩沐伯 送出了加油卡！我pick的小哥哥全世界最棒！大家快来一起给你喜欢的选手打call吧！ O 练习生PICK榜 ​,0,0,0,0,30
idol_producer_096,韩雍杰,偶像练习生,初评级阶段,2018-01-19,2018-01-26,韩雍杰 偶像练习生,4200573887182746,https://m.weibo.cn/detail/4200573887182746,2018-01-26 22:51:00,《偶像练习生》小虎牙弟弟 #韩雍杰# ，一个陕西孩子，一米八大长腿迷晕少女团，加油哦！ @韩雍杰辅导员 ​,100,38,436,612,1
idol_producer_096,韩雍杰,偶像练习生,初评级阶段,2018-01-19,2018-01-26,韩雍杰 偶像练习生,4200570816891773,https://m.weibo.cn/detail/4200570816891773,2018-01-26 22:39:00,虎牙小朋友韩雍杰实在可爱啊，在《偶像练习生》里唱体面感动了众多粉丝，一个陕西孩子实在不容易啊，加油 ​,102,37,280,456,2
idol_producer_096,韩雍杰,偶像练习生,初评级阶段,2018-01-19,2018-01-26,韩雍杰 偶像练习生,4200574897589747,https://m.weibo.cn/detail/4200574897589747,2018-01-26 22:56:00,#韩雍杰# 偶像练习生，是不是感谢特别的清纯帅气 ​,100,63,89,315,3
idol_producer_096,韩雍杰,偶像练习生,初评级阶段,2018-01-19,2018-01-26,韩雍杰 偶像练习生,4200564277472861,https://m.weibo.cn/detail/4200564277472861,2018-01-26 22:13:00,#偶像练习生# 看了韩雍杰的读信视频，居然激起了我的姨母之心？ 来信的小姐姐说失恋了可以给我唱一下《体面》吗，清唱了两句很好听呢，有求必应也是实力宠饭啦 可是小姐姐居然说自己是“墙头众多”，弟弟小表情有点儿委屈 没关系，姐姐pick你呀~~ 这么又甜又乖的弟弟，姐姐们入股吗？ L 《偶像练习生》舞台纯享：捷特联合《恋爱ING》 收起 d,60,0,246,306,4
idol_producer_096,韩雍杰,偶像练习生,合作舞台阶段,2018-03-03,2018-03-23,韩雍杰 偶像练习生,4217859930321881,https://m.weibo.cn/detail/4217859930321881,2018-03-15 15:40:00,#偶像练习生# 第三次预测：蔡徐坤 朱正廷 灵超 Justin 范丞丞 陈立农 尤长靖 王子异 ＿＿（按喜好排） 比较可惜的颜：韩雍杰 胡致邦 姜京佐 靖佩瑶 李长庚 李若天 王艺龙 徐鹤尼 张晏恺（按首字排） ​,2,54,118,228,5
idol_producer_096,韩雍杰,偶像练习生,位置测评阶段,2018-02-03,2018-02-16,韩雍杰 偶像练习生,4208183649934897,https://m.weibo.cn/detail/4208183649934897,2018-02-16 22:50:00,#偶像练习生# 第一轮前60名： 蔡徐坤/陈立农/范丞丞/Justin/朱正廷/小鬼/卜凡/李权哲/何东东/尤长靖/王子异/Jeffrey/秦奋/林超泽/朱星杰/灵超/钱正昊/董岩磊/韩沐伯/丁泽仁/岳岳/左叶/徐凯皓/木子洋/郑锐彬/毕雯珺/周彦辰/林彦俊/李希侃/陆定昊/周锐/黄书豪/黄新淳/罗正/张达源/李让/贝汯璘/李长庚/陈斯琪/韩雍杰/秦子墨/武连杰/覃俊毅/娄滋博/靖佩瑶/余明君/陈名豪/明鹏/杨非同/朱匀一/伽里/凌崎/朱匀天/徐圣恩/李俊毅/张奕轩/王艺龙/姜达赫/胡致邦/梁辉 乐华女孩绝不认输 收起 d,2,32,106,172,6
idol_producer_096,韩雍杰,偶像练习生,排名发布阶段,2018-02-17,2018-03-02,韩雍杰 偶像练习生,4213154260853832,https://m.weibo.cn/detail/4213154260853832,2018-03-02 16:01:00,#韩雍杰# #偶像练习生# 🎊元宵活动来啦～ 猜字谜 每一句 猜一个字 把猜好的字谜转发并 @韩雍杰辅导员 后援会将在猜对的粉丝朋友中抽取三位送出一份我们给大家精心准备的小礼物哦🎁 ​,18,30,20,98,7
idol_producer_096,韩雍杰,偶像练习生,主题曲考核阶段,2018-01-27,2018-02-02,韩雍杰 偶像练习生,4203105086701453,https://m.weibo.cn/detail/4203105086701453,2018-02-02 22:30:00,【偶像练习生第三期排名出炉 】今晚的 #偶像练习生# 虽然推迟了，但很快推出的加长版也算弥补了粉丝的期待！ #北音学子# 朱星杰、万宇贤、小鬼 、韩雍杰、吕晨瑜、靖佩瑶、王宥辰、赵俞澈、金逸涵、朱匀天、朱匀一、韩沐伯、丁泽仁、北音附中武连杰 加油！ #偶像练习生排名# ​,6,13,54,86,8
idol_producer_096,韩雍杰,偶像练习生,初评级阶段,2018-01-19,2018-01-26,韩雍杰 偶像练习生,4200523529832970,https://m.weibo.cn/detail/4200523529832970,2018-01-26 19:31:00,今天小编看到我们 @韩雍杰辅导员 读信视频里安慰失恋小姐姐的部分真的超级贴心温柔了~ 放出我们小虎牙练习室版本《恋爱ing》，希望他可以带给每位全民制作人满满的活力和开心 今晚偶像练习生第二集上线，希望小韩可以获得稍多一点的放送量呀 L 捷特联合的秒拍视频 ​,15,14,30,73,9
idol_producer_096,韩雍杰,偶像练习生,排名发布阶段,2018-02-17,2018-03-02,韩雍杰 偶像练习生,4213206765205421,https://m.weibo.cn/detail/4213206765205421,2018-03-02 19:30:00,今晚八点，爱奇艺偶像练习生第七期上线。 尽情感受 @韩雍杰辅导员 的舞台魅力吧 如果我们的神枪手小韩有狙击到你，那就在投票通道关闭前再为他投一票吧 【 O 网页链接 】 L 捷特联合的秒拍视频 ​,11,11,35,68,10
idol_producer_096,韩雍杰,偶像练习生,排名发布阶段,2018-02-17,2018-03-02,韩雍杰 偶像练习生,4213062636223562,https://m.weibo.cn/detail/4213062636223562,2018-03-02 09:57:00,#韩雍杰# #偶像练习生# 过元宵节咯～来吃汤圆啦 元宵佳节 @韩雍杰辅导员 陪着大家一起闹元宵 提前预告一下：下午后援会将举行猜字谜的活动，大家一起来参与呀～后援会将会抽取3位幸运粉丝送出后援会定制小礼物和陕西小吃各一份 图：雍杰家糖糖 ​,6,10,14,40,11
idol_producer_096,韩雍杰,偶像练习生,初评级阶段,2018-01-19,2018-01-26,韩雍杰 偶像练习生,4200547106306726,https://m.weibo.cn/detail/4200547106306726,2018-01-26 21:05:00,#偶像练习生# 姑娘们，林彦俊，韩雍杰，李希侃，张晏恺真得也都很帅！大家千万不要放过他们！！！！！ 个人取向狙击是李希侃！！太鸡儿可爱了！！ ​,1,8,19,36,12
idol_producer_096,韩雍杰,偶像练习生,主题曲考核阶段,2018-01-27,2018-02-02,韩雍杰 偶像练习生,4203082705930426,https://m.weibo.cn/detail/4203082705930426,2018-02-02 21:01:00,节目新花絮，来看一下认真练舞的 @韩雍杰辅导员 吧 趴在地上认真抄歌词的样子也很可爱了，唱rap的样子也是帅气满分的💯 L 《偶像练习生》幕后花絮：小组对决准备中 练习生自学舞蹈 #偶像练习生韩雍杰# #韩雍杰# ​,9,6,13,34,13
idol_producer_096,韩雍杰,偶像练习生,位置测评阶段,2018-02-03,2018-02-16,韩雍杰 偶像练习生,4208046399686494,https://m.weibo.cn/detail/4208046399686494,2018-02-16 13:45:00,@韩雍杰辅导员 给大家拜年啦 祝大家在新的一年里平平安安，耶耶耶耶✌️ 快来看一下吃到火锅的小韩吧 #偶像练习生# #韩雍杰# L 偶像练习生过年送祝福啦！ ​,1,5,19,30,14
idol_producer_096,韩雍杰,偶像练习生,排名发布阶段,2018-02-17,2018-03-02,韩雍杰 偶像练习生,4213210254554686,https://m.weibo.cn/detail/4213210254554686,2018-03-02 19:44:00,#韩雍杰# #韩雍杰偶像练习生# 【高清】180217 第二次竞演 @韩雍杰辅导员 【禁止抹去LOGO二改图片，二传转载注明出处Jupiter_0528】 ​​​,7,1,11,20,15
idol_producer_096,韩雍杰,偶像练习生,位置测评阶段,2018-02-03,2018-02-16,韩雍杰 偶像练习生,4208179006732363,https://m.weibo.cn/detail/4208179006732363,2018-02-16 22:32:00,明天 @HANdsome_0528 将在录制场外派发50份应援手幅，与到现场的各位全民制作人一起为韩雍杰应援。具体地址请关注萨摩站。 再次感谢各位全民制作人对 @韩雍杰辅导员 的投票与支持，让我们继续努力，一起守护他的出道梦吧。 #韩雍杰# #偶像练习生#,2,0,11,13,16
idol_producer_096,韩雍杰,偶像练习生,合作舞台阶段,2018-03-03,2018-03-23,韩雍杰 偶像练习生,4216065476728925,https://m.weibo.cn/detail/4216065476728925,2018-03-10 16:50:00,#偶像练习生# 人生就像一只储蓄罐，你投入的每一分努力，都会在未来的某一天，回馈于你。而我们要做的，就是每天多努力一点点，进步一点点。请相信：越努力、越幸运！ #北音学子# @韩雍杰辅导员 继续加油！ O 网页链接 ​,0,0,5,5,17
idol_producer_096,韩雍杰,偶像练习生,合作舞台阶段,2018-03-03,2018-03-23,韩雍杰 偶像练习生,4220091623620417,https://m.weibo.cn/detail/4220091623620417,2018-03-21 19:28:00,两期快看完了。明鹏韩雍杰不是快男吗？？？陈斯琪不是参加二次元大作战的coser吗？？？啊偶像练习生真奇妙,0,0,4,4,18
idol_producer_096,韩雍杰,偶像练习生,合作舞台阶段,2018-03-03,2018-03-23,韩雍杰 偶像练习生,4220676670304093,https://m.weibo.cn/detail/4220676670304093,2018-03-23 10:13:00,#晓娱专访# 偶像练习生 @韩雍杰辅导员 做客晓娱专访！ O 3月23日，15:00 。与可爱小哥哥聊天的机会戳这里>>> O 网页链接 ​,0,2,0,4,19
idol_producer_096,韩雍杰,偶像练习生,合作舞台阶段,2018-03-03,2018-03-23,韩雍杰 偶像练习生,4215997294943750,https://m.weibo.cn/detail/4215997294943750,2018-03-10 12:19:00,【O!Mèi有问题】哈喽大家好，这里是O妹！偶像练习生已经进入到十分关键的阶段啦！O妹也开始行动起来，小哥哥们的专访怎么会少呢？当可以和小哥哥们沟通的时候，你们最想问的问题是什么呢？第一期专访对象是 @韩雍杰辅导员 @胡致邦Jack @秦子墨_Mo @陈名豪M 小哥哥❤提问戳这里【 O 网页链接 】还有签名照拿哦~转发此微博抽取四名粉丝送偶练周边一个~ 收起 d,1,0,2,3,20
idol_producer_096,韩雍杰,偶像练习生,初评级阶段,2018-01-19,2018-01-26,韩雍杰 偶像练习生,4200530038955820,https://m.weibo.cn/detail/4200530038955820,2018-01-26 19:57:00,@韩雍杰辅导员 为你打爆电话！我们一起用爱发电，向 #偶像练习生# 练习生PICK榜第一名进击，赢取节目10s彩蛋！ // @韩雍杰辅导员 :我是 #偶像练习生# 韩雍杰，全民制作人，请多关照。,0,0,0,0,21
idol_producer_096,韩雍杰,偶像练习生,初评级阶段,2018-01-19,2018-01-26,韩雍杰 偶像练习生,4200530030889685,https://m.weibo.cn/detail/4200530030889685,2018-01-26 19:57:00,@韩雍杰辅导员 我在 #偶像练习生# 练习生PICK榜上为你打call！把小心心都给你，赢取节目10s彩蛋！ O 练习生PICK榜 ​,0,0,0,0,22
idol_producer_096,韩雍杰,偶像练习生,初评级阶段,2018-01-19,2018-01-26,韩雍杰 偶像练习生,4200529963949187,https://m.weibo.cn/detail/4200529963949187,2018-01-26 19:57:00,@韩雍杰辅导员 为你打爆电话！我们一起用爱发电，向 #偶像练习生# 练习生PICK榜第一名进击，赢取节目10s彩蛋！ // @韩雍杰辅导员 :我是 #偶像练习生# 韩雍杰，全民制作人，请多关照。,0,0,0,0,23
idol_producer_096,韩雍杰,偶像练习生,初评级阶段,2018-01-19,2018-01-26,韩雍杰 偶像练习生,4200529938272169,https://m.weibo.cn/detail/4200529938272169,2018-01-26 19:57:00,@韩雍杰辅导员 我在 #偶像练习生# 练习生PICK榜上为你打call！把小心心都给你，赢取节目10s彩蛋！ O 练习生PICK榜 ​,0,0,0,0,24
idol_producer_096,韩雍杰,偶像练习生,排名发布阶段,2018-02-17,2018-03-02,韩雍杰 偶像练习生,4213014095960101,https://m.weibo.cn/detail/4213014095960101,2018-03-02 06:44:00,@韩雍杰辅导员 为你打爆电话！我们一起用爱发电，向 #偶像练习生# 练习生PICK榜第一名进击，赢取节目10s彩蛋！ // @韩雍杰辅导员 :我是 #偶像练习生# 韩雍杰，全民制作人，请多关照。,0,0,0,0,25
idol_producer_096,韩雍杰,偶像练习生,排名发布阶段,2018-02-17,2018-03-02,韩雍杰 偶像练习生,4213014028532356,https://m.weibo.cn/detail/4213014028532356,2018-03-02 06:44:00,@韩雍杰辅导员 为你打爆电话！我们一起用爱发电，向 #偶像练习生# 练习生PICK榜第一名进击，赢取节目10s彩蛋！ // @韩雍杰辅导员 :我是 #偶像练习生# 韩雍杰，全民制作人，请多关照。,0,0,0,0,26
idol_producer_096,韩雍杰,偶像练习生,排名发布阶段,2018-02-17,2018-03-02,韩雍杰 偶像练习生,4213014175407470,https://m.weibo.cn/detail/4213014175407470,2018-03-02 06:45:00,@韩雍杰辅导员 为你打爆电话！我们一起用爱发电，向 #偶像练习生# 练习生PICK榜第一名进击，赢取节目10s彩蛋！ // @韩雍杰辅导员 :我是 #偶像练习生# 韩雍杰，全民制作人，请多关照。,0,0,0,0,27
idol_producer_096,韩雍杰,偶像练习生,排名发布阶段,2018-02-17,2018-03-02,韩雍杰 偶像练习生,4213014129246928,https://m.weibo.cn/detail/4213014129246928,2018-03-02 06:45:00,@韩雍杰辅导员 为你打爆电话！我们一起用爱发电，向 #偶像练习生# 练习生PICK榜第一名进击，赢取节目10s彩蛋！ // @韩雍杰辅导员 :我是 #偶像练习生# 韩雍杰，全民制作人，请多关照。,0,0,0,0,28
idol_producer_096,韩雍杰,偶像练习生,排名发布阶段,2018-02-17,2018-03-02,韩雍杰 偶像练习生,4213059092444742,https://m.weibo.cn/detail/4213059092444742,2018-03-02 09:43:00,@韩雍杰辅导员 我在 #偶像练习生# 练习生PICK榜上为你打call！把小心心都给你，赢取节目10s彩蛋！l O 练习生PICK榜 ​,0,0,0,0,29
idol_producer_096,韩雍杰,偶像练习生,排名发布阶段,2018-02-17,2018-03-02,韩雍杰 偶像练习生,4213072685841780,https://m.weibo.cn/detail/4213072685841780,2018-03-02 10:37:00,@韩雍杰辅导员 为你打爆电话！我们一起用爱发电，向 #偶像练习生# 练习生PICK榜第一名进击，赢取节目10s彩蛋！ // @韩雍杰辅导员 :我是 #偶像练习生# 韩雍杰，全民制作人，请多关照。,0,0,0,0,30
idol_producer_097,高茂桐,偶像练习生,总决赛阶段,2018-03-24,2018-04-06,高茂桐 偶像练习生,4225888826213631,https://m.weibo.cn/detail/4225888826213631,2018-04-06 19:24:00,九子同心 #偶像练习生# #香蕉娱乐TRAINEE18# #尤长靖# #林彦俊# #林超泽# #李若天# #姜京佐# #陆定昊# #贝汯璘# #高茂桐# #邱治谐# ​,4369,1419,4332,11539,1
idol_producer_097,高茂桐,偶像练习生,总决赛阶段,2018-03-24,2018-04-06,高茂桐 偶像练习生,4225895814731754,https://m.weibo.cn/detail/4225895814731754,2018-04-06 19:52:00,集齐九子召唤 @王思聪 #偶像练习生# #香蕉娱乐TRAINEE18# #尤长靖# #林彦俊# #林超泽# #陆定昊# #姜京佐# #李若天# #高茂桐# #邱治谐# #贝汯璘# ​,2069,946,3586,7547,2
idol_producer_097,高茂桐,偶像练习生,位置测评阶段,2018-02-03,2018-02-16,高茂桐 偶像练习生,4208156333015417,https://m.weibo.cn/detail/4208156333015417,2018-02-16 21:01:00,转眼..我走到了今天 有好多话想讲 可是现在突然想不到 我很开心我能回去过年 能见到家人 可是我真的不甘心 不甘心就这么走 不甘心离开我的队友 不甘心就这么结束这次旅程 我们都是平凡的孩子 只不过有个不平凡的梦 我们也只是想通过努力换来一个看得见的未来.. 我感觉自己努力过了 所以没有什么遗憾 当时我们香蕉四个坐在下面的时候 真的不感觉我们淘汰了 我很感谢每个帮助过我的人 也很感谢pd 感谢这个节目组 很感谢每个哥哥对我的开导和帮助 我真的成长了很多 我们知道这是一个新的开始 我感谢所有给我投票的人 我会更加努力 在你们下次见到我的时候 我会变得很强 我也希望get ugly A 剩下的人可以越走越远 也希望陆定昊能越来越好 希望在那里的每个香蕉的人都能走得更远 变得更好 香蕉只要有一个人在 就相当于我们9个都在..所以希望大家给我们剩下在节目里的人投票！我再也不会在节目里哭了 真的不怎么好看哈哈哈 #高茂桐# #偶像练习生# 还有祝大家新年快乐 收起 d,151,1007,3209,5374,3
idol_producer_097,高茂桐,偶像练习生,初评级阶段,2018-01-19,2018-01-26,高茂桐 偶像练习生,4200550956290435,https://m.weibo.cn/detail/4200550956290435,2018-01-26 21:20:00,#偶像练习生# “十八般担当”都齐全的香蕉娱乐九人团贝汯璘 @Trainee18-贝汯璘Air 李若天 @Trainee18-李若天Kai 高茂桐 @Trainee18-高茂桐 姜京佐 @Trainee18-姜京佐 尤长靖 @Trainee18-尤长靖 林彦俊 @Trainee18-林彦俊 林超泽 @Trainee18-林超泽 陆定昊 @Trainee18-陆定昊 邱治谐 @Trainee18-邱治谐 团体配合度完美，群舞获得导师团一致好评！给你们鼓鼓掌 L 【偶像练习生】尤长靖：小宇宙大爆发 走心演唱获李荣浩好评 收起 d,458,1084,2089,4715,4
idol_producer_097,高茂桐,偶像练习生,位置测评阶段,2018-02-03,2018-02-16,高茂桐 偶像练习生,4208154289709248,https://m.weibo.cn/detail/4208154289709248,2018-02-16 20:53:00,偶像练习生 99进60的淘汰名单 乐华、坤音、觉醒东方、超能唱片全员安全 香蕉娱乐（9个淘汰4个） 高茂桐 姜京佐 李若天 邱治楷 辰星娱乐（6个淘汰4个） Rapen 王宥辰 J-one Gigel 麦锐娱乐（6个淘汰3个） 邓烺怡 孙凡杰 吕晨瑜 简单快乐（5个淘汰4个） 金逸涵 林浩楷 李志杰 孙浩然 盛夏星空（5个淘汰1个） 王梓豪 新锐杂志（5个淘汰3个） 赵俞澈 应智越 万宇贤 AIF娱乐（全军覆没） 于浩 赵凌峰 杨羿 张艺凡 焕星娱乐（全军覆没） 何嘉庚 李鑫岩 罗杰 张宇晨 铂熠娱乐（4个淘汰2个） 叶泓希 张昕 乐风艺社（全军覆没） 陈义夫 闵喆祥 果然娱乐（4个淘汰1个） 张晏恺 次元文化（2个淘汰1个） 徐鹤尼 新湃传媒（单人） 于斌 天津中视（单人） 朱一文 个人练习生（7个淘汰4个） 甘俊 侯浩然 黄若涵 周腾阳 个人觉得比较可惜的一些：扫地组合（罗杰、姜京佐）、张艺凡（第三期进A组）、闵喆祥（学舞能力突出） 收起 d,220,1591,1046,4448,5
idol_producer_097,高茂桐,偶像练习生,总决赛阶段,2018-03-24,2018-04-06,高茂桐 偶像练习生,4225902063676847,https://m.weibo.cn/detail/4225902063676847,2018-04-06 20:17:00,【王思聪现身《偶练》】《偶像练习生》总决赛，香蕉娱乐的boss @王思聪 现身为旗下的练习生助阵！ 与尤长靖、林彦俊、林超泽、陆定昊、姜京佐、李若天、高茂桐、邱治谐、贝汯璘合照 O 《偶练》总决赛王思聪现身 ​,112,569,1879,3129,6
idol_producer_097,高茂桐,偶像练习生,合作舞台阶段,2018-03-03,2018-03-23,高茂桐 偶像练习生,4215735829511544,https://m.weibo.cn/detail/4215735829511544,2018-03-09 19:00:00,皮皮找了小伙伴们一起来看今晚的 #偶像练习生# 你们要不要也一起加入我们？ 快打开视频看看自己是不是达到了入伙标准？ “香蕉打call相声团”欢迎你们 #李若天# #姜京佐# #高茂桐# L 香蕉娱乐Trainee18的秒拍视频 ​,1034,273,714,2294,7
idol_producer_097,高茂桐,偶像练习生,位置测评阶段,2018-02-03,2018-02-16,高茂桐 偶像练习生,4207840920757019,https://m.weibo.cn/detail/4207840920757019,2018-02-16 00:08:00,TRAINEE18练习生给大家送上新年祝福啦！🐶 请2018年也继续支持和喜欢他们 #偶像练习生# #林超泽# #尤长靖# #姜京佐# #陆定昊# #贝汯璘# #林彦俊# #李若天# #高茂桐# #邱治谐# L 香蕉娱乐Trainee18的秒拍视频 ​,216,720,618,2274,8
idol_producer_097,高茂桐,偶像练习生,合作舞台阶段,2018-03-03,2018-03-23,高茂桐 偶像练习生,4217817450384152,https://m.weibo.cn/detail/4217817450384152,2018-03-15 12:51:00,【学EIEI送 #偶像练习生# 签名照咯！】 @跳跳app 与 @香蕉娱乐TRAINEE18 合作拍摄的 #偶像练习生# 主题曲《EIEI》原版教学新鲜出炉！舞蹈教学导师是最近大火的 @Trainee18-李若天Kai @Trainee18-高茂桐 @Trainee18-姜京佐 这三位小哥哥哦！大家快来Pick 起来吧！ 关注 @跳跳APP 并转发本条微博即可有机会获得 @Trainee18 9位小哥哥的签名合照哦！ @爱奇艺偶像练习生 3月17日（周六）中午12点开奖！教学视频传送门→ O 网页链接 收起 d,1351,143,63,1700,9
idol_producer_097,高茂桐,偶像练习生,位置测评阶段,2018-02-03,2018-02-16,高茂桐 偶像练习生,4207680220729419,https://m.weibo.cn/detail/4207680220729419,2018-02-15 13:30:00,宝宝们快来快来，咱不啃狗粮了， #TRAINEE18练习生# 给你们撒蜜糖了！ #偶像练习生# #尤长靖# #林彦俊# #高茂桐# #陆定昊# #林超泽# #姜京佐# #李若天# #贝汯璘# 小哥哥们比的小❤️❤️你们有没有收到 因为拍摄的时候邱北北 #邱治谐# 有事不在，之后再给大家补❤️❤️啦 小哥哥们祝香蕉女孩们新年快乐，大吉大利！ 收起 d,142,487,334,1450,10
idol_producer_097,高茂桐,偶像练习生,总决赛阶段,2018-03-24,2018-04-06,高茂桐 偶像练习生,4225918815857955,https://m.weibo.cn/detail/4225918815857955,2018-04-06 21:23:00,《偶像练习生》总决赛，香蕉娱乐boss 王思聪 低调现身，为旗下的练习生助阵！并与尤长靖、林彦俊、林超泽、陆定昊、姜京佐、李若天、高茂桐、邱治谐、贝汯璘合照。 另外，范丞丞爸妈 也来到现场，为范丞丞加油打气！ 你最支持谁？ ​,158,118,189,583,11
idol_producer_097,高茂桐,偶像练习生,排名发布阶段,2018-02-17,2018-03-02,高茂桐 偶像练习生,4212804325893620,https://m.weibo.cn/detail/4212804325893620,2018-03-01 16:51:00,#创造101# 【等待开播的日子】小首的安利课堂 第一课 香蕉娱乐之Trainee18 1、强东玥 1994年3月31日 华东师范大学 2、曾妮 1993年6月9日 上海戏剧学院 宣言： 不忘初心 方能始终 3、傅菁 1995年6月2日 宣言： 一切才刚开始 加油 未来会更加努力 4、王亦然 宣言：Just another girl 5、王曼君 6、刘尼夷 Trainee18是王思聪旗下上海香蕉计划演出经纪有限公司于2016年12月20日成军的首批18名练习生。其中 #高茂桐# 、 #贝汯璘# 、 #陆定昊# 、 #姜京佐# 、 #邱治谐# 、 #尤长靖# 、 #林彦俊# 、 #林超泽# 、 #李若天# 因参加《偶像练习生》被粉丝熟知，这些都是他们的师妹哦~ 收起 d,66,160,167,553,12
idol_producer_097,高茂桐,偶像练习生,合作舞台阶段,2018-03-03,2018-03-23,高茂桐 偶像练习生,4215330500924975,https://m.weibo.cn/detail/4215330500924975,2018-03-08 16:09:00,@Trainee18-高茂桐 老幺生日快乐~🎂 小桐心心念念惦记着的“网吧之旅”~✈️ 小桐觉得最神奇的礼物是哪个呢？🎁 小桐想对粉丝宝宝们说些什么呢？💗 又有哪个小哥哥作为神秘嘉宾来到生日会呢？ 尽在 #偶像练习生# #高茂桐# 生日会独家小视频 L 香蕉娱乐Trainee18的秒拍视频 ​,53,34,343,464,13
idol_producer_097,高茂桐,偶像练习生,排名发布阶段,2018-02-17,2018-03-02,高茂桐 偶像练习生,4212881073085968,https://m.weibo.cn/detail/4212881073085968,2018-03-01 21:56:00,#偶像练习生# 显微镜女孩分享一下根据花絮扒出来了的宿舍分配。可能有稍许误差，欢迎大家补充修改，其他不熟悉就没扒了。 01宿舍，范丞丞 朱正廷 黄明昊 黄新淳 02宿舍，李权哲 丁泽仁 泰国人 毕雯珺 03宿舍，朱匀一 朱匀天 董岩磊 未知 04宿舍，罗正 吕晨瑜 余明君 李希侃 06宿舍，有长靖 高茂桐 林超泽 姜京佐 08宿舍，蔡徐坤 钱正昊 周锐 秦子墨 10宿舍， 秦奋 韩沐伯 左叶 靖佩瑶 17宿舍，董又霖 王子异 郑锐彬 胡志邦 18宿舍，坤音四子 灵超 卜凡 岳岳 木子洋 19宿舍，朱星杰 小鬼 周彦辰 张晏恺 21宿舍，林彦俊 陈立农 许凯皓 林浩楷 收起 d,17,79,258,433,14
idol_producer_097,高茂桐,偶像练习生,位置测评阶段,2018-02-03,2018-02-16,高茂桐 偶像练习生,4208182941877183,https://m.weibo.cn/detail/4208182941877183,2018-02-16 22:47:00,【 #偶像练习生# 公布排名第60人选 梁辉晋级姜京佐被淘汰】排名第60名的练习生公布！ @梁辉LIANGHUI @COSMOS-徐鹤尼 @Trainee18-高茂桐 @Trainee18-姜京佐 四位排名接近60名的练习生中，只有一位能够坐上最后的座位。现场气氛紧张到极点。 L 《偶像练习生》公布排名第60人选 梁辉晋级姜京佐被淘汰 想知道更多关于《偶像练习生》的“小秘密”？请继续锁定每周五晚八点半上线的 #偶像有新番# ！ 更多精彩 移动端 O 网页链接 pc端 O 网页链接 收起 d,3,72,82,229,15
idol_producer_097,高茂桐,偶像练习生,合作舞台阶段,2018-03-03,2018-03-23,高茂桐 偶像练习生,4216011760160671,https://m.weibo.cn/detail/4216011760160671,2018-03-10 13:16:00,【香蕉男孩团体安利 请投香蕉召唤全民制作人】来自《偶像练习生》的香蕉播报，最近香蕉四男孩 #姜京佐# #李若天# #高茂桐# #邱治谐# 又出幺蛾子了！！！鬼马精灵的他们回家了也不省心，纷纷换上了新头像“投”“香”“蕉”，希望大家多多关注厂里的香蕉哥哥 @Trainee18-尤长靖 @Trainee18-林超泽 @Trainee18-林彦俊 @Trainee18-陆定昊 ，虽然姜京佐因为某些原因修改失败，但这波“头像求生”操作也是友爱的没谁了～ 收起 d,64,35,33,167,16
idol_producer_097,高茂桐,偶像练习生,排名发布阶段,2018-02-17,2018-03-02,高茂桐 偶像练习生,4212492496528525,https://m.weibo.cn/detail/4212492496528525,2018-02-28 20:12:00,看了偶像练习生感觉世界真小，高茂桐和董岩磊和我都是一个高中的，董比高高两届，我在他们俩中间，不过董和高真的又高又帅 ​,0,45,32,122,17
idol_producer_097,高茂桐,偶像练习生,位置测评阶段,2018-02-03,2018-02-16,高茂桐 偶像练习生,4208162674747019,https://m.weibo.cn/detail/4208162674747019,2018-02-16 21:27:00,安利最好笑也是最有团魂的香蕉娱乐！愿姜京佐，李若天，高茂桐，邱治谐在以后的路上披荆斩棘！你们的路才刚开始！继续加油吧💪 #姜京佐# #李若天# #高茂桐# #邱治谐# #偶像练习生# K Rock the show-TRAINEE18练习生 ​,2,33,40,108,18
idol_producer_097,高茂桐,偶像练习生,排名发布阶段,2018-02-17,2018-03-02,高茂桐 偶像练习生,4212737238563595,https://m.weibo.cn/detail/4212737238563595,2018-03-01 12:24:00,梁辉和姜达赫要退赛了？可惜扫地cp徐鹤尼高茂桐这些美人们也回不来了 #偶像练习生# ​,3,16,41,76,19
idol_producer_097,高茂桐,偶像练习生,合作舞台阶段,2018-03-03,2018-03-23,高茂桐 偶像练习生,4220106001490905,https://m.weibo.cn/detail/4220106001490905,2018-03-21 20:25:00,#偶像练习生# 从最上次的姜京佐 高茂桐到后来的靖佩瑶 秦子墨 左叶再到现在的岳岳 木子洋 哭死了 看着弟弟哭好难受 “❤ 有些故事开始就没错❤ ” 2 上海·马陆 ​,0,1,26,28,20
idol_producer_097,高茂桐,偶像练习生,合作舞台阶段,2018-03-03,2018-03-23,高茂桐 偶像练习生,4218699345002040,https://m.weibo.cn/detail/4218699345002040,2018-03-17 23:16:00,高茂桐长得真的好像换发型之前的易烊千玺啊……随手截一张感受一下...... #偶像练习生# ​,0,2,16,20,21
idol_producer_097,高茂桐,偶像练习生,合作舞台阶段,2018-03-03,2018-03-23,高茂桐 偶像练习生,4215858261701230,https://m.weibo.cn/detail/4215858261701230,2018-03-10 03:06:00,连着几天没日没夜地看完了偶像练习生彻底治好了我的脸盲症 记人全靠： 像GD的是坤坤(啊当然并不用记！！ 像王大陆的是王子异 像鹿晗的是灵超 像金宇彬的是卜凡 像满舒克的是木子洋 像杨玏的是岳岳 像范冰冰的是范丞丞哈哈哈 像欧豪的是jeffery 像沈肯尼的是陈思琪 像四字弟弟的是高茂桐 像灌篮高手里的宫城良田的是林超泽 只有罗正 死活觉得他像一个人 又死活想不起来像谁 收起 d,0,3,0,6,22
idol_producer_097,高茂桐,偶像练习生,合作舞台阶段,2018-03-03,2018-03-23,高茂桐 偶像练习生,4218128210468403,https://m.weibo.cn/detail/4218128210468403,2018-03-16 09:26:00,#偶像练习生# 香蕉娱乐练习生 @Trainee18-姜京佐 @Trainee18-高茂桐 @Trainee18-李若天Kai 示范偶像练习生主题曲《Ei Ei》教学。 原版人马的示范真的就是不一样啊，跳得真好。 #姜京佐# #高茂桐# #李若天# #ei ei# #eiei# #Ei Ei # L 香蕉娱乐Trainee18的秒拍视频 ​,0,0,6,6,23
idol_producer_097,高茂桐,偶像练习生,合作舞台阶段,2018-03-03,2018-03-23,高茂桐 偶像练习生,4219025497640183,https://m.weibo.cn/detail/4219025497640183,2018-03-18 20:52:00,【T18日常】节后回公司报道的第一天（姜京佐、高茂桐、李若天） #哔哩哔哩# L 【T18日常】节后回公司报道的第一天（姜京佐、高茂桐、李若天） 好哈哈哈哈哈哈哈小橘你是不是披萨点太多了 @爱奇艺偶像练习生 🙈🙈🙈 ​,1,1,3,6,24
idol_producer_097,高茂桐,偶像练习生,合作舞台阶段,2018-03-03,2018-03-23,高茂桐 偶像练习生,4220641194146491,https://m.weibo.cn/detail/4220641194146491,2018-03-23 07:52:00,#陆定昊# #偶像练习生陆定昊# T恤 | OXY Studio | 迷彩T恤 参考价：人民币199元（因为已经下架了，只能参考相似款的价格） 图自陆定昊微博 @Trainee18-陆定昊 隔壁高茂桐有件oxy的卫衣，可能团购了吧 ​,1,0,5,6,25
idol_producer_097,高茂桐,偶像练习生,合作舞台阶段,2018-03-03,2018-03-23,高茂桐 偶像练习生,4220091740161597,https://m.weibo.cn/detail/4220091740161597,2018-03-21 19:28:00,接 高茂桐 李若天 姜京佐 仁川到达 #偶像练习生# #高茂桐# #李若天# #姜京佐# 麻烦帮扩 @饭拍中转博 @PICS高清中转 @卖图饭拍中转博 @追星少女代拍中转博 @救救孩子代拍中转站 @饭拍高清中转区 @代拍中转小助手 @代拍卖图中转站 谢谢🙏 ​​​,3,1,0,5,26
idol_producer_097,高茂桐,偶像练习生,总决赛阶段,2018-03-24,2018-04-06,高茂桐 偶像练习生,4225913841305857,https://m.weibo.cn/detail/4225913841305857,2018-04-06 21:03:00,【王思聪现身《偶像练习生》】《偶像练习生》总决赛，香蕉娱乐的boss #王思聪# 现身为旗下的练习生助阵 与尤长靖、林彦俊、林超泽、陆定昊、姜京佐、李若天、高茂桐、邱治谐、贝汯璘合照 ​,2,0,3,5,27
idol_producer_097,高茂桐,偶像练习生,总决赛阶段,2018-03-24,2018-04-06,高茂桐 偶像练习生,4225917339545053,https://m.weibo.cn/detail/4225917339545053,2018-04-06 21:17:00,王思聪现身《偶像练习生》总决赛，为其公司香蕉娱乐旗下的练习生加油！尤长靖、林彦俊、林超泽、陆定昊、姜京佐、李若天、高茂桐、邱治谐、贝汯璘加油～ ​ L 肾肾先生的秒拍视频 ​,0,0,4,4,28
idol_producer_097,高茂桐,偶像练习生,总决赛阶段,2018-03-24,2018-04-06,高茂桐 偶像练习生,4225916483853863,https://m.weibo.cn/detail/4225916483853863,2018-04-06 21:14:00,#偶像练习生# 总决赛，香蕉娱乐的boss #王思聪# 现身为旗下的练习生助阵 与尤长靖、林彦俊、林超泽、陆定昊、姜京佐、李若天、高茂桐、邱治谐、贝汯璘合照 ​​​,1,0,2,3,29
idol_producer_097,高茂桐,偶像练习生,合作舞台阶段,2018-03-03,2018-03-23,高茂桐 偶像练习生,4217858525165038,https://m.weibo.cn/detail/4217858525165038,2018-03-15 15:34:00,#董岩磊# 偶像练习生李若天晒出三张自己 高茂桐和董岩磊三家后援会踢出粉丝群的截图，并调侃：“我们不要面子哒？ 看来现在后援会也是很厉害啊～ ​,0,0,2,2,30
idol_producer_098,黄书豪,偶像练习生,初评级阶段,2018-01-19,2018-01-26,黄书豪 偶像练习生,4200562431548186,https://m.weibo.cn/detail/4200562431548186,2018-01-26 22:06:00,【 #偶像练习生# 泰国练习生表演让王嘉尔喊“安可”？】来自泰国的练习生 @黄书豪-Mark 身穿红白条纹衫带来了一首泰语歌《容易动情的人》，全程边唱边跳，小表情也十分丰富，最后全场都忍不住陪他一起舞动， @王嘉尔 竟然还要求“安可”？到底是什么样的表演这么有感染力？一起来看！ L 《偶像练习生》黄书豪纯享：《容易动情的人》 更多有关《偶像练习生》的幕后花絮尽在每周五晚八点半 #偶像有新番# ！更多精彩 移动端 O 网页链接 pc端 O 网页链接 收起 d,301,313,828,1755,1
idol_producer_098,黄书豪,偶像练习生,位置测评阶段,2018-02-03,2018-02-16,黄书豪 偶像练习生,4207684263913701,https://m.weibo.cn/detail/4207684263913701,2018-02-15 13:46:00,【推特】 #偶像练习生# 话题一小时内pick #卜凡katto# #卜凡# #胡致邦# #朱正廷# #偶像练习生蔡徐坤# #蔡徐坤# #黄书豪# #毕雯珺# #韩沐伯# #bc221# #木子洋# #灵超# #岳岳pinkray# ​,7,434,85,960,2
idol_producer_098,黄书豪,偶像练习生,总决赛阶段,2018-03-24,2018-04-06,黄书豪 偶像练习生,4224480144496503,https://m.weibo.cn/detail/4224480144496503,2018-04-02 22:06:00,【ins】 #偶像练习生# #黄书豪# ins更新：我回来了偶像练习生的节目，回来拍最后的啦，到了宿舍就见到了 #罗正# 请大家关注我们的呀。 ​,30,68,654,820,3
idol_producer_098,黄书豪,偶像练习生,位置测评阶段,2018-02-03,2018-02-16,黄书豪 偶像练习生,4208161970247713,https://m.weibo.cn/detail/4208161970247713,2018-02-16 21:24:00,【 #偶像练习生# 公布40—31排名 #张艺兴# 现场向练习生学泰语】 泰国练习生黄书豪获得第41名，在非常感性的感谢大家支持自己时，张艺兴 @努力努力再努力x 要他替自己转达对泰国粉丝的想念，还现场学起了泰语，也是real有爱and好学了！31—40名： @周锐Zee @黄书豪-Mark 黄新淳 @MONKEY_OFFICIAL @罗正_LZ @张达源Darrien @CNK-李让RanG @Trainee18-贝汯璘Air @李长庚是我呀 @COSMOS-陈斯琪 @韩雍杰辅导员 L 《偶像练习生》公布40—31排名 陈斯奇绝望到提前买好回家车票 了解幕后小故事，请锁定每周五八点半上线的 #偶像有新番# 更多精彩 移动端> O 网页链接 pc端> O 网页链接 收起 d,13,83,184,363,4
idol_producer_098,黄书豪,偶像练习生,排名发布阶段,2018-02-17,2018-03-02,黄书豪 偶像练习生,4213258879458489,https://m.weibo.cn/detail/4213258879458489,2018-03-02 22:57:00,【推特】 #偶像练习生# 话题下1小时pick #小鬼王琳凯# #蔡徐坤# #偶像练习生蔡徐坤# #林超泽# #陈名豪# #范丞丞# #朱星杰# #周锐zee# #秦子墨# #卜凡# #偶像练习生黄书豪# #毕雯珺# #黄新淳# #陆定昊# ​,3,99,70,271,5
idol_producer_098,黄书豪,偶像练习生,总决赛阶段,2018-03-24,2018-04-06,黄书豪 偶像练习生,4225777828514908,https://m.weibo.cn/detail/4225777828514908,2018-04-06 12:03:00,#卜凡# #卜凡0413生日快乐# 偶像练习生的泰国小哥哥黄书豪回国以后参加访谈cue到了我们凡子啦，感谢分享给我们这么温柔的 @卜凡KATTO “真诚与朴实是天才的宝贵品质”，你以真心待人，愿世人以善良回报你 B站链接： O 网页链接 感谢野生字幕 截图 @百香果浓茶 ​,18,16,178,228,6
idol_producer_098,黄书豪,偶像练习生,合作舞台阶段,2018-03-03,2018-03-23,黄书豪 偶像练习生,4218038607653341,https://m.weibo.cn/detail/4218038607653341,2018-03-16 03:30:00,#偶像练习生黄书豪# 我死了 机场偶遇 听出我是中国人 转过头冲我笑 说你好 你是刚到嘛全场粉丝瞬间看向我倒吸一口气 还给我签名问我要合照嘛 没礼物给他 给了一个旺仔牛奶糖 没有嫌弃的当场吃掉 冲我笑起来像旺仔牛奶糖一样甜 本老阿姨现在失去自主意识了 刚走之前还摸到了他冰冰凉的小手 他说你出去要注意安全 他现在在玩抖音以后一定会去中国发展的 我说中国很多小姐姐喜欢他 他很开心 我要死了 2 泰国·曼谷素万那普国际机场 收起 d,9,14,140,177,7
idol_producer_098,黄书豪,偶像练习生,位置测评阶段,2018-02-03,2018-02-16,黄书豪 偶像练习生,4208183649934897,https://m.weibo.cn/detail/4208183649934897,2018-02-16 22:50:00,#偶像练习生# 第一轮前60名： 蔡徐坤/陈立农/范丞丞/Justin/朱正廷/小鬼/卜凡/李权哲/何东东/尤长靖/王子异/Jeffrey/秦奋/林超泽/朱星杰/灵超/钱正昊/董岩磊/韩沐伯/丁泽仁/岳岳/左叶/徐凯皓/木子洋/郑锐彬/毕雯珺/周彦辰/林彦俊/李希侃/陆定昊/周锐/黄书豪/黄新淳/罗正/张达源/李让/贝汯璘/李长庚/陈斯琪/韩雍杰/秦子墨/武连杰/覃俊毅/娄滋博/靖佩瑶/余明君/陈名豪/明鹏/杨非同/朱匀一/伽里/凌崎/朱匀天/徐圣恩/李俊毅/张奕轩/王艺龙/姜达赫/胡致邦/梁辉 乐华女孩绝不认输 收起 d,2,32,106,172,8
idol_producer_098,黄书豪,偶像练习生,总决赛阶段,2018-03-24,2018-04-06,黄书豪 偶像练习生,4224155609867598,https://m.weibo.cn/detail/4224155609867598,2018-04-02 00:37:00,【因为张PD，让偶像练习生的黄书豪很感动】 #张艺兴偶像练习生制作人# #张艺兴# #张艺兴黄金瞳# #偶像练习生的黄书豪# 想知道oxlxs的Mark说什么？看看视频吧^^ 泰泰努力翻译给你们看啦～🤗 L 泰国兴迷翻译博的秒拍视频 ​,5,2,79,88,9
idol_producer_098,黄书豪,偶像练习生,合作舞台阶段,2018-03-03,2018-03-23,黄书豪 偶像练习生,4218030252317769,https://m.weibo.cn/detail/4218030252317769,2018-03-16 02:57:00,曼谷机场偶遇，偶像练习生黄书豪，哈哈，今个是怎么了 2 泰国·曼谷素万那普国际机场 L 土豆蛋糕喂喂的秒拍视频 ​,1,0,23,24,10
idol_producer_098,黄书豪,偶像练习生,总决赛阶段,2018-03-24,2018-04-06,黄书豪 偶像练习生,4225421987944906,https://m.weibo.cn/detail/4225421987944906,2018-04-05 12:29:00,#偶像练习生# #黄书豪# 哈哈哈哈哈哈马上总决赛了，黄书豪怎么可以这么可爱 @黄书豪_Mark全球后援会 @黄书豪-Mark L -素人鹿七_Ivy的秒拍视频 ​,0,6,12,24,11
idol_producer_098,黄书豪,偶像练习生,主题曲考核阶段,2018-01-27,2018-02-02,黄书豪 偶像练习生,4203082433403597,https://m.weibo.cn/detail/4203082433403597,2018-02-02 21:00:00,#偶像练习生黄书豪# 深夜困了吗？饿了吗？来看看偶像练习生 黄书豪演唱的泰国歌曲《容易动情的人》吧 说唱导师王嘉尔大呼很开心很开心 L 青雨潇洒的秒拍视频 ​,3,0,13,16,12
idol_producer_098,黄书豪,偶像练习生,合作舞台阶段,2018-03-03,2018-03-23,黄书豪 偶像练习生,4219259448585686,https://m.weibo.cn/detail/4219259448585686,2018-03-19 12:21:00,哈哈哈哈哈哈哈点开0：55观看磊子倾力模仿黄书豪哈哈哈哈哈哈哈这孩子真是长在我幸福的触角上了 我正在爱奇艺看《偶像练习生》【阿偶独家】阿偶眼中的练习生们 第三波，快来 @爱奇艺 一起看！ L 《偶像练习生》【阿偶独家】阿偶眼中的练习生们 第三波 ​,4,1,10,16,13
idol_producer_098,黄书豪,偶像练习生,合作舞台阶段,2018-03-03,2018-03-23,黄书豪 偶像练习生,4220835936217376,https://m.weibo.cn/detail/4220835936217376,2018-03-23 20:46:00,#偶像练习生# 我爸妈好像在泰国机场偶遇黄书豪了 @黄书豪-Mark 真的是很惊喜了哈哈哈哈 ​,0,3,7,13,14
idol_producer_098,黄书豪,偶像练习生,合作舞台阶段,2018-03-03,2018-03-23,黄书豪 偶像练习生,4218570789023695,https://m.weibo.cn/detail/4218570789023695,2018-03-17 14:45:00,#偶像练习生黄书豪# #黄书豪# 最近被他的加啦拉洗脑 现在他来个海草舞 @黄书豪-Mark L 抖音红人榜的秒拍视频 ​,2,0,10,12,15
idol_producer_098,黄书豪,偶像练习生,总决赛阶段,2018-03-24,2018-04-06,黄书豪 偶像练习生,4225034614056521,https://m.weibo.cn/detail/4225034614056521,2018-04-04 10:50:00,#偶像练习生# 我向 @黄书豪-Mark 送出了加油卡！我pick的小哥哥全世界最棒！大家快来一起给你喜欢的选手打call吧！ O 练习生PICK榜 ​,0,6,0,12,16
idol_producer_098,黄书豪,偶像练习生,总决赛阶段,2018-03-24,2018-04-06,黄书豪 偶像练习生,4225463490465458,https://m.weibo.cn/detail/4225463490465458,2018-04-05 15:14:00,本周五，偶像练习生人气选手 泰国小哥黄书豪亲临节目现场 为队友打call！！！ 还记得洗脑神曲《容易动情的人》吗？🎉 喜欢他的朋友不要忘记本周五收看爱奇艺《偶像练习生》黄书豪与您不见不散！ L 穆胜超Mu的秒拍视频 ​,0,1,10,12,17
idol_producer_098,黄书豪,偶像练习生,合作舞台阶段,2018-03-03,2018-03-23,黄书豪 偶像练习生,4217822240308884,https://m.weibo.cn/detail/4217822240308884,2018-03-15 13:10:00,#偶像练习生黄书豪# 泰国式微笑，来尬舞啊，哈哈哈 @黄书豪-Mark 2 泰国 L ThaiThai88的秒拍视频 ​,0,3,5,11,18
idol_producer_098,黄书豪,偶像练习生,排名发布阶段,2018-02-17,2018-03-02,黄书豪 偶像练习生,4213219739017665,https://m.weibo.cn/detail/4213219739017665,2018-03-02 20:22:00,我正在爱奇艺看《偶像练习生》张艺兴身高突被cue 黄书豪害羞献么么哒，快来 @爱奇艺 一起看！ O 网页链接 木子洋啊！毕雯珺啊！出道吧！ ​,0,0,8,8,19
idol_producer_098,黄书豪,偶像练习生,排名发布阶段,2018-02-17,2018-03-02,黄书豪 偶像练习生,4213238160415353,https://m.weibo.cn/detail/4213238160415353,2018-03-02 21:35:00,我还偶然发现， #偶像练习生# 黄书豪很像唐艺昕…… ​,0,2,3,7,20
idol_producer_098,黄书豪,偶像练习生,排名发布阶段,2018-02-17,2018-03-02,黄书豪 偶像练习生,4213232786607343,https://m.weibo.cn/detail/4213232786607343,2018-03-02 21:13:00,不知道哪位大大能把木子洋告诉黄书豪什么是温柔那段 如果你是我老婆 起床了宝贝的语音抠出来还有洋洋说的我的小懂事儿 我爱你 #偶像练习生# #bc221# #木子洋# ​,0,0,6,6,21
idol_producer_098,黄书豪,偶像练习生,排名发布阶段,2018-02-17,2018-03-02,黄书豪 偶像练习生,4213204160087985,https://m.weibo.cn/detail/4213204160087985,2018-03-02 19:20:00,我正在爱奇艺看《偶像练习生》张艺兴身高突被cue 黄书豪害羞献么么哒，快来 @爱奇艺 一起看！ #张艺兴# #张艺兴偶像练习生# L 《偶像练习生》张艺兴身高突被cue 黄书豪害羞献么么哒 20180217 OXLXS录制repo 这就是那个突然CUE到他的身高问题 笑死了😂😂😂 ​,1,0,3,4,22
idol_producer_098,黄书豪,偶像练习生,合作舞台阶段,2018-03-03,2018-03-23,黄书豪 偶像练习生,4219209208164749,https://m.weibo.cn/detail/4219209208164749,2018-03-19 09:02:00,哇！偶像练习生的时候艺兴还特地在节目叫黄书豪帮他说泰文，现在也是一种回应，好棒 @张艺兴工作室 @努力努力再努力x,0,0,4,4,23
idol_producer_098,黄书豪,偶像练习生,总决赛阶段,2018-03-24,2018-04-06,黄书豪 偶像练习生,4224439031225303,https://m.weibo.cn/detail/4224439031225303,2018-04-02 19:23:00,#黄书豪# 偶像练习生最后的录制，等你！我们会永远支持你的 @黄书豪-Mark ​,0,0,4,4,24
idol_producer_098,黄书豪,偶像练习生,总决赛阶段,2018-03-24,2018-04-06,黄书豪 偶像练习生,4225212750830240,https://m.weibo.cn/detail/4225212750830240,2018-04-04 22:38:00,#偶像练习生黄书豪# 深夜需要洗脑的清醒下 @黄书豪-Mark L 娱乐就饭的秒拍视频 ​,1,1,1,4,25
idol_producer_098,黄书豪,偶像练习生,初评级阶段,2018-01-19,2018-01-26,黄书豪 偶像练习生,4200574876866381,https://m.weibo.cn/detail/4200574876866381,2018-01-26 22:55:00,第二期偶像练习生观后感 #偶像练习生# 照样打call蔡徐坤 #偶像练习生蔡徐坤# ，Justin， #偶像练习生justin# 朱正延 #偶像练习生朱正廷# 农农 #偶像练习生陈立农# 这次新进了范丞丞， #偶像练习生范丞丞# 觉得很努力，新进了， 还有香蕉娱乐的林超泽 #林超泽# 编舞够厉害和担任队长 陆定昊 #偶像练习生陆定昊# 尤长靖 #偶像练习生尤长靖# 两个主唱 还有唱歌很厉害的钱正昊 #偶像练习生钱正昊# 还有rapper很厉害的小鬼 #偶像练习生小鬼# 朱星杰 #偶像练习生朱星杰# 还有泰国人很有感染力的黄书豪 #黄书豪# 还有钱明昊我们奶罐朋友，目前还没有get到，看看下期 第二期就多了这么多好感得了！ #偶像练习生# 收起 d,0,1,1,3,26
idol_producer_098,黄书豪,偶像练习生,总决赛阶段,2018-03-24,2018-04-06,黄书豪 偶像练习生,4225402433449044,https://m.weibo.cn/detail/4225402433449044,2018-04-05 11:11:00,本周五，偶像练习生人气选手，泰国小哥黄书豪亲临节目现场为队友打call。还记得洗脑神曲《容易动情的人》吗？🎉 喜欢他的朋友不要忘记本周五收看爱奇艺《偶像练习生》，黄书豪与您不见不散！ ​,0,0,3,3,27
idol_producer_098,黄书豪,偶像练习生,排名发布阶段,2018-02-17,2018-03-02,黄书豪 偶像练习生,4213249626825499,https://m.weibo.cn/detail/4213249626825499,2018-03-02 22:20:00,#黄书豪# 📖 #偶像练习生黄书豪# 哥哥语言不通也是很傻呵呵的一个人 希望大家多多支持他啊 @黄书豪-Mark,0,0,2,2,28
idol_producer_098,黄书豪,偶像练习生,合作舞台阶段,2018-03-03,2018-03-23,黄书豪 偶像练习生,4218332221601932,https://m.weibo.cn/detail/4218332221601932,2018-03-16 22:57:00,听说 #容易动情的人# 成”神曲”了，我来打个样儿吧 #偶像练习生# #黄书豪# L 黄书豪-Mark的秒拍视频 ​,0,1,0,2,29
idol_producer_098,黄书豪,偶像练习生,总决赛阶段,2018-03-24,2018-04-06,黄书豪 偶像练习生,4225923416855594,https://m.weibo.cn/detail/4225923416855594,2018-04-06 21:41:00,我正在爱奇艺看【《偶像练习生》张PD嗨唱黄书豪热场神曲 热忱问候返场练习生】，快来 @爱奇艺 一起看！ O 网页链接 张PD最棒了💜zazalalazazazalala^^ ​,0,0,2,2,30
idol_producer_099,黄新淳,偶像练习生,初评级阶段,2018-01-19,2018-01-26,黄新淳 偶像练习生,4200536683004768,https://m.weibo.cn/detail/4200536683004768,2018-01-26 20:24:00,#偶像练习生# 少年初长成，Justin @jjjustin0219 朱正廷 @Zzt-朱正廷 丁泽仁 @Dzr_丁泽仁 毕雯珺 @Biiiii毕雯珺 范丞丞 @Adam0616 李权哲 @Lee权哲 黄新淳 @MONKEY_OFFICIAL 乐华七子黑色小西装一穿，炫酷的舞台表演让所有人都疯狂点头认证！ L 《偶像练习生》舞台纯享：乐华娱乐—《EOEO》 ​,1617,1272,4303,8464,1
idol_producer_099,黄新淳,偶像练习生,排名发布阶段,2018-02-17,2018-03-02,黄新淳 偶像练习生,4213247143351163,https://m.weibo.cn/detail/4213247143351163,2018-03-02 22:11:00,【偶像练习生第二轮位置测评】乐华娱乐实在厉害！简直团魂炸裂！乐华七子七位成员中，6位成员朱正廷、范丞丞、毕雯珺、黄明昊Justin、丁泽仁、黄新淳、均获得小组第一！其中3位成员，朱正廷、范丞丞、毕雯珺也分别是dance组、rap组、vocal组大组第一，获得15万票加票！ 太厉害了！ ​,542,533,1276,2884,2
idol_producer_099,黄新淳,偶像练习生,排名发布阶段,2018-02-17,2018-03-02,黄新淳 偶像练习生,4213255747115238,https://m.weibo.cn/detail/4213255747115238,2018-03-02 22:45:00,#偶像练习生# 林彦俊 Jeffrey 陆定昊 黄新淳的爱你这组也太好笑了吧，这是“爱你”，不是“爱你，欢迎来到德云社” 林彦俊和Jeffrey互撩那段巨搞笑哈哈哈，林彦俊率先行动，然后jeffrey开始反击，他就一脸“What r u 弄啥叻？” 陆定昊和林彦俊这对也巨搞笑 选组之后： 陆定昊：What r u 弄啥叻？ 林彦俊：你弄啥叻？ 此处 以上对话循环X2遍 陆定昊：（林彦俊）你干嘛来“爱你”？你音准这么差，来什么vocal？ 林彦俊：你来什么“爱你”，你去跳舞啊！你唱歌唱成这样是能听是不是？ 林彦俊：怎么办，我要在这场比赛把他（陆定昊）碾压掉，他以后就当不了vocal了 陆定昊：可你高音上不去，爱你（的高音），你会憋死，我不会。 陆定昊：最近，你没有听到我的vocal实力有进步多少吗？ Jeffrey：你唱给我听一下 陆定昊：哪个？ Jeffrey：爱你 陆定昊：不要了吧。 实际练歌： 林彦俊：（blabla唱了） 陆定昊：调没这么低 林彦俊：（blabla重唱） 陆定昊：你又改调了吧 陆定昊：我们相处就是很直接的，（林彦俊）太走音了吧，你这样怎么选c位 好吧，你们就互相伤害吧 收起 d,126,267,1211,1871,3
idol_producer_099,黄新淳,偶像练习生,合作舞台阶段,2018-03-03,2018-03-23,黄新淳 偶像练习生,4220850892805811,https://m.weibo.cn/detail/4220850892805811,2018-03-23 21:45:00,【蔡徐坤第一】今晚偶像练习生第三轮35进20排名排名揭晓！第一蔡徐坤。 2~9：陈立农、范丞丞、Justin、王子异、小鬼、朱正廷、尤长靖、卜凡 10~20：钱正昊、林彦俊、毕雯珺、灵超、朱星杰、林超泽、Jeffrey、秦奋、李希侃、徐圣恩、郑锐彬 21~35（淘汰）： 周彦辰、木子洋、李权哲、韩沐伯、周锐、丁泽仁、岳岳、杨非同、楼滋博、罗正、陆定昊、黄新淳、何东东、李让、余明君。 蔡徐坤一千七百多万票（占总票数七分之一左右）遥遥领先！加油，你们都是最棒的 L 娱乐日爆社的秒拍视频 收起 d,31,359,913,1662,4
idol_producer_099,黄新淳,偶像练习生,合作舞台阶段,2018-03-03,2018-03-23,黄新淳 偶像练习生,4220845310425642,https://m.weibo.cn/detail/4220845310425642,2018-03-23 21:23:00,蔡徐坤第一，陈立农第二，范丞丞第三 偶像练习生排名 4~9：Justin 王子异 小鬼 朱正廷 尤长靖 卜凡 10~20：钱正昊 林彦俊 毕雯珺 灵超 朱星杰 林超泽 Jeffrey 秦奋 李希侃 徐圣恩 郑锐彬 21~35（淘汰）： 周彦辰 木子洋 李权哲 韩沐伯 周锐 丁泽仁 岳岳 杨非同 楼滋博 罗正 陆定昊 黄新淳 何东东 李让 余明君 收起 d,32,476,655,1639,5
idol_producer_099,黄新淳,偶像练习生,初评级阶段,2018-01-19,2018-01-26,黄新淳 偶像练习生,4200540030177568,https://m.weibo.cn/detail/4200540030177568,2018-01-26 20:37:00,#偶像练习生# 第二期中，你们期待的乐华娱乐练习生表演来啦～Justin @jjjustin0219 朱正廷 @Zzt-朱正廷 丁泽仁 @Dzr_丁泽仁 毕雯珺 @Biiiii毕雯珺 范丞丞 @Adam0616 李权哲 @Lee权哲 黄新淳 @MONKEY_OFFICIAL 一起带来了uniq的《EOEO》，你们觉得帅不帅？ L 《偶像练习生》舞台纯享：乐华娱乐—《EOEO》 更多有关《偶像练习生》的幕后花絮尽在每周五晚八点半 #偶像有新番# ！ 更多精彩 移动端 O 网页链接 pc端 O 网页链接 收起 d,128,182,558,1050,6
idol_producer_099,黄新淳,偶像练习生,主题曲考核阶段,2018-01-27,2018-02-02,黄新淳 偶像练习生,4203112363067002,https://m.weibo.cn/detail/4203112363067002,2018-02-02 22:59:00,#乐华练习生# 舞台上的你一定会越来越有魅力！偶像练习生 #黄新淳# 个人直拍《大艺术家》 @MONKEY_OFFICIAL 加油 L 《偶像练习生》【直拍】小组对决《大艺术家》黄新淳 ​ ​​​,117,89,723,1018,7
idol_producer_099,黄新淳,偶像练习生,合作舞台阶段,2018-03-03,2018-03-23,黄新淳 偶像练习生,4220845251071340,https://m.weibo.cn/detail/4220845251071340,2018-03-23 21:23:00,#偶像练习生# #蔡徐坤# 排名 35进20 蔡徐坤第一 2~9：陈立农 范丞丞 Justin 王子异 小鬼 朱正廷 尤长靖 卜凡 10~20：钱正昊 林彦俊 毕雯珺 灵超 朱星杰 林超泽 Jeffrey 秦奋 李希侃 徐圣恩 郑锐彬 21~35（淘汰）： 周彦辰 木子洋 李权哲 韩沐伯 周锐 丁泽仁 岳岳 杨非同 楼滋博 罗正 陆定昊 黄新淳 何东东 李让 余明君 有什么想对各位小哥哥说的吗 L Healer听风的秒拍视频 收起 d,26,49,512,636,8
idol_producer_099,黄新淳,偶像练习生,初评级阶段,2018-01-19,2018-01-26,黄新淳 偶像练习生,4200554928722824,https://m.weibo.cn/detail/4200554928722824,2018-01-26 21:36:00,#偶像练习生# 在今晚播出的节目中，万众瞩目的乐华七子表演了UNIQ的《EOEO》。丁泽仁舞蹈受导师好评，范丞丞把自己失误比喻成“种的菜被偷了一样”。范丞丞、justin黄明昊、朱正廷、毕雯珺、黄新淳、丁泽仁、李权哲，这么多帅气的小哥哥，你会pick谁？ L 旷视OnlyGenie的秒拍视频 ​,71,27,313,438,9
idol_producer_099,黄新淳,偶像练习生,排名发布阶段,2018-02-17,2018-03-02,黄新淳 偶像练习生,4213250289973877,https://m.weibo.cn/detail/4213250289973877,2018-03-02 22:23:00,#偶像练习生# 朱正廷，毕雯珺，黄新淳，黄明昊Justin你们喜欢谁呢？朱正廷，古典舞思思雨落拨动我心，现代舞青春活力帅气四溢，会夸人会安慰暖心乐华队长，也是我比较喜欢的 ​,101,81,170,433,10
idol_producer_099,黄新淳,偶像练习生,初评级阶段,2018-01-19,2018-01-26,黄新淳 偶像练习生,4200555796714923,https://m.weibo.cn/detail/4200555796714923,2018-01-26 21:40:00,偶像练习生里乐华的几位练习生大合照，朱正延、黄明昊、范丞丞、丁泽仁、毕文珺、李权哲、黄新淳，最看好谁 ​​​,84,88,115,375,11
idol_producer_099,黄新淳,偶像练习生,位置测评阶段,2018-02-03,2018-02-16,黄新淳 偶像练习生,4208161970247713,https://m.weibo.cn/detail/4208161970247713,2018-02-16 21:24:00,【 #偶像练习生# 公布40—31排名 #张艺兴# 现场向练习生学泰语】 泰国练习生黄书豪获得第41名，在非常感性的感谢大家支持自己时，张艺兴 @努力努力再努力x 要他替自己转达对泰国粉丝的想念，还现场学起了泰语，也是real有爱and好学了！31—40名： @周锐Zee @黄书豪-Mark 黄新淳 @MONKEY_OFFICIAL @罗正_LZ @张达源Darrien @CNK-李让RanG @Trainee18-贝汯璘Air @李长庚是我呀 @COSMOS-陈斯琪 @韩雍杰辅导员 L 《偶像练习生》公布40—31排名 陈斯奇绝望到提前买好回家车票 了解幕后小故事，请锁定每周五八点半上线的 #偶像有新番# 更多精彩 移动端> O 网页链接 pc端> O 网页链接 收起 d,13,83,184,363,12
idol_producer_099,黄新淳,偶像练习生,排名发布阶段,2018-02-17,2018-03-02,黄新淳 偶像练习生,4213258879458489,https://m.weibo.cn/detail/4213258879458489,2018-03-02 22:57:00,【推特】 #偶像练习生# 话题下1小时pick #小鬼王琳凯# #蔡徐坤# #偶像练习生蔡徐坤# #林超泽# #陈名豪# #范丞丞# #朱星杰# #周锐zee# #秦子墨# #卜凡# #偶像练习生黄书豪# #毕雯珺# #黄新淳# #陆定昊# ​,3,99,70,271,13
idol_producer_099,黄新淳,偶像练习生,排名发布阶段,2018-02-17,2018-03-02,黄新淳 偶像练习生,4213259437265418,https://m.weibo.cn/detail/4213259437265418,2018-03-02 22:59:00,#偶像练习生# 0302期 张艺兴现场电眼比心表白粉丝！ 黄新淳意外夺冠！ L 麻辣影剧的秒拍视频 ​,4,54,86,198,14
idol_producer_099,黄新淳,偶像练习生,总决赛阶段,2018-03-24,2018-04-06,黄新淳 偶像练习生,4225892999905376,https://m.weibo.cn/detail/4225892999905376,2018-04-06 19:41:00,#乐华练习生# #偶像练习生# #朱正廷# #毕雯珺# #黄新淳# #丁泽仁# #范丞丞# #李权哲# #黄明昊# 四个月的时光转瞬即逝 乐华line七位追梦少年带给我们欢笑与感动 同时我们也见证了他们的成长与蜕变 是兄弟亦是战友 是困难时的互相扶持 是紧张时握紧的双手 是发自内心的鼓励 是晋级时真心的祝福 今晚 最后的战役即将打响 请大家为乐华line的出道贡献力量 朱正廷 毕雯珺 范丞丞 Justin 必须出道！ @Zzt-朱正廷 @Biiiii毕雯珺 @MONKEY_OFFICIAL @Dzr_丁泽仁 @Adam0616 @Lee权哲 @jjjustin0219 投票地址👉 O 网页链接 投票时间和方法✨ O 今晚20:00准时开始 ，每半个小时可投一次票，从开始到21:30结束总共有3次投票机会，普通用户每次有1票投票权，VIP用户每次有2票投票权 收起 d,31,15,137,198,15
idol_producer_099,黄新淳,偶像练习生,排名发布阶段,2018-02-17,2018-03-02,黄新淳 偶像练习生,4213256082677789,https://m.weibo.cn/detail/4213256082677789,2018-03-02 22:46:00,嘴上说着喜欢小鬼 壁纸全是范丞丞 左眼装着Justin 右眼装着朱正廷 可是心里却想着毕雯珺 心心念念着黄新淳的可爱 看见张艺兴跳舞就迈不开腿 还想着和周彦辰公开恋情 又忍不住偷偷摸摸找易烊千玺照片 我还记得我说过我只喜欢GD 现在你们知道了吧 其实我不是一个三心二意的人 我把别人说的给改了 以表达在看《偶像练习生》的心情 真的很喜欢范丞丞 收起 d,5,8,175,196,16
idol_producer_099,黄新淳,偶像练习生,位置测评阶段,2018-02-03,2018-02-16,黄新淳 偶像练习生,4208183649934897,https://m.weibo.cn/detail/4208183649934897,2018-02-16 22:50:00,#偶像练习生# 第一轮前60名： 蔡徐坤/陈立农/范丞丞/Justin/朱正廷/小鬼/卜凡/李权哲/何东东/尤长靖/王子异/Jeffrey/秦奋/林超泽/朱星杰/灵超/钱正昊/董岩磊/韩沐伯/丁泽仁/岳岳/左叶/徐凯皓/木子洋/郑锐彬/毕雯珺/周彦辰/林彦俊/李希侃/陆定昊/周锐/黄书豪/黄新淳/罗正/张达源/李让/贝汯璘/李长庚/陈斯琪/韩雍杰/秦子墨/武连杰/覃俊毅/娄滋博/靖佩瑶/余明君/陈名豪/明鹏/杨非同/朱匀一/伽里/凌崎/朱匀天/徐圣恩/李俊毅/张奕轩/王艺龙/姜达赫/胡致邦/梁辉 乐华女孩绝不认输 收起 d,2,32,106,172,17
idol_producer_099,黄新淳,偶像练习生,总决赛阶段,2018-03-24,2018-04-06,黄新淳 偶像练习生,4225895314857186,https://m.weibo.cn/detail/4225895314857186,2018-04-06 19:50:00,#乐华练习生# #偶像练习生# #朱正廷# #毕雯珺# #黄新淳# #丁泽仁# #范丞丞# #李权哲# #黄明昊# 四个月的时光转瞬即逝 乐华line七位追梦少年带给我们欢笑与感动 同时我们也见证了他们的成长与蜕变 是兄弟亦是战友 是困难时的互相扶持 是紧张时握紧的双手 是发自内心的鼓励 是晋级时真心的祝福 今晚 最后的战役即将打响 请大家为乐华line的出道贡献力量 朱正廷 毕雯珺 范丞丞 Justin 必须出道！ @Zzt-朱正廷 @Biiiii毕雯珺 @MONKEY_OFFICIAL @Dzr_丁泽仁 @Adam0616 @Lee权哲 @jjjustin0219 投票地址👉 O 网页链接 投票时间和方法✨ O 今晚20:00准时开始 ，每半个小时可投一次票，从开始到21:30结束总共有3次投票机会，普通用户每次有1票投票权，VIP用户每次有2票投票权 收起 d,15,20,112,167,18
idol_producer_099,黄新淳,偶像练习生,总决赛阶段,2018-03-24,2018-04-06,黄新淳 偶像练习生,4225895251623394,https://m.weibo.cn/detail/4225895251623394,2018-04-06 19:50:00,#乐华练习生# #偶像练习生# #朱正廷# #毕雯珺# #黄新淳# #丁泽仁# #范丞丞# #李权哲# #黄明昊# 四个月的时光转瞬即逝 乐华line七位追梦少年带给我们欢笑与感动 同时我们也见证了他们的成长与蜕变 是兄弟亦是战友 是困难时的互相扶持 是紧张时握紧的双手 是发自内心的鼓励 是晋级时真心的祝福 今晚 最后的战役即将打响 请大家为乐华line的出道贡献力量 朱正廷 毕雯珺 范丞丞 Justin 必须出道！ @Zzt-朱正廷 @Biiiii毕雯珺 @MONKEY_OFFICIAL @Dzr_丁泽仁 @Adam0616 @Lee权哲 @jjjustin0219 投票地址👉 O 网页链接 投票时间和方法✨ O 今晚20:00准时开始 ，每半个小时可投一次票，从开始到21:30结束总共有3次投票机会，普通用户每次有1票投票权，VIP用户每次有2票投票权 收起 d,8,10,107,135,19
idol_producer_099,黄新淳,偶像练习生,合作舞台阶段,2018-03-03,2018-03-23,黄新淳 偶像练习生,4220860082678806,https://m.weibo.cn/detail/4220860082678806,2018-03-23 22:22:00,我的周彦辰李权哲黄新淳周锐明明这么好 感觉乐华七小只因为被传报团的谣言排名都有下降 心好累 justin李希侃加油！ #偶像练习生# ​,1,20,72,113,20
idol_producer_099,黄新淳,偶像练习生,总决赛阶段,2018-03-24,2018-04-06,黄新淳 偶像练习生,4225886238136228,https://m.weibo.cn/detail/4225886238136228,2018-04-06 19:14:00,#黄新淳# #黄新淳0514生日快乐# #偶像练习生# 《偶像练习生》即将开始，大家多多发博，用美图，视频，最美的话语安利 @MONKEY_OFFICIAL 希望大家多多关注这个非常可爱的小黄人 ​,3,3,100,109,21
idol_producer_099,黄新淳,偶像练习生,排名发布阶段,2018-02-17,2018-03-02,黄新淳 偶像练习生,4213253930267347,https://m.weibo.cn/detail/4213253930267347,2018-03-02 22:37:00,啊啊啊啊啊啊啊我准备要站林彦俊和jeffrey的cp了！！！！！！！！！ ​​​截图激动到模糊，我的表情就是黄新淳那样 #偶像练习生# ​,5,5,60,75,22
idol_producer_099,黄新淳,偶像练习生,主题曲考核阶段,2018-01-27,2018-02-02,黄新淳 偶像练习生,4203098844578512,https://m.weibo.cn/detail/4203098844578512,2018-02-02 22:05:00,#偶像练习生# 乐华家上位圈 #范丞丞# 第三 #justin黄明昊# 第四 #朱正廷# 第五，和上周排名对比没升也没降，踏实了？醒醒吧！ 下位圈 #丁泽仁# 21 #毕雯珺# 25 #黄新淳# 29 #李权哲# 30，对比上周排名这是在比谁掉得快呀 各位乐华家的亲别墙头了专心自家吧，给别人投一票就是把自家人往外推了一把，如果第一轮7人有人淘汰，恭喜你成功了。 收起 d,8,18,30,74,23
idol_producer_099,黄新淳,偶像练习生,总决赛阶段,2018-03-24,2018-04-06,黄新淳 偶像练习生,4225895264726013,https://m.weibo.cn/detail/4225895264726013,2018-04-06 19:50:00,#乐华练习生# #偶像练习生# #朱正廷# #毕雯珺# #黄新淳# #丁泽仁# #范丞丞# #李权哲# #黄明昊# 四个月的时光转瞬即逝 乐华line七位追梦少年带给我们欢笑与感动 同时我们也见证了他们的成长与蜕变 是兄弟亦是战友 是困难时的互相扶持 是紧张时握紧的双手 是发自内心的鼓励 是晋级时真心的祝福 今晚 最后的战役即将打响 请大家为乐华line的出道贡献力量 朱正廷 毕雯珺 范丞丞 Justin 必须出道！ @Zzt-朱正廷 @Biiiii毕雯珺 @MONKEY_OFFICIAL @Dzr_丁泽仁 @Adam0616 @Lee权哲 @jjjustin0219 投票地址👉 O 网页链接 投票时间和方法✨ O 今晚20:00准时开始 ，每半个小时可投一次票，从开始到21:30结束总共有3次投票机会，普通用户每次有1票投票权，VIP用户每次有2票投票权 收起 d,6,6,56,74,24
idol_producer_099,黄新淳,偶像练习生,总决赛阶段,2018-03-24,2018-04-06,黄新淳 偶像练习生,4225895243968232,https://m.weibo.cn/detail/4225895243968232,2018-04-06 19:50:00,#乐华练习生# #偶像练习生# #朱正廷# #毕雯珺# #黄新淳# #丁泽仁# #范丞丞# #李权哲# #黄明昊# 四个月的时光转瞬即逝 乐华line七位追梦少年带给我们欢笑与感动 同时我们也见证了他们的成长与蜕变 是兄弟亦是战友 是困难时的互相扶持 是紧张时握紧的双手 是发自内心的鼓励 是晋级时真心的祝福 今晚 最后的战役即将打响 请大家为乐华line的出道贡献力量 朱正廷 毕雯珺 范丞丞 Justin 必须出道！ @Zzt-朱正廷 @Biiiii毕雯珺 @MONKEY_OFFICIAL @Dzr_丁泽仁 @Adam0616 @Lee权哲 @jjjustin0219 投票地址👉 O 网页链接 投票时间和方法✨ O 今晚20:00准时开始 ，每半个小时可投一次票，从开始到21:30结束总共有3次投票机会，普通用户每次有1票投票权，VIP用户每次有2票投票权 收起 d,5,2,62,71,25
idol_producer_099,黄新淳,偶像练习生,位置测评阶段,2018-02-03,2018-02-16,黄新淳 偶像练习生,4208166520414509,https://m.weibo.cn/detail/4208166520414509,2018-02-16 21:42:00,我可能和各位偶像练习生们的眼光不大一样 还是比较磕乐华七子的颜 朱正廷啊范丞丞啊黄新淳啊丁泽仁啊等等等嘻嘻嘻 ​,0,5,51,61,26
idol_producer_099,黄新淳,偶像练习生,排名发布阶段,2018-02-17,2018-03-02,黄新淳 偶像练习生,4213250834901305,https://m.weibo.cn/detail/4213250834901305,2018-03-02 22:25:00,【李荣浩：太丑了】 #偶像练习生# 颜值投票No.1的林彦俊 @Trainee18-林彦俊 竟然被 @李荣浩 老师说“太丑了”？原来是因为他唱《爱你》时老是爱皱眉，不够甜~最后黄新淳提议玩“对视”游戏，结果就出现了冷彦俊和呆福瑞 @Jeffrey董又霖 的pk，不知道发现了新世界的林彦俊感觉怎么样？ L 综艺扒婆的秒拍视频 ​,6,6,19,37,27
idol_producer_099,黄新淳,偶像练习生,总决赛阶段,2018-03-24,2018-04-06,黄新淳 偶像练习生,4225935668576961,https://m.weibo.cn/detail/4225935668576961,2018-04-06 22:30:00,#偶像练习生# 不要带节奏，仅个人看法，不喜欢看的可以绕行，别喷。 从第一期到现在，有些人就是很有人气，很努力。大家都是看在眼里的，而有些人因为公司进去上位圈 资源有了，但是不怕被骂吗。可惜了之前就走了的黄新淳(我的最爱)今晚可能卜凡，灵超，尤长靖和jeffery也走了。明明很招人喜欢，都出道了也是会有很多人爱的，而且超级爱。 话题有了，爱奇艺不会管谁会被骂，但是受益最大的还是它 从中国有嘻哈我就知道爱奇艺这样，但是真的是太喜欢他们了，每期还是会一直看一直看。今晚心情很不平静，但是没哭，很气的 喜欢的你们走了，以后怎么才能看到你们，不说了 我就看看第九是谁 收起 d,0,6,25,37,28
idol_producer_099,黄新淳,偶像练习生,排名发布阶段,2018-02-17,2018-03-02,黄新淳 偶像练习生,4213259303466445,https://m.weibo.cn/detail/4213259303466445,2018-03-02 22:59:00,原来乐华的小黄人黄新淳和我一个学校一届的哈哈哈当初在学校里他就比较活跃了 参加过校园十佳歌手什么的 系里有晚会也会参加 那年湖南卫视的快乐男声在我们学校选拔他也参加了 进前三百了 当初学校的公众号还发过他的采访 想知道当初采访他的小姐姐现在看见孩子签了乐华发展这么好什么心情哈哈哈 学校图书馆和楼下的咖啡厅 还有采访图 当初就很帅了！小黄人加油啊！！ #偶像练习生# #黄新淳# 收起 d,7,3,20,33,29
idol_producer_099,黄新淳,偶像练习生,合作舞台阶段,2018-03-03,2018-03-23,黄新淳 偶像练习生,4220861436998605,https://m.weibo.cn/detail/4220861436998605,2018-03-23 22:27:00,#黄新淳# #偶像练习生# #黄新淳0514生日快乐# 我们不哭，我们不散，我们依然爱，这次不是结束，而是重新开始，加油，小黄人们永远陪伴你 @MONKEY_OFFICIAL ​,0,2,17,21,30
idol_producer_100,黄若涵,偶像练习生,位置测评阶段,2018-02-03,2018-02-16,黄若涵 偶像练习生,4208154289709248,https://m.weibo.cn/detail/4208154289709248,2018-02-16 20:53:00,偶像练习生 99进60的淘汰名单 乐华、坤音、觉醒东方、超能唱片全员安全 香蕉娱乐（9个淘汰4个） 高茂桐 姜京佐 李若天 邱治楷 辰星娱乐（6个淘汰4个） Rapen 王宥辰 J-one Gigel 麦锐娱乐（6个淘汰3个） 邓烺怡 孙凡杰 吕晨瑜 简单快乐（5个淘汰4个） 金逸涵 林浩楷 李志杰 孙浩然 盛夏星空（5个淘汰1个） 王梓豪 新锐杂志（5个淘汰3个） 赵俞澈 应智越 万宇贤 AIF娱乐（全军覆没） 于浩 赵凌峰 杨羿 张艺凡 焕星娱乐（全军覆没） 何嘉庚 李鑫岩 罗杰 张宇晨 铂熠娱乐（4个淘汰2个） 叶泓希 张昕 乐风艺社（全军覆没） 陈义夫 闵喆祥 果然娱乐（4个淘汰1个） 张晏恺 次元文化（2个淘汰1个） 徐鹤尼 新湃传媒（单人） 于斌 天津中视（单人） 朱一文 个人练习生（7个淘汰4个） 甘俊 侯浩然 黄若涵 周腾阳 个人觉得比较可惜的一些：扫地组合（罗杰、姜京佐）、张艺凡（第三期进A组）、闵喆祥（学舞能力突出） 收起 d,220,1591,1046,4448,1
idol_producer_100,黄若涵,偶像练习生,合作舞台阶段,2018-03-03,2018-03-23,黄若涵 偶像练习生,4214995648323347,https://m.weibo.cn/detail/4214995648323347,2018-03-07 17:58:00,#偶像练习生# 的导师 @宇宙少女_程潇 ，在 #闺蜜的完美旅行# 节目中自嘲发际线，让我想到之前在《偶像练习生》里对练习生黄若涵说的话，12点收工1点就要化妆，因为组合里13个人化妆就要4个小时。这样的作息怕是多少瓶霸王都挡不住脱发吧，妹纸才20岁，也是蛮让人心疼的！ L 腾云驾雾的八卦猴子的秒拍视频 ​,109,238,953,1538,2
idol_producer_100,黄若涵,偶像练习生,排名发布阶段,2018-02-17,2018-03-02,黄若涵 偶像练习生,4209250715091458,https://m.weibo.cn/detail/4209250715091458,2018-02-19 21:30:00,【主题曲加速练习 表情包横飞】 这段舞蹈练习太好笑了，准偶像们集体失去“表情管理”能力，台上台下表情包横飞 王子异蔡徐坤台下跟跳好嗨； 周锐跳成周帕金森、秦奋“老哥哥”被年纪封印力量、黄若涵跳成触电 #偶像练习生# #圈师姐推荐# L 圈师姐的秒拍视频 ​,198,221,640,1280,3
idol_producer_100,黄若涵,偶像练习生,位置测评阶段,2018-02-03,2018-02-16,黄若涵 偶像练习生,4204742081000185,https://m.weibo.cn/detail/4204742081000185,2018-02-07 10:54:00,@爱奇艺偶像练习生 D班推选队长，罗杰征服众人心！黄若涵上课打瞌睡挨批，是什么原因让舞蹈导师程潇觉得D班氛围比C班好？周锐大课自信举手竟被李荣浩点名？还有更多你不知道的练习生课堂互动小故事！ 【更新时间】 #酷燃视频# 每周二 【更新推荐】 #练习生的凌晨零点# S01E03-李荣浩上课霸气点名周锐！舞蹈导师程潇：D班氛围比C班好！ L 爱奇艺偶像练习生的酷燃视频 收起 d,29,40,462,571,4
idol_producer_100,黄若涵,偶像练习生,总决赛阶段,2018-03-24,2018-04-06,黄若涵 偶像练习生,4224862446664748,https://m.weibo.cn/detail/4224862446664748,2018-04-03 23:26:00,#偶像练习生# #黄若涵# ​,5,28,280,341,5
idol_producer_100,黄若涵,偶像练习生,合作舞台阶段,2018-03-03,2018-03-23,黄若涵 偶像练习生,4215365866849217,https://m.weibo.cn/detail/4215365866849217,2018-03-08 18:30:00,【 #偶像练习生# 每日pick福利】爱唱歌的小哥哥 @黄若涵_ 来啦~ 愿少年不负梦想，再次出发！ 关注 @微博视频台 ，带话题 #偶像练习生# 转发并留下你对黄若涵的祝福，这颗小心心就可能被你抽中哟！ ​,23,55,161,294,6
idol_producer_100,黄若涵,偶像练习生,初评级阶段,2018-01-19,2018-01-26,黄若涵 偶像练习生,4197965687700151,https://m.weibo.cn/detail/4197965687700151,2018-01-19 18:07:00,#偶像练习生# 亲爱的全民制作人们 ，惊不惊喜！意不意外！ 今晚你们就能看见我了，期待吗？我是爱唱歌的阿涵，黄若涵，喜欢我就为我的努力而投票吧！ 越努力越幸运。,7,72,110,261,7
idol_producer_100,黄若涵,偶像练习生,合作舞台阶段,2018-03-03,2018-03-23,黄若涵 偶像练习生,4216475009018495,https://m.weibo.cn/detail/4216475009018495,2018-03-11 19:57:00,我找到了离开那一天的照片，想念我的兄弟们 #偶像练习生# #黄若涵# @爱奇艺偶像练习生 ​,1,27,193,248,8
idol_producer_100,黄若涵,偶像练习生,总决赛阶段,2018-03-24,2018-04-06,黄若涵 偶像练习生,4224185288541885,https://m.weibo.cn/detail/4224185288541885,2018-04-02 02:35:00,准备好了，让我们再相见！ #偶像练习生# #黄若涵# ​,1,12,220,245,9
idol_producer_100,黄若涵,偶像练习生,总决赛阶段,2018-03-24,2018-04-06,黄若涵 偶像练习生,4221585763923777,https://m.weibo.cn/detail/4221585763923777,2018-03-25 22:25:00,给你捏个小心心 #偶像练习生# #黄若涵# ​,1,30,156,217,10
idol_producer_100,黄若涵,偶像练习生,总决赛阶段,2018-03-24,2018-04-06,黄若涵 偶像练习生,4223364719324072,https://m.weibo.cn/detail/4223364719324072,2018-03-30 20:14:00,搬家，整理箱子发现…… 咋这么不争气，从C掉到F #偶像练习生# #黄若涵# ​,3,22,164,211,11
idol_producer_100,黄若涵,偶像练习生,总决赛阶段,2018-03-24,2018-04-06,黄若涵 偶像练习生,4225871315124732,https://m.weibo.cn/detail/4225871315124732,2018-04-06 18:14:00,我是 #偶像练习生# 黄若涵，全民制作人，这些日子里，谢谢你们的关照,3,14,119,150,12
idol_producer_100,黄若涵,偶像练习生,合作舞台阶段,2018-03-03,2018-03-23,黄若涵 偶像练习生,4213617509302476,https://m.weibo.cn/detail/4213617509302476,2018-03-03 22:42:00,很久没弹琴了呢 很喜欢的歌 我是谁，又是谁的谁…… 愿你们都能成为想成为的谁，也能成为彼此交换喜悲的谁 #偶像练习生# #黄若涵# #音乐红人计划# L 黄若涵_的秒拍视频 ​,3,16,92,127,13
idol_producer_100,黄若涵,偶像练习生,合作舞台阶段,2018-03-03,2018-03-23,黄若涵 偶像练习生,4213836094990350,https://m.weibo.cn/detail/4213836094990350,2018-03-04 13:11:00,黄独秀同志，你头上长花了 #偶像练习生# #黄若涵# ​,0,23,81,127,14
idol_producer_100,黄若涵,偶像练习生,合作舞台阶段,2018-03-03,2018-03-23,黄若涵 偶像练习生,4219429556202729,https://m.weibo.cn/detail/4219429556202729,2018-03-19 23:37:00,不以物喜，不以己悲 #偶像练习生# #黄若涵# ​,0,9,107,125,15
idol_producer_100,黄若涵,偶像练习生,排名发布阶段,2018-02-17,2018-03-02,黄若涵 偶像练习生,4213145327595232,https://m.weibo.cn/detail/4213145327595232,2018-03-02 15:26:00,存照儿走一波 我真的已经尽力搜手机找照片儿了，不爱自拍的人照片真是少的可怜 不要说我，我好歹也是六宫格呢 #偶像练习生# #黄若涵# @Zeal_黄若涵个人站 ​,2,25,50,102,16
idol_producer_100,黄若涵,偶像练习生,合作舞台阶段,2018-03-03,2018-03-23,黄若涵 偶像练习生,4215695379593174,https://m.weibo.cn/detail/4215695379593174,2018-03-09 16:19:00,谢谢中国全网最火的选秀节目【偶像练习生】我的大侄子----黄若涵，在录制期间为我打call，未来之星，估计以后大火就不能占用资源了，裙带关系的福利，也希望大家在爱奇艺偶像练习生直播的时候为他打call L 熊虎老师的秒拍视频 ​,1,0,4,5,17
idol_producer_100,黄若涵,偶像练习生,合作舞台阶段,2018-03-03,2018-03-23,黄若涵 偶像练习生,4216145998967401,https://m.weibo.cn/detail/4216145998967401,2018-03-10 22:10:00,"What a wonderful experience to watch you doing live show! We enjoyed it. Your voice is so soothing and really, you are amazing. Very kind to your fans. We are waiting for you to be onstage again. Thank you for giving us some time to see your face again! We love you Houran! @黄若涵_ #黄若涵# #偶像练习生# 收起 d",0,0,1,1,18
idol_producer_100,黄若涵,偶像练习生,总决赛阶段,2018-03-24,2018-04-06,黄若涵 偶像练习生,4224011997118781,https://m.weibo.cn/detail/4224011997118781,2018-04-01 15:06:00,#偶像练习生# 我向 @黄若涵_ 送出了加油卡！我pick的小哥哥全世界最棒！大家快来一起给你喜欢的选手打call吧！ O 练习生PICK榜 ​,0,0,1,1,19
idol_producer_100,黄若涵,偶像练习生,主题曲考核阶段,2018-01-27,2018-02-02,黄若涵 偶像练习生,4202314518032540,https://m.weibo.cn/detail/4202314518032540,2018-01-31 18:08:00,#娱乐追踪社# 实境比赛《偶像练习生》找来EXO张艺兴、GOT7王嘉尔、宇宙少女程潇、PRISTIN周洁琼、李荣浩等担任导师，导演严苛训练，真实反映出演艺圈的残酷，节目开播几集就获得高度关注。其中一个片段近期引起讨论，练习生黄若涵受训时睡着，程潇指责「你这样很不尊重人」，揭开团体背后的竞争力，再累也得撑着。 练习生当她面睡着《偶像练习生》程潇爆气：很不尊重 练习生黄若涵累到在程潇面前睡着 练习生当她面睡着《偶像练习生》程潇爆气：很不尊重 程潇担任《偶像练习生》舞蹈导师，某次上课时，练习生黄若涵累到在她面前睡着，她忍不住爆气：「你不觉得这是一个很不尊重人的举动吗？」当她看见黄若涵舞蹈实力完全跟不上，再度严苛地指责：「如果我跳成你现在这种程度的话，我不敢闭上眼睛。」虽然每位练习生要录节目还要受训非常辛苦。 练习生当她面睡着《偶像练习生》程潇爆气：很不尊重 程潇以自身经验分享给练习生 练习生当她面睡着《偶像练习生》程潇爆气：很不尊重 不过，程潇以自己出道女团的经验告诉练习生，她曾经长达3个礼拜的时间不曾在床上睡觉，由于她的所属团体宇宙少女人数众多，晚上12点结束行程回家，凌晨1点就得起床去化妆，几乎没有时间休息，「但是当你站在舞台上时，没有人会知道你多久没睡了，他们只会专注在你在舞台上的那一刻，看你表现得好不好。」 练习生当她面睡着《偶像练习生》程潇爆气：很不尊重 程潇讲得正是自己所属的南韩女团宇宙少女的竞争力，一席话在韩网疯传，让更多粉丝知道「偶像没这么好当」，他们所付出的努力，远比台面上看到的还多。 收起 d,0,0,0,0,20
idol_producer_100,黄若涵,偶像练习生,合作舞台阶段,2018-03-03,2018-03-23,黄若涵 偶像练习生,4217520988461876,https://m.weibo.cn/detail/4217520988461876,2018-03-14 17:13:00,#偶像练习生# 我向 @黄若涵_ 送出了加油卡！我pick的小哥哥全世界最棒！大家快来一起给你喜欢的选手打call吧！ O 练习生PICK榜 ​,0,0,0,0,21
idol_producer_100,黄若涵,偶像练习生,合作舞台阶段,2018-03-03,2018-03-23,黄若涵 偶像练习生,4219560095750475,https://m.weibo.cn/detail/4219560095750475,2018-03-20 08:16:00,#偶像练习生# 我向 @黄若涵_ 送出了加油卡！我pick的小哥哥全世界最棒！大家快来一起给你喜欢的选手打call吧！ O 练习生PICK榜 ​,0,0,0,0,22
idol_producer_100,黄若涵,偶像练习生,合作舞台阶段,2018-03-03,2018-03-23,黄若涵 偶像练习生,4220043044696473,https://m.weibo.cn/detail/4220043044696473,2018-03-21 16:15:00,#黄若涵# #偶像练习生# 好吧我决定以后每天晚上睡前都听一遍了,0,0,0,0,23
idol_producer_100,黄若涵,偶像练习生,合作舞台阶段,2018-03-03,2018-03-23,黄若涵 偶像练习生,4220701180789284,https://m.weibo.cn/detail/4220701180789284,2018-03-23 11:50:00,#偶像练习生# 我向 @黄若涵_ 送出了加油卡！我pick的小哥哥全世界最棒！大家快来一起给你喜欢的选手打call吧！ O 练习生PICK榜 ​,0,0,0,0,24
idol_producer_100,黄若涵,偶像练习生,总决赛阶段,2018-03-24,2018-04-06,黄若涵 偶像练习生,4225871444806951,https://m.weibo.cn/detail/4225871444806951,2018-04-06 18:15:00,// @黄若涵_ :我是 #偶像练习生# 黄若涵，全民制作人，这些日子里，谢谢你们的关照,0,0,0,0,25
